{"incumbents_value": 0.6387716644106484, "time_func_eval": 0.26079392433166504, "optimization_overhead": 0.00012977917989095053, "incumbent": [122.14508054503162, 0.007121065857543941, 0.028114852946703888, 128.26251634598123, 0.759071782137505, 0.39712125831697237, 0.7151764418008884, 7.642544866005824], "runtime": 0.4831380844116211, "iteration": 1}