{"incumbents_value": 0.4644647297056719, "time_func_eval": 0.19364094734191895, "optimization_overhead": 0.18093514442443848, "incumbent": [52.482411282494866, 0.004182042327810519, 0.055612459317706184, 162.35990367862286, 0.18504083008887454, 0.7464487219079551, 0.3844649801284116, 12.946721916339076], "runtime": 1.6813514232635498, "iteration": 4}