{"runtime": 34.58127522468567, "iteration": 78, "time_func_eval": 0.020940780639648438, "incumbent": [13.337037407805393, 0.004568618227719226, 0.015681281082135515, 292.9886306046644, 0.8878912098594344, 0.7919286992248369, 0.7995446190313291, 13.675478800384013], "incumbents_value": 0.16239316239316237, "optimization_overhead": 0.41163134574890137}