{"runtime": 24.24927830696106, "iteration": 10, "time_func_eval": 0.8701159954071045, "incumbent": [132.96330524837325, 0.003151110507933937, 0.0048268111403278035, 278.3433323516873, 0.8815722525715061, 0.2496459549161507, 0.9851907376952131, 7.62294921511136], "incumbents_value": 0.985981308411215, "optimization_overhead": 0.33829832077026367}