{"runtime": 4.363595724105835, "iteration": 0, "time_func_eval": 4.3358235359191895, "incumbent": [21.044611841388043, 0.009249248149649458, 0.019495634870814647, 298.4924916428687, 0.6349432773061957, 0.8744596266999805, 0.8658667027580259, 11.53666377945266], "incumbents_value": 1.0, "optimization_overhead": 0.00853268305460612}