{"incumbents_value": 0.0332049543118218, "time_func_eval": 0.4538846015930176, "optimization_overhead": 0.2448127269744873, "incumbent": [145.50617179688663, 0.005414661701394799, 0.059912149749786425, 271.3464664729345, 0.8085944248024938, 0.7579005747483702, 0.9957880327449964, 14.426472314641396], "runtime": 500.4707612991333, "iteration": 54}