{"incumbents_value": 0.0332049543118218, "time_func_eval": 10.061260223388672, "optimization_overhead": 0.1880190372467041, "incumbent": [145.50617179688663, 0.005414661701394799, 0.059912149749786425, 271.3464664729345, 0.8085944248024938, 0.7579005747483702, 0.9957880327449964, 14.426472314641396], "runtime": 579.8963179588318, "iteration": 64}