{"time_func_eval": 0.8090746402740479, "runtime": 386.68908309936523, "incumbent": [145.860221164947, 0.01, 0.1, 286.47121876703983, 0.39808975840426103, 0.8915858871646006, 0.7402305021024874, 6.872325268663167], "iteration": 29, "optimization_overhead": 0.22961759567260742, "incumbents_value": 0.18059768028962253}