{"time_func_eval": 8.468246221542358, "runtime": 953.5810961723328, "incumbent": [144.89539976515633, 0.0004079470281367868, 0.013568953996009605, 179.58847649270743, 0.7541841682163332, 0.7533879744946629, 0.9410527935109501, 11.703525533553606], "iteration": 66, "optimization_overhead": 0.43125009536743164, "incumbents_value": 0.0755314544908181}