{"incumbents_value": 0.18554011257913583, "iteration": 75, "runtime": 4305.329349040985, "incumbent": [147.28391480034722, 0.0051363072937711035, 0.0028918619666726698, 293.3593286436695, 0.04017903908588683, 0.18984045540406091, 0.4811304398837354, 14.712986666976038], "optimization_overhead": 0.4872908592224121, "time_func_eval": 21.838979959487915}