{"incumbents_value": 0.19954629022255566, "iteration": 42, "runtime": 2111.5586903095245, "incumbent": [142.50553796394792, 0.009831057351887738, 0.0029468649359309105, 217.1709663191524, 0.5557773739337991, 0.12332339911731519, 0.8053796654136963, 11.158844317421487], "optimization_overhead": 0.387897253036499, "time_func_eval": 81.85196566581726}