{"incumbents_value": 0.24783093268139533, "iteration": 8, "runtime": 211.63849210739136, "incumbent": [146.4829380033374, 1e-05, 0.0001, 143.88015195143805, 0.01, 0.9, 0.999, 10.663981443794752], "optimization_overhead": 0.1934952735900879, "time_func_eval": 96.83217406272888}