{"incumbents_value": 0.20559304623419927, "iteration": 25, "runtime": 1285.2672588825226, "incumbent": [116.15424893630019, 0.00022340063160365323, 0.0011212607407586508, 78.59556474376318, 0.03647190726868818, 0.3858032814194713, 0.8843424750743082, 13.826704869653973], "optimization_overhead": 0.3624911308288574, "time_func_eval": 30.976672649383545}