{"incumbents_value": 0.18363804689005936, "iteration": 93, "runtime": 4982.176189422607, "incumbent": [103.99168876340542, 0.0012664520528693059, 0.0024703312429744627, 152.23822030832133, 0.7744395019047954, 0.8301209664469444, 0.9521373406145514, 7.839333451856253], "optimization_overhead": 0.3545694351196289, "time_func_eval": 1.162768840789795}