{"incumbents_value": 0.19954629022255566, "iteration": 60, "runtime": 2877.6522035598755, "incumbent": [142.50553796394792, 0.009831057351887738, 0.0029468649359309105, 217.1709663191524, 0.5557773739337991, 0.12332339911731519, 0.8053796654136963, 11.158844317421487], "optimization_overhead": 0.2892141342163086, "time_func_eval": 90.2012050151825}