{"incumbents_value": 0.18363804689005936, "iteration": 81, "runtime": 4561.126790523529, "incumbent": [103.99168876340542, 0.0012664520528693059, 0.0024703312429744627, 152.23822030832133, 0.7744395019047954, 0.8301209664469444, 0.9521373406145514, 7.839333451856253], "optimization_overhead": 0.5697405338287354, "time_func_eval": 76.93405151367188}