{"runtime": 9.034051179885864, "incumbents_value": -100352.5048296098, "iteration": 27, "incumbent": [167.18412423975923, 2.3504958074085955], "time_func_eval": 1.4543533325195312e-05, "optimization_overhead": 0.20865631103515625}