{"runtime": 14.017899751663208, "incumbents_value": -100352.5048296098, "iteration": 40, "incumbent": [167.18412423975923, 2.3504958074085955], "time_func_eval": 1.8596649169921875e-05, "optimization_overhead": 0.33628225326538086}