{"runtime": 30.97780156135559, "incumbents_value": -115307.16216168387, "iteration": 76, "incumbent": [171.14753008464183, 2.7637781895371325], "time_func_eval": 1.7881393432617188e-05, "optimization_overhead": 0.539696216583252}