{"runtime": 1.2316086292266846, "incumbents_value": -29882.848090602147, "iteration": 5, "incumbent": [104.47135278087242, 1.854636774946234], "time_func_eval": 1.5020370483398438e-05, "optimization_overhead": 0.32360243797302246}