{"runtime": 17.04741096496582, "incumbents_value": -100352.5048296098, "iteration": 47, "incumbent": [167.18412423975923, 2.3504958074085955], "time_func_eval": 1.621246337890625e-05, "optimization_overhead": 0.3863961696624756}