{"runtime": 5.33650803565979, "incumbents_value": -87144.53621887643, "iteration": 17, "incumbent": [150.17786473053462, 2.2483440164895026], "time_func_eval": 2.0265579223632812e-05, "optimization_overhead": 0.28896331787109375}