{"runtime": 8.32122540473938, "incumbents_value": -100352.5048296098, "iteration": 25, "incumbent": [167.18412423975923, 2.3504958074085955], "time_func_eval": 1.430511474609375e-05, "optimization_overhead": 0.3886687755584717}