{"time_func_eval": 0.07267642021179199, "runtime": 25.589744329452515, "incumbents_value": 0.9653144016227181, "iteration": 38, "incumbent": [66.10661735220552, 0.009883680373208453, 0.023939894092364314, 290.0869412999142, 0.11756959918403974, 0.16030252145702945, 0.1949663718432424, 6.223024036248722], "optimization_overhead": 0.22043561935424805}