{"time_func_eval": 0.14044833183288574, "runtime": 53.480552196502686, "incumbents_value": 0.9632143455672868, "iteration": 82, "incumbent": [149.91116123596612, 0.009839324479149791, 0.002175443400463061, 63.48541888660859, 0.6663550263472715, 0.8274755091348153, 0.33454838914255514, 6.392579744414887], "optimization_overhead": 0.23582100868225098}