{"iteration": 57, "runtime": 95.57126021385193, "time_func_eval": 0.21089839935302734, "incumbent": [146.05255190106763, 0.0004923806067983455, 0.013385362483322394, 244.57916361692327, 0.11400027293293856, 0.1593371959982275, 0.9140844256119557, 14.928995879802955], "incumbents_value": 0.9662337662337662, "optimization_overhead": 0.3427751064300537}