{"incumbents_value": 0.9707602339181287, "time_func_eval": 0.025579214096069336, "optimization_overhead": 0.26022815704345703, "incumbent": [11.776458323394497, 0.007657236192085307, 0.02178175081444465, 176.37733449191472, 0.8768122365440546, 0.126013117976458, 0.9473396484898742, 13.990269769430824], "runtime": 57.59759593009949, "iteration": 65}