{"incumbents_value": 0.0, "time_func_eval": 0.024909019470214844, "optimization_overhead": 0.2589225769042969, "incumbent": [47.93957672487971, 0.00028734250298134695, 0.0835402186993373, 145.1705491307993, 0.570735362670524, 0.4201736547425716, 0.8928518642591972, 10.295544725015368], "runtime": 17.58145523071289, "iteration": 62}