{"incumbents_value": 0.0, "time_func_eval": 0.010587692260742188, "optimization_overhead": 0.22232317924499512, "incumbent": [47.93957672487971, 0.00028734250298134695, 0.0835402186993373, 145.1705491307993, 0.570735362670524, 0.4201736547425716, 0.8928518642591972, 10.295544725015368], "runtime": 19.083240747451782, "iteration": 67}