{"time_func_eval": 0.5875837802886963, "runtime": 28.221338748931885, "incumbents_value": 0.14710961507321973, "iteration": 4, "incumbent": [123.22612450471586, 0.01, 0.0001, 283.0282437637707, 0.9, 0.8836894414595939, 0.999, 13.11232904898535], "optimization_overhead": 0.16678857803344727}