{"time_func_eval": 3.469775676727295, "runtime": 252.54737377166748, "incumbents_value": 0.13841778438906271, "iteration": 80, "incumbent": [138.9366166776942, 0.008707586378069825, 0.0003135588531886978, 114.62380844859806, 0.13098007869661538, 0.7983860790035049, 0.91843347984517, 5.544693636685116], "optimization_overhead": 0.3093075752258301}