{"time_func_eval": 0.6248660087585449, "runtime": 178.62928915023804, "incumbents_value": 0.14144655353538516, "iteration": 61, "incumbent": [6.314558067962974, 1.67305797279497e-05, 0.003087746339533374, 109.96257647994469, 0.8851056191201284, 0.19770295785536612, 0.7192342089409319, 13.86087476791274], "optimization_overhead": 0.24531126022338867}