{"time_func_eval": 2.161675453186035, "runtime": 248.7449915409088, "incumbents_value": 0.13841778438906271, "iteration": 79, "incumbent": [138.9366166776942, 0.008707586378069825, 0.0003135588531886978, 114.62380844859806, 0.13098007869661538, 0.7983860790035049, 0.91843347984517, 5.544693636685116], "optimization_overhead": 0.20163178443908691}