{"incumbents_value": 0.9319217741823097, "time_func_eval": 0.04079627990722656, "optimization_overhead": 0.23378586769104004, "incumbent": [88.76504175675457, 1.7006413412869584e-05, 0.00601311883577369, 298.77751750510345, 0.047063842948953424, 0.33541999318878124, 0.6687153852949865, 5.056528088533213], "runtime": 66.52379107475281, "iteration": 69}