{"incumbents_value": 0.9935018050541516, "time_func_eval": 0.04003763198852539, "optimization_overhead": 0.20751309394836426, "incumbent": [71.72282942465117, 0.005621597361616042, 0.03167455671408035, 270.9217364857897, 0.3879078387287901, 0.24027167791705842, 0.6258194513018324, 6.518042688511343], "runtime": 1.35719895362854, "iteration": 3}