{"incumbents_value": 0.9607632277219509, "time_func_eval": 0.03870844841003418, "optimization_overhead": 0.15831637382507324, "incumbent": [25.153209565712327, 0.00010544391865008324, 0.002962493051179913, 131.71917501077547, 0.8908288520464653, 0.12858320209060203, 0.6348808132667211, 12.334277051561799], "runtime": 3.962066888809204, "iteration": 6}