{"incumbent": [115.94817795158708, 0.0006344969074559134, 0.013373162459635258, 79.05082042453952, 0.8259366845037327, 0.8592085700621955, 0.9278262603111642, 13.99140729452397], "iteration": 76, "time_func_eval": 0.4824237823486328, "optimization_overhead": 0.25348544120788574, "incumbents_value": 0.5740723966530418, "runtime": 105.90021824836731}