{"time_func_eval": 0.0687551498413086, "runtime": 51.02452206611633, "incumbents_value": 0.8045275590551182, "iteration": 99, "incumbent": [22.63895913191921, 0.008906870323370788, 0.004059209730439373, 61.8882088509577, 0.06371150662073706, 0.27407921550874365, 0.15535702474090482, 5.915574656505354], "optimization_overhead": 0.24101948738098145}