{"time_func_eval": 0.18070673942565918, "runtime": 35.115214347839355, "incumbents_value": 0.8045275590551182, "iteration": 73, "incumbent": [22.63895913191921, 0.008906870323370788, 0.004059209730439373, 61.8882088509577, 0.06371150662073706, 0.27407921550874365, 0.15535702474090482, 5.915574656505354], "optimization_overhead": 0.3303351402282715}