{"time_func_eval": 0.045514583587646484, "runtime": 6.760547161102295, "incumbents_value": 0.810077519379845, "iteration": 15, "incumbent": [138.42304752510168, 2.2152757208039896e-05, 0.006595001743207457, 290.39566695653764, 0.0830615764095702, 0.7210587414786771, 0.5654989127467661, 5.351600626445022], "optimization_overhead": 0.21935653686523438}