{"time_func_eval": 0.9576568603515625, "runtime": 43.08535671234131, "incumbents_value": 0.8045275590551182, "iteration": 87, "incumbent": [22.63895913191921, 0.008906870323370788, 0.004059209730439373, 61.8882088509577, 0.06371150662073706, 0.27407921550874365, 0.15535702474090482, 5.915574656505354], "optimization_overhead": 0.2851123809814453}