{"incumbents_value": 0.15425620523071792, "time_func_eval": 0.0922231674194336, "optimization_overhead": 0.2126750946044922, "incumbent": [18.93619729856216, 0.003396165437207075, 0.001179396422541988, 299.0834987062408, 0.347789631108914, 0.7457887981357932, 0.9404119400647162, 12.258637395140557], "runtime": 9.18417501449585, "iteration": 37}