{"incumbents_value": 0.02670379289987468, "time_func_eval": 0.3692348003387451, "optimization_overhead": 0.20724821090698242, "incumbent": [144.4882402680871, 0.00032482600382568034, 0.01035704615472812, 80.37724573705921, 0.3598665124226604, 0.7157741983636745, 0.8968175157722938, 14.173104611608524], "runtime": 35.22426128387451, "iteration": 39}