{"incumbents_value": 0.026474537231703676, "time_func_eval": 10.37519645690918, "optimization_overhead": 0.3430154323577881, "incumbent": [131.75062342008565, 0.003141381643638814, 0.001552608470535022, 294.670664320476, 0.8653001522058406, 0.30823200688544183, 0.8949381914350739, 13.955658878893137], "runtime": 70.71788024902344, "iteration": 62}