{"incumbents_value": 0.02670379289987468, "time_func_eval": 0.4186410903930664, "optimization_overhead": 0.195878267288208, "incumbent": [144.4882402680871, 0.00032482600382568034, 0.01035704615472812, 80.37724573705921, 0.3598665124226604, 0.7157741983636745, 0.8968175157722938, 14.173104611608524], "runtime": 23.706542253494263, "iteration": 26}