{"runtime": 0.5139756202697754, "optimization_overhead": 0.15924859046936035, "incumbent": [11.749117088524793, 0.0002933082190873467, 0.030181934835339742, 297.12389460481415, 0.5523731659191734, 0.755661117967563, 0.6580660554162738, 7.808914894504343], "time_func_eval": 0.013581991195678711, "incumbents_value": 0.058232090490154875, "iteration": 4}