{"optimization_overhead": 0.20765018463134766, "runtime": 73.03818607330322, "incumbent": [23.136397180616353, 0.008673629870402723, 0.0002694274442249419, 237.22717754019075, 0.36736454704707405, 0.35451974768636596, 0.2916490416243276, 12.057411761356049], "incumbents_value": 0.1439088501053325, "iteration": 13, "time_func_eval": 5.8254029750823975}