{"optimization_overhead": 0.17998838424682617, "runtime": 100.28943943977356, "incumbent": [39.499932999961786, 0.0005523947684101426, 0.006463266063412797, 176.07762142551093, 0.11060730925991213, 0.8983689591499964, 0.15857363712709632, 14.752224570252418], "incumbents_value": 0.14267311772531965, "iteration": 21, "time_func_eval": 1.729659080505371}