{"incumbents_value": 0.47562054195880143, "time_func_eval": 0.08967804908752441, "optimization_overhead": 0.00016887982686360678, "incumbent": [56.17553853689346, 0.005725524968206157, 0.06855262616467031, 201.95061174578257, 0.44035219519476504, 0.3101132534582801, 0.9933547198314564, 6.093871050493581], "runtime": 0.3238551616668701, "iteration": 1}