{"incumbents_value": 0.45614606278202785, "time_func_eval": 0.12246155738830566, "optimization_overhead": 0.19768023490905762, "incumbent": [12.655860399892251, 0.003063860030969323, 0.09202045502908852, 292.951444656573, 0.7510059756526376, 0.8907017573816224, 0.8637934825419774, 7.175418160524579], "runtime": 39.2265682220459, "iteration": 61}