{"incumbents_value": 0.8370493723265504, "time_func_eval": 0.10399675369262695, "optimization_overhead": 0.16706585884094238, "incumbent": [20.162962438575015, 0.0016080056116941765, 0.0041330037932625985, 63.562477585820574, 0.45158699034236977, 0.8914076423511129, 0.9484849561204863, 14.762269367063215], "runtime": 2.8946115970611572, "iteration": 6}