{"incumbents_value": 0.5308932788112453, "time_func_eval": 0.21559476852416992, "optimization_overhead": 0.24493694305419922, "incumbent": [66.59226478030342, 0.0020587118508552, 0.011143293143416217, 275.7014992457183, 0.876335727900669, 0.8927479178846196, 0.9478574296120668, 14.591415294517082], "runtime": 45.25140404701233, "iteration": 42}