{"incumbents_value": 0.9821493624772313, "time_func_eval": 0.09184765815734863, "optimization_overhead": 0.0001339117685953776, "incumbent": [140.14858743024186, 0.003344466434969892, 0.05388600243205373, 101.97030781488226, 0.48922819700912934, 0.42101834561949486, 0.6536349963266205, 10.641820458238126], "runtime": 1.36436128616333, "iteration": 1}