{"incumbents_value": 0.7077970287257649, "time_func_eval": 2.088505744934082, "optimization_overhead": 0.17919921875, "incumbent": [146.55047935407396, 0.0016708841339904865, 0.010433617363675117, 299.19820350404586, 0.8918811401083387, 0.6707724427884076, 0.5741548020755354, 14.187681969743164], "runtime": 13.699029922485352, "iteration": 15}