{"incumbents_value": 0.6865900572322291, "time_func_eval": 0.09979367256164551, "optimization_overhead": 0.2517721652984619, "incumbent": [146.5834249144741, 0.01, 0.0001, 299.3586829950666, 0.9, 0.8717337438879905, 0.7087868969188706, 14.196125247367881], "runtime": 27.18425464630127, "iteration": 20}