{"incumbents_value": 0.485651575288378, "time_func_eval": 11.219600915908813, "optimization_overhead": 0.24564123153686523, "incumbent": [66.41882107972015, 1e-05, 0.0001, 275.6285035268949, 0.6216556650364493, 0.9, 0.9635797259120553, 14.544240069282665], "runtime": 102.28783845901489, "iteration": 89}