{"incumbents_value": 0.6372250512279842, "time_func_eval": 0.10785079002380371, "optimization_overhead": 0.28165364265441895, "incumbent": [8.574900174719032, 0.009389764410402748, 0.0006579643515758899, 133.27050560329172, 0.8387005256921218, 0.16362439572550086, 0.8034091557216123, 5.467273623155691], "runtime": 6.4199748039245605, "iteration": 13}