{"runtime": 166.44930815696716, "optimization_overhead": 0.49655961990356445, "iteration": 79, "incumbent": [22.09314455528965, 0.007321934377427122, 0.014453071768105391, 293.6481942783592, 0.14674681002799372, 0.8873682692321662, 0.9008154913996701, 14.885775637024182], "incumbents_value": 0.3937602627257799, "time_func_eval": 0.7574162483215332}