{"runtime": 185.43998456001282, "optimization_overhead": 0.5851762294769287, "iteration": 87, "incumbent": [22.09314455528965, 0.007321934377427122, 0.014453071768105391, 293.6481942783592, 0.14674681002799372, 0.8873682692321662, 0.9008154913996701, 14.885775637024182], "incumbents_value": 0.3937602627257799, "time_func_eval": 1.4195375442504883}