{"runtime": 6.216216325759888, "optimization_overhead": 0.18500947952270508, "iteration": 3, "incumbent": [21.044611841388043, 0.009249248149649458, 0.019495634870814647, 298.4924916428687, 0.6349432773061957, 0.8744596266999805, 0.8658667027580259, 11.53666377945266], "incumbents_value": 0.4783333333333333, "time_func_eval": 2.8149876594543457}