{"time_func_eval": 44.07041382789612, "incumbent": [149.03854713281396, 0.0006198273943071553, 0.0858816044238186, 79.76935532611621, 0.6331815078628167, 0.8966555514778802, 0.9015613856909283, 6.975960861951878], "runtime": 6892.138412237167, "optimization_overhead": 0.19739770889282227, "iteration": 58, "incumbents_value": 0.9999969017034435}