{"incumbents_value": 0.9371437780985006, "time_func_eval": 10.457265615463257, "optimization_overhead": 0.20427966117858887, "incumbent": [148.80543615004098, 0.0034508650415487753, 0.0035432521977744255, 201.33072082404604, 0.6710140875308704, 0.14409850052496723, 0.10760058923824188, 11.572187678734055], "runtime": 25.41932511329651, "iteration": 17}