{"incumbents_value": 0.9115620218561395, "time_func_eval": 1.4751574993133545, "optimization_overhead": 0.2757089138031006, "incumbent": [116.83756390088632, 0.0022733993949982678, 0.0034047347343976716, 285.7021355558661, 0.02509552767161891, 0.2640114984077985, 0.574937154384843, 14.818572496063242], "runtime": 77.21195149421692, "iteration": 35}