{"incumbents_value": 0.6672842706436685, "time_func_eval": 0.6189732551574707, "optimization_overhead": 0.1726982593536377, "incumbent": [143.58894839198362, 1e-05, 0.0001, 52.73652602922021, 0.849142707888029, 0.8966650528040083, 0.8132620916034652, 14.28932453169407], "runtime": 53.04224991798401, "iteration": 20}