{"incumbents_value": 0.8347061211891068, "time_func_eval": 0.15178442001342773, "optimization_overhead": 0.17182350158691406, "incumbent": [143.5642186023534, 0.009061350979943365, 0.007743952598821962, 52.73795437111346, 0.6651243274004103, 0.6663991332666545, 0.9740493811648169, 14.468004377920028], "runtime": 35.77540111541748, "iteration": 14}