{"incumbents_value": 0.5292410312467943, "time_func_eval": 0.18008923530578613, "optimization_overhead": 0.35674428939819336, "incumbent": [31.385714180367344, 1e-05, 0.0001, 287.6117229341156, 0.013391127692497062, 0.9, 0.999, 14.237413281891389], "runtime": 185.13697743415833, "iteration": 57}