{"incumbents_value": 0.99140587293912, "time_func_eval": 1.2257931232452393, "optimization_overhead": 0.16711163520812988, "incumbent": [143.1873313115803, 0.0077999103281116405, 0.002167840071671586, 294.13249358699625, 0.8657206778407835, 0.28615404565102254, 0.9782481949653904, 12.96425202807158], "runtime": 76.24578332901001, "iteration": 12}