{"time_func_eval": 12.345341444015503, "incumbent": [12.748416793916485, 0.00028441317922738414, 0.004845990141524228, 60.159881083792285, 0.34727565819872075, 0.87178226310254, 0.8440530397281794, 14.273016105689306], "runtime": 457.34674048423767, "optimization_overhead": 0.811626672744751, "iteration": 53, "incumbents_value": 0.5769399013962551}