{"time_func_eval": 5.74701714515686, "incumbent": [12.748416793916485, 0.00028441317922738414, 0.004845990141524228, 60.159881083792285, 0.34727565819872075, 0.87178226310254, 0.8440530397281794, 14.273016105689306], "runtime": 691.7021036148071, "optimization_overhead": 0.5051045417785645, "iteration": 84, "incumbents_value": 0.5769399013962551}