{"time_func_eval": 0.12056112289428711, "incumbent": [143.21458269499902, 0.001772005961258976, 0.00342916068636984, 263.34927175940555, 0.16243940486713304, 0.28626109036490044, 0.9887667855793614, 9.177389347268399], "runtime": 143.10576915740967, "optimization_overhead": 0.27672290802001953, "iteration": 11, "incumbents_value": 0.581681438406171}