{"runtime": 1.9540326595306396, "optimization_overhead": 0.21712899208068848, "incumbent": [29.73010055726838, 0.0002578492897532532, 0.05080444235801535, 89.01458355052992, 0.7138214696484309, 0.13046940121111, 0.11709138566867056, 10.872986895175242], "time_func_eval": 0.05968523025512695, "incumbents_value": 0.07729468599033806, "iteration": 10}