{"runtime": 20.530203819274902, "optimization_overhead": 0.26099395751953125, "incumbent": [146.67967800096068, 0.009391939893184374, 0.09503877848032469, 59.12621856112769, 0.6764401856976917, 0.09000634532799605, 0.7511239834839325, 13.754364394344869], "time_func_eval": 0.15242457389831543, "incumbents_value": 0.0, "iteration": 80}