{"optimization_overhead": 0.40829896926879883, "runtime": 9.023753881454468, "incumbent": [145.39285993934527, 0.00020837314904035374, 0.0055426747836740415, 73.75867532554722, 0.8579949385959581, 0.7948288925575564, 0.7075087948918924, 14.258662131768803], "incumbents_value": 0.07619047619047614, "time_func_eval": 0.06421494483947754, "iteration": 23}