{"optimization_overhead": 0.4528939723968506, "runtime": 43.16462516784668, "incumbent": [64.57489875189759, 0.00517962046401181, 0.005437823028296255, 268.32552858839006, 0.3206967208083231, 0.5902727525635931, 0.6519798963917838, 9.848500525464605], "incumbents_value": 0.0, "time_func_eval": 0.018777132034301758, "iteration": 97}