{"incumbents_value": 0.5746666666666667, "time_func_eval": 0.05358767509460449, "optimization_overhead": 0.21821045875549316, "incumbent": [124.65698793394785, 0.006231538113776534, 0.008000907524507496, 297.8442179352478, 0.036837716836248896, 0.8992685784726958, 0.7809780884014396, 9.205869798341693], "runtime": 29.525763273239136, "iteration": 95}