{"incumbents_value": 0.7838235294117647, "time_func_eval": 0.022362232208251953, "optimization_overhead": 0.19533729553222656, "incumbent": [7.079377926106786, 0.004540262168456766, 0.008245380369443209, 263.4428713490834, 0.48996526941821716, 0.16831140429226618, 0.944994750033899, 6.619728116673884], "runtime": 1.0783212184906006, "iteration": 6}