{"incumbents_value": 0.7148056244830439, "time_func_eval": 0.010498046875, "optimization_overhead": 0.16591811180114746, "incumbent": [67.31608085472625, 0.0008980602230336227, 0.0002251434518970041, 92.21548039470022, 0.8268387111534455, 0.1657158423083267, 0.8085985905136197, 14.663073756529753], "runtime": 4.4677629470825195, "iteration": 20}