{"incumbent": [123.72366103421058, 0.0005656800094555359, 0.0045717121147261985, 259.05280179736803, 0.3149874451855888, 0.5230348520584528, 0.6747163362134746, 13.687467072397691], "iteration": 53, "time_func_eval": 0.6951732635498047, "optimization_overhead": 0.19502973556518555, "incumbents_value": 0.05800084704839259, "runtime": 90.3109118938446}