{"time_func_eval": 0.11877870559692383, "runtime": 42.351253509521484, "incumbents_value": 0.3252136752136753, "iteration": 95, "incumbent": [134.0130564056173, 0.01, 0.0001, 285.62630515968397, 0.9, 0.16403617312081953, 0.3010766119083504, 14.62800929109887], "optimization_overhead": 0.28401613235473633}