{"time_func_eval": 0.2775533199310303, "runtime": 34.49441123008728, "incumbents_value": 0.3252136752136753, "iteration": 78, "incumbent": [134.0130564056173, 0.01, 0.0001, 285.62630515968397, 0.9, 0.16403617312081953, 0.3010766119083504, 14.62800929109887], "optimization_overhead": 0.2549445629119873}