{"time_func_eval": 0.24866676330566406, "runtime": 0.2611687183380127, "incumbents_value": 0.49769230769230766, "iteration": 0, "incumbent": [80.86087468665237, 0.0017633156608187377, 0.07008934847487899, 67.4451431516134, 0.8853959577115548, 0.227897376272834, 0.36745999054748035, 14.885583613835422], "optimization_overhead": 0.003990968068440755}