{"time_func_eval": 0.05482339859008789, "runtime": 10.773544311523438, "incumbents_value": 0.3252136752136753, "iteration": 26, "incumbent": [134.0130564056173, 0.01, 0.0001, 285.62630515968397, 0.9, 0.16403617312081953, 0.3010766119083504, 14.62800929109887], "optimization_overhead": 0.20766925811767578}