{"runtime": 60.257625102996826, "optimization_overhead": 0.6897239685058594, "incumbent": [132.18039588293462, 0.001455364669666493, 0.010257410189601327, 117.00314691607451, 0.8907985314952457, 0.793080607686025, 0.8726354926168512, 5.276815748721438], "time_func_eval": 0.7343404293060303, "incumbents_value": 0.6034333539025029, "iteration": 23}