{"runtime": 278.1212410926819, "optimization_overhead": 0.3311281204223633, "incumbent": [127.19420440693497, 0.0014286626353792956, 0.003106105117675177, 294.4412613415045, 0.6693733368830831, 0.5028253481427069, 0.9112545898386093, 12.946041697127242], "time_func_eval": 1.7759525775909424, "incumbents_value": 0.5771906728817353, "iteration": 98}