{"runtime": 179.65378546714783, "optimization_overhead": 0.1981520652770996, "incumbent": [132.1712869324582, 0.01, 0.0001, 116.91062402582584, 0.864279743753462, 0.9, 0.9735756664955546, 5.403588397890072], "time_func_eval": 0.2756977081298828, "incumbents_value": 0.5797740844129441, "iteration": 65}