{"runtime": 146.87695121765137, "optimization_overhead": 0.24220681190490723, "incumbent": [132.1712869324582, 0.01, 0.0001, 116.91062402582584, 0.864279743753462, 0.9, 0.9735756664955546, 5.403588397890072], "time_func_eval": 0.9917242527008057, "incumbents_value": 0.5797740844129441, "iteration": 53}