{"runtime": 165.13134741783142, "optimization_overhead": 0.2605869770050049, "incumbent": [142.08663201683498, 0.007632689303090848, 0.001827939008041858, 288.9812146177726, 0.33506720552384855, 0.15038445503964026, 0.992807099552147, 10.099600766864947], "time_func_eval": 0.07127070426940918, "incumbents_value": 0.8067172762824937, "iteration": 84}