{"runtime": 191.59575128555298, "optimization_overhead": 0.27837467193603516, "incumbent": [7.65627028462901, 0.01, 0.0001, 225.6298992541599, 0.01, 0.8082934008844878, 0.24732022485358235, 12.478595829035692], "time_func_eval": 0.6293129920959473, "incumbents_value": 0.7779750750489145, "iteration": 99}