{"incumbents_value": 0.9827419737123553, "time_func_eval": 5.379871129989624, "optimization_overhead": 0.18427133560180664, "incumbent": [130.07170191700413, 0.01, 0.0001, 284.40766650759764, 0.01, 0.13094203863663612, 0.0999, 5.5969024361559], "runtime": 734.4397451877594, "iteration": 65}