{"incumbents_value": 0.9919537547290449, "time_func_eval": 1.5927789211273193, "optimization_overhead": 0.2248222827911377, "incumbent": [3.6048423708833486, 0.0005160069665634012, 0.00199279997530604, 76.23573758283246, 0.02983947894414682, 0.15179323790415597, 0.4532961722484874, 14.980334928281184], "runtime": 288.5711896419525, "iteration": 40}