{"incumbents_value": 0.9919537547290449, "time_func_eval": 0.676020622253418, "optimization_overhead": 0.22943520545959473, "incumbent": [3.6048423708833486, 0.0005160069665634012, 0.00199279997530604, 76.23573758283246, 0.02983947894414682, 0.15179323790415597, 0.4532961722484874, 14.980334928281184], "runtime": 88.81869292259216, "iteration": 18}