{"incumbents_value": 0.890667427810285, "time_func_eval": 0.05857372283935547, "optimization_overhead": 0.24825668334960938, "incumbent": [143.92956272486157, 0.00033351718157080296, 0.00960123416304086, 287.6472443201652, 0.4335156866761722, 0.874066650183164, 0.5880009931486987, 14.82537030154663], "runtime": 67.44700455665588, "iteration": 61}