{"incumbents_value": 0.9446710563875882, "time_func_eval": 0.10377907752990723, "optimization_overhead": 0.282024621963501, "incumbent": [27.84607214024991, 0.0065301441375085955, 0.02127914552198489, 163.79770512902772, 0.2064154743499333, 0.47818138729380333, 0.7987730802913526, 13.81679965119292], "runtime": 18.935317277908325, "iteration": 35}