{"incumbent": [101.13311751807882, 0.003938679704170033, 0.0053586194826593875, 78.44413534143148, 0.8226073531634049, 0.8531271774435338, 0.9156047536288767, 5.713042164063623], "iteration": 44, "time_func_eval": 5.80446720123291, "optimization_overhead": 0.23182129859924316, "incumbents_value": 0.5655486481278543, "runtime": 44.81432795524597}