{"incumbent": [136.5190633767704, 0.004155789960459057, 0.014594075009009052, 247.54837886421618, 0.8835627221476373, 0.8221881934866401, 0.9833499988848533, 14.699802400807897], "iteration": 95, "time_func_eval": 7.132499933242798, "optimization_overhead": 0.24436473846435547, "incumbents_value": 0.5462344337344337, "runtime": 109.19712829589844}