{"incumbent": [101.13311751807882, 0.003938679704170033, 0.0053586194826593875, 78.44413534143148, 0.8226073531634049, 0.8531271774435338, 0.9156047536288767, 5.713042164063623], "iteration": 43, "time_func_eval": 0.9034903049468994, "optimization_overhead": 0.2055037021636963, "incumbents_value": 0.5655486481278543, "runtime": 38.76534128189087}