{"incumbents_value": 0.1869237157672986, "time_func_eval": 1.5629875659942627, "optimization_overhead": 0.24112439155578613, "incumbent": [146.72175227596557, 0.001153690006485201, 0.012483154267997173, 213.30469866587242, 0.8506765679149169, 0.5900906957260789, 0.8658988572707265, 14.240714537094556], "runtime": 34.2169086933136, "iteration": 51}