{"incumbents_value": 0.025673940949935803, "time_func_eval": 1.8764004707336426, "optimization_overhead": 0.255389928817749, "incumbent": [44.37271748758831, 0.006076684566232591, 0.05679614692464067, 297.0512879972929, 0.7760050634317097, 0.6045279307312426, 0.8157332529802452, 13.47679150941904], "runtime": 48.495798110961914, "iteration": 78}