{"incumbents_value": 0.3797634051529388, "time_func_eval": 0.15462732315063477, "optimization_overhead": 0.16370606422424316, "incumbent": [147.1698821331971, 9.66468376225829e-05, 0.0074212311704333345, 53.11839409878059, 0.5095246890194752, 0.8950652249917452, 0.9091077530901072, 12.929882422066086], "runtime": 93.68535733222961, "iteration": 26}