{"incumbents_value": 0.3797634051529388, "time_func_eval": 0.14170336723327637, "optimization_overhead": 0.2299823760986328, "incumbent": [147.1698821331971, 9.66468376225829e-05, 0.0074212311704333345, 53.11839409878059, 0.5095246890194752, 0.8950652249917452, 0.9091077530901072, 12.929882422066086], "runtime": 163.52407932281494, "iteration": 39}