{"incumbent": [145.36293727207592, 0.0007839199241171968, 0.0064833272830163765, 128.51806180847814, 0.06985508149172756, 0.7296521741735674, 0.17873192854108655, 12.940868506390744], "runtime": 34.33917284011841, "iteration": 88, "time_func_eval": 0.08755922317504883, "incumbents_value": 0.7371610845295056, "optimization_overhead": 0.45671772956848145}