{"time_func_eval": 0.12515544891357422, "runtime": 30.8639976978302, "incumbents_value": 0.0, "iteration": 93, "incumbent": [147.64336010953863, 0.01, 0.06084513235725192, 293.400072499266, 0.09587781646694526, 0.9, 0.9987246553013349, 14.637810774873564], "optimization_overhead": 0.21187424659729004}