{"time_func_eval": 0.07441926002502441, "runtime": 18.814544439315796, "incumbents_value": 0.17647058823529405, "iteration": 60, "incumbent": [147.52214941699506, 0.01, 0.046993426210281034, 293.3680913895948, 0.18178305566084485, 0.9, 0.8849636684490548, 14.797720753844642], "optimization_overhead": 0.19955754280090332}