{"time_func_eval": 0.09890532493591309, "runtime": 25.970829010009766, "incumbents_value": 0.17647058823529405, "iteration": 80, "incumbent": [147.52214941699506, 0.01, 0.046993426210281034, 293.3680913895948, 0.18178305566084485, 0.9, 0.8849636684490548, 14.797720753844642], "optimization_overhead": 0.20952343940734863}