{"time_func_eval": 3.2151687145233154, "incumbents_value": 0.2719523672987666, "runtime": 113.20685338973999, "iteration": 80, "incumbent": [149.15882800031943, 0.0005772817217146297, 0.01695588601422308, 268.5656334081259, 0.30471790100491963, 0.8162875547264049, 0.9858782168942555, 9.186783831593022], "optimization_overhead": 0.3138718605041504}