{"incumbents_value": 0.06468307741219981, "time_func_eval": 6.050610303878784, "optimization_overhead": 0.17489123344421387, "incumbent": [127.59304760742438, 0.002644312563456019, 0.006724903177645687, 79.98256689326273, 0.08469885068427892, 0.8349260783049725, 0.716475156608064, 5.576211957375535], "runtime": 18.20857882499695, "iteration": 3}