{"incumbents_value": 0.9999747735929971, "time_func_eval": 49.82556915283203, "optimization_overhead": 0.19832086563110352, "incumbent": [33.34467913503696, 0.006367745560706926, 0.01736807204400671, 87.6915461295563, 0.05095768098532091, 0.11737235908502944, 0.8781689288217234, 14.531612993124996], "runtime": 5339.92564702034, "iteration": 54}