{"incumbents_value": 0.9999747735929971, "time_func_eval": 60.91618514060974, "optimization_overhead": 0.21642732620239258, "incumbent": [33.34467913503696, 0.006367745560706926, 0.01736807204400671, 87.6915461295563, 0.05095768098532091, 0.11737235908502944, 0.8781689288217234, 14.531612993124996], "runtime": 6501.727782249451, "iteration": 68}