{"incumbents_value": 0.2615777205250889, "iteration": 12, "runtime": 6.004380226135254, "incumbent": [11.749117088524793, 0.0002933082190873467, 0.030181934835339742, 297.12389460481415, 0.5523731659191734, 0.755661117967563, 0.6580660554162738, 7.808914894504343], "optimization_overhead": 0.290985107421875, "time_func_eval": 0.6335642337799072}