{"incumbents_value": 0.17302489177489178, "time_func_eval": 0.21657633781433105, "optimization_overhead": 0.20890307426452637, "incumbent": [37.88645327820164, 0.0014772885245051598, 0.031122286092333938, 295.89870944877316, 0.04498891720284861, 0.2009998297885472, 0.9348564242464387, 14.198329741671445], "runtime": 21.834110260009766, "iteration": 45}