{"incumbents_value": 0.6736111111111112, "time_func_eval": 0.07290005683898926, "optimization_overhead": 0.00016736984252929688, "incumbent": [85.69120931223256, 0.009992844496302476, 0.0674576374362547, 151.66904818511782, 0.07797958239665817, 0.7194188182811908, 0.6777265092525151, 6.033607727533237], "runtime": 0.07403683662414551, "iteration": 0}