{"incumbents_value": 0.17302489177489178, "time_func_eval": 0.6106431484222412, "optimization_overhead": 0.22645330429077148, "incumbent": [37.88645327820164, 0.0014772885245051598, 0.031122286092333938, 295.89870944877316, 0.04498891720284861, 0.2009998297885472, 0.9348564242464387, 14.198329741671445], "runtime": 5.0534045696258545, "iteration": 12}