{"incumbents_value": 0.7925095800095799, "iteration": 49, "runtime": 89.8582284450531, "incumbent": [28.984739629846832, 0.009657958089582445, 0.005690562076518559, 186.44632890104668, 0.7633128162500542, 0.8801373704703392, 0.9133799510677102, 5.727371010476007], "optimization_overhead": 0.287656307220459, "time_func_eval": 2.3933465480804443}