{"incumbents_value": 0.7925095800095799, "iteration": 25, "runtime": 37.35486888885498, "incumbent": [28.984739629846832, 0.009657958089582445, 0.005690562076518559, 186.44632890104668, 0.7633128162500542, 0.8801373704703392, 0.9133799510677102, 5.727371010476007], "optimization_overhead": 0.2500321865081787, "time_func_eval": 0.06239128112792969}