{"incumbents_value": 0.02551019808592958, "time_func_eval": 1.5719146728515625, "optimization_overhead": 0.17354512214660645, "incumbent": [80.90282659058639, 0.008908510287575005, 0.0002435464250970682, 180.53049924437866, 0.5011612979612801, 0.8801317813643161, 0.9802128475523465, 14.518234422081873], "runtime": 152.81534266471863, "iteration": 87}