{"incumbents_value": 0.15719213327758652, "time_func_eval": 0.24575209617614746, "optimization_overhead": 0.20220208168029785, "incumbent": [97.06597160669776, 0.0029878429118954785, 0.014661305055735098, 253.25218760704618, 0.12034534659468456, 0.8666835662263497, 0.9684074508221642, 12.850702311566414], "runtime": 25.094964742660522, "iteration": 52}