{"incumbent": [137.46833371210056, 0.008639713818628506, 0.009907246199803228, 294.53403871679177, 0.8256511625214655, 0.17718485035577372, 0.9859800189172677, 5.263976775011133], "time_func_eval": 12.380843162536621, "optimization_overhead": 0.22948908805847168, "runtime": 407.16598677635193, "iteration": 78, "incumbents_value": 0.3977142250777087}