{"incumbent": [14.041085283343014, 0.0019122405429280688, 0.027493939414846118, 256.6909652148106, 0.1015083426263767, 0.8642803005942716, 0.9987957038793006, 12.774064906368912], "time_func_eval": 0.3173961639404297, "optimization_overhead": 0.28279995918273926, "runtime": 261.2142584323883, "iteration": 53, "incumbents_value": 0.45164005651096173}