{"incumbent": [137.46833371210056, 0.008639713818628506, 0.009907246199803228, 294.53403871679177, 0.8256511625214655, 0.17718485035577372, 0.9859800189172677, 5.263976775011133], "time_func_eval": 3.2845911979675293, "optimization_overhead": 0.2669696807861328, "runtime": 381.6643862724304, "iteration": 73, "incumbents_value": 0.3977142250777087}