{"incumbent": [123.05165883079005, 0.002471116145279429, 0.001813113716528237, 180.47077755795175, 0.7109281333889148, 0.39411372414094725, 0.759332018405428, 8.983662802391969], "iteration": 14, "time_func_eval": 14.857226848602295, "optimization_overhead": 0.18643879890441895, "incumbents_value": 0.09831091899811673, "runtime": 48.27056169509888}