{"incumbent": [123.78849005065393, 0.009021463926388784, 0.0009376521959736934, 166.65640377781574, 0.8202277550395535, 0.7526310803143738, 0.9556722580068114, 14.285830853180594], "iteration": 76, "time_func_eval": 16.93897032737732, "optimization_overhead": 0.27875852584838867, "incumbents_value": 0.0952839455069534, "runtime": 321.5369920730591}