{"incumbents_value": 0.02617053446431683, "time_func_eval": 14.333900451660156, "optimization_overhead": 0.2079639434814453, "incumbent": [111.50602186851522, 0.003912684107607715, 0.009866181441528166, 86.26875745214068, 0.8784192821276482, 0.8157592893919424, 0.9737464280036136, 12.92825391436682], "runtime": 400.60550451278687, "iteration": 29}