{"incumbents_value": 0.04676306842596656, "time_func_eval": 30.707507610321045, "optimization_overhead": 0.22297978401184082, "incumbent": [147.4768710094475, 0.000609502028172131, 0.011169203833187756, 167.88585077647866, 0.534442283611354, 0.18918888693901026, 0.13759467350756466, 14.41245134421037], "runtime": 56.001216888427734, "iteration": 3}