{"incumbents_value": 0.03292393598990895, "time_func_eval": 1.6395325660705566, "optimization_overhead": 0.26294374465942383, "incumbent": [22.481735337314507, 0.00856162231258944, 0.0014960342491704287, 289.3686546303413, 0.81906455117972, 0.7315971597608004, 0.2734405407203928, 14.962966854676742], "runtime": 152.66010546684265, "iteration": 12}