{"incumbents_value": 0.01954702664984509, "time_func_eval": 6.849806308746338, "optimization_overhead": 0.41397881507873535, "incumbent": [126.3171572978105, 0.002040665165315946, 0.003328476343222034, 250.2951460088121, 0.8862212880959087, 0.20273697315946476, 0.5647454415076628, 12.652948869146924], "runtime": 1683.2262215614319, "iteration": 94}