{"incumbents_value": 0.16792451349742588, "time_func_eval": 11.14720344543457, "optimization_overhead": 0.3581104278564453, "incumbent": [124.96038413934846, 0.00011511344429008303, 0.04250821083309362, 124.34447346525721, 0.8405021555172326, 0.31085163638115526, 0.9652508413130828, 14.454936094805898], "runtime": 812.7512943744659, "iteration": 99}