{"incumbents_value": 0.16942046029818147, "time_func_eval": 11.113882303237915, "optimization_overhead": 0.284914493560791, "incumbent": [115.88734101780977, 0.0025279433793425105, 0.03206049896071948, 230.52013893551145, 0.8294141546501465, 0.8323949014762273, 0.5332055550247835, 14.412846280620595], "runtime": 483.87666177749634, "iteration": 61}