{"optimization_overhead": 0.4233059883117676, "time_func_eval": 20.44582772254944, "iteration": 36, "runtime": 182.3870725631714, "incumbents_value": 0.9263003682363125, "incumbent": [147.63037514117778, 0.00109006680146052, 0.004533041904543951, 241.6286985220051, 0.5313680850676794, 0.8437478660002012, 0.7495479727328241, 5.605504885943916]}