{"incumbents_value": 0.9266975319057857, "iteration": 33, "runtime": 58.75641965866089, "incumbent": [27.295750246810428, 0.008365138975178495, 0.0047248998167295254, 105.351172200643, 0.17656426327100547, 0.829263758954197, 0.5913622479629306, 5.525885333867297], "optimization_overhead": 0.4221053123474121, "time_func_eval": 0.383786678314209}