{"optimization_overhead": 0.5706315040588379, "time_func_eval": 9.394397020339966, "iteration": 24, "runtime": 118.2859799861908, "incumbents_value": 0.9263003682363125, "incumbent": [147.63037514117778, 0.00109006680146052, 0.004533041904543951, 241.6286985220051, 0.5313680850676794, 0.8437478660002012, 0.7495479727328241, 5.605504885943916]}