{"optimization_overhead": 0.46339941024780273, "time_func_eval": 0.04536104202270508, "iteration": 60, "runtime": 275.5144703388214, "incumbents_value": 0.8992366353762832, "incumbent": [44.00900236979245, 0.009246897196452109, 0.005295271732045756, 281.9358839398898, 0.012149090007313384, 0.7410300883576603, 0.5486672428676451, 13.951496063081557]}