{"optimization_overhead": 0.009595712025960287, "time_func_eval": 11.614506006240845, "iteration": 2, "runtime": 17.680699110031128, "incumbents_value": 0.948498956562682, "incumbent": [145.15086444736343, 0.005544589166055326, 0.0008916779998082938, 66.21597245217055, 0.5382621769055621, 0.6448003377262017, 0.9982571849532623, 10.845907550503838]}