{"incumbents_value": 0.025639845268770056, "time_func_eval": 0.6123752593994141, "optimization_overhead": 0.38545775413513184, "incumbent": [48.885393426335355, 0.001765264210736618, 0.0053416256593430056, 88.79144539797176, 0.8260654653059116, 0.12278674982154256, 0.10953239980674243, 9.355315479311992], "runtime": 95.18874073028564, "iteration": 68}