{"incumbents_value": 0.025639845268770056, "time_func_eval": 0.24573111534118652, "optimization_overhead": 0.25887370109558105, "incumbent": [48.885393426335355, 0.001765264210736618, 0.0053416256593430056, 88.79144539797176, 0.8260654653059116, 0.12278674982154256, 0.10953239980674243, 9.355315479311992], "runtime": 84.70226836204529, "iteration": 60}