{"incumbents_value": 0.09285320718497125, "time_func_eval": 4.188790559768677, "optimization_overhead": 0.18558049201965332, "incumbent": [135.3327538022385, 0.008974040594811463, 0.013585799409088262, 296.24722124038954, 0.2070832492295426, 0.820238829843607, 0.10689184665390168, 7.237258797615703], "runtime": 10.638197898864746, "iteration": 9}