{"optimization_overhead": 0.20577096939086914, "runtime": 10.919549942016602, "incumbent": [37.19177116844091, 0.00017023070420048856, 0.01432464378415881, 217.98651753102493, 0.24271128683115453, 0.8440501198555279, 0.9615651506270662, 14.662005070193691], "incumbents_value": 0.46347914838395843, "time_func_eval": 0.05064868927001953, "iteration": 24}