{"optimization_overhead": 0.2880678176879883, "runtime": 20.975913047790527, "incumbent": [138.1960525689918, 0.005674425747363119, 0.014130875925736325, 58.398108141413644, 0.4016437328215999, 0.417095270377408, 0.9713998185309279, 14.33730460147277], "incumbents_value": 0.4590368650626143, "time_func_eval": 0.41565704345703125, "iteration": 46}