{"runtime": 8.272310733795166, "incumbent": [51.966784746219744, 0.008964056111575629, 0.008433835233066737, 55.486792205941086, 0.3677485687200382, 0.23081746657071994, 0.8753758635468595, 11.555989060899863], "optimization_overhead": 0.31745314598083496, "time_func_eval": 0.11571621894836426, "iteration": 13, "incumbents_value": 0.09126984126984128}