{"runtime": 18.853230714797974, "incumbent": [89.52370002701403, 0.008896351132120537, 0.003520500925361124, 83.61698754866498, 0.8762964103802042, 0.8454880824178819, 0.6410549016950746, 11.959423614653634], "optimization_overhead": 0.40678882598876953, "time_func_eval": 2.9133124351501465, "iteration": 23, "incumbents_value": 0.0}