{"runtime": 83.55445766448975, "incumbent": [89.52370002701403, 0.008896351132120537, 0.003520500925361124, 83.61698754866498, 0.8762964103802042, 0.8454880824178819, 0.6410549016950746, 11.959423614653634], "optimization_overhead": 0.47394490242004395, "time_func_eval": 0.4126749038696289, "iteration": 88, "incumbents_value": 0.0}