{"runtime": 23.987664699554443, "incumbent": [89.52370002701403, 0.008896351132120537, 0.003520500925361124, 83.61698754866498, 0.8762964103802042, 0.8454880824178819, 0.6410549016950746, 11.959423614653634], "optimization_overhead": 0.5070178508758545, "time_func_eval": 0.35056424140930176, "iteration": 29, "incumbents_value": 0.0}