{"incumbents_value": 0.5887202380952381, "time_func_eval": 0.03885173797607422, "optimization_overhead": 0.2369530200958252, "incumbent": [130.0716745540063, 0.0022958700894131745, 0.021072643417645476, 238.71607131545173, 0.028648048467133376, 0.8829933389938782, 0.7268729384079986, 13.20349859952162], "runtime": 13.851471900939941, "iteration": 50}