{"incumbents_value": 0.06525246117775829, "time_func_eval": 0.1761314868927002, "optimization_overhead": 0.22196626663208008, "incumbent": [15.895163624240434, 0.0012121221133201078, 0.020286707281521467, 295.940554762732, 0.7780615209558351, 0.8924197251578538, 0.7485676684297402, 6.786837057334223], "runtime": 12.892148733139038, "iteration": 39}