{"incumbents_value": 0.05078659370725036, "time_func_eval": 0.5341823101043701, "optimization_overhead": 0.23209118843078613, "incumbent": [134.2562675241691, 0.00012983961752052379, 0.0989134550891492, 275.2785781861817, 0.024426296792306224, 0.8294342590924516, 0.899499327268304, 11.763162354866001], "runtime": 20.135217428207397, "iteration": 56}