{"incumbents_value": 0.10282429942523985, "time_func_eval": 0.14287018775939941, "optimization_overhead": 0.1732194423675537, "incumbent": [22.798532279724796, 0.008271384846014335, 0.001959736103112398, 286.453836644995, 0.1376582692134826, 0.7277452015386016, 0.9236678978753765, 14.811882029820726], "runtime": 2.4621870517730713, "iteration": 9}