{"runtime": 24.275704860687256, "optimization_overhead": 0.20355629920959473, "incumbent": [16.667947509949002, 0.0014044119797259789, 0.019526833889656422, 276.45859828809887, 0.5654575719123699, 0.5699133228300144, 0.4297096833041424, 14.553122665019792], "time_func_eval": 0.06620240211486816, "incumbents_value": 0.058232090490154875, "iteration": 83}