{"incumbents_value": 0.05158434341550899, "time_func_eval": 2.2260959148406982, "optimization_overhead": 0.3050391674041748, "incumbent": [130.1641494228374, 0.01, 0.0001, 124.33290869485339, 0.5682059506053386, 0.9, 0.999, 9.918032620251303], "runtime": 4.003113746643066, "iteration": 3}