{"incumbents_value": 0.0, "time_func_eval": 0.13266277313232422, "optimization_overhead": 0.33832359313964844, "incumbent": [129.92454774055113, 1e-05, 0.0001, 292.32916250786474, 0.5755766747025318, 0.8597978067004756, 0.9364067347508628, 5.0], "runtime": 92.7442536354065, "iteration": 86}