{"incumbents_value": 0.8223546406644998, "time_func_eval": 0.08320140838623047, "optimization_overhead": 0.0001456737518310547, "incumbent": [29.18167239525765, 0.003485206432292436, 0.040809388070286376, 133.62262620991729, 0.13868475391278248, 0.4507897640394952, 0.26327225194848286, 12.638384873092782], "runtime": 0.45888233184814453, "iteration": 1}