{"time_func_eval": 3.1676905155181885, "runtime": 66.97669219970703, "incumbents_value": 0.15507815338266528, "iteration": 12, "incumbent": [123.22612450471586, 0.01, 0.0001, 283.0282437637707, 0.9, 0.8836894414595939, 0.999, 13.11232904898535], "optimization_overhead": 0.17962646484375}