{"time_func_eval": 6.243922233581543, "runtime": 131.88630294799805, "incumbents_value": 0.14399703199376512, "iteration": 41, "incumbent": [3.3443543135243456, 0.0005000996332073749, 0.03162228596678988, 66.71519592862408, 0.7734021892998899, 0.6515588518759009, 0.971549816680755, 14.96154618485418], "optimization_overhead": 0.18051481246948242}