{"time_func_eval": 0.193253755569458, "runtime": 246.35132336616516, "incumbents_value": 0.14399703199376512, "iteration": 80, "incumbent": [3.3443543135243456, 0.0005000996332073749, 0.03162228596678988, 66.71519592862408, 0.7734021892998899, 0.6515588518759009, 0.971549816680755, 14.96154618485418], "optimization_overhead": 0.29225826263427734}