{"runtime": 154.81450629234314, "optimization_overhead": 0.23015236854553223, "incumbent": [115.0222300819752, 0.007183582697169606, 0.0028521595668821492, 282.2843508923918, 0.8489800973194066, 0.7589035629555421, 0.9493539912206672, 14.525462494385883], "time_func_eval": 3.927870988845825, "incumbents_value": 0.614502512056081, "iteration": 43}