{"runtime": 208.38231110572815, "optimization_overhead": 0.2022230625152588, "incumbent": [125.35789012395936, 0.0014875784370077783, 0.007246164433558308, 111.25778252642536, 0.5539993002766394, 0.17724959697728698, 0.8648374428121303, 5.271715921440158], "time_func_eval": 5.278744697570801, "incumbents_value": 0.6000301952085931, "iteration": 65}