{"incumbents_value": 0.8050877513567419, "time_func_eval": 0.47673678398132324, "optimization_overhead": 0.00018827120463053385, "incumbent": [25.942393997342023, 0.00741851802296112, 0.008635900976039383, 211.86952975244003, 0.1287824005112323, 0.33921441067360897, 0.6511565007855957, 12.64753117959099], "runtime": 0.8143668174743652, "iteration": 2}