{"incumbents_value": 0.7236539714232282, "time_func_eval": 0.1378157138824463, "optimization_overhead": 0.23178362846374512, "incumbent": [121.11478590368891, 0.0042736030322012095, 0.004042925715004795, 101.600990413955, 0.040988332626530594, 0.8605920807505105, 0.9131870880819072, 5.2315099415249975], "runtime": 5.581082820892334, "iteration": 13}