{"incumbents_value": 0.38817560880613977, "time_func_eval": 0.3689854145050049, "optimization_overhead": 0.36069655418395996, "incumbent": [146.6596010502471, 0.005913609203702755, 0.01700839713059558, 76.44036273566985, 0.23205463458279912, 0.761453909680669, 0.9703533612623159, 7.355331768239456], "runtime": 166.51107668876648, "iteration": 41}