{"incumbents_value": 0.2945466964190103, "time_func_eval": 0.23614859580993652, "optimization_overhead": 0.1900348663330078, "incumbent": [34.91519252459035, 0.009982572342561304, 0.006375210924673768, 272.56951602288325, 0.3981943567699996, 0.5129992132899184, 0.9600485418761636, 13.971557177405163], "runtime": 14.745449781417847, "iteration": 14}