{"incumbents_value": 0.2884243850483398, "time_func_eval": 0.9127902984619141, "optimization_overhead": 0.2519407272338867, "incumbent": [142.21260114904118, 0.007272765284863098, 0.007202089777031939, 249.09225022514948, 0.7882224224210741, 0.12596644526367767, 0.36712918189873983, 9.259533871443226], "runtime": 47.81677770614624, "iteration": 38}