{"incumbents_value": 0.1465265049023886, "time_func_eval": 0.07050251960754395, "optimization_overhead": 0.22510313987731934, "incumbent": [141.53689911161646, 0.001047235511572423, 0.004393475273381206, 143.37564726243843, 0.30532604248233, 0.1400575686168847, 0.640939482366072, 6.721774119384745], "runtime": 9.785895586013794, "iteration": 30}