{"incumbents_value": 0.15958043180702497, "time_func_eval": 0.0680379867553711, "optimization_overhead": 0.17694497108459473, "incumbent": [32.499006958182314, 1e-05, 0.1, 291.8926270864434, 0.04641001321930359, 0.8468830738069145, 0.9890882379207568, 5.707514382370296], "runtime": 2.83546781539917, "iteration": 10}