{"incumbents_value": 0.13918831445047364, "time_func_eval": 0.09687542915344238, "optimization_overhead": 0.22585368156433105, "incumbent": [137.83528473319402, 0.0008821470981337018, 0.008927136709669737, 175.37660222908727, 0.037046688758532065, 0.8398048482418485, 0.364511144098221, 6.817458380547505], "runtime": 26.03362464904785, "iteration": 72}