{"incumbents_value": 0.0, "time_func_eval": 12.46237301826477, "optimization_overhead": 0.3205413818359375, "incumbent": [134.39029399558655, 0.008860758359735888, 0.001605914436610192, 236.0260726416178, 0.5700613576734725, 0.4010956432721864, 0.6738429177855616, 12.88871180564445], "runtime": 711.3851978778839, "iteration": 78}