{"incumbents_value": 0.1685736079328758, "time_func_eval": 0.06744885444641113, "optimization_overhead": 0.2115025520324707, "incumbent": [55.014601023460365, 0.002906589408868237, 0.07752781587009977, 279.5715056465543, 0.7517081124982969, 0.8124062217814486, 0.9856951117401087, 14.975735515550351], "runtime": 6.2519824504852295, "iteration": 25}