{"incumbents_value": 0.35900565346752955, "time_func_eval": 9.479308128356934, "optimization_overhead": 0.2199850082397461, "incumbent": [139.66251674994686, 0.0007119468909308905, 0.003059073716387063, 189.1913489106556, 0.09771847709281006, 0.265655055754263, 0.13747424430603056, 10.783762150906211], "runtime": 507.3249201774597, "iteration": 78}