{"incumbents_value": 0.3296296296296296, "time_func_eval": 0.03461337089538574, "optimization_overhead": 0.2809162139892578, "incumbent": [64.07242186651679, 0.0026269404541032697, 0.03210610778433597, 257.10711674653845, 0.7896462082440823, 0.23866201695031297, 0.48973520357073336, 14.895802000716067], "runtime": 2.101483106613159, "iteration": 8}