{"incumbents_value": 0.3296296296296296, "time_func_eval": 0.03130984306335449, "optimization_overhead": 0.17481017112731934, "incumbent": [64.07242186651679, 0.0026269404541032697, 0.03210610778433597, 257.10711674653845, 0.7896462082440823, 0.23866201695031297, 0.48973520357073336, 14.895802000716067], "runtime": 1.5532660484313965, "iteration": 6}