{"incumbents_value": 0.9985977961012635, "time_func_eval": 4.731226682662964, "optimization_overhead": 0.22040510177612305, "incumbent": [58.76953474212052, 0.0009192956128731654, 0.017116921883989045, 54.00832253600855, 0.012765382407419729, 0.1933856613991706, 0.9272071843199134, 9.795372897861863], "runtime": 24.90118432044983, "iteration": 3}