{"incumbents_value": 0.14345301757066464, "time_func_eval": 0.07860708236694336, "optimization_overhead": 0.207366943359375, "incumbent": [141.23187668305565, 0.0024845663423359197, 0.02866821926628415, 54.73301093473047, 0.04388264298709695, 0.8803426217579439, 0.7498364714408953, 8.341541238476701], "runtime": 6.477224111557007, "iteration": 21}