{"incumbents_value": 0.1306808098733565, "time_func_eval": 0.07854890823364258, "optimization_overhead": 0.1950054168701172, "incumbent": [129.8306049611199, 0.008576667911712235, 0.026576579917919504, 52.56803671537281, 0.8888539006115951, 0.17185882905871108, 0.8209055770585749, 13.484558419574524], "runtime": 25.41728925704956, "iteration": 70}