{"incumbents_value": 0.16699368742712406, "time_func_eval": 0.08837890625, "optimization_overhead": 0.1784346103668213, "incumbent": [44.93658425965934, 0.006230892741449974, 0.03448443951425455, 115.4432892957727, 0.44070140676238717, 0.6437480823125203, 0.36602411102248034, 12.566222098473334], "runtime": 3.0584070682525635, "iteration": 10}