{"incumbents_value": 0.5509381627246129, "time_func_eval": 0.5927188396453857, "optimization_overhead": 0.19257855415344238, "incumbent": [35.01157023330666, 0.008425953975374592, 0.004753730402695547, 299.55334307653646, 0.40670314636470234, 0.27221839841591644, 0.6732850426348929, 14.673647373517479], "runtime": 171.99650764465332, "iteration": 63}