{"incumbents_value": 0.5422030227891174, "time_func_eval": 0.4590334892272949, "optimization_overhead": 0.3487706184387207, "incumbent": [65.69392314593655, 0.0018167249436009314, 0.003887466740588219, 293.6629260181976, 0.6929715709480126, 0.8768419260668515, 0.9242682067543352, 14.058872080438286], "runtime": 257.6353282928467, "iteration": 88}