{"incumbents_value": 0.6160524373336774, "time_func_eval": 4.464676380157471, "optimization_overhead": 0.25518250465393066, "incumbent": [129.26048998901882, 0.01, 0.0001, 293.1676221451433, 0.16578604979774458, 0.9, 0.5842504516842892, 14.413343340842886], "runtime": 59.60435700416565, "iteration": 19}