{"incumbent": [18.487297748937298, 0.00442138633542838, 0.010337885562552104, 84.47321382369017, 0.8584413028524616, 0.7596917572675643, 0.5079662709055593, 6.048168063200522], "runtime": 13.690304279327393, "iteration": 43, "time_func_eval": 0.00944209098815918, "incumbents_value": 0.6926406926406926, "optimization_overhead": 0.22852444648742676}