{"incumbent": [146.57075594853865, 0.00872302678866116, 0.000756228977591726, 162.13791976549754, 0.10185687602766474, 0.8387459376696496, 0.8574061577731116, 9.51738395143939], "runtime": 4.671036720275879, "iteration": 15, "time_func_eval": 0.012700557708740234, "incumbents_value": 0.7459677419354839, "optimization_overhead": 0.18814444541931152}