{"incumbent": [18.487297748937298, 0.00442138633542838, 0.010337885562552104, 84.47321382369017, 0.8584413028524616, 0.7596917572675643, 0.5079662709055593, 6.048168063200522], "runtime": 24.122288942337036, "iteration": 70, "time_func_eval": 0.028032779693603516, "incumbents_value": 0.6926406926406926, "optimization_overhead": 0.2761502265930176}