{"incumbent": [23.01841469449462, 1.0, 73114.7073737109, 0.006999999999999999, 0.43068013892816887, 0.10786517465010609, 1294.4619908570687, 25633.18467577654, 21277.66024592795, 2664.1541539569644], "time_func_eval": 1.4543533325195312e-05, "iteration": 51, "optimization_overhead": 5.25736665725708, "runtime": 185.59904599189758, "incumbents_value": -131.67603923225457}