{"optimization_overhead": 0.7015161514282227, "runtime": 1.93806791305542, "incumbent": [0.35116400793263675, 0.0, 0.5706970899540099, 124.9968614, 2.01692011, 5689.474358178293], "incumbents_value": -5.303655583598853, "time_func_eval": 1.0013580322265625e-05, "iteration": 4}