{"incumbent": [96.74679613257788, 0.0003132135065538735, 0.028286175513458953, 278.9658459084187, 0.20500388326662117, 0.8644419028395228, 0.8266633730707613, 12.532395276744811], "iteration": 3, "time_func_eval": 0.009493112564086914, "optimization_overhead": 0.1568758487701416, "incumbents_value": 0.570264867566217, "runtime": 0.5235979557037354}