{"incumbents_value": 0.9663034759358289, "time_func_eval": 1.7530887126922607, "optimization_overhead": 0.24851679801940918, "incumbent": [132.8981528617704, 0.0028286020628243177, 0.005581522988059333, 95.89860305417156, 0.05346674905295598, 0.854000297542789, 0.6384464621012889, 6.383525865907722], "runtime": 93.66950845718384, "iteration": 91}