{"incumbents_value": 0.9885380993150685, "time_func_eval": 0.05960822105407715, "optimization_overhead": 0.1652224063873291, "incumbent": [15.237002415630652, 0.006805708084613603, 0.018452029304169833, 69.64804834894673, 0.1202030491738263, 0.09836568872940414, 0.10187083629315068, 14.857652353325731], "runtime": 6.712919235229492, "iteration": 13}