{"incumbent": [140.75042325776343, 0.0005994767644992552, 0.00730219308014268, 292.3474550003492, 0.6401995033791251, 0.7929443629919584, 0.990146487570021, 14.929591913462513], "iteration": 30, "time_func_eval": 0.5184872150421143, "optimization_overhead": 0.16636419296264648, "incumbents_value": 0.0243163925001173, "runtime": 28.106256008148193}