{"incumbent": [145.4859375192133, 0.00989131027239483, 0.0027513448320284793, 272.96182892738375, 0.3720584591207884, 0.32779642599436065, 0.28016632946338643, 14.492703759692846], "iteration": 48, "time_func_eval": 0.15518975257873535, "optimization_overhead": 0.1874697208404541, "incumbents_value": 0.0039003595263514823, "runtime": 51.2701153755188}