{"incumbents_value": 0.1662832929782082, "time_func_eval": 0.17255306243896484, "optimization_overhead": 0.19565820693969727, "incumbent": [18.92477805903031, 0.009846788121596983, 0.007738703526124015, 233.66421709616708, 0.8605594173983244, 0.5141225338475828, 0.5068407081639422, 14.994312735126288], "runtime": 4.887101650238037, "iteration": 7}