{"incumbents_value": 0.46073103154305206, "time_func_eval": 0.036077260971069336, "optimization_overhead": 0.0001605351765950521, "incumbent": [77.01914219506294, 0.005960661581799712, 0.05256757636197604, 212.14026556820062, 0.5669295227572491, 0.5089728695314163, 0.48441155180884027, 6.871696351087871], "runtime": 0.1211862564086914, "iteration": 1}