{"incumbents_value": 0.025639845268770056, "time_func_eval": 0.9698240756988525, "optimization_overhead": 0.304901123046875, "incumbent": [145.07378583438432, 0.01, 0.1, 81.17634313324528, 0.3417918050968751, 0.8803569868152902, 0.999, 12.668652523347147], "runtime": 150.47542572021484, "iteration": 76}