{"iteration": 48, "incumbents_value": 0.8637585814858542, "incumbent": [140.46970379067233, 0.00021331955670504825, 0.0064341842673143555, 116.55411679716269, 0.049818106983018764, 0.10708733497478255, 0.46817129798820717, 13.231633824910016], "time_func_eval": 2.901472806930542, "runtime": 57.88336634635925, "optimization_overhead": 0.2255687713623047}