{"runtime": 43.45639204978943, "optimization_overhead": 0.17079591751098633, "incumbent": [6.893127865518745, 0.008607929073339939, 0.001662092601021544, 294.9027839912935, 0.21767834955605805, 0.20404197392155843, 0.987517743751636, 11.325944709879305], "time_func_eval": 0.7794525623321533, "incumbents_value": 0.7964579556122394, "iteration": 16}