{"runtime": 174.82397937774658, "optimization_overhead": 0.32187962532043457, "incumbent": [125.68645677424506, 0.00035376790710012673, 0.0023530772646433596, 53.50375668389333, 0.03164955622807107, 0.7493267883043639, 0.7435237532850639, 5.889900442389083], "time_func_eval": 0.028438329696655273, "incumbents_value": 0.7749414644334482, "iteration": 86}