{"iteration": 9, "incumbents_value": 0.8032998246634231, "incumbent": [132.29526357230327, 1e-05, 0.0001, 247.60179325151628, 0.26382768623994035, 0.9, 0.6049657391484347, 14.214520886048666], "time_func_eval": 0.07607531547546387, "runtime": 55.28328323364258, "optimization_overhead": 0.18289756774902344}