{"incumbents_value": 0.0669642857142857, "time_func_eval": 0.020466089248657227, "optimization_overhead": 0.21541428565979004, "incumbent": [113.80959482455239, 0.0020343913131685917, 0.004711478371173359, 112.3218984106856, 0.8929321201869292, 0.7826872510694234, 0.9712917335846188, 6.058865236477006], "runtime": 47.7596971988678, "iteration": 94}