{"incumbents_value": 0.1755050505050506, "time_func_eval": 0.01429295539855957, "optimization_overhead": 0.17188668251037598, "incumbent": [74.88532068040809, 0.0063493168708968015, 0.05357573388558472, 174.4206701123558, 0.33543732131524295, 0.23917375099275212, 0.8325635842189985, 10.296352575083784], "runtime": 2.691202163696289, "iteration": 7}