{"incumbents_value": 0.1785714285714285, "time_func_eval": 0.10018754005432129, "optimization_overhead": 0.16096735000610352, "incumbent": [29.802954514595633, 1e-05, 0.09714032357787256, 233.13241509724332, 0.9, 0.9, 0.999, 14.741316516760458], "runtime": 3.366408586502075, "iteration": 14}