{"incumbents_value": 0.1785714285714285, "time_func_eval": 0.11417531967163086, "optimization_overhead": 0.17462825775146484, "incumbent": [29.802954514595633, 1e-05, 0.09714032357787256, 233.13241509724332, 0.9, 0.9, 0.999, 14.741316516760458], "runtime": 3.946063756942749, "iteration": 16}