{"incumbents_value": 0.1439814814814815, "time_func_eval": 0.07341527938842773, "optimization_overhead": 0.18900084495544434, "incumbent": [7.0564455691283205, 0.006195767396090691, 0.08874233134117794, 275.32115145210264, 0.13413570566321206, 0.8766484376240563, 0.8814494446895661, 7.867296632277587], "runtime": 10.349969863891602, "iteration": 40}