{"time_func_eval": 0.0252077579498291, "runtime": 20.83479595184326, "incumbents_value": 0.0, "iteration": 67, "incumbent": [15.021970906063999, 0.0005220923275426142, 0.019276645971720584, 285.0564779351284, 0.7875485257754276, 0.7659527637662332, 0.9957927973511768, 7.050205042807995], "optimization_overhead": 0.24984002113342285}