{"time_func_eval": 0.04971170425415039, "runtime": 0.56156325340271, "incumbents_value": 0.46554621848739497, "iteration": 3, "incumbent": [104.73387169623068, 0.006101210418373154, 0.005869166667620027, 277.11916645637666, 0.050551104490187244, 0.534006053131861, 0.9852241192184028, 6.133938756725103], "optimization_overhead": 0.17296481132507324}