{"optimization_overhead": 0.23057317733764648, "runtime": 3.596224784851074, "incumbent": [136.2182032646923, 0.000372801102614893, 0.09102645485553472, 65.43870443517545, 0.49937563883040403, 0.5749488253515225, 0.9422494146812879, 10.526322661456788], "incumbents_value": 0.3555555555555555, "time_func_eval": 0.029899120330810547, "iteration": 14}