{"optimization_overhead": 0.23336195945739746, "runtime": 20.17968201637268, "incumbent": [15.903226407534973, 0.009698810988990388, 0.006676481601700112, 253.2990786622718, 0.05262454413080127, 0.11849989453880883, 0.6991603247418424, 14.311350357279073], "incumbents_value": 0.261437908496732, "time_func_eval": 0.009814023971557617, "iteration": 73}