{"optimization_overhead": 0.24092698097229004, "runtime": 0.9626579284667969, "incumbent": [128.25901212992338, 0.0015509229866663306, 0.0929998991757006, 292.163075459064, 0.8356608578380006, 0.864576563181385, 0.9191108794653831, 13.39081970077521], "incumbents_value": 0.3751065643648763, "time_func_eval": 0.019507884979248047, "iteration": 5}