{"incumbents_value": 0.45276810385703314, "time_func_eval": 0.03106689453125, "optimization_overhead": 0.24644875526428223, "incumbent": [118.5681172669638, 0.0096572641596282, 0.0012105951415324193, 176.21501421576426, 0.5473556933164009, 0.8305067787458228, 0.9659824816013161, 14.796790119382763], "runtime": 54.063820123672485, "iteration": 96}