{"incumbents_value": 0.4614392956805409, "time_func_eval": 0.11562418937683105, "optimization_overhead": 0.22893309593200684, "incumbent": [50.29171461923948, 0.003437645447372392, 0.05073264706414406, 287.7791909056209, 0.7414532649466887, 0.5427778359993768, 0.8736542195116811, 10.468994178154286], "runtime": 5.8022356033325195, "iteration": 11}