{"incumbents_value": 0.9146469968387777, "time_func_eval": 0.5313899517059326, "optimization_overhead": 0.00010840098063151042, "incumbent": [43.96750867578852, 0.0030820116271134753, 0.08535192046907382, 166.08936598723955, 0.6675209324122745, 0.8432341931405531, 0.3762166680567749, 12.512762026794665], "runtime": 0.5322415828704834, "iteration": 0}