{"incumbents_value": 0.41713719680840655, "time_func_eval": 0.9779257774353027, "optimization_overhead": 0.27075934410095215, "incumbent": [128.35762322624686, 0.009645290137292739, 0.0053394007907260925, 179.6590689377745, 0.8483186223554665, 0.47085933793824253, 0.7729587192956034, 14.929222250795629], "runtime": 22.21958827972412, "iteration": 11}