{"incumbents_value": 0.30473857592049625, "time_func_eval": 14.109495162963867, "optimization_overhead": 0.18359065055847168, "incumbent": [35.631742670959305, 0.008885567694969886, 0.019215740534667944, 282.94970435717005, 0.8892323580849715, 0.8819916420837284, 0.9587276747962551, 14.390385687505553], "runtime": 128.82501029968262, "iteration": 40}