{"incumbents_value": 0.23999999999999988, "time_func_eval": 0.03339433670043945, "optimization_overhead": 0.29871487617492676, "incumbent": [135.31457860760645, 0.00994931621699615, 0.012367876519353057, 240.0408052182233, 0.16451365601480125, 0.8000706724404528, 0.9146631081815093, 6.440683251865426], "runtime": 13.25471806526184, "iteration": 51}