{"incumbents_value": 0.23999999999999988, "time_func_eval": 0.047878265380859375, "optimization_overhead": 0.21073246002197266, "incumbent": [135.31457860760645, 0.00994931621699615, 0.012367876519353057, 240.0408052182233, 0.16451365601480125, 0.8000706724404528, 0.9146631081815093, 6.440683251865426], "runtime": 6.01923942565918, "iteration": 26}