{"incumbent": [108.58136387938833, 149.95767597967904, -327.1172452378794, -431.72079713884597, 130.9377158258348, 23.781892628607082, -76.39565423302861, 14.117343433356226, -581.4192099674697, 248.825896983848, -170.07365851191767, 17.780634443431012, -10.658141669608483, 172.16829123166912, 1.307432838028717, 72.33438874997182, 134.25557989442098, -3.3616515021077618, -197.58936496506936, -55.488243263122115, -1050.9243088591443, 81.54901149120076, -524.6047556171884, 65.21821340917876, -60.74872672414671, -154.35048162772716, -413.32703753995645, -415.8119828910599, -308.5773518771896, -35.73151677707666, -61.01208798619973, 108.9318460567105, -947.4750525690667, -8.897304845122449, -181.40961246272644, 51.15430859637307, -73.46719494144372, 64.37479822476334, -264.1349590752278, -32.71059532429905, -77.6690367295854, 41.39733073637902, -231.10267114682466, -177.42428458191944, -692.4705293939084, -467.37230709732285, -182.80095393120743, 14.043055098818584, -42.71735033306484, -40.176591575186876, -107.98423481735449, 188.7361700492279, 109.90007985011016, -33.591472753569676, 19.747886750147245, -276.32099838743807, -803.4163938017728, 84.14048930868267, -142.5222455938773, 68.74129838272356, -243.4866554097156, 49.56565717050148, -414.91580201468844, 319.9336596950011, -82.95940214297077, -2.3329476162213396, -121.23986829669153, 126.18447185138047, -596.7229079431944, -33.302968087595104, 80.93321390459673, -30.907099304482415, -193.8099057699692, 104.16826878724916, -693.0094470438714, -379.7064677719763, 82.76364440107614, -56.78648599900896, -1.1449605754280014, -10.518589435451183, 47.48424666639585, 55.129380005757014, -37.839799681017425, -45.82712812478349, 1.0953750456791056, -44.605787401139835, -970.3579419009625, 33.90357054001481, 111.05030940654859, -24.300577208949385], "time_func_eval": 1.8358230590820312e-05, "iteration": 2, "optimization_overhead": 4.776318868001302e-05, "runtime": 0.04007863998413086, "incumbents_value": -39560.91547757355}