{"time_func_eval": 0.7821073532104492, "runtime": 123.77309775352478, "incumbents_value": 0.1756263580812616, "iteration": 85, "incumbent": [25.136959621993764, 0.009799972791094147, 0.004633677056058519, 101.28402618011205, 0.40199073144440595, 0.8900885739621012, 0.9826773961665807, 14.500560326502688], "optimization_overhead": 0.3128941059112549}