{"time_func_eval": 1.429194688796997, "runtime": 86.08503437042236, "incumbents_value": 0.1756263580812616, "iteration": 64, "incumbent": [25.136959621993764, 0.009799972791094147, 0.004633677056058519, 101.28402618011205, 0.40199073144440595, 0.8900885739621012, 0.9826773961665807, 14.500560326502688], "optimization_overhead": 0.23713207244873047}