{"time_func_eval": 0.4022178649902344, "runtime": 86.83956551551819, "incumbents_value": 0.1756263580812616, "iteration": 65, "incumbent": [25.136959621993764, 0.009799972791094147, 0.004633677056058519, 101.28402618011205, 0.40199073144440595, 0.8900885739621012, 0.9826773961665807, 14.500560326502688], "optimization_overhead": 0.23201632499694824}