{"incumbents_value": 0.028683812098622474, "time_func_eval": 0.16184473037719727, "optimization_overhead": 0.24642729759216309, "incumbent": [14.336347572363486, 5.3128393645420626e-05, 0.024978350203662427, 97.53143066373184, 0.7581627482248297, 0.7808781695922944, 0.950026246248319, 14.493548505167006], "runtime": 114.15010857582092, "iteration": 97}