{"incumbents_value": 0.03093622192166423, "time_func_eval": 0.5666561126708984, "optimization_overhead": 0.20871806144714355, "incumbent": [133.879973970897, 0.007041603987678084, 0.09307298386504467, 50.45166791398708, 0.34467411208393445, 0.13743446998577685, 0.5229485470037539, 10.991151307861484], "runtime": 42.16823077201843, "iteration": 43}