{"incumbents_value": 0.6438592352420631, "time_func_eval": 1.0274765491485596, "optimization_overhead": 0.21473360061645508, "incumbent": [37.40132875945255, 0.009245658155439918, 0.0003588984130480546, 96.03427037225246, 0.09129268306810263, 0.4879280018932627, 0.43801881193361314, 12.386257959960178], "runtime": 9.644208431243896, "iteration": 18}