{"iteration": 10, "incumbents_value": 0.15824124151952534, "incumbent": [145.4415099068388, 0.01, 0.0001, 70.91968783033509, 0.8781194491481084, 0.09, 0.0999, 5.67252172715764], "time_func_eval": 0.17173337936401367, "runtime": 22.68595027923584, "optimization_overhead": 0.23215866088867188}