{"runtime": 155.24040699005127, "optimization_overhead": 0.26044297218322754, "incumbent": [108.63684597532672, 0.0023114261940185743, 0.01174955505339806, 288.04952985796706, 0.8279637715382061, 0.595040843691931, 0.9291976250503895, 11.947184905462361], "time_func_eval": 5.395097255706787, "incumbents_value": 0.5710311114060777, "iteration": 39}