{"incumbent": [27.22190718264921, 0.0017688227486936249, 0.0028590539287964775, 191.00773532274775, 0.049354333211064735, 0.591617233133955, 0.11794615636378014, 13.941867837070145], "iteration": 63, "time_func_eval": 0.463179349899292, "optimization_overhead": 0.2871882915496826, "incumbents_value": 0.8337346174424827, "runtime": 394.11547470092773}