{"incumbent": [121.65079881008309, 0.009898876327591498, 0.004129464253285926, 135.0246338779541, 0.03792863237032045, 0.21986388857194433, 0.7108439893214527, 14.075947972095062], "iteration": 43, "time_func_eval": 0.9759199619293213, "optimization_overhead": 0.1857898235321045, "incumbents_value": 0.04308100442802476, "runtime": 39.4001100063324}