{"incumbent": [121.65079881008309, 0.009898876327591498, 0.004129464253285926, 135.0246338779541, 0.03792863237032045, 0.21986388857194433, 0.7108439893214527, 14.075947972095062], "iteration": 20, "time_func_eval": 0.7297353744506836, "optimization_overhead": 0.16948676109313965, "incumbents_value": 0.04308100442802476, "runtime": 19.75128412246704}