{"incumbent": [136.412436292411, 0.009303941863071093, 0.00011980070739923412, 288.5887906123344, 0.8106774993057609, 0.45674226537856966, 0.9026332795719026, 14.49492405692873], "iteration": 7, "time_func_eval": 0.2290477752685547, "optimization_overhead": 0.15680909156799316, "incumbents_value": 0.05570282460810405, "runtime": 7.1733927726745605}