{"incumbent": [121.65079881008309, 0.009898876327591498, 0.004129464253285926, 135.0246338779541, 0.03792863237032045, 0.21986388857194433, 0.7108439893214527, 14.075947972095062], "iteration": 37, "time_func_eval": 0.4624369144439697, "optimization_overhead": 0.16719579696655273, "incumbents_value": 0.04308100442802476, "runtime": 32.923431634902954}