{"incumbents_value": 0.9247085236858368, "iteration": 47, "runtime": 138.76085138320923, "incumbent": [130.47757750253493, 2.3583969953481053e-05, 0.0026623919726121758, 204.07562551313816, 0.8838410557947808, 0.7623058394174933, 0.8382227723689704, 13.479436066767438], "optimization_overhead": 0.32488179206848145, "time_func_eval": 2.8281495571136475}