{"incumbents_value": 0.049962683303910516, "time_func_eval": 3.4873549938201904, "optimization_overhead": 0.2265920639038086, "incumbent": [102.349749085889, 0.0006319309968198064, 0.000433447791612646, 54.7557246522926, 0.4534091136514654, 0.6041877694249492, 0.9733828090068137, 8.54819675641486], "runtime": 115.10114669799805, "iteration": 8}