{"incumbents_value": 0.5110362314657977, "time_func_eval": 0.06487655639648438, "optimization_overhead": 0.21969962120056152, "incumbent": [128.32996654579765, 0.009542161035624669, 0.008171914917149343, 97.46651572382751, 0.5076948651568709, 0.8886487631541561, 0.9965025070752969, 5.751659314863887], "runtime": 541.1984617710114, "iteration": 84}