{"incumbents_value": 0.4015151515151515, "iteration": 54, "runtime": 18.904890537261963, "incumbent": [14.141006580394732, 0.005383024003799898, 0.09466726323271929, 283.4387324332549, 0.7295477965611551, 0.12181431108745691, 0.9785731883048734, 8.969282168227398], "optimization_overhead": 0.2350330352783203, "time_func_eval": 0.03295564651489258}