{"incumbents_value": 0.48221771467207575, "iteration": 3, "runtime": 0.8278980255126953, "incumbent": [96.94241441640247, 0.004454827154941014, 0.019936196402173985, 290.05147377546314, 0.12358859092632701, 0.8657014362775933, 0.9608634089797603, 12.215321237747595], "optimization_overhead": 0.2503194808959961, "time_func_eval": 0.034046173095703125}