{"incumbents_value": 0.373015873015873, "iteration": 88, "runtime": 33.66295003890991, "incumbent": [26.68756216410752, 0.00894474431839393, 0.062101755468521515, 58.65695676371925, 0.4425177476895094, 0.8435456917350215, 0.9836625588051904, 5.414296373745165], "optimization_overhead": 0.48864197731018066, "time_func_eval": 0.042291879653930664}