{"incumbents_value": 0.4015151515151515, "iteration": 20, "runtime": 5.868971347808838, "incumbent": [14.141006580394732, 0.005383024003799898, 0.09466726323271929, 283.4387324332549, 0.7295477965611551, 0.12181431108745691, 0.9785731883048734, 8.969282168227398], "optimization_overhead": 0.23449349403381348, "time_func_eval": 0.012561798095703125}