{"incumbents_value": 0.796334092749239, "iteration": 40, "runtime": 243.15564465522766, "incumbent": [15.85070043727948, 0.007795675769151096, 0.0012715838437383704, 61.014031040974594, 0.8894511900717379, 0.6370042289829434, 0.7543903246741691, 5.892527994775374], "optimization_overhead": 0.387526273727417, "time_func_eval": 1.0312349796295166}