{"incumbents_value": 0.7453735496332279, "iteration": 78, "runtime": 618.3626885414124, "incumbent": [139.03122078872642, 0.009626860914567372, 0.005375921907418735, 205.71523423123708, 0.3379282699392828, 0.8189448436424047, 0.6569924626567549, 14.662511600081627], "optimization_overhead": 0.26865243911743164, "time_func_eval": 0.5819523334503174}