{"incumbents_value": 0.7453735496332279, "iteration": 71, "runtime": 581.7178313732147, "incumbent": [139.03122078872642, 0.009626860914567372, 0.005375921907418735, 205.71523423123708, 0.3379282699392828, 0.8189448436424047, 0.6569924626567549, 14.662511600081627], "optimization_overhead": 0.3370332717895508, "time_func_eval": 2.0816259384155273}