{"incumbents_value": 0.9239009460211464, "iteration": 7, "runtime": 95.05987358093262, "incumbent": [44.26978682793371, 0.0057302318386850916, 0.009185945015793342, 290.8378002348294, 0.7257672887732203, 0.2872177485705848, 0.8647043002686229, 14.212348149377291], "optimization_overhead": 0.27195096015930176, "time_func_eval": 66.57580804824829}