{"incumbents_value": 0.46550174601337124, "iteration": 92, "runtime": 756.0072898864746, "incumbent": [48.77075776395496, 1e-05, 0.0001, 295.72625374566826, 0.01, 0.09, 0.999, 13.089985880500798], "optimization_overhead": 0.36701488494873047, "time_func_eval": 0.3143305778503418}