{"incumbents_value": 0.02454478268679061, "time_func_eval": 0.8307998180389404, "optimization_overhead": 0.22950243949890137, "incumbent": [99.74164752095002, 0.0010273209125186977, 0.015362143614658732, 281.03764151170844, 0.8460417857105943, 0.5303272083290257, 0.25503724067349276, 12.740431238691054], "runtime": 94.11725306510925, "iteration": 73}