{"incumbents_value": 0.02454478268679061, "time_func_eval": 0.6199636459350586, "optimization_overhead": 0.26380014419555664, "incumbent": [99.74164752095002, 0.0010273209125186977, 0.015362143614658732, 281.03764151170844, 0.8460417857105943, 0.5303272083290257, 0.25503724067349276, 12.740431238691054], "runtime": 110.54307675361633, "iteration": 84}