{"incumbents_value": 0.9390127635016912, "time_func_eval": 7.600505352020264, "optimization_overhead": 0.16332292556762695, "incumbent": [139.35855612873706, 0.004124802857811618, 0.0017473913783252637, 255.0176764780606, 0.8875064685299802, 0.14542497268580995, 0.37012850965082233, 14.806466146659808], "runtime": 9.370390176773071, "iteration": 3}