{"incumbents_value": 0.8425705564904051, "time_func_eval": 3.852687120437622, "optimization_overhead": 0.2635340690612793, "incumbent": [143.64671317546154, 0.009920435987506727, 0.010544903933111638, 282.59421466435515, 0.7268533789600089, 0.8510077741807686, 0.8356159581917484, 7.935178356664826], "runtime": 145.30748677253723, "iteration": 95}