{"incumbents_value": 0.1699952291866046, "time_func_eval": 1.5159497261047363, "optimization_overhead": 0.5523269176483154, "incumbent": [143.67225091784766, 0.0002452726413274682, 0.016885736505008037, 86.80836423429568, 0.6050459813218526, 0.6506072649601079, 0.8445093165379132, 5.2354036316727735], "runtime": 714.6189177036285, "iteration": 88}