{"incumbents_value": 0.05057104756741304, "time_func_eval": 6.650325775146484, "optimization_overhead": 0.43137097358703613, "incumbent": [133.8878956625099, 0.00034463070294230507, 0.002218099784259121, 134.36707538254188, 0.4155049449370463, 0.35240305707772124, 0.9975879662555005, 14.983646188934895], "runtime": 324.9793646335602, "iteration": 82}