{"incumbents_value": 0.46466107906163256, "time_func_eval": 0.45554041862487793, "optimization_overhead": 0.17881560325622559, "incumbent": [74.67641975725417, 0.007076150106970587, 0.005005599342449457, 82.75107604546756, 0.08519062674339407, 0.1174661235959996, 0.9223241371640071, 12.992038169950408], "runtime": 69.74879384040833, "iteration": 15}