{"runtime": 2.6357531547546387, "optimization_overhead": 0.16926288604736328, "incumbent": [146.52432083493528, 0.008106600114610818, 0.004521564555469886, 143.83172520549743, 0.07692161797700693, 0.7880193308688533, 0.9563818048696267, 10.673697283376534], "time_func_eval": 0.07527565956115723, "incumbents_value": 0.981737262410685, "iteration": 5}