{"runtime": 63.15981912612915, "optimization_overhead": 0.2590909004211426, "incumbent": [147.9262631758028, 0.005198330523168844, 0.007768022893698136, 68.24774047663283, 0.08980251913729786, 0.7834251003914983, 0.6315350746658938, 14.76587542646415], "time_func_eval": 0.10225677490234375, "incumbents_value": 0.8073988710963501, "iteration": 98}