{"runtime": 43.675522565841675, "optimization_overhead": 0.2284092903137207, "incumbent": [98.02801203889783, 0.009297172222159575, 0.007096826039373919, 76.19649557950682, 0.8893569925275367, 0.7675408460744321, 0.5057378704842241, 14.905601267231788], "time_func_eval": 0.43142151832580566, "incumbents_value": 0.8155564347447057, "iteration": 68}