{"time_func_eval": 8.782077074050903, "runtime": 408.2971954345703, "incumbents_value": 0.04497155948522413, "iteration": 76, "incumbent": [140.41277222663436, 3.2482106514626334e-05, 0.0074295394455379605, 285.23744701175735, 0.07767874903624987, 0.8669418055862926, 0.9452877934540601, 9.78918945973695], "optimization_overhead": 0.29543638229370117}