{"time_func_eval": 3.918886423110962, "runtime": 305.4649591445923, "incumbents_value": 0.04497155948522413, "iteration": 56, "incumbent": [140.41277222663436, 3.2482106514626334e-05, 0.0074295394455379605, 285.23744701175735, 0.07767874903624987, 0.8669418055862926, 0.9452877934540601, 9.78918945973695], "optimization_overhead": 0.21585392951965332}