{"time_func_eval": 7.448718070983887, "runtime": 53.63253951072693, "incumbents_value": 0.19458582919837542, "iteration": 8, "incumbent": [96.74679613257788, 0.0003132135065538735, 0.028286175513458953, 278.9658459084187, 0.20500388326662117, 0.8644419028395228, 0.8266633730707613, 12.532395276744811], "optimization_overhead": 0.24027323722839355}