{"time_func_eval": 2.782805919647217, "runtime": 394.0872175693512, "incumbents_value": 0.04497155948522413, "iteration": 74, "incumbent": [140.41277222663436, 3.2482106514626334e-05, 0.0074295394455379605, 285.23744701175735, 0.07767874903624987, 0.8669418055862926, 0.9452877934540601, 9.78918945973695], "optimization_overhead": 0.26522088050842285}