{"incumbents_value": 0.06877939654432053, "time_func_eval": 6.651354789733887, "optimization_overhead": 0.2311720848083496, "incumbent": [148.3303080537782, 0.009828021130568678, 0.0046972821200064714, 231.38985967288718, 0.838688296810507, 0.57513490642788, 0.8765313749225327, 7.153456808723853], "runtime": 1593.658040046692, "iteration": 85}