{"incumbents_value": 0.10440855564234164, "time_func_eval": 7.062690019607544, "optimization_overhead": 0.2415146827697754, "incumbent": [85.52935111163981, 0.008526239456300964, 0.0039034327315034213, 258.48954348994107, 0.29498782870293666, 0.22569597033570749, 0.14363618567940262, 14.53392948010076], "runtime": 157.85248136520386, "iteration": 6}