{"incumbents_value": 0.18444637688075127, "time_func_eval": 16.33579111099243, "optimization_overhead": 0.2809746265411377, "incumbent": [147.09066056698114, 0.004820542866028873, 0.0004946615537736862, 80.7046205106534, 0.870082796449409, 0.709995883744539, 0.42306182797444875, 13.921103584373695], "runtime": 772.0715477466583, "iteration": 39}