{"incumbents_value": 0.9781436478269323, "time_func_eval": 0.09078049659729004, "optimization_overhead": 0.00014813741048177084, "incumbent": [113.43816069182682, 0.0009925779285655356, 0.08611158195865869, 150.79446268920032, 0.4180437021117701, 0.1711857940111759, 0.5682649189778798, 11.806416263357145], "runtime": 0.09179902076721191, "iteration": 0}