{"incumbents_value": 0.5839311476883025, "time_func_eval": 0.10637140274047852, "optimization_overhead": 0.3116180896759033, "incumbent": [40.12640062844276, 0.01, 0.0001, 286.46626623802536, 0.9, 0.6933870660728836, 0.999, 14.420249034963668], "runtime": 69.85073733329773, "iteration": 94}