{"incumbents_value": 0.699664426730011, "time_func_eval": 0.08923959732055664, "optimization_overhead": 0.20281147956848145, "incumbent": [40.0563370960346, 0.01, 0.0001, 286.48477746342314, 0.9, 0.10362439685348548, 0.999, 14.40956334654763], "runtime": 24.756371021270752, "iteration": 43}