{"incumbents_value": 0.63842687300059, "time_func_eval": 0.38767242431640625, "optimization_overhead": 0.27313661575317383, "incumbent": [40.10767621923629, 1e-05, 0.0001, 286.5481157491801, 0.9, 0.4468443319719043, 0.999, 14.359157241649632], "runtime": 58.744956970214844, "iteration": 79}