{"incumbents_value": 0.5839311476883025, "time_func_eval": 0.23408198356628418, "optimization_overhead": 0.43508410453796387, "incumbent": [40.12640062844276, 0.01, 0.0001, 286.46626623802536, 0.9, 0.6933870660728836, 0.999, 14.420249034963668], "runtime": 69.42155122756958, "iteration": 93}