{"incumbents_value": 0.5128319393798574, "time_func_eval": 5.802643537521362, "optimization_overhead": 0.2752957344055176, "incumbent": [140.42729962127424, 1e-05, 0.0001, 263.2210956269963, 0.06877270940116553, 0.6755387948502306, 0.999, 5.147132954700978], "runtime": 8.132596969604492, "iteration": 5}