{"incumbents_value": 0.3120739848252956, "time_func_eval": 0.09797501564025879, "optimization_overhead": 0.22423577308654785, "incumbent": [139.9683421430088, 0.005628503491773748, 0.01163682679332731, 156.56172961784512, 0.8825848050430495, 0.8725672527743041, 0.7156408851955081, 14.205104799572569], "runtime": 69.73837566375732, "iteration": 73}