{"time_func_eval": 14.42283844947815, "runtime": 220.17813682556152, "incumbents_value": 0.08481840481190284, "iteration": 37, "incumbent": [107.18217175645698, 0.009079218557906495, 0.017140748325815504, 233.09330839329795, 0.43056215657077185, 0.834838580296565, 0.9377312299668448, 14.640541950183268], "optimization_overhead": 0.2195568084716797}