{"time_func_eval": 1.9346156120300293, "runtime": 39.675668716430664, "incumbents_value": 0.13582842957321728, "iteration": 8, "incumbent": [96.64064570863721, 0.01, 0.006208623253951863, 278.90875669034165, 0.15054792897396999, 0.9, 0.999, 12.498864451534999], "optimization_overhead": 0.16817712783813477}