{"time_func_eval": 1.1235296726226807, "runtime": 37.56612586975098, "incumbents_value": 0.13582842957321728, "iteration": 7, "incumbent": [96.64064570863721, 0.01, 0.006208623253951863, 278.90875669034165, 0.15054792897396999, 0.9, 0.999, 12.498864451534999], "optimization_overhead": 0.1784827709197998}