{"time_func_eval": 16.59717082977295, "runtime": 470.86995339393616, "incumbents_value": 0.07484785516655434, "iteration": 65, "incumbent": [145.92983727699, 0.009945471199620552, 0.005526170546819605, 295.1969384815451, 0.5652854196178424, 0.8653505546022225, 0.6729652327945156, 9.130112294714394], "optimization_overhead": 0.34183454513549805}