{"time_func_eval": 14.071022272109985, "runtime": 130.1714072227478, "incumbents_value": 0.11847832508239386, "iteration": 19, "incumbent": [143.19732555176134, 3.126622939925132e-05, 0.012158390348863337, 108.44714314866492, 0.025396545502148316, 0.7978993593469831, 0.5337309999776949, 7.566816361408209], "optimization_overhead": 0.1884598731994629}