{"runtime": 83.03682398796082, "optimization_overhead": 0.17743372917175293, "incumbent": [47.88880355224534, 0.004235808232779271, 0.003410313865542762, 188.52692240806323, 0.6425114288773178, 0.8726686306402665, 0.8814426323024835, 6.0166298463896535], "time_func_eval": 2.272078514099121, "incumbents_value": 0.5369822425449449, "iteration": 29}