{"runtime": 46.845773220062256, "optimization_overhead": 0.16790342330932617, "incumbent": [144.17308549588972, 1e-05, 0.0001, 159.74004856342822, 0.9, 0.2981943930544312, 0.999, 5.469300024173183], "time_func_eval": 1.4554212093353271, "incumbents_value": 0.6297427197579037, "iteration": 20}