{"incumbents_value": 0.7617989417989418, "time_func_eval": 0.01973724365234375, "optimization_overhead": 0.1882462501525879, "incumbent": [139.15943615207576, 0.008497276547928855, 0.012312822346015058, 286.84554581878274, 0.42408304089374704, 0.7088725579334751, 0.35775535343585363, 13.384544620767796], "runtime": 3.005830764770508, "iteration": 8}