{"incumbents_value": 0.677443399512365, "time_func_eval": 0.051702022552490234, "optimization_overhead": 0.21678781509399414, "incumbent": [93.2419464933854, 0.008487145078318515, 0.0005238691092595281, 158.17925621731143, 0.8812194588464212, 0.816167368239533, 0.9286334557696111, 14.453772323551489], "runtime": 17.294870376586914, "iteration": 46}