{"optimization_overhead": 0.24939966201782227, "runtime": 15.128199100494385, "incumbent": [76.4129575073914, 0.008603018093016912, 0.05537906901805293, 109.67314332487209, 0.267486884646994, 0.1129912960404501, 0.9573430611221466, 14.580742845772388], "incumbents_value": 0.3472222222222222, "time_func_eval": 0.029604196548461914, "iteration": 55}