{"optimization_overhead": 0.24892807006835938, "runtime": 3.985358238220215, "incumbent": [149.54427843279407, 0.009073705012834133, 0.09373920169584303, 107.10886986568329, 0.33748799521932743, 0.2163068787037705, 0.9779271548164127, 5.373258828474924], "incumbents_value": 0.4790764790764791, "time_func_eval": 0.006713151931762695, "iteration": 14}