{"optimization_overhead": 0.24306607246398926, "runtime": 2.9563021659851074, "incumbent": [146.5420033914829, 6.012974302563806e-05, 0.023447220973726028, 241.13381626323252, 0.01621104405960412, 0.8888921757918474, 0.7466798047107867, 14.195648746722187], "incumbents_value": 0.5431372549019609, "time_func_eval": 0.03045177459716797, "iteration": 10}