{"optimization_overhead": 0.2727038860321045, "runtime": 8.087652206420898, "incumbent": [49.99823081003761, 0.009976070284765718, 0.030063639462003626, 261.0048402962887, 0.18183626848134662, 0.09674030774050064, 0.80851114996113, 14.011373551087177], "incumbents_value": 0.38095238095238093, "time_func_eval": 0.01288604736328125, "iteration": 29}