{"optimization_overhead": 0.23976707458496094, "runtime": 23.69064712524414, "incumbent": [12.111811262025931, 0.009974184762133343, 0.013004418069358644, 94.0308893817525, 0.3298717480713336, 0.10760223313145699, 0.26349749465854944, 13.544439950072398], "incumbents_value": 0.261437908496732, "time_func_eval": 0.030981779098510742, "iteration": 86}