{"incumbents_value": 0.08379864553885663, "time_func_eval": 19.034292221069336, "optimization_overhead": 0.1742236614227295, "incumbent": [133.8210505918805, 0.007596178560352437, 0.0049189134912514055, 280.6064514851154, 0.012752436517276654, 0.24495775900888309, 0.2566279618836307, 8.761388975075004], "runtime": 32.203469038009644, "iteration": 11}