{"incumbents_value": 0.054751656939174276, "time_func_eval": 6.547434091567993, "optimization_overhead": 0.37091541290283203, "incumbent": [133.96861744214283, 0.003381996364125967, 0.0001, 280.6621367814669, 0.01, 0.5322547237090877, 0.5302333997995774, 8.813986992325015], "runtime": 589.5467088222504, "iteration": 93}