{"iteration": 77, "incumbents_value": 0.08635261409420103, "incumbent": [144.45292466749197, 0.008046999323961317, 0.003107264820545305, 51.694203278911424, 0.030784600287594492, 0.1798342014164748, 0.964060780526144, 12.000813708814693], "time_func_eval": 17.07565712928772, "runtime": 1257.498193025589, "optimization_overhead": 0.37282848358154297}