{"iteration": 52, "incumbents_value": 0.0899810213188793, "incumbent": [140.41516785457233, 0.00196444214353872, 0.006273968054947043, 61.65391137715802, 0.2746307722171309, 0.7091944235828691, 0.9111419186490701, 6.83271267321996], "time_func_eval": 17.82832407951355, "runtime": 866.0961775779724, "optimization_overhead": 0.23029637336730957}