{"incumbents_value": 0.6870834669445781, "time_func_eval": 0.16014337539672852, "optimization_overhead": 0.4586460590362549, "incumbent": [148.627025605569, 0.007065976458153306, 0.006760278252504699, 268.21542347433837, 0.5498909402389252, 0.8949371706328144, 0.809649202945664, 13.482463723242725], "runtime": 137.2907919883728, "iteration": 99}