{"incumbents_value": 0.3340449123025061, "time_func_eval": 2.035783529281616, "optimization_overhead": 0.2841620445251465, "incumbent": [146.1524617815677, 0.01, 0.0001, 294.4718230241628, 0.7495561951387101, 0.9, 0.8207161199519005, 14.139177357278632], "runtime": 416.2143876552582, "iteration": 79}