{"incumbents_value": 0.697131847976938, "time_func_eval": 11.760817766189575, "optimization_overhead": 0.16353750228881836, "incumbent": [127.632693948106, 0.009330344376352013, 0.005965207670256782, 97.1952947046251, 0.3449079386079564, 0.7713024568525356, 0.8432475228660786, 5.209388620430864], "runtime": 25.456971168518066, "iteration": 8}