{"incumbents_value": 0.3340449123025061, "time_func_eval": 0.6320807933807373, "optimization_overhead": 0.25902748107910156, "incumbent": [146.1524617815677, 0.01, 0.0001, 294.4718230241628, 0.7495561951387101, 0.9, 0.8207161199519005, 14.139177357278632], "runtime": 390.6556189060211, "iteration": 71}