{"incumbents_value": 0.3340449123025061, "time_func_eval": 0.07056856155395508, "optimization_overhead": 0.24000954627990723, "incumbent": [146.1524617815677, 0.01, 0.0001, 294.4718230241628, 0.7495561951387101, 0.9, 0.8207161199519005, 14.139177357278632], "runtime": 256.6854193210602, "iteration": 42}