{"incumbents_value": 0.3340449123025061, "time_func_eval": 13.735786199569702, "optimization_overhead": 0.18934392929077148, "incumbent": [146.1524617815677, 0.01, 0.0001, 294.4718230241628, 0.7495561951387101, 0.9, 0.8207161199519005, 14.139177357278632], "runtime": 287.9132127761841, "iteration": 45}