{"runtime": 13.093789339065552, "optimization_overhead": 0.2326040267944336, "incumbent": [134.38751906186923, 0.00015581686762599663, 0.06544372663782046, 170.3496867922726, 0.03638377611255943, 0.24573407613508078, 0.8261744209992782, 12.955963009452226], "time_func_eval": 0.16675400733947754, "incumbents_value": 0.034932883208745324, "iteration": 41}