{"runtime": 31.935824155807495, "optimization_overhead": 0.23373079299926758, "incumbent": [111.55908808951052, 0.00881307906052754, 0.012720992824120363, 146.45868989401453, 0.8134999533944351, 0.8984058311776018, 0.9792633365964113, 11.882218861135065], "time_func_eval": 0.019605159759521484, "incumbents_value": 0.0302708785467406, "iteration": 89}