{"incumbent": [96.74679613257788, 0.0003132135065538735, 0.028286175513458953, 278.9658459084187, 0.20500388326662117, 0.8644419028395228, 0.8266633730707613, 12.532395276744811], "iteration": 0, "time_func_eval": 0.10891842842102051, "optimization_overhead": 0.0009723504384358724, "incumbents_value": 0.45347222222222217, "runtime": 0.11215519905090332}