{"incumbent": [41.4255300689, 0.001151414198011142, 0.0054350513505549486, 263.4704868110774, 0.558528442755315, 0.889245998234018, 0.9872020860382195, 14.095252182867313], "iteration": 69, "time_func_eval": 0.05383110046386719, "optimization_overhead": 0.19201040267944336, "incumbents_value": 0.3929505135387489, "runtime": 19.62675380706787}