{"incumbent": [96.74679613257788, 0.0003132135065538735, 0.028286175513458953, 278.9658459084187, 0.20500388326662117, 0.8644419028395228, 0.8266633730707613, 12.532395276744811], "iteration": 9, "time_func_eval": 0.032453298568725586, "optimization_overhead": 0.1631183624267578, "incumbents_value": 0.45347222222222217, "runtime": 2.636967658996582}