{"incumbent": [41.4255300689, 0.001151414198011142, 0.0054350513505549486, 263.4704868110774, 0.558528442755315, 0.889245998234018, 0.9872020860382195, 14.095252182867313], "iteration": 70, "time_func_eval": 0.016689062118530273, "optimization_overhead": 0.20022225379943848, "incumbents_value": 0.3929505135387489, "runtime": 19.86605978012085}