{"incumbents_value": 0.03367003367003374, "time_func_eval": 0.06117868423461914, "optimization_overhead": 0.2672410011291504, "incumbent": [16.783539378544194, 0.0030922693332690225, 0.018287581204729276, 244.33246022434702, 0.20168446131544765, 0.8899354532075665, 0.9527415931222293, 9.5881715819833], "runtime": 11.611814260482788, "iteration": 44}