{"incumbents_value": 0.03367003367003374, "time_func_eval": 0.011193990707397461, "optimization_overhead": 0.1841733455657959, "incumbent": [16.783539378544194, 0.0030922693332690225, 0.018287581204729276, 244.33246022434702, 0.20168446131544765, 0.8899354532075665, 0.9527415931222293, 9.5881715819833], "runtime": 10.394816398620605, "iteration": 40}