{"incumbents_value": 0.0502828409805155, "time_func_eval": 0.13644886016845703, "optimization_overhead": 0.18519926071166992, "incumbent": [137.59262351973396, 0.00041967235062200176, 0.010498737537712667, 275.1650081473281, 0.8185352337704975, 0.8441398205610019, 0.989853133572682, 12.221141722438087], "runtime": 8.10069751739502, "iteration": 32}