{"incumbents_value": 0.01667708984782157, "time_func_eval": 0.07210779190063477, "optimization_overhead": 0.20047998428344727, "incumbent": [3.5445106219250926, 0.0005646634154484668, 0.00931216093181292, 186.7364765347419, 0.8936350006126477, 0.732632628701354, 0.4185005545688437, 11.933182608059472], "runtime": 18.618077039718628, "iteration": 66}