{"incumbents_value": 0.4465267366316842, "iteration": 24, "runtime": 6.995193004608154, "incumbent": [149.79174426237995, 0.007171848628641668, 0.005382816739955978, 106.20252921936671, 0.09984512763802221, 0.8673549127942002, 0.9978939765426368, 14.674003500752825], "optimization_overhead": 0.22617483139038086, "time_func_eval": 0.0894174575805664}