{"incumbents_value": 0.4973220769789397, "iteration": 19, "runtime": 5.294746160507202, "incumbent": [3.352698531132576, 0.009854922604500278, 0.009339380482922866, 196.88892076735732, 0.20821951286789545, 0.1632599930319541, 0.10015286011781685, 11.587048861908855], "optimization_overhead": 0.28393077850341797, "time_func_eval": 0.0175018310546875}