{"incumbents_value": 0.4973220769789397, "iteration": 12, "runtime": 3.326979637145996, "incumbent": [3.352698531132576, 0.009854922604500278, 0.009339380482922866, 196.88892076735732, 0.20821951286789545, 0.1632599930319541, 0.10015286011781685, 11.587048861908855], "optimization_overhead": 0.21097874641418457, "time_func_eval": 0.029712200164794922}