{"incumbents_value": 0.4465267366316842, "iteration": 42, "runtime": 14.299578428268433, "incumbent": [149.79174426237995, 0.007171848628641668, 0.005382816739955978, 106.20252921936671, 0.09984512763802221, 0.8673549127942002, 0.9978939765426368, 14.674003500752825], "optimization_overhead": 0.2978971004486084, "time_func_eval": 0.023006677627563477}