{"incumbents_value": 0.3948717948717949, "iteration": 69, "runtime": 26.003809213638306, "incumbent": [6.908799802549632, 0.009918576278560897, 0.002410412622860269, 258.9280677138365, 0.8475074148133349, 0.7549499435481608, 0.19709723795587256, 12.26288752952555], "optimization_overhead": 0.28533315658569336, "time_func_eval": 0.0072438716888427734}