{"runtime": 69.8898298740387, "optimization_overhead": 0.4069697856903076, "iteration": 30, "incumbent": [143.60612919589948, 0.00963891565968361, 0.0010024374991273364, 239.30445616231657, 0.2196596481734262, 0.3127972178861199, 0.16809715141178527, 12.835408979152552], "incumbents_value": 0.020678781218519737, "time_func_eval": 0.5650882720947266}