{"runtime": 197.21249747276306, "optimization_overhead": 0.4631845951080322, "iteration": 90, "incumbent": [143.5445745941419, 0.00620001338890239, 0.008071435077985266, 220.06664942491818, 0.5637605305446352, 0.69699795968461, 0.9385148159045648, 14.720420806694083], "incumbents_value": 0.017277006520999727, "time_func_eval": 1.6904053688049316}