{"runtime": 90.36284112930298, "optimization_overhead": 0.4484987258911133, "iteration": 39, "incumbent": [143.60612919589948, 0.00963891565968361, 0.0010024374991273364, 239.30445616231657, 0.2196596481734262, 0.3127972178861199, 0.16809715141178527, 12.835408979152552], "incumbents_value": 0.020678781218519737, "time_func_eval": 1.1696257591247559}