{"runtime": 281.9176194667816, "iteration": 24, "time_func_eval": 6.3763017654418945, "incumbent": [149.66110653098087, 0.005166823920379118, 0.018523591587946652, 277.2681796286845, 0.6392130690946213, 0.22393763081298856, 0.987016403757238, 13.789261418741129], "incumbents_value": 0.04698578879297377, "optimization_overhead": 0.38180065155029297}