{"runtime": 701.529988527298, "iteration": 74, "time_func_eval": 6.973861217498779, "incumbent": [136.49548301221017, 0.0005267993343848759, 0.035122653158687206, 92.29796622929932, 0.8124464124697688, 0.8767522742465743, 0.9515071522455959, 11.881602039535775], "incumbents_value": 0.045096865388875584, "optimization_overhead": 0.37352895736694336}