{"incumbent": [493.60669945275185, 282.3899609385549, 17539.27422864889, 456.0154438291834, 0.27072266923555993, 0.7059846533911041, 3471.54616877643, 20695.361690499743, 27814.48765614549, 829.3387659275809], "time_func_eval": 1.3589859008789062e-05, "iteration": 10, "optimization_overhead": 0.29679012298583984, "runtime": 3.0068657398223877, "incumbents_value": -883192.5180241446}