{"incumbent": [684.5387810668644, 331.762250153942, 19322.32168553779, 145.15272501500283, 0.1374439929286405, 0.8200309678690711, 4479.427525944497, 11566.632866414886, 35123.57258979012, 2253.216879180519], "time_func_eval": 1.71661376953125e-05, "iteration": 84, "optimization_overhead": 0.37441205978393555, "runtime": 34.407124757766724, "incumbents_value": -1564399.7068657095}