{"incumbents_value": 0.02914342177104423, "time_func_eval": 11.501830577850342, "optimization_overhead": 0.2051534652709961, "incumbent": [18.5798205934593, 0.001375763946517713, 0.004198107415788109, 158.98523923798805, 0.8298875850205134, 0.1284240121572155, 0.6923386065152991, 14.94821129892399], "runtime": 81.09673190116882, "iteration": 6}