{"incumbents_value": 0.020417678700383024, "time_func_eval": 29.8333740234375, "optimization_overhead": 0.4305586814880371, "incumbent": [91.65172395697203, 0.0029754712118463074, 0.0009927198394999045, 228.41058730026816, 0.11333407729240091, 0.8571898509681136, 0.735403494103006, 14.430755298698509], "runtime": 1387.5960578918457, "iteration": 84}