{"incumbent": [142.13442712978906, 0.004313749726915137, 0.09197964014539017, 273.91984711039237, 0.21951546737146116, 0.8574805297688697, 0.9444105984971888, 6.456058321651346], "iteration": 16, "time_func_eval": 0.06464004516601562, "optimization_overhead": 0.17067599296569824, "incumbents_value": 0.30516058016058023, "runtime": 3.9568638801574707}