{"incumbent": [142.13442712978906, 0.004313749726915137, 0.09197964014539017, 273.91984711039237, 0.21951546737146116, 0.8574805297688697, 0.9444105984971888, 6.456058321651346], "iteration": 46, "time_func_eval": 0.049402475357055664, "optimization_overhead": 0.20360112190246582, "incumbents_value": 0.30516058016058023, "runtime": 12.724920511245728}