{"incumbent": [142.13442712978906, 0.004313749726915137, 0.09197964014539017, 273.91984711039237, 0.21951546737146116, 0.8574805297688697, 0.9444105984971888, 6.456058321651346], "iteration": 56, "time_func_eval": 0.07950186729431152, "optimization_overhead": 0.21712422370910645, "incumbents_value": 0.30516058016058023, "runtime": 15.560325145721436}