{"incumbent": [142.13442712978906, 0.004313749726915137, 0.09197964014539017, 273.91984711039237, 0.21951546737146116, 0.8574805297688697, 0.9444105984971888, 6.456058321651346], "iteration": 50, "time_func_eval": 0.02919745445251465, "optimization_overhead": 0.19286084175109863, "incumbents_value": 0.30516058016058023, "runtime": 13.789822101593018}