{"runtime": 10736.409254789352, "optimization_overhead": 0.6238796710968018, "iteration": 99, "incumbent": [85.42886100906038, 0.009717199756244917, 0.0017874190891440744, 264.3170829833965, 0.049184518278574424, 0.6991146697524258, 0.5275585196333425, 6.583818047177803], "incumbents_value": 0.013317119766646734, "time_func_eval": 211.39105677604675}