{"runtime": 8737.738211154938, "optimization_overhead": 0.8430202007293701, "iteration": 85, "incumbent": [134.13569433500612, 0.006324697863055546, 0.0026868832114468467, 169.10231338840924, 0.6302362671886396, 0.5916716092259298, 0.43720439677534645, 5.781064773784518], "incumbents_value": 0.015305002253025335, "time_func_eval": 1.8702960014343262}