{"incumbents_value": 0.5451754385964913, "time_func_eval": 0.0260469913482666, "optimization_overhead": 0.25539684295654297, "incumbent": [65.69392314593655, 0.0018167249436009314, 0.003887466740588219, 293.6629260181976, 0.6929715709480126, 0.8768419260668515, 0.9242682067543352, 14.058872080438286], "runtime": 10.516093254089355, "iteration": 40}