{"x_opt": [0.3939195156204304, 2.3388045872087133, 0.46747241364021136, 176.48973682174952, 1.8242624187143344, 1519.8470535999998], "f_opt": -5.369952073207586, "incumbents": [[0.14964971507877933, 1.4941648585637877, 0.46751290199030704, 175.44043159639384, 1.6903250142956727, 6001.708908496785], [0.513134234030187, 2.8189877249189714, 0.49071473301497315, 177.6688964307084, 1.9240117864756852, 2933.269473634604], [0.513134234030187, 2.8189877249189714, 0.49071473301497315, 177.6688964307084, 1.9240117864756852, 2933.269473634604], [0.513134234030187, 2.8189877249189714, 0.49071473301497315, 177.6688964307084, 1.9240117864756852, 2933.269473634604], [0.5065063772106329, 2.7467083119354334, 0.47405487951404063, 177.16460789446663, 1.8957827205158448, 3567.8816178524335], [0.5065063772106329, 2.7467083119354334, 0.47405487951404063, 177.16460789446663, 1.8957827205158448, 3567.8816178524335], [0.4710994930599978, 2.6137806507838293, 0.47045413460679086, 176.90959973922463, 1.871028332426935, 2544.560806881948], [0.4351429074954604, 2.468587965663348, 0.4633482682691753, 176.55187792600395, 1.840799336407398, 1612.6651142059384], [0.4191918730605418, 2.403581221056651, 0.4599922915383521, 176.3871827051621, 1.8270912665765526, 1519.8470535999998], [0.3939195156204304, 2.3388045872087133, 0.46747241364021136, 176.48973682174952, 1.8242624187143344, 1519.8470535999998]], "incumbent_values": [-3.1734696367029613, -4.891824512556658, -4.891824512556658, -4.891824512556658, -4.941276351627039, -4.941276351627039, -5.163156953196794, -5.3094387403306875, -5.346893644020922, -5.369952073207586], "runtime": [0.0003790855407714844, 0.0010690689086914062, 0.001825094223022461, 0.7542510032653809, 1.5016639232635498, 2.257361888885498, 2.988055944442749, 3.7352499961853027, 4.557337999343872, 5.346734046936035], "overhead": [1.6609827677408855e-05, 1.6609827677408855e-05, 1.6609827677408855e-05, 0.75130295753479, 0.7460339069366455, 0.7545390129089355, 0.729423999786377, 0.7458009719848633, 0.8208889961242676, 0.7881591320037842], "X": [[0.14964971507877933, 1.4941648585637877, 0.46751290199030704, 175.44043159639384, 1.6903250142956727, 6001.708908496785], [0.513134234030187, 2.8189877249189714, 0.49071473301497315, 177.6688964307084, 1.9240117864756852, 2933.269473634604], [0.6868099130792978, 2.183742925286494, 0.07371563039785822, 166.515753047057, 1.4036307770361207, 4159.6805654970985], [0.5310967665805371, 2.9436544903255633, 0.5118411851748826, 178.3493311813942, 1.965058007697232, 2579.9072294368066], [0.5065063772106329, 2.7467083119354334, 0.47405487951404063, 177.16460789446663, 1.8957827205158448, 3567.8816178524335], [0.5208891476729872, 2.7890753395728867, 0.4715932369310932, 177.15603362536007, 1.9000462300537735, 4137.589989964063], [0.4710994930599978, 2.6137806507838293, 0.47045413460679086, 176.90959973922463, 1.871028332426935, 2544.560806881948], [0.4351429074954604, 2.468587965663348, 0.4633482682691753, 176.55187792600395, 1.840799336407398, 1612.6651142059384], [0.4191918730605418, 2.403581221056651, 0.4599922915383521, 176.3871827051621, 1.8270912665765526, 1519.8470535999998], [0.3939195156204304, 2.3388045872087133, 0.46747241364021136, 176.48973682174952, 1.8242624187143344, 1519.8470535999998]], "y": [-3.1734696367029613, -4.891824512556658, -2.9704501959472887, -4.746156851174779, -4.941276351627039, -4.830981775637396, -5.163156953196794, -5.3094387403306875, -5.346893644020922, -5.369952073207586], "mean": [2.216531826912523, 0.9982395184240906, 0.9985973693545518, 0.9988095080878223, 1.9648313460765747, 2.156867368155617, 2.0036569054578504, 0.9980092954400601, 1.0040022917077254, 0.9987922068133752, 0.99787059862122], "variance": [0.3005111457275689, 0.00021116014883570955, 0.00043080526259497987, 0.00020475008635778558, 0.02123916168119222, 0.9637299233197005, 0.007831737245281634, 0.0003828199320379255, 0.0014184853483072413, 0.00041189982210254605, 0.0004014012367219433], "real": [2, 1, 1, 1, 2, 3, 2, 1, 1, 1, 1]}