{"optimization_overhead": 0.8208889961242676, "runtime": 4.557337999343872, "incumbent": [0.4191918730605418, 2.403581221056651, 0.4599922915383521, 176.3871827051621, 1.8270912665765526, 1519.8470535999998], "incumbents_value": -5.346893644020922, "time_func_eval": 1.71661376953125e-05, "iteration": 8}