{"incumbent": [7.093496086536995, 0.009774832576740023, 0.010858495203511665, 167.82157026872036, 0.7863232861615213, 0.10033843385735443, 0.9241665748396747, 5.470232414705371], "iteration": 54, "time_func_eval": 59.59129881858826, "optimization_overhead": 0.1901683807373047, "incumbents_value": 0.9999979991996799, "runtime": 2428.564644575119}