{"incumbent": [2.2535995743448587, 0.002118329332564598, 0.004505774976800736, 53.33982448794578, 0.45604131545542803, 0.8277506911916359, 0.8551617536195675, 7.009340644103562], "iteration": 92, "time_func_eval": 250.8685245513916, "optimization_overhead": 0.19616007804870605, "incumbents_value": 0.9999854642711785, "runtime": 4641.66335105896}