{"incumbent": [7.093496086536995, 0.009774832576740023, 0.010858495203511665, 167.82157026872036, 0.7863232861615213, 0.10033843385735443, 0.9241665748396747, 5.470232414705371], "iteration": 46, "time_func_eval": 27.999367475509644, "optimization_overhead": 0.19219517707824707, "incumbents_value": 0.9999979991996799, "runtime": 2190.034678697586}