{"incumbents_value": 0.1777777777777777, "time_func_eval": 0.013651609420776367, "optimization_overhead": 0.18415284156799316, "incumbent": [129.58239060287875, 0.0032778727550337398, 0.0018369728287916623, 290.1235499753353, 0.3328769642695636, 0.8197103909210496, 0.6475397368474387, 6.1588797742106625], "runtime": 5.671881437301636, "iteration": 20}