{"incumbents_value": 0.3373015873015873, "iteration": 73, "runtime": 27.478331089019775, "incumbent": [12.758815686235195, 0.0006255665629286941, 0.0035738696943220355, 276.3574541781751, 0.3493669923916549, 0.893952471349086, 0.7654753185420613, 8.429406392003163], "optimization_overhead": 0.5735929012298584, "time_func_eval": 0.06335210800170898}