{"incumbents_value": 0.4764957264957266, "iteration": 6, "runtime": 1.4169285297393799, "incumbent": [96.74679613257788, 0.0003132135065538735, 0.028286175513458953, 278.9658459084187, 0.20500388326662117, 0.8644419028395228, 0.8266633730707613, 12.532395276744811], "optimization_overhead": 0.23762869834899902, "time_func_eval": 0.04438662528991699}