{"incumbents_value": 0.44612858405961864, "iteration": 10, "runtime": 2.517428159713745, "incumbent": [110.50572567304974, 0.004680655524369525, 0.015930712992603416, 291.48281950839186, 0.8118298428727123, 0.8912873014336598, 0.32843917775499426, 14.432139488070076], "optimization_overhead": 0.21094489097595215, "time_func_eval": 0.01535487174987793}