{"incumbents_value": 0.23162987605190066, "iteration": 43, "runtime": 26.755942821502686, "incumbent": [19.191063140144866, 0.006771550792313633, 0.007467234585086765, 66.8989684930473, 0.14917633611694767, 0.7900630467462425, 0.6033075803612635, 12.787047057134407], "optimization_overhead": 0.2666189670562744, "time_func_eval": 0.03833293914794922}