{"optimization_overhead": 0.23133301734924316, "runtime": 142.45742273330688, "incumbent": [58.552256066927654, 0.004620515108072449, 0.019618177950953063, 273.54196174907315, 0.7368862485179865, 0.8498638210144583, 0.971094172543959, 14.674104774423679], "incumbents_value": 0.059280439448506694, "time_func_eval": 6.835251808166504, "iteration": 87}