{"optimization_overhead": 0.2091350555419922, "runtime": 151.90745091438293, "incumbent": [58.552256066927654, 0.004620515108072449, 0.019618177950953063, 273.54196174907315, 0.7368862485179865, 0.8498638210144583, 0.971094172543959, 14.674104774423679], "incumbents_value": 0.059280439448506694, "time_func_eval": 0.8101909160614014, "iteration": 95}