{"optimization_overhead": 0.21478509902954102, "runtime": 93.25735282897949, "incumbent": [122.94655954883233, 0.0024731422739076784, 0.0024045358926807208, 224.67775502561602, 0.4043495165856022, 0.8691997185809153, 0.9793780633084365, 10.59562888942448], "incumbents_value": 0.07573231631192723, "time_func_eval": 1.7167119979858398, "iteration": 54}