{"optimization_overhead": 0.0016100406646728516, "runtime": 4.912811994552612, "incumbent": [75.0967258831215, 0.005084025156473648, 0.009658469557990955, 191.72376591981188, 0.4641619781237092, 0.567252652407908, 0.43512835107441344, 11.746268778156342], "incumbents_value": 0.09719342282367482, "time_func_eval": 1.5296671390533447, "iteration": 2}