{"optimization_overhead": 0.21074891090393066, "runtime": 105.49093890190125, "incumbent": [58.552256066927654, 0.004620515108072449, 0.019618177950953063, 273.54196174907315, 0.7368862485179865, 0.8498638210144583, 0.971094172543959, 14.674104774423679], "incumbents_value": 0.059280439448506694, "time_func_eval": 0.4057590961456299, "iteration": 64}