{"optimization_overhead": 0.21165204048156738, "runtime": 132.94352889060974, "incumbent": [58.552256066927654, 0.004620515108072449, 0.019618177950953063, 273.54196174907315, 0.7368862485179865, 0.8498638210144583, 0.971094172543959, 14.674104774423679], "incumbents_value": 0.059280439448506694, "time_func_eval": 2.388335943222046, "iteration": 84}