{"time_func_eval": 1.5722050666809082, "runtime": 27.921515464782715, "incumbents_value": 0.5571785203139272, "iteration": 46, "incumbent": [4.07259434833507, 0.009292584229784455, 0.004827330672561996, 254.6599558035795, 0.8019586279499998, 0.30867236674389026, 0.8344878456543865, 12.886465967516234], "optimization_overhead": 0.31128835678100586}