{"incumbents_value": 0.0, "time_func_eval": 0.12548375129699707, "optimization_overhead": 0.2586233615875244, "incumbent": [23.453823183619207, 0.006339440510031921, 0.015636590782944177, 213.79403417710074, 0.2682769251411394, 0.41527209779154706, 0.16591289580986307, 6.608448585207637], "runtime": 25.256157875061035, "iteration": 88}