{"incumbent": [149.44848104633908, 0.00658568243624099, 0.01240188626227676, 282.7125561553605, 0.8567724438329922, 0.8596518260737799, 0.5421058150910935, 11.333745873150963], "iteration": 77, "time_func_eval": 0.1811370849609375, "optimization_overhead": 0.19997882843017578, "incumbents_value": 0.15989736913649955, "runtime": 55.24647784233093}