{"incumbents_value": 0.06284767651998646, "time_func_eval": 24.935847759246826, "optimization_overhead": 0.16911530494689941, "incumbent": [149.5291498144347, 1e-05, 0.0001, 114.65600194103867, 0.9, 0.9, 0.6348597456063388, 11.772123525630182], "runtime": 127.11388063430786, "iteration": 8}