{"runtime": 52.20392560958862, "optimization_overhead": 0.19613218307495117, "incumbent": [139.33070267597506, 0.01, 0.0001, 292.32256114453014, 0.01, 0.9, 0.999, 8.202653243472056], "time_func_eval": 0.29100823402404785, "incumbents_value": 0.6412747535720236, "iteration": 86}