{"runtime": 43.78462290763855, "optimization_overhead": 0.2140047550201416, "incumbent": [139.33070267597506, 0.01, 0.0001, 292.32256114453014, 0.01, 0.9, 0.999, 8.202653243472056], "time_func_eval": 2.415177822113037, "incumbents_value": 0.6412747535720236, "iteration": 70}