{"runtime": 13.655177116394043, "optimization_overhead": 0.21765422821044922, "incumbent": [139.33302271940696, 0.005288603129737101, 0.006306721500619941, 292.3961337006417, 0.2647132043972865, 0.7450837423774082, 0.7938738321829031, 8.254077080114593], "time_func_eval": 0.31688928604125977, "incumbents_value": 0.6580575605615908, "iteration": 26}