{"runtime": 49.068113565444946, "optimization_overhead": 0.2439892292022705, "incumbent": [139.33070267597506, 0.01, 0.0001, 292.32256114453014, 0.01, 0.9, 0.999, 8.202653243472056], "time_func_eval": 0.10491085052490234, "incumbents_value": 0.6412747535720236, "iteration": 79}