{"runtime": 4.731868028640747, "optimization_overhead": 0.24380254745483398, "incumbent": [86.77776525880829, 0.0001770451485614706, 0.0010879189467065996, 83.27748456859715, 0.36771859061981715, 0.8832830936835183, 0.12287703719168844, 11.050420690594217], "time_func_eval": 0.11494278907775879, "incumbents_value": 0.7057038280225718, "iteration": 8}