{"incumbents_value": 0.07235561658561307, "time_func_eval": 0.2722458839416504, "optimization_overhead": 0.26326918601989746, "incumbent": [135.15558387178504, 0.0003219630089478688, 0.020452448944474472, 264.91342714540144, 0.7196869436244084, 0.7518539624045312, 0.985983311481386, 7.362266817619398], "runtime": 111.79115843772888, "iteration": 26}