{"incumbents_value": 0.07273748866367191, "time_func_eval": 8.392677307128906, "optimization_overhead": 0.17774653434753418, "incumbent": [137.88828255443218, 0.009405661813425628, 0.009629593508230469, 88.53811280021114, 0.8270710897425098, 0.26529808457964327, 0.9300177163859454, 5.4491985476846665], "runtime": 50.670207500457764, "iteration": 16}