{"runtime": 26.118139028549194, "iteration": 62, "time_func_eval": 0.04824042320251465, "incumbent": [127.99735273811703, 0.009756858786564983, 0.0017829957779013624, 201.90214692426198, 0.8550961378000087, 0.6230578883903672, 0.8589788855066043, 14.615261460570396], "incumbents_value": 0.16239316239316237, "optimization_overhead": 0.3981478214263916}