{"incumbents_value": 0.3228878579173634, "time_func_eval": 2.5231053829193115, "optimization_overhead": 0.20508646965026855, "incumbent": [89.6808414259993, 0.003928953289697519, 0.0006845514773705723, 173.3906019833007, 0.1018284828255093, 0.6073820555747194, 0.3909113574149997, 7.712631848722416], "runtime": 3.8926782608032227, "iteration": 3}