{"incumbents_value": 0.1533822325822326, "time_func_eval": 6.265312433242798, "optimization_overhead": 0.21198034286499023, "incumbent": [149.59068787677577, 0.000688076537361795, 0.005510283206406516, 194.68195887333624, 0.07284303025742736, 0.11637517372730605, 0.8704398570821955, 13.940760901721381], "runtime": 71.51749587059021, "iteration": 15}