{"runtime": 22.852891206741333, "optimization_overhead": 0.1909010410308838, "incumbent": [145.6177528818703, 0.009869268472988236, 0.00029366729941591524, 298.2173290771111, 0.32823740697107445, 0.747215056319067, 0.6952775103767262, 11.333851638257315], "time_func_eval": 0.906517744064331, "incumbents_value": 0.9818181818181818, "iteration": 40}