{"runtime": 38.28846096992493, "optimization_overhead": 0.24738025665283203, "incumbent": [145.6177528818703, 0.009869268472988236, 0.00029366729941591524, 298.2173290771111, 0.32823740697107445, 0.747215056319067, 0.6952775103767262, 11.333851638257315], "time_func_eval": 0.07249784469604492, "incumbents_value": 0.9818181818181818, "iteration": 65}