{"runtime": 8.372458934783936, "optimization_overhead": 0.20191454887390137, "incumbent": [75.0967258831215, 0.005084025156473648, 0.009658469557990955, 191.72376591981188, 0.4641619781237092, 0.567252652407908, 0.43512835107441344, 11.746268778156342], "time_func_eval": 0.27312779426574707, "incumbents_value": 0.9841269841269842, "iteration": 15}