{"time_func_eval": 0.2807765007019043, "runtime": 5.668628454208374, "incumbents_value": 0.3923963133640552, "iteration": 17, "incumbent": [143.6893871948984, 0.0071893169106806935, 0.0010543630635006592, 50.966957995215125, 0.853954127825066, 0.1121802367993453, 0.8677892122448174, 14.697905923070657], "optimization_overhead": 0.19863629341125488}