{"time_func_eval": 0.15640044212341309, "runtime": 4.518758535385132, "incumbents_value": 0.40341176470588236, "iteration": 14, "incumbent": [24.064876153073865, 0.008994220575574828, 0.0018913980264247004, 248.7819475190664, 0.2937984996557091, 0.15133575112992242, 0.19117252941795101, 7.13850082536063], "optimization_overhead": 0.1683206558227539}