{"time_func_eval": 0.23016571998596191, "runtime": 22.805317878723145, "incumbents_value": 0.3887335453152544, "iteration": 55, "incumbent": [147.35583937881879, 0.000222870706405506, 0.07925348329011554, 227.38232823056754, 0.887775745969782, 0.861697857539935, 0.9235982291725708, 13.134153134322], "optimization_overhead": 0.25060153007507324}