{"incumbents_value": 0.5880190933324828, "time_func_eval": 0.09109282493591309, "optimization_overhead": 0.39517831802368164, "incumbent": [146.6500747005582, 0.0011547875972721666, 0.00655573665135776, 155.29544069958396, 0.5377809133139209, 0.11591699514270086, 0.9660450282100341, 12.38545297717547], "runtime": 173.32548904418945, "iteration": 48}