{"runtime": 6.82145881652832, "optimization_overhead": 0.16797137260437012, "incumbent": [14.041085283343014, 0.0019122405429280688, 0.027493939414846118, 256.6909652148106, 0.1015083426263767, 0.8642803005942716, 0.9987957038793006, 12.774064906368912], "time_func_eval": 0.012491464614868164, "incumbents_value": 0.39795193312434696, "iteration": 30}