{"runtime": 16.944629192352295, "optimization_overhead": 0.20923185348510742, "incumbent": [19.733210025881316, 0.0023575537027355547, 0.017030814152632176, 268.7417616123876, 0.5695223551860341, 0.86560905223207, 0.9345320335590266, 6.733043164553596], "time_func_eval": 0.036586761474609375, "incumbents_value": 0.3580246913580247, "iteration": 66}