{"incumbent": [89.35913306901932, 0.000879194039942381, 0.001756849239356917, 298.1274697186648, 0.8577263361206158, 0.803140979068756, 0.994450165598731, 6.567390235936282], "iteration": 86, "time_func_eval": 7.732170104980469, "optimization_overhead": 0.26850032806396484, "incumbents_value": 0.013727358914581433, "runtime": 1190.2652773857117}