{"incumbent": [117.30927732987824, 0.003923339049506258, 0.0019900188613888262, 269.7294506376069, 0.6840752622903965, 0.10089454847942377, 0.17192105411505978, 6.094553270926094], "iteration": 27, "time_func_eval": 24.1218159198761, "optimization_overhead": 0.17347192764282227, "incumbents_value": 0.024944212165575075, "runtime": 287.80153155326843}