{"incumbent": [117.30927732987824, 0.003923339049506258, 0.0019900188613888262, 269.7294506376069, 0.6840752622903965, 0.10089454847942377, 0.17192105411505978, 6.094553270926094], "iteration": 32, "time_func_eval": 27.322096586227417, "optimization_overhead": 0.2475438117980957, "incumbents_value": 0.024944212165575075, "runtime": 407.8650460243225}