{"incumbent": [148.34320576351658, 0.00963500494932692, 0.005668893156511092, 284.09040311521665, 0.22052375710784186, 0.2597529910913937, 0.4023171089262915, 7.089777065320055], "iteration": 19, "time_func_eval": 7.431056261062622, "optimization_overhead": 0.1966848373413086, "incumbents_value": 0.03385372130035991, "runtime": 187.4626007080078}