{"incumbent": [140.93792888942073, 0.007362604246602085, 0.006805207510678352, 67.67331830161031, 0.3349404020350252, 0.8838240873027126, 0.9393345790273837, 11.194019091057957], "iteration": 64, "time_func_eval": 0.06302547454833984, "optimization_overhead": 0.19200468063354492, "incumbents_value": 0.4263751556434483, "runtime": 14.72855520248413}