{"incumbent": [25.88820473032279, 0.000816865326212927, 0.06474276276229726, 54.84848893041895, 0.04576676528367038, 0.8571896643757598, 0.9176877819896297, 10.699458668113468], "iteration": 23, "time_func_eval": 0.022907018661499023, "optimization_overhead": 0.16458606719970703, "incumbents_value": 0.5125216888374784, "runtime": 4.702516555786133}