{"incumbents_value": 0.1398473075469232, "time_func_eval": 0.68459153175354, "optimization_overhead": 9.695688883463542e-05, "incumbent": [58.32404161165929, 0.002088098903786924, 0.028845849051322998, 98.34446050361419, 0.04708206933483684, 0.3719760825319146, 0.40656121214224616, 9.617935376104754], "runtime": 1.0754315853118896, "iteration": 1}