{"incumbents_value": 0.08058005438908611, "time_func_eval": 0.702704906463623, "optimization_overhead": 0.2706458568572998, "incumbent": [143.38004824717572, 0.009056382097199514, 0.0030703108274665225, 265.77398753158866, 0.7238982378939179, 0.6695361553710192, 0.9585089926418721, 12.888434824671293], "runtime": 108.90469479560852, "iteration": 63}