{"incumbents_value": 0.9610536522301228, "time_func_eval": 0.7994565963745117, "optimization_overhead": 0.2021627426147461, "incumbent": [110.06814926792721, 0.004791700299904571, 0.012943532172304054, 203.95518374283375, 0.6355593939169989, 0.722154801400022, 0.9752746077420784, 5.622342389397662], "runtime": 4.082406282424927, "iteration": 5}