{"iteration": 94, "incumbents_value": 0.10895145985989307, "incumbent": [142.73285383219394, 0.009754123720158707, 0.027158483258883793, 202.7488491118826, 0.8815035186927107, 0.8234380772400057, 0.8017610686537545, 5.9768317689400305], "time_func_eval": 0.2895009517669678, "runtime": 609.575492143631, "optimization_overhead": 0.3307931423187256}