{"incumbents_value": 0.08711480202708266, "time_func_eval": 2.4411470890045166, "optimization_overhead": 0.20153331756591797, "incumbent": [82.8843801482144, 0.007931789673064286, 0.05946511281293525, 196.21944193941127, 0.546990260891249, 0.6915267665636468, 0.8810950372500392, 7.390000986528957], "runtime": 7.241034030914307, "iteration": 5}