{"incumbents_value": 0.018305178650348863, "time_func_eval": 0.11227846145629883, "optimization_overhead": 0.2718088626861572, "incumbent": [149.22856630806618, 0.003920901487671654, 0.004824786625414001, 123.28516781837432, 0.015201064940757836, 0.3441239067692957, 0.14192831502648443, 12.069715822668163], "runtime": 140.22501301765442, "iteration": 55}