{"incumbents_value": 0.7439391748602275, "time_func_eval": 0.029981374740600586, "optimization_overhead": 0.2491922378540039, "incumbent": [100.63084024904568, 0.008723969378867614, 0.008452547803585921, 133.95634400466963, 0.89599868954199, 0.8418010672492804, 0.7957483617971511, 6.683122425295752], "runtime": 11.979844570159912, "iteration": 30}