{"incumbents_value": 0.9714285714285714, "time_func_eval": 4.175465106964111, "optimization_overhead": 0.23129630088806152, "incumbent": [147.316048787113, 0.001348098084879236, 0.00555013209372817, 143.89097598189085, 0.6582538610491774, 0.8298903985186193, 0.9470250442021371, 6.162500951127312], "runtime": 141.48483729362488, "iteration": 96}