{"incumbents_value": 0.9714285714285714, "time_func_eval": 1.3744564056396484, "optimization_overhead": 0.3975358009338379, "incumbent": [147.316048787113, 0.001348098084879236, 0.00555013209372817, 143.89097598189085, 0.6582538610491774, 0.8298903985186193, 0.9470250442021371, 6.162500951127312], "runtime": 101.13683366775513, "iteration": 64}