{"incumbents_value": 0.3523286996380124, "time_func_eval": 2.8226206302642822, "optimization_overhead": 0.29267263412475586, "incumbent": [149.39067409517762, 0.00921932637142279, 0.00491825911326104, 275.2335113377022, 0.5795308580106331, 0.8100863513970736, 0.5251199752576234, 12.804031331518875], "runtime": 447.71761989593506, "iteration": 54}