{"incumbents_value": 0.3882408512948079, "time_func_eval": 0.55265212059021, "optimization_overhead": 0.22815561294555664, "incumbent": [142.9311512246262, 0.0020974759759001035, 0.002636677998921508, 289.84387123924324, 0.1108339642174012, 0.2741459877784619, 0.8393791089554824, 9.175119269252844], "runtime": 127.6160397529602, "iteration": 9}