{"incumbents_value": 0.3523286996380124, "time_func_eval": 0.4913454055786133, "optimization_overhead": 0.21491551399230957, "incumbent": [149.39067409517762, 0.00921932637142279, 0.00491825911326104, 275.2335113377022, 0.5795308580106331, 0.8100863513970736, 0.5251199752576234, 12.804031331518875], "runtime": 480.15095925331116, "iteration": 61}