{"incumbents_value": 0.3568767456005395, "time_func_eval": 1.2530543804168701, "optimization_overhead": 0.20664691925048828, "incumbent": [139.9755467141643, 0.00875903247548317, 0.0011163168077492553, 200.7900846274169, 0.8679355921089342, 0.7868948724858589, 0.41039817267846357, 14.490172524870633], "runtime": 258.50459456443787, "iteration": 24}