{"incumbents_value": 0.1178835374946604, "time_func_eval": 0.31945371627807617, "optimization_overhead": 0.2706737518310547, "incumbent": [145.1537026365215, 0.0003831821340347718, 0.04944901846103316, 108.63322106647851, 0.8481071563635556, 0.23760932933087206, 0.6234827775476708, 5.459349259052118], "runtime": 462.43095111846924, "iteration": 86}