{"incumbents_value": 0.1197506732793574, "time_func_eval": 7.835949182510376, "optimization_overhead": 0.22370052337646484, "incumbent": [132.33549985030666, 0.0072999418513458635, 0.012918000221447524, 108.87869841961407, 0.8354671261896595, 0.13981640251551208, 0.8968695949181971, 14.80794165312279], "runtime": 98.12511587142944, "iteration": 17}