{"incumbent": [114.01855445324253, 0.009031222181541863, 0.004192914245901553, 108.1756848960097, 0.1412221714972429, 0.8789342123173587, 0.9458095672354377, 13.208114713960219], "iteration": 67, "time_func_eval": 0.7808511257171631, "optimization_overhead": 0.207061767578125, "incumbents_value": 0.5512233686153818, "runtime": 92.78161334991455}