{"incumbents_value": 0.5041156558021497, "time_func_eval": 1.352858066558838, "optimization_overhead": 0.24477648735046387, "incumbent": [134.07565416223912, 0.003758662926464811, 0.0022266398857320614, 289.8953935165257, 0.8582231371675142, 0.8822245430437308, 0.6873700738598043, 14.474272017038972], "runtime": 378.35748982429504, "iteration": 74}