{"incumbent": [83.44696787302807, 0.0057032139357012625, 0.0014332272888177126, 296.1728892671315, 0.05640459610698361, 0.8733446172432945, 0.890495129793565, 13.836173857631685], "iteration": 68, "time_func_eval": 0.018804311752319336, "optimization_overhead": 0.19402527809143066, "incumbents_value": 0.1860439068100357, "runtime": 16.7338764667511}