{"incumbent": [83.44696787302807, 0.0057032139357012625, 0.0014332272888177126, 296.1728892671315, 0.05640459610698361, 0.8733446172432945, 0.890495129793565, 13.836173857631685], "iteration": 90, "time_func_eval": 0.03711223602294922, "optimization_overhead": 0.19426250457763672, "incumbents_value": 0.1860439068100357, "runtime": 22.2524094581604}