{"incumbents_value": 0.8199128933074717, "time_func_eval": 0.16855597496032715, "optimization_overhead": 0.20465373992919922, "incumbent": [96.57603575544651, 0.0063715865980067, 0.008957286380755488, 138.00079416498104, 0.25802764019251007, 0.26578460282810684, 0.9201386382493577, 5.666648020593457], "runtime": 9.484009981155396, "iteration": 8}