{"incumbents_value": 0.6708624708624709, "time_func_eval": 0.007528543472290039, "optimization_overhead": 0.23657870292663574, "incumbent": [40.015885680687404, 0.00386764585639805, 0.005167082176569735, 286.03150791610267, 0.8229375615938318, 0.10439449573167218, 0.7646992594599993, 5.475849836516541], "runtime": 11.515274047851562, "iteration": 44}