{"incumbents_value": 0.7316974789915967, "time_func_eval": 0.006932735443115234, "optimization_overhead": 0.17626690864562988, "incumbent": [21.050333101999225, 0.002411384650106514, 0.008454330900913277, 249.99029213544296, 0.8818450755156511, 0.8689427092577842, 0.9383614900029976, 10.607489356105368], "runtime": 2.3509888648986816, "iteration": 11}