{"incumbents_value": 0.17804174934905925, "time_func_eval": 1.1432380676269531, "optimization_overhead": 0.19813132286071777, "incumbent": [126.07435553024739, 7.212395045401341e-05, 0.021604261210921207, 233.13629096214558, 0.8914972826606434, 0.12378466004624733, 0.950304149653461, 11.07114583270516], "runtime": 121.22638463973999, "iteration": 21}