{"incumbents_value": 0.16918353877726044, "time_func_eval": 15.276174783706665, "optimization_overhead": 0.31844162940979004, "incumbent": [122.78060406796436, 0.0049464707832891, 0.0986231561410593, 60.2161759187557, 0.6893837580057555, 0.8175621759756911, 0.9539883388435956, 12.579280543930892], "runtime": 236.36612343788147, "iteration": 40}