{"runtime": 309.89296436309814, "iteration": 47, "time_func_eval": 15.910583734512329, "incumbent": [145.15086444736343, 0.005544589166055326, 0.0008916779998082938, 66.21597245217055, 0.5382621769055621, 0.6448003377262017, 0.9982571849532623, 10.845907550503838], "incumbents_value": 0.033169004734022955, "optimization_overhead": 0.42316436767578125}