{"runtime": 592.8300745487213, "iteration": 89, "time_func_eval": 1.5325298309326172, "incumbent": [136.5420004226437, 0.0019345125829087564, 0.00891755837835903, 295.19607260001027, 0.19208078871639783, 0.6287187413694857, 0.9595882530918551, 14.989835460010063], "incumbents_value": 0.03074636620229876, "optimization_overhead": 0.49714159965515137}