{"runtime": 608.5573353767395, "iteration": 92, "time_func_eval": 3.0444252490997314, "incumbent": [136.5420004226437, 0.0019345125829087564, 0.00891755837835903, 295.19607260001027, 0.19208078871639783, 0.6287187413694857, 0.9595882530918551, 14.989835460010063], "incumbents_value": 0.03074636620229876, "optimization_overhead": 0.4030425548553467}