{"incumbents_value": 0.2305489519642443, "time_func_eval": 0.46422839164733887, "optimization_overhead": 0.16600823402404785, "incumbent": [15.58450174550474, 0.007708210489230918, 0.09902183789494218, 90.47355574161628, 0.7019702361911387, 0.1479711936462056, 0.1823096862927737, 9.788906179826196], "runtime": 18.818204879760742, "iteration": 30}