{"incumbents_value": 0.6288888888888888, "time_func_eval": 0.006304740905761719, "optimization_overhead": 0.1500699520111084, "incumbent": [41.80326704356359, 0.009857755992972603, 0.06564245373266919, 219.69851101558615, 0.7153185334157867, 0.3480031299123658, 0.8904597527085358, 10.703788364450649], "runtime": 0.8947179317474365, "iteration": 5}