{"incumbents_value": 0.5815541031227307, "time_func_eval": 0.018500804901123047, "optimization_overhead": 0.16785454750061035, "incumbent": [19.88842284501417, 0.00019481319806557228, 0.059246237704970096, 282.07072200636003, 0.012465816038620268, 0.12289091941118416, 0.27766194888678153, 14.065205305637049], "runtime": 2.6161859035491943, "iteration": 12}