{"incumbents_value": 0.4737602708617201, "time_func_eval": 0.011838912963867188, "optimization_overhead": 0.20884203910827637, "incumbent": [140.04801132306548, 0.003696126057439101, 0.0795149235889775, 92.78411563533277, 0.03388842939622519, 0.7490187423664327, 0.9451726641942892, 14.087465044092703], "runtime": 16.659427881240845, "iteration": 63}