{"incumbent": [146.83694318581482, 1e-05, 0.0001, 254.7667152261398, 0.7664258734604025, 0.9, 0.976244215002899, 8.469110677747782], "iteration": 46, "time_func_eval": 0.01781630516052246, "optimization_overhead": 0.2062075138092041, "incumbents_value": 0.31651398183656254, "runtime": 20.152201890945435}