{"incumbent": [146.83694318581482, 1e-05, 0.0001, 254.7667152261398, 0.7664258734604025, 0.9, 0.976244215002899, 8.469110677747782], "iteration": 78, "time_func_eval": 0.2194664478302002, "optimization_overhead": 0.24753570556640625, "incumbents_value": 0.31651398183656254, "runtime": 36.35194802284241}