{"time_func_eval": 0.04863262176513672, "incumbents_value": 0.14102564102564108, "runtime": 46.67230749130249, "iteration": 76, "incumbent": [80.86087468665237, 0.0017633156608187377, 0.07008934847487899, 67.4451431516134, 0.8853959577115548, 0.227897376272834, 0.36745999054748035, 14.885583613835422], "optimization_overhead": 0.3003427982330322}