{"time_func_eval": 0.018919706344604492, "incumbents_value": 0.26088516746411483, "runtime": 6.395539999008179, "iteration": 13, "incumbent": [134.68013119793795, 0.0007486063115278782, 0.08524543599943822, 289.8503904153242, 0.7139849680881415, 0.2018801369740676, 0.940566553762482, 5.147288687168147], "optimization_overhead": 0.1936783790588379}