{"runtime": 11.971319675445557, "iteration": 2, "time_func_eval": 5.360697031021118, "incumbent": [101.13311751807882, 0.003938679704170033, 0.0053586194826593875, 78.44413534143148, 0.8226073531634049, 0.8531271774435338, 0.9156047536288767, 5.713042164063623], "incumbents_value": 0.06333947183388311, "optimization_overhead": 0.009320576985677084}