{"runtime": 699.2465217113495, "iteration": 77, "time_func_eval": 9.918311834335327, "incumbent": [118.15757981707922, 0.004405248202689569, 0.00020905120259585679, 278.99105217180494, 0.3087405601791818, 0.7266240735209814, 0.7064289053647276, 5.318842124505025], "incumbents_value": 0.05143867099686261, "optimization_overhead": 0.374194860458374}