{"incumbents_value": 0.9619696525333781, "time_func_eval": 0.7324812412261963, "optimization_overhead": 0.5501654148101807, "incumbent": [132.5509885961631, 0.009912434041467985, 0.014278281102265172, 146.83649152766412, 0.04070371435644037, 0.8583143048745894, 0.8795487820179687, 10.183976603696863], "runtime": 116.4352638721466, "iteration": 93}