{"runtime": 39.569743394851685, "incumbent": [126.26432175697104, 0.0015403791168233261, 0.02183225000860751, 185.82465891026138, 0.8704409349360264, 0.7061216797447958, 0.9734880849397768, 13.21081013108349], "optimization_overhead": 0.31070685386657715, "time_func_eval": 1.2915658950805664, "iteration": 23, "incumbents_value": 0.31157310439501174}