{"incumbents_value": 0.8038981142696313, "time_func_eval": 0.2508573532104492, "optimization_overhead": 0.22144389152526855, "incumbent": [37.43721059068093, 0.006516724144188166, 0.0051313709577711945, 93.33088049513215, 0.8721566662028718, 0.7036617868782424, 0.203468483158008, 5.598818442708909], "runtime": 4.84819769859314, "iteration": 14}