{"incumbent": [112.28838955202569, 0.008275004129972756, 0.09935061502961366, 73.63803643756799, 0.04888630966826384, 0.8914853954460767, 0.7831601369444583, 13.67721713243064], "iteration": 10, "time_func_eval": 9.696722030639648, "optimization_overhead": 0.19808721542358398, "incumbents_value": 0.9999984998409831, "runtime": 535.2781195640564}