{"incumbent": [1.5342740774324994, 0.01, 0.0001, 295.99312295561106, 0.01, 0.24468944163012202, 0.6755853395296898, 6.519660336412932], "iteration": 96, "time_func_eval": 46.56882452964783, "optimization_overhead": 0.20694255828857422, "incumbents_value": 0.9999973877107464, "runtime": 5232.984530687332}