{"runtime": 77.53145432472229, "optimization_overhead": 0.2456953525543213, "incumbent": [104.73387169623068, 0.006101210418373154, 0.005869166667620027, 277.11916645637666, 0.050551104490187244, 0.534006053131861, 0.9852241192184028, 6.133938756725103], "time_func_eval": 0.2366957664489746, "incumbents_value": 0.577279029956044, "iteration": 52}