{"runtime": 179.93101596832275, "optimization_overhead": 0.23023343086242676, "incumbent": [134.58116772018028, 0.01, 0.0001, 273.7845360565164, 0.8536560986830873, 0.7717690142113335, 0.8340099190657068, 14.28959530468426], "time_func_eval": 0.7979562282562256, "incumbents_value": 0.5431930338386184, "iteration": 86}