{"runtime": 3.7129733562469482, "optimization_overhead": 0.21362924575805664, "incumbent": [104.73387169623068, 0.006101210418373154, 0.005869166667620027, 277.11916645637666, 0.050551104490187244, 0.534006053131861, 0.9852241192184028, 6.133938756725103], "time_func_eval": 0.05811119079589844, "incumbents_value": 0.577279029956044, "iteration": 3}