{"runtime": 192.20789337158203, "optimization_overhead": 0.33148765563964844, "incumbent": [134.58116772018028, 0.01, 0.0001, 273.7845360565164, 0.8536560986830873, 0.7717690142113335, 0.8340099190657068, 14.28959530468426], "time_func_eval": 7.7767016887664795, "incumbents_value": 0.5431930338386184, "iteration": 89}