{"iteration": 2, "optimization_overhead": 0.0018498897552490234, "incumbent": [61.96374370001368, 0.0015939871552593506, 0.0071678397512353435, 63.54285723999646, 0.7954174632902173, 0.8682885018548654, 0.9746107307282732, 14.025814418516564], "runtime": 2.045405149459839, "incumbents_value": 0.2924686096109246, "time_func_eval": 0.7743196487426758}