{"runtime": 207.66940593719482, "incumbent": [128.36230090711797, 0.009880054758116182, 0.010162499627583043, 59.910010099970336, 0.701449654148125, 0.14879385135240886, 0.25455964249595414, 10.169402960881186], "optimization_overhead": 0.4623403549194336, "time_func_eval": 1.3047256469726562, "iteration": 52, "incumbents_value": 0.17259908964371817}