{"runtime": 232.4597611427307, "incumbent": [54.313440871585094, 0.006578755046493446, 0.005721035656565151, 275.09947565149963, 0.029508298261532784, 0.7554305267357752, 0.9635344942805854, 14.940513471046811], "optimization_overhead": 0.41047024726867676, "time_func_eval": 0.30460548400878906, "iteration": 67, "incumbents_value": 0.16491025930226866}