{"incumbents_value": 0.5863499245852186, "time_func_eval": 0.00662541389465332, "optimization_overhead": 0.17099833488464355, "incumbent": [38.381869437799686, 0.00872168283681969, 0.006159410388077864, 52.070248475489365, 0.01427684201624187, 0.6899880495282514, 0.9746111397521787, 5.601018098967174], "runtime": 3.1733810901641846, "iteration": 13}