{"runtime": 157.2641110420227, "optimization_overhead": 0.2317659854888916, "incumbent": [55.19219880807926, 0.009745914078004202, 0.004550650450870404, 286.9149838244242, 0.41884653489296003, 0.630892909067442, 0.8670177951299748, 14.663106819567727], "time_func_eval": 5.089149713516235, "incumbents_value": 0.5695271809471286, "iteration": 73}