{"runtime": 1.2489702701568604, "optimization_overhead": 0.0011057058970133464, "incumbent": [146.5420033914829, 6.012974302563806e-05, 0.023447220973726028, 241.13381626323252, 0.01621104405960412, 0.8888921757918474, 0.7466798047107867, 14.195648746722187], "time_func_eval": 1.2452120780944824, "incumbents_value": 0.7297496706192359, "iteration": 0}