{"optimization_overhead": 0.26848793029785156, "runtime": 34.24376893043518, "incumbent": [95.50932572951824, 0.00016609585741069385, 0.0322632366537905, 193.8484503404313, 0.8680634829264935, 0.8816499722870064, 0.9972892284630949, 13.307304265362859], "incumbents_value": 0.46785339218318334, "time_func_eval": 0.12141609191894531, "iteration": 68}