{"optimization_overhead": 0.22155308723449707, "runtime": 46.626943826675415, "incumbent": [9.361136130665221, 0.005199095426296873, 0.0038576067564591466, 299.0221746636173, 0.6525727132351329, 0.8925013109320706, 0.7251863940083555, 7.968670814339517], "incumbents_value": 0.4608957535597932, "time_func_eval": 0.12097883224487305, "iteration": 93}