{"optimization_overhead": 0.2469329833984375, "runtime": 31.934512853622437, "incumbent": [95.50932572951824, 0.00016609585741069385, 0.0322632366537905, 193.8484503404313, 0.8680634829264935, 0.8816499722870064, 0.9972892284630949, 13.307304265362859], "incumbents_value": 0.46785339218318334, "time_func_eval": 0.07788205146789551, "iteration": 62}