{"optimization_overhead": 0.22010588645935059, "runtime": 45.04093384742737, "incumbent": [9.361136130665221, 0.005199095426296873, 0.0038576067564591466, 299.0221746636173, 0.6525727132351329, 0.8925013109320706, 0.7251863940083555, 7.968670814339517], "incumbents_value": 0.4608957535597932, "time_func_eval": 0.5849518775939941, "iteration": 90}