{"optimization_overhead": 0.3270418643951416, "runtime": 4.392527103424072, "incumbent": [18.18328256040624, 0.009813471750334847, 0.004442577510842134, 159.3174997608126, 0.41857220929739847, 0.20823127967158828, 0.6573996695809798, 13.955833895799584], "incumbents_value": 0.481918180694599, "time_func_eval": 0.10684609413146973, "iteration": 10}