{"incumbents_value": 0.1277848056785439, "time_func_eval": 0.1166837215423584, "optimization_overhead": 0.21766281127929688, "incumbent": [12.275978023948113, 0.008970111276906365, 0.014480779054422578, 155.40278703822727, 0.2771735244660049, 0.7612344074238703, 0.8207538280681943, 6.975462184782657], "runtime": 22.48183298110962, "iteration": 63}