{"incumbents_value": 0.1277848056785439, "time_func_eval": 0.08518719673156738, "optimization_overhead": 0.28971433639526367, "incumbent": [12.275978023948113, 0.008970111276906365, 0.014480779054422578, 155.40278703822727, 0.2771735244660049, 0.7612344074238703, 0.8207538280681943, 6.975462184782657], "runtime": 29.961623191833496, "iteration": 83}