{"incumbents_value": 0.1332672618188947, "time_func_eval": 0.09354496002197266, "optimization_overhead": 0.1824033260345459, "incumbent": [110.63725893963682, 0.009289103215874795, 0.01796164503566572, 59.74927774602716, 0.1343851203362029, 0.8931306258765956, 0.832410526399765, 5.10041133522937], "runtime": 16.366682529449463, "iteration": 46}