{"incumbents_value": 0.1397626639499704, "time_func_eval": 0.10360860824584961, "optimization_overhead": 0.255631685256958, "incumbent": [130.4825198686908, 0.009423334746029776, 0.08413692773218524, 256.1938133761942, 0.6723178042907795, 0.8283242790122152, 0.47149563973149894, 5.393060634578312], "runtime": 11.631958246231079, "iteration": 35}