{"incumbent": [141.2256489679827, 0.009366063664731025, 0.0007103081700743451, 291.95934298583154, 0.18561066841441248, 0.362448649648624, 0.6164617815948243, 5.073644844360762], "iteration": 70, "time_func_eval": 12.849175214767456, "optimization_overhead": 0.22687482833862305, "incumbents_value": 0.017531620725446007, "runtime": 791.8591394424438}