{"incumbent": [26.62905085244725, 0.007017208302719999, 0.0007372753380312023, 241.0625691647382, 0.7560436401972013, 0.4868871925062743, 0.1525484116657113, 7.467760025171387], "iteration": 2, "time_func_eval": 1.3908753395080566, "optimization_overhead": 0.008970816930135092, "incumbents_value": 0.0491334658900745, "runtime": 18.016934633255005}