{"incumbent": [141.2256489679827, 0.009366063664731025, 0.0007103081700743451, 291.95934298583154, 0.18561066841441248, 0.362448649648624, 0.6164617815948243, 5.073644844360762], "iteration": 15, "time_func_eval": 26.42987632751465, "optimization_overhead": 0.23961400985717773, "incumbents_value": 0.017531620725446007, "runtime": 174.63479280471802}