{"incumbents_value": 0.10731644870680801, "time_func_eval": 0.5406146049499512, "optimization_overhead": 0.21382617950439453, "incumbent": [14.55193754412149, 0.009211918656147271, 0.019084484269483545, 271.4104818997325, 0.36520413748470637, 0.809569236390775, 0.7364686725901111, 11.075403611336899], "runtime": 3.802884817123413, "iteration": 3}