{"incumbents_value": 0.3668934405549005, "time_func_eval": 2.126939535140991, "optimization_overhead": 0.24172115325927734, "incumbent": [131.44439239702064, 0.0063664406417546305, 0.008325174828880273, 107.01985659502218, 0.020046218580062523, 0.7945993070635481, 0.8363435060217118, 9.228283995685397], "runtime": 604.2623572349548, "iteration": 84}