{"incumbents_value": 0.1325868332447281, "time_func_eval": 0.2576768398284912, "optimization_overhead": 0.22896838188171387, "incumbent": [14.208517098950857, 0.0006173279223680954, 0.014991779234860501, 294.0561670962512, 0.7725239559327886, 0.18637056704719823, 0.13446227687494644, 11.520457223169117], "runtime": 26.301408529281616, "iteration": 76}