{"incumbents_value": 0.9623487004772584, "time_func_eval": 0.37796974182128906, "optimization_overhead": 0.1786656379699707, "incumbent": [111.67002604674586, 0.0025058109428117803, 0.0007482637481285355, 288.7742453186327, 0.03637290948341624, 0.6632505559848919, 0.8373822601079212, 5.824060183542103], "runtime": 137.64293909072876, "iteration": 98}