{"incumbents_value": 0.9955985915492958, "time_func_eval": 1.8827695846557617, "optimization_overhead": 9.361902872721355e-05, "incumbent": [88.62423526409748, 0.003227813909940403, 0.042868337336035636, 123.36356834616315, 0.05677208577012266, 0.5399098889673628, 0.8404214815759294, 12.295710525414032], "runtime": 1.8835103511810303, "iteration": 0}