{"incumbents_value": 0.642048216370197, "time_func_eval": 0.8266441822052002, "optimization_overhead": 0.2075655460357666, "incumbent": [143.24181167591038, 0.007343867677025209, 0.00239614083818583, 54.18776608623397, 0.8714847211721829, 0.5346577454961488, 0.6021710304939066, 14.114004627975493], "runtime": 10.838817596435547, "iteration": 7}