{"incumbents_value": 0.1340724924726725, "time_func_eval": 4.712296485900879, "optimization_overhead": 0.23972177505493164, "incumbent": [79.85027738029726, 0.007784909725314427, 0.09157370252743689, 71.72976018104677, 0.049067638509148324, 0.8969925021541298, 0.7280096500101112, 14.913707777030178], "runtime": 412.64259791374207, "iteration": 95}