{"incumbents_value": 0.13769930340116776, "time_func_eval": 1.5666074752807617, "optimization_overhead": 0.18517470359802246, "incumbent": [8.70810046880837, 1e-05, 0.0001, 252.1044061710658, 0.25575023657524965, 0.9, 0.12034581809707919, 5.730456505756656], "runtime": 35.83362579345703, "iteration": 7}