{"incumbents_value": 0.7570700879236978, "time_func_eval": 0.2559473514556885, "optimization_overhead": 0.40984249114990234, "incumbent": [10.761939428178366, 0.0003634553472331878, 0.0033229867251744366, 59.28197982034362, 0.15690247278523334, 0.3324261767245633, 0.7686638469830509, 5.525133315231129], "runtime": 160.31607484817505, "iteration": 43}