{"incumbents_value": 0.8769860981195369, "time_func_eval": 0.07817220687866211, "optimization_overhead": 0.2188565731048584, "incumbent": [122.70415350153623, 0.009297194570574605, 0.0071416347646606525, 59.705634457217116, 0.1514380233799755, 0.1293382051528657, 0.1564494868936475, 14.454034739245133], "runtime": 5.683231830596924, "iteration": 4}