{"incumbent": [134.23355524218798, 0.009459556279404563, 0.004324751673374363, 162.3339043401724, 0.01023377814094865, 0.800471823417039, 0.20726973692578415, 13.034122952082946], "iteration": 18, "time_func_eval": 0.015575885772705078, "optimization_overhead": 0.16504669189453125, "incumbents_value": 0.17206600072979372, "runtime": 3.6643764972686768}