{"incumbent": [134.23355524218798, 0.009459556279404563, 0.004324751673374363, 162.3339043401724, 0.01023377814094865, 0.800471823417039, 0.20726973692578415, 13.034122952082946], "iteration": 63, "time_func_eval": 0.03442525863647461, "optimization_overhead": 0.18880510330200195, "incumbents_value": 0.17206600072979372, "runtime": 15.655049800872803}