{"incumbents_value": 0.3004227053140097, "time_func_eval": 1.216628074645996, "optimization_overhead": 0.28519606590270996, "incumbent": [136.21782956265187, 0.0006987660847287982, 0.06900805869526616, 206.79726730075512, 0.16050862243623998, 0.7544002279616208, 0.12271109473240938, 12.462808263484689], "runtime": 22.96021604537964, "iteration": 35}