{"incumbents_value": 0.37088994923066954, "time_func_eval": 17.973000526428223, "optimization_overhead": 7.971127827962239e-05, "incumbent": [136.55579690997402, 0.0006820173819933127, 0.042106899976875785, 276.78508758089146, 0.040045688846914985, 0.17585536306637978, 0.6839859669925694, 9.54948150967242], "runtime": 18.40100860595703, "iteration": 2}