{"incumbents_value": 0.9970745658781974, "time_func_eval": 4.002076625823975, "optimization_overhead": 0.1543431282043457, "incumbent": [85.85399912089463, 0.004910182183908631, 0.04174122230097017, 250.29203278650422, 0.2727828980337327, 0.7509839351774864, 0.6241636172912421, 8.771456225332173], "runtime": 51.381547689437866, "iteration": 5}