{"incumbent": [149.87839105026754, 0.007474465309932056, 0.002098601701672685, 295.90463617564234, 0.12820203817698042, 0.2930176872544059, 0.14113562860472378, 6.701814344415338], "iteration": 32, "time_func_eval": 1.2706103324890137, "optimization_overhead": 0.16349434852600098, "incumbents_value": 0.006086363430304664, "runtime": 44.16414546966553}