{"incumbent": [30.706055581596114, 9.432906064303047e-05, 0.003392170858114195, 275.4363105260421, 0.648292523084576, 0.13187167005535205, 0.8708526259074957, 7.7199030657349486], "iteration": 95, "time_func_eval": 0.4505791664123535, "optimization_overhead": 0.19845795631408691, "incumbents_value": 0.003917078703531085, "runtime": 113.80312061309814}