{"incumbents_value": 0.0502828409805155, "time_func_eval": 0.006306886672973633, "optimization_overhead": 0.17706918716430664, "incumbent": [11.296251711761643, 0.00038428672996431503, 0.009528831934021547, 289.95792340026475, 0.1490262460573401, 0.7077982797908349, 0.6741435573369221, 6.157985907083897], "runtime": 7.600501537322998, "iteration": 31}