{"incumbents_value": 0.518318981897408, "time_func_eval": 8.42077088356018, "optimization_overhead": 0.24445223808288574, "incumbent": [144.13065654698806, 0.0026495391131491105, 0.008038057516165976, 226.95310925931383, 0.20227215634763307, 0.8893937383048806, 0.9122600564495043, 14.983717238018514], "runtime": 103.66334986686707, "iteration": 47}