{"incumbent": [32.12867042917171, 0.001351770232734452, 0.00018513593561739927, 258.4455728170676, 0.28621539684711467, 0.2909096008402974, 0.1369325151715611, 11.600710416575609], "iteration": 26, "time_func_eval": 2.4696571826934814, "optimization_overhead": 0.18387556076049805, "incumbents_value": 0.027203592138086985, "runtime": 223.36110639572144}