{"incumbent": [119.19220681729108, 0.00328570094530381, 0.0009723493448639329, 170.41994288684754, 0.8908760937467227, 0.11205760659348399, 0.6781544333255881, 13.812958214413923], "iteration": 59, "time_func_eval": 65.3861813545227, "optimization_overhead": 0.3357353210449219, "incumbents_value": 0.017054566913475733, "runtime": 821.3201358318329}