{"incumbent": [32.12867042917171, 0.001351770232734452, 0.00018513593561739927, 258.4455728170676, 0.28621539684711467, 0.2909096008402974, 0.1369325151715611, 11.600710416575609], "iteration": 20, "time_func_eval": 12.438239574432373, "optimization_overhead": 0.1721639633178711, "incumbents_value": 0.027203592138086985, "runtime": 202.046240568161}