{"incumbent": [32.12867042917171, 0.001351770232734452, 0.00018513593561739927, 258.4455728170676, 0.28621539684711467, 0.2909096008402974, 0.1369325151715611, 11.600710416575609], "iteration": 18, "time_func_eval": 1.365677833557129, "optimization_overhead": 0.18283677101135254, "incumbents_value": 0.027203592138086985, "runtime": 188.4320433139801}