{"incumbent": [56.76538204276147, 0.0005383665962699634, 0.0026520650144946784, 167.17599619395625, 0.7088598048370276, 0.6146845144671654, 0.7584241081020436, 10.899818996817976], "iteration": 98, "time_func_eval": 5.094440460205078, "optimization_overhead": 0.33072614669799805, "incumbents_value": 0.01570722668545388, "runtime": 1164.1631557941437}