{"optimization_overhead": 0.15542006492614746, "runtime": 91.13995814323425, "incumbent": [90.67246262829772, 0.009192463054679467, 0.008528386875319517, 253.83729126183877, 0.5958865025863811, 0.7380360123139669, 0.90676417305793, 14.026437256623577], "incumbents_value": 0.046816392396419104, "time_func_eval": 0.8335962295532227, "iteration": 70}