{"optimization_overhead": 0.0013136863708496094, "runtime": 0.856421947479248, "incumbent": [75.0967258831215, 0.005084025156473648, 0.009658469557990955, 191.72376591981188, 0.4641619781237092, 0.567252652407908, 0.43512835107441344, 11.746268778156342], "incumbents_value": 0.14302248902835568, "time_func_eval": 0.8519418239593506, "iteration": 0}