{"incumbents_value": 0.4844828339571634, "time_func_eval": 20.238818883895874, "optimization_overhead": 0.24889922142028809, "incumbent": [142.22335556045516, 1e-05, 0.0001, 59.89568113018645, 0.11514171285441527, 0.36547269661623005, 0.9665783789677628, 14.34812959729789], "runtime": 992.0217306613922, "iteration": 93}