{"optimization_overhead": 0.2028348445892334, "runtime": 2.1239442825317383, "incumbent": [10.09257132803116, 0.00921560073459936, 0.09096587361950827, 255.58939449577136, 0.892396735139491, 0.889418895544041, 0.9740785216302748, 5.786028639293923], "incumbents_value": 0.7365900383141762, "iteration": 9, "time_func_eval": 0.022484779357910156}