{"incumbents_value": 0.8103492884864165, "time_func_eval": 0.19084572792053223, "optimization_overhead": 0.11318254470825195, "incumbent": [126.44426040573688, 0.004121691598881991, 0.02608733183548081, 90.85804706799743, 0.5894251315449854, 0.27514932046721685, 0.42958282681173143, 8.840690898614888], "runtime": 2.9426424503326416, "iteration": 9}