{"incumbents_value": 0.8096123564672395, "time_func_eval": 2.3111190795898438, "optimization_overhead": 0.24977731704711914, "incumbent": [27.463109052996586, 0.0016526965300155286, 0.07348206856597332, 264.2736967668327, 0.8540206350717793, 0.0917846222123575, 0.34071238660864894, 14.480896470214583], "runtime": 21.529229164123535, "iteration": 37}