{"time_func_eval": 0.26830339431762695, "runtime": 46.9260470867157, "incumbents_value": 0.7989249217319393, "iteration": 90, "incumbent": [115.26886349202378, 0.008185236207236712, 0.024705800221153696, 263.82377322321804, 0.03844937955211509, 0.8929231467977032, 0.7417067288822078, 5.350592559157566], "optimization_overhead": 0.25067949295043945}