{"incumbents_value": 0.6965175415015239, "time_func_eval": 0.10994386672973633, "optimization_overhead": 0.20749139785766602, "incumbent": [48.96729255885396, 0.0004396553765020232, 0.009742639194083472, 60.91289038408366, 0.037471887748946976, 0.8906887171219167, 0.9164088744959052, 11.122926192604716], "runtime": 10.303328275680542, "iteration": 22}