{"incumbents_value": 0.7364517538882196, "time_func_eval": 0.18046975135803223, "optimization_overhead": 0.20285439491271973, "incumbent": [122.83158902294075, 0.00042929639355725196, 0.0018989180210975997, 216.65913129920537, 0.7825699197033145, 0.7904904920851674, 0.2281479043135422, 13.400891823511364], "runtime": 4.490090847015381, "iteration": 11}