{"incumbents_value": 0.4221773477140036, "time_func_eval": 0.15075063705444336, "optimization_overhead": 0.2509753704071045, "incumbent": [5.052482110468702, 0.0037808449112037602, 0.001038736757838878, 127.74200728308043, 0.8792266460812124, 0.8668427209434207, 0.7432575967703077, 13.818691640281632], "runtime": 68.7492184638977, "iteration": 87}