{"incumbents_value": 0.8577165806081468, "time_func_eval": 166.53691339492798, "optimization_overhead": 0.2779960632324219, "incumbent": [8.18675723215425, 0.005618861019842971, 0.06309469507061599, 298.3088985258373, 0.29652837379248365, 0.3379942885030215, 0.7592325052626513, 6.725560929439899], "runtime": 381.04170966148376, "iteration": 15}