{"incumbents_value": 0.5445468509984639, "time_func_eval": 0.056059837341308594, "optimization_overhead": 0.1552293300628662, "incumbent": [136.17775261745422, 0.0005443315622468467, 0.0023611140713008655, 139.87160702288048, 0.13681903971691686, 0.7870452840052673, 0.9254895922585342, 14.251437281485979], "runtime": 3.0776634216308594, "iteration": 14}