{"incumbents_value": 0.42051282051282046, "time_func_eval": 0.01565384864807129, "optimization_overhead": 0.24588513374328613, "incumbent": [136.51135930538723, 0.009524761084744962, 0.03594798429086016, 185.82839036349796, 0.08681816331069346, 0.42049658271167456, 0.9920962957740254, 14.020334979158543], "runtime": 28.03086519241333, "iteration": 96}