{"incumbents_value": 0.5619462599854756, "time_func_eval": 0.012968063354492188, "optimization_overhead": 0.15516901016235352, "incumbent": [122.9141391959514, 0.009846342193079028, 0.044729236925750836, 235.43553963193972, 0.42712463442195103, 0.20617386765357384, 0.29535186546548287, 6.8477115060118425], "runtime": 1.083418369293213, "iteration": 6}