{"incumbents_value": 0.45488611005852375, "time_func_eval": 0.030321836471557617, "optimization_overhead": 0.21037936210632324, "incumbent": [14.745077301048216, 0.009893286930086863, 0.003596682848956258, 158.6882971316316, 0.7064280720352945, 0.6496251664231626, 0.8699180694061881, 14.381368232847567], "runtime": 9.668116807937622, "iteration": 40}