{"incumbent": [63.672447675672764, 0.00010156747648441467, 0.013151783804011498, 107.18638272351703, 0.5199266836432044, 0.8862751900699919, 0.9749171244263205, 14.507800239718367], "iteration": 35, "time_func_eval": 0.054471492767333984, "optimization_overhead": 0.1640617847442627, "incumbents_value": 0.534920634920635, "runtime": 7.552229881286621}