{"incumbent": [86.60787340773325, 0.003726131760352804, 0.030442757406326272, 298.3442641695114, 0.8131027455067257, 0.8751147736551661, 0.9945140434835018, 14.15276219548607], "iteration": 82, "time_func_eval": 0.03066849708557129, "optimization_overhead": 0.19227170944213867, "incumbents_value": 0.4482975456659667, "runtime": 19.135254621505737}