{"incumbent": [63.672447675672764, 0.00010156747648441467, 0.013151783804011498, 107.18638272351703, 0.5199266836432044, 0.8862751900699919, 0.9749171244263205, 14.507800239718367], "iteration": 50, "time_func_eval": 0.021219491958618164, "optimization_overhead": 0.1906116008758545, "incumbents_value": 0.534920634920635, "runtime": 10.86714482307434}