{"incumbents_value": 0.21285882632175157, "iteration": 24, "runtime": 728.5029208660126, "incumbent": [104.82494044134407, 0.01, 0.0001, 61.22673508036388, 0.01, 0.8948746930899911, 0.6011917580562658, 5.0], "optimization_overhead": 0.2819192409515381, "time_func_eval": 34.074355602264404}