{"incumbents_value": 0.9836884643644379, "iteration": 0, "runtime": 1.1118602752685547, "incumbent": [3.352698531132576, 0.009854922604500278, 0.009339380482922866, 196.88892076735732, 0.20821951286789545, 0.1632599930319541, 0.10015286011781685, 11.587048861908855], "optimization_overhead": 0.0017784436543782551, "time_func_eval": 1.1059927940368652}