{"incumbents_value": 0.1912478436957592, "iteration": 44, "runtime": 2534.668860912323, "incumbent": [124.96395896100138, 0.0097095425891614, 0.00048563963551239884, 87.71950768895971, 0.09277764840090383, 0.5734061475361634, 0.8038359227490295, 14.754148498801458], "optimization_overhead": 0.40824365615844727, "time_func_eval": 48.22181510925293}