{"incumbents_value": 0.019624380803266006, "time_func_eval": 2.288423538208008, "optimization_overhead": 0.19556641578674316, "incumbent": [106.08231270146007, 0.008626651011031628, 0.00259314064830686, 279.26981361142407, 0.8634639412480093, 0.7046295064624243, 0.9781348123446235, 14.482483774807541], "runtime": 1396.1173405647278, "iteration": 80}