{"incumbents_value": 0.4680862622171674, "time_func_eval": 0.26331162452697754, "optimization_overhead": 0.2713336944580078, "incumbent": [12.118346020214906, 0.008666443923488597, 0.0023850650169707386, 70.69887048655514, 0.850203055085017, 0.8856956412096116, 0.545446754473941, 13.010377078227402], "runtime": 39.30528807640076, "iteration": 55}