{"incumbents_value": 0.4972930201565883, "time_func_eval": 0.02235722541809082, "optimization_overhead": 0.23732829093933105, "incumbent": [141.81348056447197, 0.00961315316639252, 0.0012057451864647666, 215.69747453119038, 0.3031222405554471, 0.6291117656282685, 0.8561025205365612, 6.028163119472238], "runtime": 8.269735336303711, "iteration": 33}