{"incumbents_value": 0.44821844821844825, "time_func_eval": 0.026601314544677734, "optimization_overhead": 0.25650835037231445, "incumbent": [139.41920053203864, 0.004083118766055828, 0.003876632996881458, 279.3726439531137, 0.894996115142253, 0.8939587180333773, 0.865568865113502, 14.500422787227444], "runtime": 23.625014543533325, "iteration": 83}