{"incumbents_value": 0.5855614973262033, "time_func_eval": 0.020839214324951172, "optimization_overhead": 0.16565608978271484, "incumbent": [38.00801493444025, 0.0023735070055196403, 0.016603643061467596, 128.6493544558977, 0.21329563439876245, 0.8222526260283607, 0.9807845402733654, 12.317868806421043], "runtime": 2.091118097305298, "iteration": 10}