{"incumbents_value": 0.44821844821844825, "time_func_eval": 0.005942344665527344, "optimization_overhead": 0.16978096961975098, "incumbent": [139.41920053203864, 0.004083118766055828, 0.003876632996881458, 279.3726439531137, 0.894996115142253, 0.8939587180333773, 0.865568865113502, 14.500422787227444], "runtime": 21.6504487991333, "iteration": 76}