{"incumbents_value": 0.795639706659866, "time_func_eval": 0.06145620346069336, "optimization_overhead": 0.23243355751037598, "incumbent": [105.05760292005672, 1.002433387006831e-05, 0.0030540428414489187, 165.74902695627583, 0.5425146601541783, 0.8426457481672869, 0.9638684543163261, 14.363689948988434], "runtime": 9.459444046020508, "iteration": 33}