{"incumbents_value": 0.7765753948734765, "time_func_eval": 0.20244717597961426, "optimization_overhead": 0.21071434020996094, "incumbent": [90.37726324993774, 0.00015641692636339207, 0.0027528782685887834, 295.6967641029032, 0.39959666226239504, 0.1313002544075079, 0.9848106546921538, 5.315324938963224], "runtime": 34.34003472328186, "iteration": 97}