{"runtime": 122.61609268188477, "iteration": 19, "time_func_eval": 8.923100233078003, "incumbent": [86.16028716166056, 0.004823334306407786, 0.008935319243800742, 283.2425613992822, 0.7506976527560814, 0.12079074731260006, 0.9714561053722047, 5.690514558721055], "incumbents_value": 0.03532652470424469, "optimization_overhead": 0.3332536220550537}