{"incumbents_value": 0.02181265335590099, "time_func_eval": 3.477341413497925, "optimization_overhead": 0.235945463180542, "incumbent": [134.00614558492214, 6.283622286581077e-05, 0.025544245724356773, 70.77163565503857, 0.04613374600241515, 0.2456915042099607, 0.9566972995148704, 14.540570143217167], "runtime": 58.15824341773987, "iteration": 28}