{"incumbents_value": 0.030126817325162314, "time_func_eval": 1.8698303699493408, "optimization_overhead": 0.15720415115356445, "incumbent": [58.7674291303734, 0.004849341187585813, 0.0015665771778529884, 50.63678173117118, 0.012782729827470708, 0.876634602055882, 0.8816880300861865, 6.821297627954848], "runtime": 5.035383462905884, "iteration": 4}