{"incumbents_value": 0.02181265335590099, "time_func_eval": 0.20368552207946777, "optimization_overhead": 0.2662081718444824, "incumbent": [134.00614558492214, 6.283622286581077e-05, 0.025544245724356773, 70.77163565503857, 0.04613374600241515, 0.2456915042099607, 0.9566972995148704, 14.540570143217167], "runtime": 150.57781553268433, "iteration": 85}