{"optimization_overhead": 0.22682595252990723, "runtime": 23.985368728637695, "incumbent": [122.95331177444814, 0.009962906234076281, 0.00556081755466589, 287.00049416666377, 0.6760011515781218, 0.16796367474151397, 0.9938556432032011, 8.378935048527726], "incumbents_value": 0.597765639152035, "time_func_eval": 0.31519484519958496, "iteration": 44}