{"optimization_overhead": 0.3280301094055176, "runtime": 31.302430868148804, "incumbent": [122.95331177444814, 0.009962906234076281, 0.00556081755466589, 287.00049416666377, 0.6760011515781218, 0.16796367474151397, 0.9938556432032011, 8.378935048527726], "incumbents_value": 0.597765639152035, "time_func_eval": 0.09267687797546387, "iteration": 58}