{"incumbents_value": 0.13464906384161035, "time_func_eval": 0.07599234580993652, "optimization_overhead": 0.19921350479125977, "incumbent": [7.875260098006395, 0.0030672515369606847, 0.09939325579811789, 267.9876784264933, 0.10004713556056626, 0.17052190928210392, 0.7894901168580457, 6.255717482203352], "runtime": 12.225975036621094, "iteration": 39}