{"incumbents_value": 0.14304661746522207, "time_func_eval": 0.10988426208496094, "optimization_overhead": 0.15769290924072266, "incumbent": [139.32668167814137, 1e-05, 0.1, 285.5744941533683, 0.9, 0.540274142701354, 0.999, 6.700729238246376], "runtime": 10.056741714477539, "iteration": 32}