{"incumbents_value": 0.12444932206292114, "time_func_eval": 0.23902416229248047, "optimization_overhead": 0.18950748443603516, "incumbent": [8.760013790074304, 0.001974956635214637, 0.08394370205149143, 87.11034203474244, 0.0798852088604863, 0.3306426208923757, 0.8034861502921157, 6.018677892523041], "runtime": 32.69087815284729, "iteration": 92}