{"incumbent": [103.40996072605363, 0.007244501169694265, 0.0044698716752770516, 293.9178853937449, 0.025188850510629156, 0.7119466002109144, 0.9703389070036398, 7.274021419827287], "iteration": 17, "time_func_eval": 4.858461141586304, "optimization_overhead": 0.21776819229125977, "incumbents_value": 0.02249262840949051, "runtime": 152.1636025905609}