{"incumbent": [134.2790112135442, 0.002600154312244963, 0.0007561216884034411, 235.8913450779783, 0.24581791538256761, 0.22258506886580282, 0.9666714904588933, 14.542749409754967], "iteration": 94, "time_func_eval": 1.1108696460723877, "optimization_overhead": 0.21115708351135254, "incumbents_value": 0.01716246124102605, "runtime": 1398.862378358841}