{"incumbent": [125.03087981823826, 0.0034288836023016996, 0.0010385133381665714, 286.01858689025187, 0.4616996906836385, 0.5701824073828741, 0.7501588814188587, 11.575522649048857], "iteration": 42, "time_func_eval": 2.502765417098999, "optimization_overhead": 0.23026823997497559, "incumbents_value": 0.02152517787606356, "runtime": 623.6333112716675}