{"incumbent": [131.5870854497631, 0.007711409293608554, 0.0016085771002073538, 262.5368783104558, 0.21214581323848228, 0.8036590865535794, 0.9790688835055397, 14.1635747885586], "iteration": 77, "time_func_eval": 10.023621559143066, "optimization_overhead": 0.19746065139770508, "incumbents_value": 0.017348432862358987, "runtime": 1200.3377866744995}