{"incumbent": [103.40996072605363, 0.007244501169694265, 0.0044698716752770516, 293.9178853937449, 0.025188850510629156, 0.7119466002109144, 0.9703389070036398, 7.274021419827287], "iteration": 4, "time_func_eval": 16.235071659088135, "optimization_overhead": 0.1686089038848877, "incumbents_value": 0.02249262840949051, "runtime": 48.42435169219971}