{"incumbents_value": 0.22688068833980013, "time_func_eval": 8.53705382347107, "optimization_overhead": 0.19004130363464355, "incumbent": [149.6798208880905, 1e-05, 0.0001, 89.90655518362463, 0.9, 0.09, 0.8253810475749248, 14.356915826176603], "runtime": 177.18153762817383, "iteration": 9}