{"incumbents_value": 0.22688068833980013, "time_func_eval": 111.18687796592712, "optimization_overhead": 0.1930711269378662, "incumbent": [149.6798208880905, 1e-05, 0.0001, 89.90655518362463, 0.9, 0.09, 0.8253810475749248, 14.356915826176603], "runtime": 1105.6032116413116, "iteration": 34}