{"incumbents_value": 0.1847551692503181, "time_func_eval": 105.02604699134827, "optimization_overhead": 0.2661726474761963, "incumbent": [141.88399146091515, 0.007765814705801152, 0.0012463835496816693, 295.2774906610928, 0.2599646413413811, 0.46513700567250904, 0.7795886645167763, 5.136511759398314], "runtime": 2575.0966799259186, "iteration": 81}