{"incumbents_value": 0.22688068833980013, "time_func_eval": 7.760544538497925, "optimization_overhead": 0.17600607872009277, "incumbent": [149.6798208880905, 1e-05, 0.0001, 89.90655518362463, 0.9, 0.09, 0.8253810475749248, 14.356915826176603], "runtime": 746.114782333374, "iteration": 26}