{"incumbents_value": 0.4022988505747127, "time_func_eval": 0.07298398017883301, "optimization_overhead": 0.3025400638580322, "incumbent": [13.976657676896751, 0.009523154244729704, 0.08383128417628986, 90.92654511330615, 0.07258912275858422, 0.8975205571274828, 0.9317401840767537, 7.499109251391287], "runtime": 115.81927156448364, "iteration": 89}