{"incumbents_value": 0.4337169312169312, "time_func_eval": 0.21291279792785645, "optimization_overhead": 0.2249600887298584, "incumbent": [146.8899959552482, 0.00814310115087669, 0.02371632251744907, 230.57686661019787, 0.11140322906693603, 0.8266847810967183, 0.8250893863862696, 14.582953223028143], "runtime": 38.96221303939819, "iteration": 30}