{"runtime": 339.15216755867004, "iteration": 91, "time_func_eval": 1.8476285934448242, "incumbent": [147.60701735465764, 0.009458291896750298, 0.004565311397775647, 294.85912623402044, 0.6072569346620672, 0.692162686111352, 0.3097652084622189, 14.6899842794651], "incumbents_value": 0.9775700934579439, "optimization_overhead": 0.6742391586303711}