{"runtime": 353.18124055862427, "iteration": 96, "time_func_eval": 1.194016456604004, "incumbent": [147.60701735465764, 0.009458291896750298, 0.004565311397775647, 294.85912623402044, 0.6072569346620672, 0.692162686111352, 0.3097652084622189, 14.6899842794651], "incumbents_value": 0.9775700934579439, "optimization_overhead": 0.5716307163238525}