{"runtime": 30.754597902297974, "iteration": 8, "time_func_eval": 1.5932703018188477, "incumbent": [144.7122228691302, 0.008504194298393998, 0.005190592165268856, 143.60909081117273, 0.03037039326050716, 0.7270786952283443, 0.8187562472033291, 6.369574315702712], "incumbents_value": 0.9906542056074766, "optimization_overhead": 0.2985970973968506}