{"runtime": 42.049564838409424, "iteration": 15, "time_func_eval": 0.059247732162475586, "incumbent": [144.7122228691302, 0.008504194298393998, 0.005190592165268856, 143.60909081117273, 0.03037039326050716, 0.7270786952283443, 0.8187562472033291, 6.369574315702712], "incumbents_value": 0.9906542056074766, "optimization_overhead": 0.35198974609375}