{"incumbents_value": 0.42524982642629694, "time_func_eval": 0.17435598373413086, "optimization_overhead": 0.283872127532959, "incumbent": [4.646681057942645, 0.00011267967346704213, 0.041460511028677476, 279.4881614448318, 0.3280596819226503, 0.8536822610365659, 0.9114257509649211, 14.017784571912655], "runtime": 72.17502665519714, "iteration": 63}