{"incumbents_value": 0.4211904761904762, "time_func_eval": 0.610203742980957, "optimization_overhead": 0.30289220809936523, "incumbent": [84.26035001420408, 0.0012756016973751673, 0.008073588010639652, 289.02126640169115, 0.16577080209955616, 0.8479164745139508, 0.9234909908343363, 5.060000402694127], "runtime": 118.5236668586731, "iteration": 99}