{"incumbent": [29.750143886649838, 0.0029635483032146074, 0.0031425991874384955, 250.55667625296172, 0.1161708601267736, 0.8633128050385525, 0.9177756045740979, 5.9093060722615505], "iteration": 24, "time_func_eval": 0.3907804489135742, "optimization_overhead": 0.17688202857971191, "incumbents_value": 0.4620464846594967, "runtime": 8.427658557891846}