{"incumbent": [140.8240697358549, 0.008650211480599822, 0.00025886984822564874, 225.947942979141, 0.400107044606108, 0.7702446142973609, 0.9757735082238516, 12.629588931415979], "iteration": 81, "time_func_eval": 0.25994300842285156, "optimization_overhead": 0.2934386730194092, "incumbents_value": 0.34680909272978333, "runtime": 35.76592803001404}