{"incumbent": [28.669576816522234, 0.008934839807235246, 0.010676187203396446, 297.61451984343046, 0.21941216243102066, 0.35780119836546587, 0.9186348392721455, 9.99636916917531], "iteration": 17, "time_func_eval": 0.047087907791137695, "optimization_overhead": 0.16560959815979004, "incumbents_value": 0.6016504234830027, "runtime": 5.22016716003418}