{"incumbent": [140.8240697358549, 0.008650211480599822, 0.00025886984822564874, 225.947942979141, 0.400107044606108, 0.7702446142973609, 0.9757735082238516, 12.629588931415979], "iteration": 65, "time_func_eval": 0.035318613052368164, "optimization_overhead": 0.21361398696899414, "incumbents_value": 0.34680909272978333, "runtime": 27.587976455688477}