{"optimization_overhead": 0.3486013412475586, "incumbent": [141.50376834015336, 0.00012368424002979708, 0.006737783114335907, 174.63905562038525, 0.1467102299077406, 0.20634171756505454, 0.9697176821051957, 12.91105678974573], "iteration": 57, "incumbents_value": 0.4420032958440877, "time_func_eval": 2.6315712928771973, "runtime": 477.2625653743744}