{"incumbent": [76.59203077848125, 4.36976218519568e-05, 0.020894136733185673, 287.3710525601375, 0.18958945547593586, 0.8746070458521462, 0.8290369640046739, 14.738480596123223], "iteration": 30, "time_func_eval": 0.06760978698730469, "optimization_overhead": 0.16538238525390625, "incumbents_value": 0.07265745007680502, "runtime": 7.1512291431427}