{"incumbent": [76.59203077848125, 4.36976218519568e-05, 0.020894136733185673, 287.3710525601375, 0.18958945547593586, 0.8746070458521462, 0.8290369640046739, 14.738480596123223], "iteration": 21, "time_func_eval": 0.026218414306640625, "optimization_overhead": 0.1698453426361084, "incumbents_value": 0.07265745007680502, "runtime": 5.040796279907227}