{"incumbent": [76.5998706825541, 1e-05, 0.07531627072817935, 287.4082881758762, 0.3731586666252845, 0.9, 0.9131985872011392, 14.762193035798663], "iteration": 64, "time_func_eval": 0.0316927433013916, "optimization_overhead": 0.21651411056518555, "incumbents_value": 0.05435790996430645, "runtime": 17.727930784225464}