{"incumbent": [76.59203077848125, 4.36976218519568e-05, 0.020894136733185673, 287.3710525601375, 0.18958945547593586, 0.8746070458521462, 0.8290369640046739, 14.738480596123223], "iteration": 50, "time_func_eval": 0.15668058395385742, "optimization_overhead": 0.3581349849700928, "incumbents_value": 0.07265745007680502, "runtime": 13.310400485992432}