{"runtime": 71.90848565101624, "incumbent": [149.09134224836816, 0.008006613385957281, 0.005048593403991713, 206.21692043759623, 0.32613830732557303, 0.44882196101591987, 0.8945314012103189, 12.87398718753535], "optimization_overhead": 0.36485886573791504, "time_func_eval": 4.428027391433716, "iteration": 36, "incumbents_value": 0.27141014744134584}