{"runtime": 32.20422577857971, "incumbent": [117.02007177975244, 0.009016210199946407, 0.0036330925580730935, 229.91283343816815, 0.8159924247588066, 0.299768969140625, 0.876175508130292, 6.640483611250856], "optimization_overhead": 0.32335853576660156, "time_func_eval": 3.14929461479187, "iteration": 15, "incumbents_value": 0.29412868223676647}