{"runtime": 74.0175530910492, "incumbent": [149.09134224836816, 0.008006613385957281, 0.005048593403991713, 206.21692043759623, 0.32613830732557303, 0.44882196101591987, 0.8945314012103189, 12.87398718753535], "optimization_overhead": 0.41979002952575684, "time_func_eval": 0.6149773597717285, "iteration": 38, "incumbents_value": 0.27141014744134584}