{"incumbent": [142.8468136908859, 0.01, 0.0001, 69.973271023551, 0.9, 0.7755881050880421, 0.4288874756876388, 11.624677199961225], "iteration": 30, "time_func_eval": 3.2044153213500977, "optimization_overhead": 0.21665024757385254, "incumbents_value": 0.1402634389133286, "runtime": 49.958234786987305}