{"incumbent": [142.8544077562361, 0.01, 0.0001, 70.14966424046513, 0.5588737973748654, 0.6125671983164521, 0.40192111506348455, 11.625092385966447], "iteration": 59, "time_func_eval": 4.486266136169434, "optimization_overhead": 0.28127026557922363, "incumbents_value": 0.11037382552874375, "runtime": 115.1938087940216}