{"incumbent": [112.70338893846106, 0.01, 0.0001, 126.98600628759672, 0.9, 0.3550984302730177, 0.7639823530205885, 8.31921518237376], "iteration": 82, "time_func_eval": 6.503216981887817, "optimization_overhead": 0.3366212844848633, "incumbents_value": 0.09596594812884407, "runtime": 192.67276191711426}