{"incumbent": [112.70338893846106, 0.01, 0.0001, 126.98600628759672, 0.9, 0.3550984302730177, 0.7639823530205885, 8.31921518237376], "iteration": 86, "time_func_eval": 0.2777273654937744, "optimization_overhead": 0.32056570053100586, "incumbents_value": 0.09596594812884407, "runtime": 211.8061559200287}