{"incumbent": [142.82236809365284, 0.003979742398064352, 0.0001, 70.03257678570169, 0.8595195715860604, 0.6703072588469606, 0.39918435047909234, 11.709051727440821], "iteration": 47, "time_func_eval": 0.04178190231323242, "optimization_overhead": 0.20932292938232422, "incumbents_value": 0.12725422989443247, "runtime": 90.2292869091034}