{"incumbent": [112.61081550161032, 0.01, 0.0001, 127.14753964138201, 0.8571225369213891, 0.6416801381747902, 0.7585828047737337, 8.360361888227345], "iteration": 99, "time_func_eval": 6.764038801193237, "optimization_overhead": 0.3334965705871582, "incumbents_value": 0.08207512255321026, "runtime": 263.7802429199219}