{"incumbents_value": 0.24404158004158005, "time_func_eval": 0.05264759063720703, "optimization_overhead": 0.24637866020202637, "incumbent": [102.9455719656031, 0.0010987622616112753, 0.0035065837657466555, 252.00712366475554, 0.6293936340526516, 0.6503357256482736, 0.7662301260305604, 14.495545603787892], "runtime": 2.793020486831665, "iteration": 8}