{"incumbents_value": 0.1422958586639549, "time_func_eval": 0.4304835796356201, "optimization_overhead": 0.1903243064880371, "incumbent": [8.075310149124759, 0.0023738703091440464, 0.00993294818375376, 66.9625965791823, 0.6190975920146403, 0.6212742787148557, 0.9848469149171821, 7.122382109799233], "runtime": 200.8197958469391, "iteration": 22}