{"incumbents_value": 0.1399286631591229, "time_func_eval": 0.5819144248962402, "optimization_overhead": 0.17942309379577637, "incumbent": [132.99559161134042, 0.00918175405802196, 0.09009747727137808, 219.15804204310825, 0.8869120504232468, 0.35291345856891587, 0.11162901281884383, 11.778191512299847], "runtime": 522.4607272148132, "iteration": 80}