{"time_func_eval": 0.1092221736907959, "runtime": 44.559650182724, "incumbents_value": 0.7822349752909294, "iteration": 77, "incumbent": [53.06623993799416, 0.007951001811368744, 0.007295439841719212, 269.5403771349849, 0.40135648338455404, 0.8786414374014503, 0.9555901293125161, 5.200272462136322], "optimization_overhead": 0.24619221687316895}