{"incumbents_value": 0.1386341485025696, "time_func_eval": 0.033910274505615234, "optimization_overhead": 0.24427127838134766, "incumbent": [30.090455838524058, 0.0006740488062016747, 0.009810632303036151, 257.4463141049362, 0.13249813863884483, 0.5901159135297649, 0.4118265999314091, 13.076412839567391], "runtime": 5.766472816467285, "iteration": 17}