{"incumbents_value": 0.12710437710437705, "time_func_eval": 0.07333660125732422, "optimization_overhead": 0.22757983207702637, "incumbent": [16.893800571865256, 0.003259934831240245, 0.051190492867763525, 296.74077419510496, 0.1024469612108072, 0.6793042220752028, 0.9812083567525719, 8.384192242575207], "runtime": 30.811270713806152, "iteration": 83}