{"incumbents_value": 0.47814874163203314, "time_func_eval": 15.61668086051941, "optimization_overhead": 0.23962759971618652, "incumbent": [149.62529103634677, 0.0018869127190186707, 0.04317628543072354, 286.20544392583065, 0.6694994972822378, 0.843534990032529, 0.9152484541371779, 13.965784293631284], "runtime": 504.18469429016113, "iteration": 48}