{"runtime": 34.68424725532532, "optimization_overhead": 0.30151891708374023, "iteration": 23, "incumbent": [13.962948954806047, 0.01, 0.1, 256.81919813286555, 0.01, 0.9, 0.999, 12.86159051802573], "incumbents_value": 0.02302817058838469, "time_func_eval": 1.9499666690826416}