{"incumbents_value": 0.4815092453773113, "time_func_eval": 0.00857853889465332, "optimization_overhead": 0.16124987602233887, "incumbent": [127.61055293925112, 0.001788282450236768, 0.0002894655380224608, 266.0019186287371, 0.8231358848371045, 0.10957966485877041, 0.10057489950457976, 13.32139484038326], "runtime": 3.4902536869049072, "iteration": 17}