{"incumbents_value": 0.4815092453773113, "time_func_eval": 0.02773880958557129, "optimization_overhead": 0.1993246078491211, "incumbent": [127.61055293925112, 0.001788282450236768, 0.0002894655380224608, 266.0019186287371, 0.8231358848371045, 0.10957966485877041, 0.10057489950457976, 13.32139484038326], "runtime": 2.6812326908111572, "iteration": 13}