{"incumbents_value": 0.45288045288045287, "time_func_eval": 0.0675358772277832, "optimization_overhead": 0.3212242126464844, "incumbent": [127.65786654635396, 0.01, 0.0001, 266.0059354808953, 0.9, 0.09, 0.0999, 13.425927183203484], "runtime": 26.445768117904663, "iteration": 96}