{"incumbents_value": 0.7366117216117216, "time_func_eval": 0.06826639175415039, "optimization_overhead": 0.0001373291015625, "incumbent": [59.98413423276064, 0.002409002078264586, 0.07137552273860537, 119.42220316667617, 0.3220995042232546, 0.7064511037701448, 0.6497810903778379, 10.58118074549213], "runtime": 0.06939506530761719, "iteration": 0}