{"incumbents_value": 0.508401320901321, "time_func_eval": 0.07267618179321289, "optimization_overhead": 0.25403356552124023, "incumbent": [12.185227002760481, 0.0007091202458702081, 0.02899452943575633, 132.77448221348175, 0.8996461909208653, 0.5749172842869843, 0.9272822656936462, 7.196009170134787], "runtime": 13.222689390182495, "iteration": 51}