{"incumbents_value": 0.8054533960806349, "time_func_eval": 0.09613513946533203, "optimization_overhead": 0.34868717193603516, "incumbent": [144.2214036696258, 0.0019479818142494063, 0.0024262140059408757, 53.99495012035858, 0.7618271854283942, 0.1317222622142273, 0.6750171641514214, 13.163379775103882], "runtime": 27.45311951637268, "iteration": 80}