{"incumbents_value": 0.8102068965517242, "time_func_eval": 0.05344247817993164, "optimization_overhead": 0.1589820384979248, "incumbent": [16.16876048276693, 0.0018747023124755769, 0.08975479675250098, 251.98751661856073, 0.05997200179031813, 0.8232945751787157, 0.17004372821213545, 11.672739211590194], "runtime": 9.079716205596924, "iteration": 28}