{"incumbents_value": 0.8030924369747899, "time_func_eval": 0.03432059288024902, "optimization_overhead": 0.3585021495819092, "incumbent": [148.4500767446147, 0.0014878603410753506, 0.003426633901961374, 165.84417154719233, 0.8383386892029525, 0.7845350671305059, 0.10047295126601327, 5.145079596226271], "runtime": 34.57079815864563, "iteration": 99}