{"incumbent": [128.28716478481505, 0.004716348895102519, 0.011984254796913367, 65.84732994872282, 0.05929097001858737, 0.8970799790897673, 0.9649602487111454, 5.836102532753287], "iteration": 81, "time_func_eval": 0.8135027885437012, "optimization_overhead": 0.21656227111816406, "incumbents_value": 0.09986258397451497, "runtime": 303.98023653030396}