{"incumbent": [123.05165883079005, 0.002471116145279429, 0.001813113716528237, 180.47077755795175, 0.7109281333889148, 0.39411372414094725, 0.759332018405428, 8.983662802391969], "iteration": 11, "time_func_eval": 0.6226701736450195, "optimization_overhead": 0.19579744338989258, "incumbents_value": 0.10511432016783806, "runtime": 43.395161151885986}