{"incumbent": [128.28716478481505, 0.004716348895102519, 0.011984254796913367, 65.84732994872282, 0.05929097001858737, 0.8970799790897673, 0.9649602487111454, 5.836102532753287], "iteration": 76, "time_func_eval": 0.24552345275878906, "optimization_overhead": 0.25775647163391113, "incumbents_value": 0.09986258397451497, "runtime": 291.1640889644623}