{"incumbents_value": 0.4319826099237156, "time_func_eval": 0.17288613319396973, "optimization_overhead": 0.29799413681030273, "incumbent": [127.18960260451816, 0.01, 0.0001, 196.14666033256574, 0.9, 0.8953967376937646, 0.9172829280030895, 14.839687564769797], "runtime": 21.077112674713135, "iteration": 18}