{"incumbents_value": 0.504724521650933, "time_func_eval": 0.3089179992675781, "optimization_overhead": 0.21323180198669434, "incumbent": [128.98091692621145, 0.00012215733422677643, 0.00563311474635376, 110.31464404806667, 0.8511356123695571, 0.2621944996793344, 0.9582662716566448, 14.432189774386202], "runtime": 11.758940696716309, "iteration": 13}