{"incumbents_value": 0.577028866866753, "time_func_eval": 0.11928701400756836, "optimization_overhead": 0.26177167892456055, "incumbent": [26.094781366127854, 0.00013251774279647666, 0.0002801219691436187, 173.05419698652247, 0.6768448193791006, 0.29830524380381485, 0.972559772843165, 14.855441181355765], "runtime": 593.3756601810455, "iteration": 65}