{"incumbents_value": 0.07741571382710988, "time_func_eval": 21.523396253585815, "optimization_overhead": 0.28818583488464355, "incumbent": [145.65939339132018, 0.0037321103273300856, 0.001867517858601531, 170.40696274301803, 0.3336342230673871, 0.1358158694184201, 0.8442085121957045, 12.465456932450929], "runtime": 1163.144329547882, "iteration": 67}