{"incumbents_value": 0.08724959824758982, "time_func_eval": 5.0054028034210205, "optimization_overhead": 0.2382669448852539, "incumbent": [148.62041557449135, 0.005539182214114499, 0.004693754016081737, 155.15126006646926, 0.04070965583735003, 0.164273225132707, 0.7921856681243418, 6.550000744077819], "runtime": 607.2310380935669, "iteration": 37}