{"incumbent": [122.45461986076582, 0.003178819384890135, 0.004496472452454584, 287.4903815325153, 0.593707817183154, 0.19271548764073881, 0.8301572848276754, 6.487321000316946], "iteration": 41, "time_func_eval": 0.34203386306762695, "optimization_overhead": 0.17693114280700684, "incumbents_value": 0.37842053739255477, "runtime": 86.88067388534546}