{"incumbent": [144.7445372459479, 0.0008682988137502979, 0.0038841400393474375, 249.27969035540127, 0.07435136942196867, 0.19679175699419282, 0.3908385858685525, 5.559119484506158], "iteration": 31, "time_func_eval": 6.172132253646851, "optimization_overhead": 0.1909646987915039, "incumbents_value": 0.38805678133485155, "runtime": 65.80094075202942}