{"incumbent": [146.5000307819805, 0.008122390464956808, 0.0010983085630806198, 282.85923972393687, 0.21826508462593602, 0.5757827168410685, 0.4634268471167695, 13.381835684234865], "iteration": 49, "time_func_eval": 0.07969975471496582, "optimization_overhead": 0.19121813774108887, "incumbents_value": 0.3667662136955592, "runtime": 123.04662775993347}