{"incumbent": [122.45461986076582, 0.003178819384890135, 0.004496472452454584, 287.4903815325153, 0.593707817183154, 0.19271548764073881, 0.8301572848276754, 6.487321000316946], "iteration": 39, "time_func_eval": 8.222547769546509, "optimization_overhead": 0.19313573837280273, "incumbents_value": 0.37842053739255477, "runtime": 85.35010313987732}