{"optimization_overhead": 0.35561180114746094, "runtime": 74.72870588302612, "incumbent": [147.8460720947253, 0.0016909651387034515, 0.01046294069118478, 160.23037719183418, 0.8937104563292716, 0.8927144970255588, 0.7868459575845759, 10.181343957054047], "incumbents_value": 0.07995337686210302, "time_func_eval": 0.4941279888153076, "iteration": 90}