{"optimization_overhead": 0.3172340393066406, "runtime": 2.2790639400482178, "incumbent": [75.0967258831215, 0.005084025156473648, 0.009658469557990955, 191.72376591981188, 0.4641619781237092, 0.567252652407908, 0.43512835107441344, 11.746268778156342], "incumbents_value": 0.9846153846153847, "time_func_eval": 0.05008196830749512, "iteration": 5}