{"incumbents_value": 0.11980278257923982, "time_func_eval": 1.076322317123413, "optimization_overhead": 0.2529926300048828, "incumbent": [124.26074751031241, 0.01, 0.0001, 217.36984186503085, 0.6668355550207895, 0.09, 0.1939088500016891, 7.608308357424581], "runtime": 109.76854300498962, "iteration": 35}