{"runtime": 69.47331762313843, "optimization_overhead": 0.17501211166381836, "incumbent": [134.74065919538168, 0.0016530542325838163, 0.010275725352282165, 50.549080950078995, 0.07988806848703099, 0.20393850420968607, 0.4631237279765303, 5.305090868566259], "time_func_eval": 1.220973253250122, "incumbents_value": 0.9956439912984458, "iteration": 11}