{"optimization_overhead": 0.23477697372436523, "runtime": 45.42273211479187, "incumbent": [6.920220974152725, 0.0051182465685754835, 0.04236770883689675, 73.43852828897721, 0.04908665973833694, 0.824785786224064, 0.7378221302467278, 6.2923988905888795], "incumbents_value": 0.45503772066521864, "time_func_eval": 0.11469006538391113, "iteration": 96}