{"optimization_overhead": 0.21152305603027344, "runtime": 14.54234504699707, "incumbent": [136.65475074145277, 0.007412517350439199, 0.021735098055938252, 50.58115152982946, 0.06191079025779711, 0.8293249212685367, 0.8596802364744593, 14.813983395612691], "incumbents_value": 0.4734369328026463, "time_func_eval": 0.10087108612060547, "iteration": 31}