{"runtime": 38.93890595436096, "optimization_overhead": 0.19557714462280273, "incumbent": [127.10044978353565, 0.0019304093397043932, 0.014673697244850925, 282.2110944138883, 0.7512303218584524, 0.842162075399307, 0.9060084615423102, 14.883475008028007], "time_func_eval": 2.135812520980835, "incumbents_value": 0.2936709979962079, "iteration": 20}