{"runtime": 188.10857963562012, "optimization_overhead": 0.37236475944519043, "incumbent": [122.91383109870141, 0.007628529130544713, 0.006042944863461824, 269.5823354948685, 0.6122556034378553, 0.41099401759412435, 0.9071553707756952, 8.62288940655258], "time_func_eval": 0.6394007205963135, "incumbents_value": 0.29236008597422525, "iteration": 82}