{"runtime": 254.74287629127502, "iteration": 90, "time_func_eval": 0.32090067863464355, "incumbent": [119.20465299676574, 0.01, 0.0001, 269.1394807221463, 0.01, 0.09, 0.8788490275262744, 14.273816144335976], "incumbents_value": 0.9811881188118812, "optimization_overhead": 0.661799430847168}