{"runtime": 196.53468537330627, "iteration": 70, "time_func_eval": 1.1659705638885498, "incumbent": [119.20465299676574, 0.01, 0.0001, 269.1394807221463, 0.01, 0.09, 0.8788490275262744, 14.273816144335976], "incumbents_value": 0.9811881188118812, "optimization_overhead": 0.4537224769592285}