{"runtime": 271.2145025730133, "iteration": 95, "time_func_eval": 0.4166285991668701, "incumbent": [135.57390954594823, 3.6383610300752684e-05, 0.005892974146747938, 61.39611141218841, 0.015731708840909277, 0.403838390133721, 0.9100678063040587, 9.953090899838184], "incumbents_value": 0.979381443298969, "optimization_overhead": 0.8726921081542969}