{"runtime": 123.45767259597778, "iteration": 44, "time_func_eval": 8.568085670471191, "incumbent": [119.20465299676574, 0.01, 0.0001, 269.1394807221463, 0.01, 0.09, 0.8788490275262744, 14.273816144335976], "incumbents_value": 0.9811881188118812, "optimization_overhead": 0.33931636810302734}