{"runtime": 25.846537590026855, "iteration": 14, "time_func_eval": 5.018369913101196, "incumbent": [141.56914832092355, 0.005348107586214999, 0.011617759679990524, 88.50182715706904, 0.0533053542103525, 0.26349326772395093, 0.20781005148450288, 13.53409212474197], "incumbents_value": 0.996078431372549, "optimization_overhead": 0.307584285736084}