{"incumbents_value": 0.046887935172272965, "time_func_eval": 15.096839904785156, "optimization_overhead": 0.40267181396484375, "incumbent": [127.84006474653722, 0.007406909932789676, 0.09776357719135925, 249.58458098833273, 0.6896735304417839, 0.7546737171789123, 0.9684246661311837, 14.212761821036944], "runtime": 417.9868333339691, "iteration": 98}