{"incumbents_value": 0.046887935172272965, "time_func_eval": 4.358011245727539, "optimization_overhead": 0.3428051471710205, "incumbent": [127.84006474653722, 0.007406909932789676, 0.09776357719135925, 249.58458098833273, 0.6896735304417839, 0.7546737171789123, 0.9684246661311837, 14.212761821036944], "runtime": 291.4142894744873, "iteration": 79}