{"incumbents_value": 0.05407241529432938, "time_func_eval": 1.8024775981903076, "optimization_overhead": 0.19018054008483887, "incumbent": [127.49145853345567, 0.00020628251684669323, 0.019830614512870562, 264.2132903800187, 0.6042268311053516, 0.45460427875846987, 0.38583222905285663, 7.616059940270455], "runtime": 25.503933668136597, "iteration": 8}