{"runtime": 112.55197262763977, "optimization_overhead": 0.27274084091186523, "incumbent": [105.45585617432553, 2.9343572845743517e-05, 0.0008283833826272858, 235.3419852943556, 0.6829612098813024, 0.15778197930204468, 0.9758273266461412, 12.415541177511233], "time_func_eval": 0.30463576316833496, "incumbents_value": 0.9773781530872864, "iteration": 14}