{"incumbents_value": 0.9821428571428571, "time_func_eval": 0.0630645751953125, "optimization_overhead": 0.17820501327514648, "incumbent": [122.90501109646036, 0.00926285991680161, 0.019518918253564693, 176.7477375084267, 0.042749449157604404, 0.18675010505482842, 0.19927719956413154, 14.49422512743066], "runtime": 16.213807582855225, "iteration": 24}