{"incumbents_value": 0.6943969436428001, "time_func_eval": 10.49915599822998, "optimization_overhead": 0.17669320106506348, "incumbent": [126.39314825933153, 0.0038110425083301277, 0.007889041221114942, 67.53275108633798, 0.05239702013688082, 0.754641908136528, 0.986118322999986, 7.696390570569605], "runtime": 115.56313753128052, "iteration": 33}