{"incumbents_value": 0.7787682921598748, "time_func_eval": 0.3260529041290283, "optimization_overhead": 0.2056598663330078, "incumbent": [108.31049005997225, 0.00012472467910584105, 0.0028515411604263007, 62.10142410993506, 0.8164251302961109, 0.35165413285395286, 0.9056599660675207, 14.119667675710616], "runtime": 34.59660601615906, "iteration": 11}