{"time_func_eval": 6.791700601577759, "runtime": 62.92165756225586, "incumbents_value": 0.12473516739947965, "iteration": 51, "incumbent": [72.79021388949407, 0.007767029556079239, 0.003543458335156794, 293.9681832877515, 0.36290654570457576, 0.8302333789567384, 0.9159783433412353, 13.59715409865019], "optimization_overhead": 0.28653955459594727}