{"time_func_eval": 0.32779765129089355, "runtime": 154.70360374450684, "incumbents_value": 0.11737802034471723, "iteration": 94, "incumbent": [132.9532517864883, 0.009507923340259223, 0.006976809100941928, 208.13799924106112, 0.8804370001204218, 0.8448413510169208, 0.7117654029697781, 11.154375258263313], "optimization_overhead": 0.2826507091522217}