{"incumbents_value": 0.001203384949952091, "time_func_eval": 2.1814708709716797, "optimization_overhead": 0.2783801555633545, "incumbent": [121.0012532610435, 0.002859912249446077, 0.002503241701307858, 288.79079014346235, 0.024448347164542653, 0.2023027972141409, 0.10868644219384013, 13.651980020069882], "runtime": 893.9278473854065, "iteration": 92}