{"incumbents_value": 0.003335339327363407, "time_func_eval": 0.6341865062713623, "optimization_overhead": 0.27818775177001953, "incumbent": [7.433662402243692, 0.00857709448939079, 0.0033854085360199926, 252.04676874893377, 0.7610606379420414, 0.35364289236565427, 0.716072420945951, 5.643810170503823], "runtime": 226.388286113739, "iteration": 34}