{"incumbents_value": 0.0018054164104291948, "time_func_eval": 16.120535373687744, "optimization_overhead": 0.3982679843902588, "incumbent": [100.43756449531892, 0.005638732450768668, 0.00443105942413338, 159.149699063774, 0.7371109021700168, 0.6914448246396815, 0.8957995485673171, 9.59545447995934], "runtime": 376.2450349330902, "iteration": 45}