{"incumbents_value": 0.7922567463898688, "time_func_eval": 0.12614130973815918, "optimization_overhead": 0.16985154151916504, "incumbent": [42.424214614859174, 0.01, 0.0001, 163.99773241909443, 0.01, 0.09327840672214197, 0.9322512622140975, 14.370013196846742], "runtime": 82.72390794754028, "iteration": 27}