{"incumbents_value": 0.5463382005240729, "time_func_eval": 1.2611987590789795, "optimization_overhead": 0.23242568969726562, "incumbent": [113.77917364181539, 1e-05, 0.0001, 108.20748986494091, 0.01, 0.9, 0.9799448538906465, 13.288814932366613], "runtime": 165.32746267318726, "iteration": 45}