{"incumbents_value": 0.9559381776428819, "time_func_eval": 23.38035273551941, "optimization_overhead": 0.00011316935221354167, "incumbent": [133.6586895739256, 0.005459302857754329, 0.011555171804793828, 240.78539265975996, 0.8403191377799992, 0.8274966520375342, 0.377034400255432, 8.612727700636384], "runtime": 23.401724815368652, "iteration": 0}