{"incumbents_value": 0.8030798585824531, "time_func_eval": 1.6033222675323486, "optimization_overhead": 0.15826630592346191, "incumbent": [42.43885917499804, 1e-05, 0.0001, 164.15686880316773, 0.01, 0.09, 0.7395039095177051, 14.532064061867429], "runtime": 25.77898073196411, "iteration": 3}