{"incumbents_value": 0.13228234659537408, "time_func_eval": 1.5040225982666016, "optimization_overhead": 0.20937705039978027, "incumbent": [29.983380468353616, 0.0005793939770840495, 0.00036046804976023805, 55.2640508675742, 0.07478232685377838, 0.12975138257235105, 0.9797872132271125, 12.586248941907362], "runtime": 254.2585792541504, "iteration": 62}