{"incumbent": [14.041085283343014, 0.0019122405429280688, 0.027493939414846118, 256.6909652148106, 0.1015083426263767, 0.8642803005942716, 0.9987957038793006, 12.774064906368912], "iteration": 4, "time_func_eval": 0.6703033447265625, "optimization_overhead": 0.16032147407531738, "incumbents_value": 0.07964852041918358, "runtime": 4.7848358154296875}