{"incumbent": [133.4741323401633, 0.00013244681056658232, 0.011930434677937191, 277.96407344606894, 0.12009549098713274, 0.7670999669996177, 0.7958548957508316, 14.425006215241327], "iteration": 74, "time_func_eval": 3.4748127460479736, "optimization_overhead": 0.19647645950317383, "incumbents_value": 0.0455105415171716, "runtime": 102.67060661315918}