{"incumbent": [14.041085283343014, 0.0019122405429280688, 0.027493939414846118, 256.6909652148106, 0.1015083426263767, 0.8642803005942716, 0.9987957038793006, 12.774064906368912], "iteration": 19, "time_func_eval": 1.4683048725128174, "optimization_overhead": 0.18538379669189453, "incumbents_value": 0.07964852041918358, "runtime": 24.02701759338379}