{"optimization_overhead": 0.4231445789337158, "incumbent": [75.57270598287548, 0.0032072481960808445, 0.09509008157002505, 52.744191751165246, 0.8009246342020421, 0.7657268323923354, 0.9914944567828897, 11.312596157230715], "iteration": 94, "incumbents_value": 0.1050103519668737, "time_func_eval": 0.07864665985107422, "runtime": 34.476526737213135}