{"optimization_overhead": 0.2791869640350342, "runtime": 30.176378965377808, "incumbent": [117.05028048877992, 0.001395485572327894, 0.006162718075702991, 261.09061169640665, 0.13696087892180606, 0.2886618566679249, 0.18620924512764836, 14.11150106483071], "incumbents_value": 0.03315767746163778, "time_func_eval": 0.5872743129730225, "iteration": 41}