{"optimization_overhead": 0.0009423096974690756, "runtime": 0.9710102081298828, "incumbent": [123.46113247802305, 0.00905833720149197, 0.015719380231800598, 80.00454783868128, 0.8288071040909384, 0.43396751137483014, 0.36808096538132656, 5.452339863413593], "incumbents_value": 0.08251365987295922, "time_func_eval": 0.6722922325134277, "iteration": 1}