{"incumbent": [9.838189216134777, 0.00283504404181956, 0.0016438333583490255, 278.06472307067395, 0.5553677065672051, 0.7488533932478773, 0.9794682036232075, 5.4850911300516945], "iteration": 94, "time_func_eval": 0.3520803451538086, "optimization_overhead": 0.20131301879882812, "incumbents_value": 0.432977976737559, "runtime": 35.14898872375488}