{"incumbent": [9.94292791782802, 0.009318752518855057, 0.0028294062626912507, 193.8029770216641, 0.8954834548883536, 0.3880828940645784, 0.21510816536834831, 8.689867838463385], "iteration": 74, "time_func_eval": 0.18747782707214355, "optimization_overhead": 0.19854998588562012, "incumbents_value": 0.44868726151024896, "runtime": 27.060993909835815}