{"incumbent": [9.838189216134777, 0.00283504404181956, 0.0016438333583490255, 278.06472307067395, 0.5553677065672051, 0.7488533932478773, 0.9794682036232075, 5.4850911300516945], "iteration": 96, "time_func_eval": 0.3784489631652832, "optimization_overhead": 0.2078685760498047, "incumbents_value": 0.432977976737559, "runtime": 35.99588179588318}