{"incumbents_value": 0.999996616463443, "time_func_eval": 68.76363134384155, "optimization_overhead": 0.3411574363708496, "incumbent": [147.42612101031963, 0.004677578264473851, 0.09966112762139738, 53.60799764955153, 0.8407173619382327, 0.6707382958737262, 0.35995372926615427, 14.366878076210496], "runtime": 11061.892007827759, "iteration": 91}