{"incumbents_value": 0.13983078847978148, "time_func_eval": 0.695918083190918, "optimization_overhead": 0.35486316680908203, "incumbent": [49.43643242560199, 0.00879511868737675, 0.0023596680639681017, 296.7591496481349, 0.11771647228661147, 0.39222375121347386, 0.9004129603966863, 14.373523469796117], "runtime": 171.77471923828125, "iteration": 69}