{"incumbents_value": 0.20242964960067666, "time_func_eval": 1.0247302055358887, "optimization_overhead": 0.21746301651000977, "incumbent": [139.92346178435864, 0.002460348392614515, 0.013512550082570239, 197.83370013394165, 0.329131825894488, 0.40414689451219277, 0.2964642841266532, 14.493069904377723], "runtime": 13.41779375076294, "iteration": 3}