{"incumbents_value": 0.13747871441573412, "time_func_eval": 0.4781761169433594, "optimization_overhead": 0.19451308250427246, "incumbent": [147.69418244487926, 4.327502494992416e-05, 0.002378736177681324, 215.47739541355978, 0.7936443026905788, 0.20353481514485466, 0.1787904589217198, 14.643985875486276], "runtime": 283.5658996105194, "iteration": 87}