{"incumbents_value": 0.7888888888888889, "time_func_eval": 0.03305625915527344, "optimization_overhead": 0.2439572811126709, "incumbent": [37.63174212596794, 0.006562755200498005, 0.08306896307385543, 95.35454544754069, 0.5181545067448824, 0.42375665472492746, 0.8948007614293904, 14.339511476742675], "runtime": 0.8041815757751465, "iteration": 5}