{"incumbents_value": 0.3926870748299319, "time_func_eval": 0.030740737915039062, "optimization_overhead": 0.3522205352783203, "incumbent": [105.84540154141183, 0.009595704627637725, 0.02039199887884449, 257.727990364065, 0.38362454238328947, 0.8524744118423498, 0.7958988381264517, 14.81112885200166], "runtime": 28.081604719161987, "iteration": 90}