{"runtime": 181.91655564308167, "optimization_overhead": 0.2499690055847168, "incumbent": [135.93111218948926, 0.004526739979220815, 0.0007882762944433197, 299.90684747316993, 0.4800599797097552, 0.7893409083518542, 0.8480246597956048, 5.708822276512975], "time_func_eval": 4.146746397018433, "incumbents_value": 0.5609573381013349, "iteration": 86}