{"runtime": 177.48004698753357, "optimization_overhead": 0.23908114433288574, "incumbent": [135.93111218948926, 0.004526739979220815, 0.0007882762944433197, 299.90684747316993, 0.4800599797097552, 0.7893409083518542, 0.8480246597956048, 5.708822276512975], "time_func_eval": 14.070789813995361, "incumbents_value": 0.5609573381013349, "iteration": 85}