{"runtime": 76.25133419036865, "optimization_overhead": 0.20589351654052734, "incumbent": [128.10999702051362, 0.00990365708302643, 0.0005688542809985526, 70.23982228644556, 0.6227597565867896, 0.11062176405042493, 0.4630852194595655, 13.646577231571731], "time_func_eval": 0.08345794677734375, "incumbents_value": 0.574334938901868, "iteration": 46}