{"runtime": 13.699154376983643, "optimization_overhead": 0.17936134338378906, "incumbent": [13.500076342958758, 0.007760541026970934, 0.0025460809064231445, 296.28997150130215, 0.02608373846329797, 0.2869412478255788, 0.6386181553134733, 13.722610730246119], "time_func_eval": 0.09238028526306152, "incumbents_value": 0.6252564013182227, "iteration": 11}