{"time_func_eval": 0.1693592071533203, "runtime": 8.045971632003784, "incumbents_value": 0.19780219780219788, "iteration": 30, "incumbent": [96.72582426116398, 0.00025104219774732284, 0.00398661877136842, 54.784180424576626, 0.8862925825119041, 0.8093563329721507, 0.9942167821858208, 5.237436984077304], "optimization_overhead": 0.19356155395507812}