{"incumbents_value": 0.02719874948350176, "time_func_eval": 2.270604133605957, "optimization_overhead": 0.25469493865966797, "incumbent": [10.22993791846191, 0.003267446235173927, 0.043571830492852535, 297.93675249071964, 0.026459432123486726, 0.7184131999328838, 0.9777633219234119, 14.38939707954497], "runtime": 70.56721520423889, "iteration": 42}