{"incumbents_value": 0.786557292089207, "time_func_eval": 1.3022687435150146, "optimization_overhead": 0.19950008392333984, "incumbent": [122.92116395791828, 0.008331083593195112, 0.015069350862163981, 84.46340557688731, 0.27536027833571614, 0.879787806767158, 0.8554841701029079, 14.51985972058022], "runtime": 20.880667686462402, "iteration": 7}