{"incumbent": [122.6009026290703, 0.00757984621257245, 0.002127715582323704, 197.66561369817742, 0.6786528799427954, 0.5381503581949402, 0.8227424010462435, 9.831708569708528], "iteration": 82, "time_func_eval": 20.474136114120483, "optimization_overhead": 0.2555356025695801, "incumbents_value": 0.014040689328834621, "runtime": 802.4496867656708}