{"incumbents_value": 0.0, "time_func_eval": 0.03235673904418945, "optimization_overhead": 0.3848841190338135, "incumbent": [12.045081779210038, 0.00016307481556484589, 0.017922226954893015, 264.5868981273743, 0.4906409557034441, 0.5264653262094777, 0.9352609113213035, 5.241231122878722], "runtime": 15.168521642684937, "iteration": 59}