{"incumbents_value": 0.0, "time_func_eval": 0.04181098937988281, "optimization_overhead": 0.1909322738647461, "incumbent": [12.045081779210038, 0.00016307481556484589, 0.017922226954893015, 264.5868981273743, 0.4906409557034441, 0.5264653262094777, 0.9352609113213035, 5.241231122878722], "runtime": 9.776021003723145, "iteration": 42}