{"incumbents_value": 0.0, "time_func_eval": 0.0073773860931396484, "optimization_overhead": 0.21541500091552734, "incumbent": [12.045081779210038, 0.00016307481556484589, 0.017922226954893015, 264.5868981273743, 0.4906409557034441, 0.5264653262094777, 0.9352609113213035, 5.241231122878722], "runtime": 8.99696683883667, "iteration": 39}