{"incumbents_value": 0.6304776017404063, "time_func_eval": 0.7559635639190674, "optimization_overhead": 0.23266339302062988, "incumbent": [149.7725116560963, 1e-05, 0.0001, 272.2541809722315, 0.8994229189442741, 0.09023658208889435, 0.6903065859649923, 14.433939168161988], "runtime": 74.96680879592896, "iteration": 5}