{"incumbents_value": 0.5615680715579916, "time_func_eval": 0.3514211177825928, "optimization_overhead": 0.20276165008544922, "incumbent": [58.43615855327724, 0.002625460914307914, 0.0034521322695285606, 275.85079566675404, 0.13499342060773398, 0.10000207039632171, 0.8968494601730304, 14.770274804625027], "runtime": 363.5517027378082, "iteration": 49}