{"incumbents_value": 0.12444444444444447, "time_func_eval": 0.054435014724731445, "optimization_overhead": 0.29329895973205566, "incumbent": [12.502904655317554, 0.009202652660541826, 0.0579509995280741, 124.84572395607772, 0.1035295895581306, 0.13588826406177382, 0.9981270474931413, 14.75524843914814], "runtime": 24.34410285949707, "iteration": 90}