{"incumbent": [126.68479198921058, 0.00850448577327875, 0.0627542938689149, 294.7851253563934, 0.8593621716204022, 0.1849869605359712, 0.5242475699979605, 5.131622844560928], "runtime": 15.054391860961914, "iteration": 43, "time_func_eval": 0.023655176162719727, "incumbents_value": 0.679047619047619, "optimization_overhead": 0.3277866840362549}