{"incumbent": [126.68479198921058, 0.00850448577327875, 0.0627542938689149, 294.7851253563934, 0.8593621716204022, 0.1849869605359712, 0.5242475699979605, 5.131622844560928], "runtime": 8.01486086845398, "iteration": 26, "time_func_eval": 0.014347553253173828, "incumbents_value": 0.679047619047619, "optimization_overhead": 0.2127540111541748}