{"incumbent": [126.68479198921058, 0.00850448577327875, 0.0627542938689149, 294.7851253563934, 0.8593621716204022, 0.1849869605359712, 0.5242475699979605, 5.131622844560928], "runtime": 16.686212062835693, "iteration": 47, "time_func_eval": 0.02783060073852539, "incumbents_value": 0.679047619047619, "optimization_overhead": 0.2986745834350586}