{"incumbent": [126.68479198921058, 0.00850448577327875, 0.0627542938689149, 294.7851253563934, 0.8593621716204022, 0.1849869605359712, 0.5242475699979605, 5.131622844560928], "runtime": 14.609087944030762, "iteration": 42, "time_func_eval": 0.036023855209350586, "incumbents_value": 0.679047619047619, "optimization_overhead": 0.2956244945526123}