{"incumbents_value": 0.7249402771141902, "time_func_eval": 0.24589967727661133, "optimization_overhead": 0.23989200592041016, "incumbent": [127.40977434007895, 0.01, 0.00023215006789552295, 185.672460462826, 0.01, 0.09, 0.999, 12.508185308077355], "runtime": 4.379263877868652, "iteration": 15}