{"incumbent": [49.62679045437021, 0.003033766392273076, 0.007747111822541217, 80.02599381043456, 0.8170828140478257, 0.7979709890505349, 0.9714185228164514, 6.021613432620695], "iteration": 26, "time_func_eval": 0.2908437252044678, "optimization_overhead": 0.17920994758605957, "incumbents_value": 0.6118211754199923, "runtime": 41.17540907859802}