{"incumbent": [73.34604835342222, 0.0006812971790580611, 0.0010168355874396336, 65.28374848563921, 0.7782174216372245, 0.7975449828710197, 0.15506908632526878, 9.170947744410974], "iteration": 16, "time_func_eval": 1.00577974319458, "optimization_overhead": 0.1725306510925293, "incumbents_value": 0.6239487007687168, "runtime": 32.36380648612976}