{"incumbents_value": 0.045348080676642644, "time_func_eval": 0.717738151550293, "optimization_overhead": 0.2996189594268799, "incumbent": [138.8736836625336, 2.331223517035229e-05, 0.02149875586697777, 262.6530694327372, 0.38210992635371427, 0.8861254915104108, 0.7547096328875712, 14.007495018349603], "runtime": 629.9041984081268, "iteration": 49}