{"runtime": 9.346436023712158, "optimization_overhead": 0.19932174682617188, "incumbent": [144.56352019330038, 0.0019859260300743244, 0.0090501477836108, 271.9971305989996, 0.08145022355892755, 0.718674827211948, 0.15733261543803592, 14.456206121920554], "time_func_eval": 0.07559609413146973, "incumbents_value": 0.4653856455764013, "iteration": 19}