{"incumbents_value": 0.4228790366721402, "time_func_eval": 4.645426511764526, "optimization_overhead": 0.22744250297546387, "incumbent": [141.55676578178918, 0.0009450525879727522, 0.006518774898853081, 291.885533244271, 0.033832698702685814, 0.19034749374799464, 0.13074937251441168, 11.740863458545011], "runtime": 29.264017343521118, "iteration": 20}