{"incumbent": [103.40996072605363, 0.007244501169694265, 0.0044698716752770516, 293.9178853937449, 0.025188850510629156, 0.7119466002109144, 0.9703389070036398, 7.274021419827287], "iteration": 4, "time_func_eval": 3.395382881164551, "optimization_overhead": 0.16179180145263672, "incumbents_value": 0.03159683537679692, "runtime": 28.193978548049927}