{"incumbent": [144.91210194879093, 0.00104221992661351, 0.0011457436119550208, 234.39386171498094, 0.13512781415827643, 0.09230351505040131, 0.24693385234831627, 13.495372314208115], "iteration": 96, "time_func_eval": 4.154310464859009, "optimization_overhead": 0.25995588302612305, "incumbents_value": 0.020148134837588816, "runtime": 1055.2630865573883}