{"incumbent": [30.146376013046808, 0.00014891384173124924, 0.011607788198048422, 126.57292994720505, 0.7196857993735627, 0.8789364763217635, 0.9355015001750205, 13.536194846797404], "iteration": 34, "time_func_eval": 0.9543938636779785, "optimization_overhead": 0.19332385063171387, "incumbents_value": 0.02086676111038399, "runtime": 271.77710151672363}