{"incumbent": [30.146376013046808, 0.00014891384173124924, 0.011607788198048422, 126.57292994720505, 0.7196857993735627, 0.8789364763217635, 0.9355015001750205, 13.536194846797404], "iteration": 51, "time_func_eval": 1.4775304794311523, "optimization_overhead": 0.2602505683898926, "incumbents_value": 0.02086676111038399, "runtime": 438.4961326122284}