{"incumbent": [30.146376013046808, 0.00014891384173124924, 0.011607788198048422, 126.57292994720505, 0.7196857993735627, 0.8789364763217635, 0.9355015001750205, 13.536194846797404], "iteration": 70, "time_func_eval": 7.621279716491699, "optimization_overhead": 0.23867154121398926, "incumbents_value": 0.02086676111038399, "runtime": 610.8866946697235}