{"incumbent": [30.146376013046808, 0.00014891384173124924, 0.011607788198048422, 126.57292994720505, 0.7196857993735627, 0.8789364763217635, 0.9355015001750205, 13.536194846797404], "iteration": 38, "time_func_eval": 4.496306657791138, "optimization_overhead": 0.26578378677368164, "incumbents_value": 0.02086676111038399, "runtime": 310.9925391674042}