{"optimization_overhead": 0.18355989456176758, "runtime": 3.96828293800354, "incumbent": [139.3996654620496, 0.009996259109144466, 0.07144563298473579, 294.89927457442707, 0.03340887131361206, 0.2962480735877756, 0.5802062058239289, 13.83218157862313], "incumbents_value": 0.14624881291547964, "iteration": 16, "time_func_eval": 0.021955251693725586}