{"optimization_overhead": 0.23010778427124023, "runtime": 14.542309045791626, "incumbent": [36.0474635786424, 0.0049415213096096556, 0.006388888434849968, 104.19501452851216, 0.26409504910737397, 0.8358719322709064, 0.9760235156750199, 11.989611592967115], "incumbents_value": 0.12222222222222212, "iteration": 50, "time_func_eval": 0.0910041332244873}