{"optimization_overhead": 0.3241608142852783, "runtime": 32.08491396903992, "incumbent": [36.0474635786424, 0.0049415213096096556, 0.006388888434849968, 104.19501452851216, 0.26409504910737397, 0.8358719322709064, 0.9760235156750199, 11.989611592967115], "incumbents_value": 0.12222222222222212, "iteration": 97, "time_func_eval": 0.12151741981506348}