{"optimization_overhead": 0.2450399398803711, "runtime": 5.93343710899353, "incumbent": [105.24270152759594, 0.000294041910354252, 0.00840875847487573, 274.72397821313666, 0.8983498168820693, 0.4519680697828643, 0.7492990401002392, 14.502340300528513], "incumbents_value": 0.14193548387096777, "iteration": 22, "time_func_eval": 0.03651595115661621}