{"optimization_overhead": 0.16157841682434082, "runtime": 1.0157861709594727, "incumbent": [6.692453104111834, 0.009710368235010954, 0.015332719856931912, 277.043839377828, 0.06965005216114806, 0.09187193967154045, 0.5350191594017937, 6.754766939734366], "incumbents_value": 0.17498391691940085, "iteration": 5, "time_func_eval": 0.12153291702270508}