{"runtime": 253.33249711990356, "incumbent": [148.13453020211196, 0.006285548967745992, 0.009002148307602506, 285.7890414985002, 0.34098736820430986, 0.44159562816019393, 0.7263483834957186, 14.622178585939766], "optimization_overhead": 0.3120253086090088, "time_func_eval": 20.243643522262573, "iteration": 26, "incumbents_value": 0.2028639449732761}