{"runtime": 188.4586887359619, "incumbent": [142.23395581460554, 0.01, 0.0001, 259.93673080133317, 0.8330018678885242, 0.09, 0.3700096033986453, 14.200927421588501], "optimization_overhead": 0.24873876571655273, "time_func_eval": 0.29936814308166504, "iteration": 19, "incumbents_value": 0.2125467861928747}