{"runtime": 952.7677459716797, "incumbent": [135.91954202371613, 1e-05, 0.0001, 293.01707951165383, 0.6759946321966155, 0.09, 0.35488255862320256, 8.391157782055227], "optimization_overhead": 0.5951502323150635, "time_func_eval": 14.541571378707886, "iteration": 87, "incumbents_value": 0.1903668138360033}