{"incumbent": [58.552256066927654, 0.004620515108072449, 0.019618177950953063, 273.54196174907315, 0.7368862485179865, 0.8498638210144583, 0.971094172543959, 14.674104774423679], "iteration": 35, "time_func_eval": 0.07571148872375488, "optimization_overhead": 0.16469192504882812, "incumbents_value": 0.4427579365079365, "runtime": 8.671230792999268}