{"incumbent": [14.041085283343014, 0.0019122405429280688, 0.027493939414846118, 256.6909652148106, 0.1015083426263767, 0.8642803005942716, 0.9987957038793006, 12.774064906368912], "iteration": 16, "time_func_eval": 0.18192315101623535, "optimization_overhead": 0.16330409049987793, "incumbents_value": 0.5824240087397983, "runtime": 3.4428985118865967}