{"incumbent": [58.552256066927654, 0.004620515108072449, 0.019618177950953063, 273.54196174907315, 0.7368862485179865, 0.8498638210144583, 0.971094172543959, 14.674104774423679], "iteration": 55, "time_func_eval": 0.043059587478637695, "optimization_overhead": 0.1888561248779297, "incumbents_value": 0.4427579365079365, "runtime": 13.718717813491821}