{"incumbents_value": 0.29411754817046676, "time_func_eval": 3.9999444484710693, "optimization_overhead": 0.19759678840637207, "incumbent": [147.15412662578154, 0.002325478177752861, 0.0065376138618445925, 258.4526525322151, 0.8790269387270271, 0.25923618727511133, 0.4003496003437969, 14.2206643316887], "runtime": 36.53956747055054, "iteration": 27}