{"incumbents_value": 0.27924018112509785, "time_func_eval": 0.4572722911834717, "optimization_overhead": 0.34351468086242676, "incumbent": [148.90070631827535, 0.003191164489290595, 0.003139296734944411, 222.82775284225525, 0.28080070483202774, 0.8904448784848669, 0.861102444009396, 14.444444693187032], "runtime": 151.20003843307495, "iteration": 96}