{"incumbents_value": 0.07855276907001041, "iteration": 38, "runtime": 30.051177263259888, "incumbent": [96.74679613257788, 0.0003132135065538735, 0.028286175513458953, 278.9658459084187, 0.20500388326662117, 0.8644419028395228, 0.8266633730707613, 12.532395276744811], "optimization_overhead": 0.33280086517333984, "time_func_eval": 0.8118007183074951}