{"incumbents_value": 0.044200244200244154, "iteration": 74, "runtime": 80.4807059764862, "incumbent": [141.30590827252507, 0.0012455439605692199, 0.052192783625013485, 254.96245345252743, 0.4024182711401533, 0.8497010227818137, 0.8256294363519232, 14.758993146424984], "optimization_overhead": 0.257282018661499, "time_func_eval": 0.2552309036254883}