{"incumbent": [24.862609678669536, 0.006952159888503173, 0.07633479155523928, 74.60465210651569, 0.021929791379044855, 0.6998487544042262, 0.9712809499995049, 14.993342361075307], "iteration": 86, "time_func_eval": 0.08801555633544922, "optimization_overhead": 0.24967217445373535, "incumbents_value": 0.07407407407407407, "runtime": 26.396435022354126}