{"time_func_eval": 0.4488828182220459, "runtime": 7.125407934188843, "incumbents_value": 0.7482117923409108, "iteration": 14, "incumbent": [61.96374370001368, 0.0015939871552593506, 0.0071678397512353435, 63.54285723999646, 0.7954174632902173, 0.8682885018548654, 0.9746107307282732, 14.025814418516564], "optimization_overhead": 0.16525888442993164}