{"time_func_eval": 2.005725145339966, "runtime": 47.72164058685303, "incumbents_value": 0.4699276960983807, "iteration": 49, "incumbent": [140.75042325776343, 0.0005994767644992552, 0.00730219308014268, 292.3474550003492, 0.6401995033791251, 0.7929443629919584, 0.990146487570021, 14.929591913462513], "optimization_overhead": 0.2607591152191162}