{"incumbents_value": 0.2515565080081209, "time_func_eval": 0.18025493621826172, "optimization_overhead": 0.213425874710083, "incumbent": [94.1521482643958, 0.0009480066305871282, 0.005644317945983608, 255.1745850428093, 0.3786518901805703, 0.312082595177944, 0.10943411607540915, 5.34940886180658], "runtime": 48.95759057998657, "iteration": 80}