{"runtime": 4.503335952758789, "optimization_overhead": 0.18152713775634766, "incumbent": [144.5582250150922, 0.008224099880420279, 0.0013511885963665136, 51.18784664821028, 0.02865977677543003, 0.7074178720578577, 0.8721445061738662, 14.693896232558819], "time_func_eval": 0.029078960418701172, "incumbents_value": 0.024691358024691357, "iteration": 20}