{"runtime": 9.738001585006714, "optimization_overhead": 0.25879693031311035, "incumbent": [90.56657265122615, 0.008853542034098771, 0.025533532311902776, 283.244415177963, 0.8803993276192902, 0.6538625045284782, 0.9184626104441739, 5.226088065715343], "time_func_eval": 0.11538529396057129, "incumbents_value": 0.0, "iteration": 39}