{"runtime": 7.175008058547974, "optimization_overhead": 0.18319249153137207, "incumbent": [90.56657265122615, 0.008853542034098771, 0.025533532311902776, 283.244415177963, 0.8803993276192902, 0.6538625045284782, 0.9184626104441739, 5.226088065715343], "time_func_eval": 0.02442312240600586, "incumbents_value": 0.0, "iteration": 30}