{"runtime": 37.654380559921265, "optimization_overhead": 0.24198126792907715, "incumbent": [133.8103272011091, 0.0006408877402006837, 0.017017616946760416, 137.61377119318917, 0.04848775105162266, 0.8965943323129226, 0.8578734492876744, 6.046300720978745], "time_func_eval": 0.15853619575500488, "incumbents_value": 0.4538530283762626, "iteration": 83}