{"runtime": 8.664116859436035, "optimization_overhead": 0.23457050323486328, "incumbent": [135.5228054622072, 0.0028357799316118073, 0.005074867184421802, 276.91671960294855, 0.8944460666810018, 0.3816417816691646, 0.9189182511598027, 13.545722130201657], "time_func_eval": 0.1158902645111084, "incumbents_value": 0.4763021150489182, "iteration": 18}