{"runtime": 1.8950273990631104, "optimization_overhead": 0.000804901123046875, "incumbent": [149.9743116803569, 1e-05, 0.0001, 111.25192809415499, 0.9, 0.09, 0.999, 5.135362136732601], "time_func_eval": 0.16262602806091309, "incumbents_value": 0.5585457094362438, "iteration": 1}