{"optimization_overhead": 0.22136688232421875, "runtime": 4.292618989944458, "incumbent": [97.70165662794373, 0.001826682869860748, 0.0129104464186471, 74.41420155976678, 0.2213046577999661, 0.8755244484028567, 0.6518879768921002, 5.998265511282922], "incumbents_value": 0.47990102662999856, "time_func_eval": 0.06600713729858398, "iteration": 9}