{"optimization_overhead": 0.22268176078796387, "runtime": 3.6392719745635986, "incumbent": [37.19177116844091, 0.00017023070420048856, 0.01432464378415881, 217.98651753102493, 0.24271128683115453, 0.8440501198555279, 0.9615651506270662, 14.662005070193691], "incumbents_value": 0.4952229068503081, "time_func_eval": 0.5315701961517334, "iteration": 7}