{"incumbents_value": 0.06107833686781061, "time_func_eval": 0.16029596328735352, "optimization_overhead": 0.21778059005737305, "incumbent": [148.50594208642897, 0.008799786840849541, 0.002977916609060783, 78.26639538152378, 0.35818775981428735, 0.8397586450553591, 0.2065370423489018, 14.67805824758775], "runtime": 20.802602291107178, "iteration": 55}