{"incumbents_value": 0.08703386785258138, "time_func_eval": 14.936968803405762, "optimization_overhead": 0.23144769668579102, "incumbent": [129.61559847999558, 0.0034355645895755432, 0.003446680560094863, 286.98756965497626, 0.7981682623781919, 0.1030351015891464, 0.9040098401316382, 7.980389457331886], "runtime": 366.47730898857117, "iteration": 26}