{"incumbents_value": 0.08703386785258138, "time_func_eval": 1.1812479496002197, "optimization_overhead": 0.24850964546203613, "incumbent": [129.61559847999558, 0.0034355645895755432, 0.003446680560094863, 286.98756965497626, 0.7981682623781919, 0.1030351015891464, 0.9040098401316382, 7.980389457331886], "runtime": 263.42514538764954, "iteration": 17}