{"optimization_overhead": 0.21404314041137695, "runtime": 4.393489837646484, "incumbent": [14.661154865495467, 0.006793551963446793, 0.01945249958739097, 297.748106308108, 0.8642283466110134, 0.8337001268480367, 0.6978636674307891, 6.20844554925584], "incumbents_value": 0.5727513227513228, "time_func_eval": 0.04647707939147949, "iteration": 16}