{"optimization_overhead": 0.29372382164001465, "runtime": 27.809559106826782, "incumbent": [33.38059811374554, 0.0009654180342767677, 0.010083106541442784, 83.08103379926033, 0.8942257080178958, 0.6662819468502246, 0.4742656546169898, 14.492075910186541], "incumbents_value": 0.45202303143479605, "time_func_eval": 0.04508399963378906, "iteration": 93}