{"optimization_overhead": 0.2375648021697998, "runtime": 25.08895182609558, "incumbent": [83.44436435008109, 0.005441845242777519, 0.011716296302134825, 256.29874291576857, 0.01075496591605667, 0.8386012928847456, 0.929608106502809, 12.756335319375935], "incumbents_value": 0.5048892942189795, "time_func_eval": 0.06951403617858887, "iteration": 84}