{"incumbents_value": 0.1977704764784829, "iteration": 44, "runtime": 2087.5271875858307, "incumbent": [93.76460405090222, 0.007005009359564237, 0.0005955158079828749, 288.8746755326729, 0.6143586914887446, 0.8845935866172806, 0.9611118499977714, 6.7611518558605335], "optimization_overhead": 0.38008999824523926, "time_func_eval": 11.028414011001587}