{"incumbents_value": 0.16983235583903267, "iteration": 88, "runtime": 4625.092671394348, "incumbent": [147.8953657732032, 0.0019781935473793875, 0.002585177337916983, 107.19142439466668, 0.7881567648413487, 0.10456084550620734, 0.34144543081135964, 8.226023645067023], "optimization_overhead": 0.40807390213012695, "time_func_eval": 55.00148963928223}