{"incumbents_value": 0.16983235583903267, "iteration": 65, "runtime": 3238.8267397880554, "incumbent": [147.8953657732032, 0.0019781935473793875, 0.002585177337916983, 107.19142439466668, 0.7881567648413487, 0.10456084550620734, 0.34144543081135964, 8.226023645067023], "optimization_overhead": 0.42225170135498047, "time_func_eval": 2.305448055267334}