{"incumbents_value": 0.16983235583903267, "iteration": 70, "runtime": 3450.939366579056, "incumbent": [147.8953657732032, 0.0019781935473793875, 0.002585177337916983, 107.19142439466668, 0.7881567648413487, 0.10456084550620734, 0.34144543081135964, 8.226023645067023], "optimization_overhead": 0.35959625244140625, "time_func_eval": 17.078479290008545}