{"incumbent": [18.609444292996645, 0.0019966640323795634, 0.0014460968991269571, 277.25898440574247, 0.7761421791528508, 0.6410073494209161, 0.8016555097871253, 6.890442304452807], "iteration": 16, "time_func_eval": 0.010528326034545898, "optimization_overhead": 0.17887520790100098, "incumbents_value": 0.6732804232804233, "runtime": 3.3479833602905273}