{"incumbent": [24.064876153073865, 0.008994220575574828, 0.0018913980264247004, 248.7819475190664, 0.2937984996557091, 0.15133575112992242, 0.19117252941795101, 7.13850082536063], "iteration": 3, "time_func_eval": 0.03269386291503906, "optimization_overhead": 0.1626887321472168, "incumbents_value": 0.7217134717134717, "runtime": 0.3827366828918457}