{"incumbent": [96.3681755944735, 0.00035193382206642103, 0.0015632912748309406, 191.57988983966086, 0.5253468088509646, 0.7983736050011548, 0.9037870130390754, 12.63395101041426], "iteration": 29, "time_func_eval": 0.02517533302307129, "optimization_overhead": 0.21253252029418945, "incumbents_value": 0.6412698412698412, "runtime": 6.408958911895752}