{"incumbent": [147.54567116949937, 0.00997076882605974, 0.014551708960583264, 68.50798087181337, 0.06005614378052654, 0.1534684031145817, 0.7936693631419538, 12.311784340704373], "iteration": 99, "time_func_eval": 0.11466383934020996, "optimization_overhead": 0.2406914234161377, "incumbents_value": 0.5526140526140526, "runtime": 25.80924677848816}