{"incumbent": [18.609444292996645, 0.0019966640323795634, 0.0014460968991269571, 277.25898440574247, 0.7761421791528508, 0.6410073494209161, 0.8016555097871253, 6.890442304452807], "iteration": 10, "time_func_eval": 0.009331703186035156, "optimization_overhead": 0.19635391235351562, "incumbents_value": 0.6732804232804233, "runtime": 1.9232306480407715}