{"incumbents_value": 0.49204940199764113, "time_func_eval": 0.19975852966308594, "optimization_overhead": 0.2211623191833496, "incumbent": [136.99099704364866, 0.00038216047081532524, 0.0002512067951859035, 52.72498435007989, 0.024069830798558654, 0.30932392756102717, 0.3342932581532901, 13.802979215334526], "runtime": 21.41892957687378, "iteration": 26}