{"incumbents_value": 0.4680862622171674, "time_func_eval": 0.9117467403411865, "optimization_overhead": 0.1815476417541504, "incumbent": [12.118346020214906, 0.008666443923488597, 0.0023850650169707386, 70.69887048655514, 0.850203055085017, 0.8856956412096116, 0.545446754473941, 13.010377078227402], "runtime": 32.72325038909912, "iteration": 45}