{"incumbents_value": 0.5284458984715896, "time_func_eval": 8.889829397201538, "optimization_overhead": 0.3021507263183594, "incumbent": [6.739569079954322, 0.009574475982917743, 0.001211420210763737, 211.96110401190867, 0.4963907850049562, 0.10178239971163534, 0.20071270916370562, 9.188231554459843], "runtime": 201.9911892414093, "iteration": 53}