{"incumbents_value": 0.5284458984715896, "time_func_eval": 3.20063853263855, "optimization_overhead": 0.2365734577178955, "incumbent": [6.739569079954322, 0.009574475982917743, 0.001211420210763737, 211.96110401190867, 0.4963907850049562, 0.10178239971163534, 0.20071270916370562, 9.188231554459843], "runtime": 259.4330949783325, "iteration": 71}