{"incumbent": [118.00794662886885, 0.003947123038465804, 0.03422022373378662, 273.88512718767873, 0.8170089731704212, 0.8481486319172032, 0.9800225365402345, 13.517498877743012], "time_func_eval": 23.352420568466187, "optimization_overhead": 0.15340924263000488, "runtime": 145.91244220733643, "iteration": 27, "incumbents_value": 0.4570085229686838}