{"incumbent": [42.09403930262679, 0.009122108031421319, 0.014594993661760583, 50.03177307635468, 0.034648631740708424, 0.31496622955666786, 0.9800826614842253, 5.360650697454412], "time_func_eval": 5.781161069869995, "optimization_overhead": 0.20447754859924316, "runtime": 197.66665196418762, "iteration": 38, "incumbents_value": 0.45554437565940753}