{"incumbent": [42.09403930262679, 0.009122108031421319, 0.014594993661760583, 50.03177307635468, 0.034648631740708424, 0.31496622955666786, 0.9800826614842253, 5.360650697454412], "time_func_eval": 7.016759395599365, "optimization_overhead": 0.18701839447021484, "runtime": 245.43721222877502, "iteration": 51, "incumbents_value": 0.45554437565940753}