{"incumbent": [-218.13082330666623, 203.42987244667074, -847.4610403696596, -423.7145908440985, 3.9113698077715355, -21.941420456317992, -126.0306831138972, 93.65137991521252, -1034.2528021277749, 75.13015571278072, -99.52512484705115, -63.674073996802335, -97.6755393191475, 165.49782097462833, -584.7089191434314, -417.6184029188504, -117.3618669128004, -65.91837522787571, -34.036201676245696, -80.26298875392177, 9.468270712966387, 234.43759503949934, -379.34203469301644, 37.70417382323551, 17.2823876503345, -82.37668590209621, -226.75916237087336, 266.7385634811793, -12.57652878985914, 39.482313854926275, -116.49397200639459, -20.664704964762905, -1055.0640700992433, -252.74805724898425, -56.89145205446428, -8.773256852068869, -72.14545762758101, -172.49721358178388, -709.3264844272562, -111.15941529553305, -85.3727088001344, 34.9479818454823, 17.53569656804251, -215.89127449870782, -951.3825955860443, 282.02563755666586, -162.63582742345227, 46.30685704264276, -233.2620145359031, 122.59868666747343, -104.91681989034532, 91.88623045074019, -143.8503017405101, 38.81730917734163, 47.193330963341054, -210.5196488389727, -288.67105711876854, 31.86420243126281, -261.91681601408584, 23.094142906350996, -5.332163149682202, 157.99538594355977, -487.11695789322096, 23.33665490852337, -7.311853813099191, -39.82622064069258, -230.86569967751828, -23.90727658293911, -536.0986579670903, 346.6099077651252, 19.156372216100237, -44.869905079758794, -49.72152842326071, 22.611885551165386, -108.08785830478973, 60.52002508436158, 116.94989306868968, 13.622454368835946, -30.494948137096287, 52.12179016779483, -271.6880967143502, -336.6514530235215, -26.529260408603562, -39.34219300876181, -130.13003484352043, 27.554624625433604, -781.7022855350665, 46.917857873984474, -102.04836184720463, -50.0158478063338], "time_func_eval": 1.7642974853515625e-05, "iteration": 5, "optimization_overhead": 0.4171171188354492, "runtime": 1.2740468978881836, "incumbents_value": -153120.53702013212}