{"runtime": 10.71906566619873, "optimization_overhead": 0.26723313331604004, "incumbent": [3.222891204956596, 0.007346405404567702, 0.027681227397607863, 269.74365972561145, 0.39120973101094614, 0.27469654326320503, 0.9464929613508202, 14.717776707030941], "time_func_eval": 0.01799750328063965, "incumbents_value": 0.0, "iteration": 46}