{"incumbents_value": 0.6204830917874397, "time_func_eval": 0.022283315658569336, "optimization_overhead": 0.1996920108795166, "incumbent": [129.62623209795706, 0.005357148675824959, 0.08368106953136059, 251.1951578905787, 0.79398214161059, 0.8504599681688282, 0.9896142120254721, 5.3784029291802105], "runtime": 7.943279027938843, "iteration": 32}