{"runtime": 12.903777599334717, "optimization_overhead": 0.18367671966552734, "incumbent": [144.82933409581784, 1e-05, 0.0001, 266.5078184737726, 0.8761636366725939, 0.11559766900541772, 0.7838003261450728, 5.4371292922570325], "time_func_eval": 0.05965590476989746, "incumbents_value": 0.6392801073012333, "iteration": 27}