{"runtime": 11.564123630523682, "optimization_overhead": 0.1999800205230713, "incumbent": [144.82933409581784, 1e-05, 0.0001, 266.5078184737726, 0.8761636366725939, 0.11559766900541772, 0.7838003261450728, 5.4371292922570325], "time_func_eval": 0.235673189163208, "incumbents_value": 0.6392801073012333, "iteration": 23}