{"runtime": 2.527904987335205, "optimization_overhead": 0.21747159957885742, "incumbent": [139.9239431496009, 0.008843156616940464, 0.08993321518402224, 239.18333848354237, 0.17950304431228642, 0.1576071720123136, 0.21724835935815967, 14.844696658858837], "time_func_eval": 0.24375534057617188, "incumbents_value": 0.806997267475747, "iteration": 4}