{"incumbents_value": 0.0, "time_func_eval": 0.5773935317993164, "optimization_overhead": 0.320284366607666, "incumbent": [132.65364008195996, 0.009357391174404471, 0.005735262461935054, 275.94547079167603, 0.5873272485502371, 0.13068468495668245, 0.33639587669475246, 14.525085101396659], "runtime": 112.74931526184082, "iteration": 97}