{"incumbents_value": 0.02641173228608029, "time_func_eval": 0.8513462543487549, "optimization_overhead": 0.0001598199208577474, "incumbent": [93.39201060283679, 0.0076624857299369626, 0.014064417360562397, 241.33867441726682, 0.6188761433842533, 0.12078466803074456, 0.40011670358874585, 8.312894452438353], "runtime": 0.8525006771087646, "iteration": 0}