{"runtime": 2184.2022273540497, "optimization_overhead": 0.4236929416656494, "iteration": 43, "incumbent": [111.18078569231795, 0.007099990952474754, 0.0059201558451405295, 269.9048861244798, 0.8835490709410331, 0.1364239160834625, 0.30560915240988473, 10.39820309112928], "incumbents_value": 0.01576817009749243, "time_func_eval": 91.58519911766052}