{"runtime": 1655.1533682346344, "optimization_overhead": 0.39679694175720215, "iteration": 33, "incumbent": [146.82787151460946, 0.005224118537913549, 0.0014805373468107597, 249.46833297169988, 0.49650392899252915, 0.350742361512401, 0.960304693734919, 6.231758508244526], "incumbents_value": 0.018200906024304686, "time_func_eval": 30.726037740707397}