{"runtime": 1229.8313403129578, "optimization_overhead": 0.4016602039337158, "iteration": 24, "incumbent": [146.82787151460946, 0.005224118537913549, 0.0014805373468107597, 249.46833297169988, 0.49650392899252915, 0.350742361512401, 0.960304693734919, 6.231758508244526], "incumbents_value": 0.018200906024304686, "time_func_eval": 67.00654411315918}