{"runtime": 4559.620270490646, "optimization_overhead": 0.4228794574737549, "iteration": 91, "incumbent": [145.97522626683062, 0.005419253711177039, 0.0027342770620823386, 126.81380175212585, 0.1791131001893406, 0.795925196724484, 0.9718496088149454, 5.314223392485028], "incumbents_value": 0.013627009861401973, "time_func_eval": 56.455591678619385}