{"runtime": 2769.092127084732, "optimization_overhead": 0.3316946029663086, "iteration": 54, "incumbent": [145.97522626683062, 0.005419253711177039, 0.0027342770620823386, 126.81380175212585, 0.1791131001893406, 0.795925196724484, 0.9718496088149454, 5.314223392485028], "incumbents_value": 0.013627009861401973, "time_func_eval": 98.91927218437195}