{"incumbent": [20.21068459058947, 0.0024725361948024624, 0.0004110671560300124, 53.014456339051286, 0.6778885508308047, 0.14762274572943074, 0.7016904614178915, 13.965981962007652], "iteration": 3, "time_func_eval": 0.07401180267333984, "optimization_overhead": 0.2061443328857422, "incumbents_value": 0.5289803339823429, "runtime": 0.7970342636108398}