{"incumbent": [10.402626032505188, 0.0012838862054883157, 0.002433369364155977, 268.92509958770665, 0.18761936370947524, 0.8687671920094096, 0.9552679809880826, 14.920943806688324], "iteration": 63, "time_func_eval": 0.3003523349761963, "optimization_overhead": 0.2619974613189697, "incumbents_value": 0.3710983368679108, "runtime": 24.127548933029175}