{"incumbents_value": 0.7918530791493525, "time_func_eval": 0.3633725643157959, "optimization_overhead": 0.21051454544067383, "incumbent": [22.221656196166382, 0.005385202074465044, 0.026674935352052374, 60.42615701672352, 0.5453028231800251, 0.43434934887943216, 0.5789374006393386, 14.055472088810125], "runtime": 20.874021291732788, "iteration": 6}