{"incumbents_value": 0.63842687300059, "time_func_eval": 0.11720776557922363, "optimization_overhead": 0.37311530113220215, "incumbent": [40.10767621923629, 1e-05, 0.0001, 286.5481157491801, 0.9, 0.4468443319719043, 0.999, 14.359157241649632], "runtime": 59.6821174621582, "iteration": 81}