{"incumbents_value": 0.7208254559002685, "time_func_eval": 0.061925649642944336, "optimization_overhead": 0.1903235912322998, "incumbent": [40.118306878126724, 0.00343545355812964, 0.008507067690915898, 286.6273818776644, 0.7028991428814202, 0.0963155957998064, 0.9788827918494425, 14.236278638850475], "runtime": 8.631840944290161, "iteration": 14}