{"incumbents_value": 0.08432763642557695, "time_func_eval": 62.04687547683716, "optimization_overhead": 0.33669400215148926, "incumbent": [114.59737656157478, 0.009045319727586345, 0.002707967069191015, 239.65667129133982, 0.6632578954786438, 0.3129456044070015, 0.7686847642026889, 14.630986741372956], "runtime": 122.92721199989319, "iteration": 9}