{"incumbents_value": 0.11445415818230509, "time_func_eval": 8.645244359970093, "optimization_overhead": 0.2300400733947754, "incumbent": [115.83810362082414, 0.008994828127923168, 0.0035426124437331584, 183.2932638490689, 0.05050580333654606, 0.8755380876690734, 0.9919110650489108, 14.982394541222899], "runtime": 32.62877559661865, "iteration": 4}