{"incumbents_value": 0.5325644566947497, "time_func_eval": 14.529218196868896, "optimization_overhead": 0.17091941833496094, "incumbent": [105.59340734830897, 0.0015572247444039082, 0.0017221304187260845, 52.52727637020583, 0.8346853676888217, 0.27083078152425843, 0.16367694436657657, 14.235412669907847], "runtime": 43.62014722824097, "iteration": 14}