{"incumbents_value": 0.5284458984715896, "time_func_eval": 1.2693853378295898, "optimization_overhead": 0.3734560012817383, "incumbent": [6.739569079954322, 0.009574475982917743, 0.001211420210763737, 211.96110401190867, 0.4963907850049562, 0.10178239971163534, 0.20071270916370562, 9.188231554459843], "runtime": 399.17330980300903, "iteration": 85}