{"incumbents_value": 0.0, "time_func_eval": 0.08671402931213379, "optimization_overhead": 0.23063397407531738, "incumbent": [149.73370884645533, 0.01, 0.06675004866239996, 111.1155682985797, 0.7398220224228464, 0.8324354497767361, 0.9215168606046246, 14.853930941436712], "runtime": 9.943763494491577, "iteration": 37}