{"incumbents_value": 0.009351155094969976, "time_func_eval": 12.560211896896362, "optimization_overhead": 0.3052365779876709, "incumbent": [145.69580038672854, 0.00026595845311914903, 0.0017020067285538876, 291.48398288264224, 0.2285087731049182, 0.296083002044699, 0.961810910677659, 10.436930016574559], "runtime": 3131.8314533233643, "iteration": 88}