{"incumbents_value": 0.009351155094969976, "time_func_eval": 18.884896516799927, "optimization_overhead": 0.31531238555908203, "incumbent": [145.69580038672854, 0.00026595845311914903, 0.0017020067285538876, 291.48398288264224, 0.2285087731049182, 0.296083002044699, 0.961810910677659, 10.436930016574559], "runtime": 3518.6653306484222, "iteration": 98}