{"incumbents_value": 0.013335643097057481, "time_func_eval": 4.3339831829071045, "optimization_overhead": 0.3803887367248535, "incumbent": [46.1284788649284, 0.002019165763171045, 0.007970805358024297, 298.25094273385133, 0.7605319176752358, 0.13053389210683594, 0.39226964205247383, 12.464895495300638], "runtime": 1737.3874516487122, "iteration": 61}