{"incumbents_value": 0.11980278257923982, "time_func_eval": 0.6184422969818115, "optimization_overhead": 0.21258115768432617, "incumbent": [124.26074751031241, 0.01, 0.0001, 217.36984186503085, 0.6668355550207895, 0.09, 0.1939088500016891, 7.608308357424581], "runtime": 118.48073101043701, "iteration": 38}