{"incumbent": [88.54644911330828, 0.00044236689104909814, 0.008842678550645553, 282.9949182816064, 0.4392216103000697, 0.8144999948207844, 0.9980924669144168, 10.290779340643981], "iteration": 96, "time_func_eval": 0.23174691200256348, "optimization_overhead": 0.19053912162780762, "incumbents_value": 0.07881875059354349, "runtime": 139.85541987419128}