{"incumbent": [133.35692586289872, 0.0007710877603497842, 0.013924021749313753, 234.80319495845143, 0.8527299629557269, 0.4969403856687349, 0.804865796687717, 10.19362461206882], "iteration": 20, "time_func_eval": 0.44764018058776855, "optimization_overhead": 0.1862022876739502, "incumbents_value": 0.08549670009395816, "runtime": 21.7108256816864}