{"incumbent": [88.54644911330828, 0.00044236689104909814, 0.008842678550645553, 282.9949182816064, 0.4392216103000697, 0.8144999948207844, 0.9980924669144168, 10.290779340643981], "iteration": 49, "time_func_eval": 0.6940286159515381, "optimization_overhead": 0.1898331642150879, "incumbents_value": 0.07881875059354349, "runtime": 66.7498950958252}