{"incumbents_value": 0.8424128056779292, "time_func_eval": 0.03936147689819336, "optimization_overhead": 0.23526215553283691, "incumbent": [129.789716942081, 0.0029115637536946378, 0.0054855400676778665, 95.88442424160115, 0.07326764985747376, 0.6657164305467675, 0.38902573946390706, 11.792097895235093], "runtime": 40.56683897972107, "iteration": 42}