{"incumbents_value": 0.8424128056779292, "time_func_eval": 0.3927497863769531, "optimization_overhead": 0.17959070205688477, "incumbent": [129.789716942081, 0.0029115637536946378, 0.0054855400676778665, 95.88442424160115, 0.07326764985747376, 0.6657164305467675, 0.38902573946390706, 11.792097895235093], "runtime": 56.18922805786133, "iteration": 54}