{"incumbents_value": 0.0, "time_func_eval": 0.10546207427978516, "optimization_overhead": 0.2862091064453125, "incumbent": [132.02675153009568, 0.01, 0.009213822219115993, 203.15824122437763, 0.6533343674384252, 0.9, 0.8631935416375237, 14.739662039983338], "runtime": 20.61323308944702, "iteration": 68}