{"incumbents_value": 0.07619047619047614, "time_func_eval": 0.11995100975036621, "optimization_overhead": 0.3086585998535156, "incumbent": [132.17893849375596, 0.0096780680889138, 0.005829861194102478, 203.17638992502322, 0.7790285592773137, 0.8839194020694616, 0.9123538590419734, 14.749181793767757], "runtime": 11.98009181022644, "iteration": 42}