{"incumbents_value": 0.0, "time_func_eval": 0.09442472457885742, "optimization_overhead": 0.37473320960998535, "incumbent": [132.02675153009568, 0.01, 0.009213822219115993, 203.15824122437763, 0.6533343674384252, 0.9, 0.8631935416375237, 14.739662039983338], "runtime": 20.172707557678223, "iteration": 67}