{"incumbents_value": 0.5758241758241758, "time_func_eval": 0.044733524322509766, "optimization_overhead": 0.16347074508666992, "incumbent": [124.8522577201053, 0.009359054329992875, 0.007448338830423339, 197.0699419945351, 0.4278414810380896, 0.41113473203978, 0.973627899721375, 5.1087860274534735], "runtime": 0.8113572597503662, "iteration": 4}