{"incumbents_value": 0.0, "time_func_eval": 0.04087519645690918, "optimization_overhead": 0.22389006614685059, "incumbent": [132.02675153009568, 0.01, 0.009213822219115993, 203.15824122437763, 0.6533343674384252, 0.9, 0.8631935416375237, 14.739662039983338], "runtime": 24.409902095794678, "iteration": 79}