{"incumbents_value": 0.21394557823129257, "time_func_eval": 0.03757667541503906, "optimization_overhead": 0.233748197555542, "incumbent": [18.062824072551404, 0.0059489915641213285, 0.07690235953005928, 290.85799305466884, 0.36928935618524306, 0.8124700425067821, 0.9168472887866924, 14.391442086195404], "runtime": 2.9278931617736816, "iteration": 13}