{"incumbents_value": 0.9751488095238096, "time_func_eval": 0.04382038116455078, "optimization_overhead": 0.2193162441253662, "incumbent": [25.268835934887395, 0.004522459061378319, 0.004518628286241786, 294.02651178447724, 0.30203342283893464, 0.4684210301139251, 0.9734481903917896, 14.858319045055085], "runtime": 65.3502197265625, "iteration": 68}