{"incumbents_value": 0.9805281549962401, "time_func_eval": 0.1264960765838623, "optimization_overhead": 0.1740725040435791, "incumbent": [15.301802671002896, 1e-05, 0.0001, 69.50763344200833, 0.010045793069467165, 0.09, 0.2690250007165345, 15.0], "runtime": 37.37697434425354, "iteration": 36}