{"incumbents_value": 0.9794443029737148, "time_func_eval": 0.6678893566131592, "optimization_overhead": 0.32473158836364746, "incumbent": [13.369651217879737, 0.009290504304498966, 0.0007439269746225354, 50.05322022121346, 0.8263201862958416, 0.4950291399939597, 0.9251674127406819, 6.8941622471906925], "runtime": 51.55988645553589, "iteration": 49}