{"incumbents_value": 0.9885380993150685, "time_func_eval": 0.7885103225708008, "optimization_overhead": 0.5155723094940186, "incumbent": [15.237002415630652, 0.006805708084613603, 0.018452029304169833, 69.64804834894673, 0.1202030491738263, 0.09836568872940414, 0.10187083629315068, 14.857652353325731], "runtime": 5.73679780960083, "iteration": 9}