{"incumbent": [141.25280735609016, 0.008364711248188019, 0.0006176148818952392, 53.08479230030787, 0.7058500776565658, 0.7447805447248149, 0.5732095715878878, 5.70676121013469], "iteration": 62, "time_func_eval": 0.2924013137817383, "optimization_overhead": 0.19166970252990723, "incumbents_value": 0.04609719046041427, "runtime": 63.53311109542847}