{"incumbent": [25.871561940461078, 0.009752806264629096, 0.002150350084641728, 207.67089512130795, 0.7934388804510183, 0.0985625505838011, 0.22151281652297028, 5.32416117133525], "iteration": 27, "time_func_eval": 0.6803786754608154, "optimization_overhead": 0.16431021690368652, "incumbents_value": 0.055286168202613895, "runtime": 25.05789566040039}