{"incumbent": [8.421671861292008, 0.0006141903684953664, 0.001443174090980971, 119.96800564887606, 0.7787245354573427, 0.49343419598439087, 0.9314032504473345, 13.112267647279657], "iteration": 49, "time_func_eval": 0.46663928031921387, "optimization_overhead": 0.18973517417907715, "incumbents_value": 0.04833137202305615, "runtime": 48.54312872886658}