{"time_func_eval": 0.1216576099395752, "incumbent": [84.80815368096819, 0.00994729504368414, 0.06273772635725244, 150.0365381442418, 0.16157524802088827, 0.5206412795812585, 0.552689036198299, 14.546785115616904], "runtime": 1.9710283279418945, "optimization_overhead": 0.00015346209208170572, "iteration": 1, "incumbents_value": 0.19215604832746902}