{"incumbent": [776.3913361717315, 164.00122403684432, 5157.854552194874, 321.95587887023777, 0.7374189173166965, 0.3661419818937323, 745.9002595722369, 27022.72214856465, 28195.745313441512, 2070.175293397892], "time_func_eval": 1.4781951904296875e-05, "iteration": 86, "optimization_overhead": 0.4770355224609375, "runtime": 28.515894651412964, "incumbents_value": -2293984.1771863713}