{"time_func_eval": 0.1581130027770996, "runtime": 4.084619998931885, "incumbents_value": 0.9924799010513297, "iteration": 10, "incumbent": [147.82911223412424, 0.0002998537826782075, 0.0011712776417870305, 68.06723162079501, 0.6715250306868225, 0.10905221365507099, 0.8858574647845278, 12.224355515449252], "optimization_overhead": 0.18274855613708496}