{"time_func_eval": 0.10081648826599121, "runtime": 44.418437004089355, "incumbents_value": 0.9652029826014913, "iteration": 80, "incumbent": [15.894805626948099, 0.009809478602708312, 0.006822363429533436, 84.96434830804179, 0.015264784123050799, 0.169565914095401, 0.5610574419387454, 5.961581229785336], "optimization_overhead": 0.19318222999572754}