{"incumbents_value": 0.4932870727650015, "time_func_eval": 0.06870293617248535, "optimization_overhead": 0.22993183135986328, "incumbent": [24.36347977751981, 0.007663180814069922, 0.009263814313702495, 295.56615121270085, 0.7860179252543159, 0.7716944198801855, 0.8362407604198897, 7.480526117016466], "runtime": 19.37969970703125, "iteration": 26}