{"incumbents_value": 0.8012108069034065, "time_func_eval": 0.02268218994140625, "optimization_overhead": 0.20128870010375977, "incumbent": [3.281747932535903, 0.0001143166869326118, 0.0003669717071515574, 114.77241987633907, 0.7057590808657241, 0.7019674261662012, 0.7655158442323221, 7.102814904836574], "runtime": 2.243561267852783, "iteration": 6}