{"incumbents_value": 0.543164153689361, "time_func_eval": 0.5045111179351807, "optimization_overhead": 0.23880553245544434, "incumbent": [134.74631351772658, 0.01, 0.0001, 178.5527221663328, 0.8959666448156753, 0.9, 0.999, 11.578604748921325], "runtime": 18.66199803352356, "iteration": 24}