{"runtime": 47.45131254196167, "optimization_overhead": 0.16563177108764648, "incumbent": [117.33121969458588, 0.009139319411074695, 0.020223121416262875, 271.0799757768123, 0.7493183256728424, 0.8233737189015812, 0.9923155703621012, 6.686203327237502], "time_func_eval": 0.5241477489471436, "incumbents_value": 0.5905466951261009, "iteration": 27}