{"runtime": 185.883234500885, "optimization_overhead": 0.2090451717376709, "incumbent": [148.05386508521212, 0.008709074296437346, 0.001329852819979551, 75.99605536909851, 0.1839238924324847, 0.7201401511717368, 0.7960558733351107, 8.166160953308614], "time_func_eval": 0.5064489841461182, "incumbents_value": 0.5736855736855737, "iteration": 79}