{"runtime": 218.55260014533997, "optimization_overhead": 0.24996185302734375, "incumbent": [148.05386508521212, 0.008709074296437346, 0.001329852819979551, 75.99605536909851, 0.1839238924324847, 0.7201401511717368, 0.7960558733351107, 8.166160953308614], "time_func_eval": 4.005833387374878, "incumbents_value": 0.5736855736855737, "iteration": 86}