{"incumbents_value": 0.14586866486727734, "time_func_eval": 0.6517419815063477, "optimization_overhead": 0.00017372767130533853, "incumbent": [133.8289955648579, 0.004592341279221337, 0.07453660569577657, 215.47290670843688, 0.5465135764218612, 0.2861745334233818, 0.22693039248617197, 11.597176491342031], "runtime": 6.944882869720459, "iteration": 1}