{"incumbents_value": 0.1184356082843755, "time_func_eval": 10.267740726470947, "optimization_overhead": 0.19520139694213867, "incumbent": [99.77990281378553, 0.0015407471950635802, 0.005027772424087847, 77.41934084106514, 0.29070083565243615, 0.8368729196720498, 0.4278936356969867, 12.172526602668633], "runtime": 485.33581018447876, "iteration": 77}