{"incumbents_value": 0.1184356082843755, "time_func_eval": 0.29552698135375977, "optimization_overhead": 0.19324326515197754, "incumbent": [99.77990281378553, 0.0015407471950635802, 0.005027772424087847, 77.41934084106514, 0.29070083565243615, 0.8368729196720498, 0.4278936356969867, 12.172526602668633], "runtime": 466.1162848472595, "iteration": 74}