{"incumbents_value": 0.022239966614471807, "time_func_eval": 30.54943346977234, "optimization_overhead": 0.3485703468322754, "incumbent": [100.85195609777452, 0.0017619096495297536, 0.00471466504518812, 205.195953278556, 0.8303308176573534, 0.2995939989269354, 0.6522756627761348, 13.785172384102388], "runtime": 1600.4209849834442, "iteration": 63}