{"incumbents_value": 0.016265327317320555, "time_func_eval": 59.88310194015503, "optimization_overhead": 0.2024521827697754, "incumbent": [136.56053789425957, 0.003049767581135126, 0.000648539053764611, 294.07170500977696, 0.678140363790304, 0.2042420887655325, 0.2582589456616751, 8.809700460590978], "runtime": 2147.759646177292, "iteration": 76}