{"incumbents_value": 0.9134926163053547, "time_func_eval": 1.5396475791931152, "optimization_overhead": 0.2341601848602295, "incumbent": [98.25552955935206, 0.008624208433834556, 0.00027037152460542485, 292.4496955432685, 0.03841103476071532, 0.22562702993184425, 0.3631811970586398, 6.409813840753174], "runtime": 27.95665955543518, "iteration": 21}