{"incumbent": [657.1884849525603, 469.2672811299, 73887.65325150936, 307.4522825427855, 0.3109819183850252, 1.0, 815.4243088728803, 27524.88479781976, 3925.1872357735974, 525.7640825988842], "time_func_eval": 1.4066696166992188e-05, "iteration": 30, "optimization_overhead": 0.1900641918182373, "runtime": 3.4013044834136963, "incumbents_value": -1689977.9682878407}