{"incumbent": [127.08924554616564, 0.007488092509547854, 0.09636748847659882, 133.38633190379983, 0.13848920055643157, 0.11335103602275758, 0.940624032180328, 6.971760974811964], "iteration": 54, "time_func_eval": 4.3537983894348145, "optimization_overhead": 0.19275593757629395, "incumbents_value": 0.04180868242568436, "runtime": 52.23670792579651}