{"incumbent": [127.08924554616564, 0.007488092509547854, 0.09636748847659882, 133.38633190379983, 0.13848920055643157, 0.11335103602275758, 0.940624032180328, 6.971760974811964], "iteration": 37, "time_func_eval": 1.492466688156128, "optimization_overhead": 0.1878201961517334, "incumbents_value": 0.04180868242568436, "runtime": 35.01313519477844}