{"incumbent": [149.9743116803569, 1e-05, 0.0001, 111.25192809415499, 0.9, 0.09, 0.999, 5.135362136732601], "runtime": 10.398962497711182, "iteration": 36, "time_func_eval": 0.01860833168029785, "incumbents_value": 0.6917595048629531, "optimization_overhead": 0.375518798828125}