{"incumbents_value": 0.01683933451760289, "time_func_eval": 5.00536584854126, "optimization_overhead": 0.19158554077148438, "incumbent": [144.1831664038462, 0.009783981828267906, 0.0023502319108303148, 77.02147105365604, 0.6005505739907802, 0.12208914909915008, 0.749933380991321, 11.518987985861873], "runtime": 2980.2029798030853, "iteration": 86}