{"incumbents_value": 0.01683933451760289, "time_func_eval": 21.874943494796753, "optimization_overhead": 0.3582439422607422, "incumbent": [144.1831664038462, 0.009783981828267906, 0.0023502319108303148, 77.02147105365604, 0.6005505739907802, 0.12208914909915008, 0.749933380991321, 11.518987985861873], "runtime": 3367.757153749466, "iteration": 99}