{"incumbents_value": 0.01881498562593109, "time_func_eval": 48.81627440452576, "optimization_overhead": 0.5040652751922607, "incumbent": [41.72066996495988, 0.008926769468039738, 0.004613162438300125, 135.82270607492688, 0.035151998154490806, 0.09524858400616912, 0.11944511855211093, 5.1682780969854], "runtime": 2835.1629939079285, "iteration": 80}