{"runtime": 16.479462146759033, "optimization_overhead": 0.1844491958618164, "incumbent": [114.01855445324253, 0.009031222181541863, 0.004192914245901553, 108.1756848960097, 0.1412221714972429, 0.8789342123173587, 0.9458095672354377, 13.208114713960219], "time_func_eval": 2.9305098056793213, "incumbents_value": 0.5887706870309461, "iteration": 14}