{"incumbent": [83.92160951456042, 0.009330310924162638, 0.07777515768715719, 208.95467803683434, 0.8972455631190285, 0.19672707283453578, 0.21348398670511232, 12.940366010304594], "iteration": 66, "time_func_eval": 0.07411837577819824, "optimization_overhead": 0.1923973560333252, "incumbents_value": 0.04553224905814035, "runtime": 64.98576354980469}