{"incumbent": [115.63876908932541, 0.00025124612294738984, 0.05423746012468175, 59.84631789378038, 0.7510950658830438, 0.46698312577615264, 0.9653726174462786, 6.547941189426593], "iteration": 1, "time_func_eval": 1.0043210983276367, "optimization_overhead": 0.001378774642944336, "incumbents_value": 0.056359684302492496, "runtime": 1.5350100994110107}