{"incumbent": [143.38048521185584, 0.0018673320082214348, 0.013865502319420254, 74.54135086994918, 0.04067473138333423, 0.5264363018930414, 0.940369348609534, 13.201277624966336], "iteration": 10, "time_func_eval": 0.3533506393432617, "optimization_overhead": 0.18583893775939941, "incumbents_value": 0.3847048326182074, "runtime": 10.067726373672485}