{"incumbent": [121.54809375086393, 0.0001447319592830288, 0.0025299274896991996, 237.55660376362795, 0.04168769763343086, 0.44146615878114315, 0.21513303250993274, 13.576688873481563], "iteration": 75, "time_func_eval": 0.05067849159240723, "optimization_overhead": 0.19614529609680176, "incumbents_value": 0.35468584622501653, "runtime": 122.58352732658386}