{"incumbents_value": 0.5381754252721995, "time_func_eval": 2.869504928588867, "optimization_overhead": 0.3179008960723877, "incumbent": [110.37586689886214, 0.007448306490186969, 0.002386457068727306, 231.3648399949125, 0.7227575104315094, 0.882428989167354, 0.8984310562624968, 12.976075958058537], "runtime": 98.26179480552673, "iteration": 46}