{"incumbents_value": 0.6187658821392718, "time_func_eval": 0.08340120315551758, "optimization_overhead": 0.16158509254455566, "incumbent": [144.50375943957565, 0.01, 0.0001, 121.31268138972776, 0.01, 0.09, 0.8269488143212923, 14.22367006378185], "runtime": 36.51605749130249, "iteration": 16}