{"incumbents_value": 0.5381754252721995, "time_func_eval": 15.904242753982544, "optimization_overhead": 0.3225724697113037, "incumbent": [110.37586689886214, 0.007448306490186969, 0.002386457068727306, 231.3648399949125, 0.7227575104315094, 0.882428989167354, 0.8984310562624968, 12.976075958058537], "runtime": 115.27088475227356, "iteration": 48}