{"incumbents_value": 0.11772965596495011, "iteration": 6, "runtime": 3.163684606552124, "incumbent": [96.74679613257788, 0.0003132135065538735, 0.028286175513458953, 278.9658459084187, 0.20500388326662117, 0.8644419028395228, 0.8266633730707613, 12.532395276744811], "optimization_overhead": 0.272674560546875, "time_func_eval": 0.3707153797149658}