{"incumbents_value": 0.11362307143442008, "iteration": 17, "runtime": 14.246469736099243, "incumbent": [114.48887532474605, 0.009382234172609232, 0.013250081357883272, 268.55372000478087, 0.7914551174592891, 0.8415322435263908, 0.9261976460664235, 14.79958428201006], "optimization_overhead": 0.243194580078125, "time_func_eval": 3.1550588607788086}