{"runtime": 29.691423177719116, "optimization_overhead": 0.481290340423584, "iteration": 18, "incumbent": [14.041085283343014, 0.0019122405429280688, 0.027493939414846118, 256.6909652148106, 0.1015083426263767, 0.8642803005942716, 0.9987957038793006, 12.774064906368912], "incumbents_value": 0.03006467268384072, "time_func_eval": 1.1173794269561768}