{"runtime": 38.58658742904663, "optimization_overhead": 0.54213547706604, "iteration": 23, "incumbent": [129.00432043370438, 0.001028722006106406, 0.006577663941511161, 67.83831943026784, 0.7795617784223248, 0.8567739673627787, 0.7790649590082973, 6.936255307589051], "incumbents_value": 0.02149232289238101, "time_func_eval": 2.7964041233062744}