{"runtime": 133.88408493995667, "optimization_overhead": 0.48824286460876465, "iteration": 66, "incumbent": [148.72712850682393, 0.0009858035160142827, 0.003813078490077177, 248.9287807041232, 0.8190947042595331, 0.734962305945747, 0.8879580126970174, 10.630129056895385], "incumbents_value": 0.019705120023932876, "time_func_eval": 9.456923246383667}