{"incumbents_value": 0.811142061281337, "time_func_eval": 0.13168001174926758, "optimization_overhead": 0.273266077041626, "incumbent": [118.35297398948103, 0.0007213322118516164, 0.02004649961121913, 93.4176583197995, 0.28249062827033433, 0.8947981051175723, 0.7076702116076445, 12.833526285516978], "runtime": 15.635327100753784, "iteration": 40}