{"runtime": 9.977456331253052, "incumbent": [144.4112906162245, 0.0009876636619245353, 0.03392426730037004, 265.4767849269202, 0.4555754436373458, 0.17981252094524686, 0.4478815130995736, 5.541600992472974], "optimization_overhead": 0.29638123512268066, "time_func_eval": 0.54880690574646, "iteration": 12, "incumbents_value": 0.0444444444444444}