{"runtime": 72.22157406806946, "incumbent": [108.46740725831334, 0.0004291693965881608, 0.004886772722912657, 241.05262135184708, 0.15402007429361042, 0.1703349233944337, 0.3486159299050308, 13.985965009169094], "optimization_overhead": 0.3734467029571533, "time_func_eval": 0.7260487079620361, "iteration": 73, "incumbents_value": 0.0}