{"runtime": 47.649142265319824, "incumbent": [108.46740725831334, 0.0004291693965881608, 0.004886772722912657, 241.05262135184708, 0.15402007429361042, 0.1703349233944337, 0.3486159299050308, 13.985965009169094], "optimization_overhead": 0.4983406066894531, "time_func_eval": 0.9991936683654785, "iteration": 49, "incumbents_value": 0.0}