{"incumbent": [132.57788319816447, 0.01, 0.0001, 75.25716260735406, 0.8389934938365109, 0.7021366833437881, 0.6955789682398302, 7.240203101968898], "iteration": 42, "time_func_eval": 3.5232365131378174, "optimization_overhead": 0.25321173667907715, "incumbents_value": 0.11052732159167555, "runtime": 52.99013924598694}