{"incumbent": [114.18924466865434, 0.01, 0.0001, 290.0561462337352, 0.540461460410133, 0.40633708673216096, 0.4471601357603443, 15.0], "iteration": 89, "time_func_eval": 2.2287752628326416, "optimization_overhead": 0.30173563957214355, "incumbents_value": 0.044049779379846, "runtime": 339.16729712486267}