{"incumbent": [132.7693199195643, 0.0014597837551505511, 0.003553479103160055, 75.38116296249132, 0.7529936057136519, 0.8517458015545744, 0.8755986437623283, 7.242388885978746], "iteration": 30, "time_func_eval": 1.0162358283996582, "optimization_overhead": 0.2229292392730713, "incumbents_value": 0.3936635988801762, "runtime": 21.684276819229126}