{"runtime": 368.4964187145233, "optimization_overhead": 0.3504176139831543, "iteration": 19, "incumbent": [145.62433215500755, 0.0019228981589456892, 0.005573273058609371, 131.39426246741306, 0.20537296862947127, 0.8941885875852287, 0.879146444494965, 14.41505298938742], "incumbents_value": 0.0012023229221153064, "time_func_eval": 7.990583181381226}