{"runtime": 1003.8874936103821, "optimization_overhead": 0.4267151355743408, "iteration": 54, "incumbent": [26.54870674894865, 0.001465026208056724, 0.006649403046079438, 296.51834068510595, 0.16222637074027463, 0.5626607912990256, 0.42727481119021093, 14.0193828229907], "incumbents_value": 0.0, "time_func_eval": 2.2462096214294434}