{"incumbent": [146.52432083493528, 0.008106600114610818, 0.004521564555469886, 143.83172520549743, 0.07692161797700693, 0.7880193308688533, 0.9563818048696267, 10.673697283376534], "iteration": 9, "time_func_eval": 0.9103984832763672, "optimization_overhead": 0.17383027076721191, "incumbents_value": 0.8667222197939688, "runtime": 9.211556196212769}