{"incumbent": [130.68219949372644, 1e-05, 0.0001, 204.25230396548884, 0.01, 0.5588875381665213, 0.49482945799390676, 14.243525236149607], "iteration": 76, "time_func_eval": 1.7983636856079102, "optimization_overhead": 0.2702803611755371, "incumbents_value": 0.05298321054539312, "runtime": 246.25069117546082}