{"incumbent": [139.2068847903919, 0.009953384779229576, 0.0001, 113.96488150781597, 0.5706853307397527, 0.48252859511894636, 0.2567634093063417, 12.56581685021825], "iteration": 38, "time_func_eval": 5.513369560241699, "optimization_overhead": 0.18152976036071777, "incumbents_value": 0.09544826017121333, "runtime": 60.64791798591614}