{"incumbent": [130.68219949372644, 1e-05, 0.0001, 204.25230396548884, 0.01, 0.5588875381665213, 0.49482945799390676, 14.243525236149607], "iteration": 67, "time_func_eval": 8.950163125991821, "optimization_overhead": 0.2970461845397949, "incumbents_value": 0.05298321054539312, "runtime": 198.71048283576965}