{"incumbent": [139.1923528672815, 1e-05, 0.0001, 113.93289779809743, 0.5902571134311588, 0.15265465844100545, 0.17496190340273407, 12.47589146981162], "iteration": 58, "time_func_eval": 4.943740606307983, "optimization_overhead": 0.2645988464355469, "incumbents_value": 0.09324844260041087, "runtime": 136.06864762306213}