{"incumbent": [130.68219949372644, 1e-05, 0.0001, 204.25230396548884, 0.01, 0.5588875381665213, 0.49482945799390676, 14.243525236149607], "iteration": 63, "time_func_eval": 8.708621263504028, "optimization_overhead": 0.24455809593200684, "incumbents_value": 0.05298321054539312, "runtime": 168.8007698059082}