{"incumbents_value": 0.7771084230137821, "time_func_eval": 11.051798582077026, "optimization_overhead": 0.2603917121887207, "incumbent": [19.34922429042697, 0.006086380203500945, 0.010697272696062422, 58.130145292241934, 0.016048043167296216, 0.8361594214578305, 0.8213061334758873, 14.863725913923142], "runtime": 241.98921871185303, "iteration": 79}