{"incumbents_value": 0.7771084230137821, "time_func_eval": 0.2888679504394531, "optimization_overhead": 0.33641862869262695, "incumbent": [19.34922429042697, 0.006086380203500945, 0.010697272696062422, 58.130145292241934, 0.016048043167296216, 0.8361594214578305, 0.8213061334758873, 14.863725913923142], "runtime": 230.6668779850006, "iteration": 78}