{"incumbents_value": 0.3872427244520268, "time_func_eval": 0.25568723678588867, "optimization_overhead": 0.2664172649383545, "incumbent": [68.64556147795278, 0.005047215379686739, 0.03861889152321685, 212.40591680157982, 0.3672781426348105, 0.891043308680065, 0.9855056637297881, 13.032117154880332], "runtime": 25.73816204071045, "iteration": 88}