{"incumbents_value": 0.8014308041119109, "time_func_eval": 0.21632909774780273, "optimization_overhead": 0.22178244590759277, "incumbent": [3.4067336595712567, 0.0021944901918300296, 0.0005215216501611372, 54.265052036535764, 0.7789141527716448, 0.8188676470976696, 0.13003459969062234, 7.329670585034855], "runtime": 51.78158378601074, "iteration": 64}