{"incumbent": [141.47927732464984, 1e-05, 0.0001, 254.8230269059757, 0.37004155964379015, 0.09, 0.0999, 6.6106346886254475], "iteration": 36, "time_func_eval": 1.0652048587799072, "optimization_overhead": 0.2743678092956543, "incumbents_value": 0.09380589236831582, "runtime": 79.63340640068054}