{"incumbent": [141.30898761176107, 0.01, 0.0001, 254.7477708988833, 0.01, 0.09, 0.0999, 6.8190342674104105], "iteration": 84, "time_func_eval": 0.7060267925262451, "optimization_overhead": 0.2602555751800537, "incumbents_value": 0.09117827467983697, "runtime": 190.89760875701904}