{"incumbent": [141.47927732464984, 1e-05, 0.0001, 254.8230269059757, 0.37004155964379015, 0.09, 0.0999, 6.6106346886254475], "iteration": 44, "time_func_eval": 1.305816650390625, "optimization_overhead": 0.323225736618042, "incumbents_value": 0.09380589236831582, "runtime": 95.01266503334045}