{"runtime": 56.73999857902527, "optimization_overhead": 0.26262950897216797, "incumbent": [140.3717195818327, 0.0008968449193330466, 0.007702814715167634, 64.52985123684294, 0.27372030904444916, 0.5506190607893993, 0.19769496140790516, 6.159862815465727], "time_func_eval": 0.14462828636169434, "incumbents_value": 0.6050768761291125, "iteration": 98}