{"runtime": 116.86230230331421, "optimization_overhead": 0.2743961811065674, "incumbent": [114.01855445324253, 0.009031222181541863, 0.004192914245901553, 108.1756848960097, 0.1412221714972429, 0.8789342123173587, 0.9458095672354377, 13.208114713960219], "time_func_eval": 5.287633895874023, "incumbents_value": 0.7485440021490657, "iteration": 56}