{"incumbents_value": 0.0739657531015614, "time_func_eval": 0.1515636444091797, "optimization_overhead": 0.17423510551452637, "incumbent": [140.31427808808695, 0.001370600699126823, 0.008452040559010422, 202.96101952743314, 0.34123457794316325, 0.8633996417903856, 0.7391244068115392, 12.51634195153239], "runtime": 4.286926031112671, "iteration": 16}