{"time_func_eval": 1.1080520153045654, "runtime": 14.269935846328735, "incumbents_value": 0.7956663086287147, "iteration": 24, "incumbent": [23.01772309144819, 0.0029352944344266355, 0.0020147812061253115, 50.844462955833514, 0.08366702270061681, 0.5351011754165772, 0.10260705118074404, 7.571739575376107], "optimization_overhead": 0.1749887466430664}