{"runtime": 91.20592617988586, "optimization_overhead": 0.2039937973022461, "incumbent": [116.38251352721572, 0.000218562669655579, 0.014473281484675922, 243.2812154417641, 0.03115446675676109, 0.8564937423210779, 0.8568844010485259, 7.386978029937616], "time_func_eval": 7.826209783554077, "incumbents_value": 0.5262792259162495, "iteration": 67}