{"runtime": 44.978330850601196, "optimization_overhead": 0.27628445625305176, "incumbent": [18.628722623022856, 0.008821098564297995, 0.01017803975421144, 141.90612381442241, 0.893526198630494, 0.685487507472098, 0.3368121177166058, 13.727045363501219], "time_func_eval": 1.2701444625854492, "incumbents_value": 0.5325536062378167, "iteration": 36}