{"runtime": 23.012949228286743, "optimization_overhead": 0.16415739059448242, "incumbent": [114.01855445324253, 0.009031222181541863, 0.004192914245901553, 108.1756848960097, 0.1412221714972429, 0.8789342123173587, 0.9458095672354377, 13.208114713960219], "time_func_eval": 1.1441154479980469, "incumbents_value": 0.6006251307336022, "iteration": 13}