{"runtime": 59.949228286743164, "incumbent": [142.36363899453445, 0.0038879854258229013, 0.010602526117307413, 239.87954218313843, 0.22353745415161508, 0.6993512516830804, 0.5367382937718056, 14.922404271873098], "optimization_overhead": 0.27876853942871094, "time_func_eval": 1.2484581470489502, "iteration": 33, "incumbents_value": 0.26778561896866504}