{"runtime": 93.57538175582886, "incumbent": [142.36363899453445, 0.0038879854258229013, 0.010602526117307413, 239.87954218313843, 0.22353745415161508, 0.6993512516830804, 0.5367382937718056, 14.922404271873098], "optimization_overhead": 0.30559206008911133, "time_func_eval": 0.604499101638794, "iteration": 49, "incumbents_value": 0.26778561896866504}