{"runtime": 9.432295799255371, "incumbent": [141.79984052931712, 0.009112762967464477, 0.00548599168839597, 93.85482782134248, 0.8724498509348736, 0.7453403323699139, 0.9285267089152124, 8.72674484940023], "optimization_overhead": 0.307750940322876, "time_func_eval": 0.09794282913208008, "iteration": 6, "incumbents_value": 0.29797829230424133}