{"runtime": 36.48451638221741, "incumbent": [128.1983033385294, 0.004428198187532069, 0.005486060452878756, 291.67788060526595, 0.14673949304341213, 0.26848909995855924, 0.8936185921492026, 12.198142567865299], "optimization_overhead": 0.28696513175964355, "time_func_eval": 1.2345447540283203, "iteration": 24, "incumbents_value": 0.2823999865786403}