{"incumbents_value": 0.1183763408009515, "time_func_eval": 0.31978702545166016, "optimization_overhead": 7.780392964680989e-05, "incumbent": [28.132254674315504, 0.009410526424277999, 0.04370079275146407, 281.928318226599, 0.7178867938423436, 0.3709019625041736, 0.20646353298129166, 8.801982077998604], "runtime": 0.32044100761413574, "iteration": 0}