{"incumbents_value": 0.13059587471352185, "time_func_eval": 0.19193530082702637, "optimization_overhead": 0.2663900852203369, "incumbent": [117.16116719094931, 0.00880391610356475, 0.011845548215680731, 63.14591346454327, 0.12500160476311717, 0.8243488781106052, 0.9618569993422516, 5.860689566985702], "runtime": 27.27363610267639, "iteration": 75}