{"optimization_overhead": 0.33026599884033203, "runtime": 31.936053037643433, "incumbent": [134.00614558492214, 6.283622286581077e-05, 0.025544245724356773, 70.77163565503857, 0.04613374600241515, 0.2456915042099607, 0.9566972995148704, 14.540570143217167], "incumbents_value": 0.45902807754497543, "time_func_eval": 0.15909314155578613, "iteration": 68}