{"optimization_overhead": 0.2276618480682373, "runtime": 12.69184923171997, "incumbent": [41.259746444416216, 0.009754498107450355, 0.06078471908853284, 184.50625248347723, 0.8450444710710463, 0.8724748623699438, 0.7282617822009142, 14.60305522470332], "incumbents_value": 0.46023326763330275, "time_func_eval": 0.21487998962402344, "iteration": 28}