{"optimization_overhead": 0.35299205780029297, "runtime": 38.26310133934021, "incumbent": [134.00614558492214, 6.283622286581077e-05, 0.025544245724356773, 70.77163565503857, 0.04613374600241515, 0.2456915042099607, 0.9566972995148704, 14.540570143217167], "incumbents_value": 0.45902807754497543, "time_func_eval": 0.04996085166931152, "iteration": 79}