{"optimization_overhead": 0.27669215202331543, "runtime": 10.785206079483032, "incumbent": [41.259746444416216, 0.009754498107450355, 0.06078471908853284, 184.50625248347723, 0.8450444710710463, 0.8724748623699438, 0.7282617822009142, 14.60305522470332], "incumbents_value": 0.46023326763330275, "time_func_eval": 0.18292689323425293, "iteration": 24}