{"incumbents_value": 0.2256831410070378, "time_func_eval": 4.280665397644043, "optimization_overhead": 0.26535654067993164, "incumbent": [105.24270152759594, 0.000294041910354252, 0.00840875847487573, 274.72397821313666, 0.8983498168820693, 0.4519680697828643, 0.7492990401002392, 14.502340300528513], "runtime": 127.30057692527771, "iteration": 27}