{"incumbents_value": 0.21354814405897693, "time_func_eval": 0.5984795093536377, "optimization_overhead": 0.26598572731018066, "incumbent": [141.11969166874746, 0.0028084568154901645, 0.0002700445759048376, 144.277001306249, 0.0371774203044097, 0.7749005326404494, 0.9528919892696414, 13.015956105223959], "runtime": 267.31605195999146, "iteration": 53}