{"incumbents_value": 0.19786449899507408, "time_func_eval": 0.18469762802124023, "optimization_overhead": 0.32090115547180176, "incumbent": [122.0355534306372, 0.008443747450829802, 0.010677181967968092, 65.12977104940353, 0.8892625138002982, 0.8128017323939603, 0.8745221273023819, 14.768721701273977], "runtime": 315.30954027175903, "iteration": 71}