{"incumbents_value": 0.11223344556677883, "time_func_eval": 0.01521754264831543, "optimization_overhead": 0.2674846649169922, "incumbent": [56.170472778697736, 0.0094169660286542, 0.08516611098802439, 131.80099682163774, 0.022798356198294057, 0.8949046922153102, 0.748151370723386, 14.79189849210989], "runtime": 26.831225872039795, "iteration": 83}