{"runtime": 111.67640900611877, "optimization_overhead": 0.2255687713623047, "incumbent": [141.3660905840294, 0.0018575576819206442, 0.003477947810821048, 97.08025813701721, 0.3332294079987256, 0.8831700231669687, 0.629656319259193, 14.958805953449447], "time_func_eval": 3.370020627975464, "incumbents_value": 0.49145832301992964, "iteration": 87}