{"runtime": 93.9034514427185, "optimization_overhead": 0.22725486755371094, "incumbent": [141.5512820884605, 0.008675179858512244, 0.00394819449668521, 246.84861794470075, 0.7356683640066025, 0.8846000745534826, 0.6951827976226339, 13.768860419080239], "time_func_eval": 1.0604376792907715, "incumbents_value": 0.5186787676956869, "iteration": 76}