{"runtime": 42.96903681755066, "optimization_overhead": 0.2879455089569092, "incumbent": [12.80605956723054, 0.008833999893231737, 0.0022121143558563395, 213.1110105654513, 0.034967239836676, 0.8972355546685381, 0.9445509573028843, 6.088487845581518], "time_func_eval": 0.10421323776245117, "incumbents_value": 0.5618272165994769, "iteration": 43}