{"runtime": 17.139544010162354, "optimization_overhead": 0.22678804397583008, "incumbent": [137.17435292804575, 0.0007801180648152888, 0.0029819252272478497, 184.81371990780087, 0.8420942770127996, 0.5406675172385403, 0.7140141257379725, 14.209805663587598], "time_func_eval": 0.05244636535644531, "incumbents_value": 0.058232090490154875, "iteration": 61}