{"incumbents_value": 0.1332672618188947, "time_func_eval": 0.07693052291870117, "optimization_overhead": 0.1692981719970703, "incumbent": [107.16436989077789, 0.00028967123999691115, 0.003181179468002659, 251.3959411171578, 0.14331852975541137, 0.7677521331644532, 0.9837148689663466, 14.954619498953756], "runtime": 7.186975002288818, "iteration": 22}