{"incumbents_value": 0.22921859240644815, "time_func_eval": 0.15860390663146973, "optimization_overhead": 0.1710371971130371, "incumbent": [42.36794286748731, 0.0008790396228055543, 0.09278447263039985, 165.19352060199395, 0.7754753983911145, 0.16527728589553592, 0.5254807269166781, 13.558756899784939], "runtime": 0.6615002155303955, "iteration": 3}