{"incumbent": [101.13311751807882, 0.003938679704170033, 0.0053586194826593875, 78.44413534143148, 0.8226073531634049, 0.8531271774435338, 0.9156047536288767, 5.713042164063623], "iteration": 3, "time_func_eval": 0.21735668182373047, "optimization_overhead": 0.18735909461975098, "incumbents_value": 0.0888362286411144, "runtime": 1.6323013305664062}