{"incumbent": [144.4121991837037, 0.004518158973882112, 0.012253238436622522, 70.9278201525685, 0.7236527977341175, 0.8793395774873516, 0.8588924971341757, 14.726242743759926], "iteration": 80, "time_func_eval": 1.2243046760559082, "optimization_overhead": 0.1934967041015625, "incumbents_value": 0.021196478403252783, "runtime": 66.90146112442017}