{"incumbent": [21.455678156127252, 0.00011062990391840832, 0.0061165605825375296, 101.77438672055268, 0.8339167884468909, 0.220726010698534, 0.18020508721333306, 14.154950402108629], "iteration": 7, "time_func_eval": 0.36280202865600586, "optimization_overhead": 0.15734243392944336, "incumbents_value": 0.05990725383740325, "runtime": 3.362335681915283}