{"iteration": 30, "incumbents_value": 0.05532357484819295, "incumbent": [78.02683297704309, 0.0008065631607053368, 0.0028541207248718465, 187.73359268881612, 0.22798122067785515, 0.363529857419078, 0.29284725264343753, 7.728056719465316], "time_func_eval": 0.10070633888244629, "runtime": 8.7512788772583, "optimization_overhead": 0.2178058624267578}