{"incumbents_value": 0.6759653036959505, "time_func_eval": 1.5976378917694092, "optimization_overhead": 9.314219156901042e-05, "incumbent": [4.816860948606555, 0.002846250543966772, 0.002464273173967561, 299.14163097190425, 0.2465537173091492, 0.730190738286379, 0.509367256679257, 12.580983135856114], "runtime": 2.464810609817505, "iteration": 1}