{"incumbents_value": 0.6100381981202677, "time_func_eval": 1.333986520767212, "optimization_overhead": 0.22338032722473145, "incumbent": [125.30070465935341, 0.0052593018213572176, 0.004942353126581521, 280.4758441307207, 0.529864662238353, 0.2619455363947464, 0.9659859087930348, 14.56665671850692], "runtime": 122.0923900604248, "iteration": 23}