{"incumbents_value": 0.23400603409779708, "time_func_eval": 0.07901692390441895, "optimization_overhead": 0.16440320014953613, "incumbent": [73.25938534739738, 3.985871191994414e-05, 0.003619732655613123, 64.47524427817764, 0.07498295544826113, 0.16642629716651053, 0.5500676787704625, 13.646406422650863], "runtime": 8.278930187225342, "iteration": 14}