{"incumbents_value": 0.47970589485315995, "time_func_eval": 0.012940168380737305, "optimization_overhead": 0.1819145679473877, "incumbent": [115.40198556224024, 0.008284513991522259, 0.029794926043825994, 265.35655880134914, 0.4513494841595739, 0.7963230889747204, 0.9340579920082395, 14.335840016911055], "runtime": 3.079214096069336, "iteration": 14}