{"incumbents_value": 0.9868817762021999, "time_func_eval": 2.3324320316314697, "optimization_overhead": 0.2664647102355957, "incumbent": [146.4806887295197, 6.759585087543895e-05, 0.0014740898277645852, 275.22067967446463, 0.37586787872096666, 0.8391112707943168, 0.6603738447287171, 14.014893079730827], "runtime": 266.09492683410645, "iteration": 27}