{"incumbents_value": 0.9787408461661978, "time_func_eval": 4.082067012786865, "optimization_overhead": 0.21396136283874512, "incumbent": [135.49526253974622, 0.0007454182123605835, 0.0015473606029849144, 297.57747450248155, 0.6668275649365815, 0.28678395678881596, 0.13274021441200706, 12.284274388187377], "runtime": 831.840234041214, "iteration": 78}