{"incumbents_value": 0.9868817762021999, "time_func_eval": 8.757837057113647, "optimization_overhead": 0.24779152870178223, "incumbent": [146.4806887295197, 6.759585087543895e-05, 0.0014740898277645852, 275.22067967446463, 0.37586787872096666, 0.8391112707943168, 0.6603738447287171, 14.014893079730827], "runtime": 112.4861798286438, "iteration": 15}