{"optimization_overhead": 0.5188276767730713, "time_func_eval": 2.388033628463745, "iteration": 9, "runtime": 35.28016901016235, "incumbents_value": 0.9543656179628209, "incumbent": [145.15086444736343, 0.005544589166055326, 0.0008916779998082938, 66.21597245217055, 0.5382621769055621, 0.6448003377262017, 0.9982571849532623, 10.845907550503838]}