{"incumbents_value": 0.8434993771515603, "iteration": 47, "runtime": 131.39528155326843, "incumbent": [121.17347087197803, 0.006167357751085865, 0.008640239392908594, 298.08705324118546, 0.5556847185438337, 0.8607772587969375, 0.9440277627908776, 14.98282583453199], "optimization_overhead": 0.3834660053253174, "time_func_eval": 2.9304022789001465}