{"incumbents_value": 0.8302930502168036, "iteration": 99, "runtime": 267.0213601589203, "incumbent": [25.992308647292326, 0.00880922148128825, 0.00628418596055583, 247.2715365183472, 0.8270979250188836, 0.8648960698978961, 0.9282689933083257, 6.1830853003291555], "optimization_overhead": 0.35010838508605957, "time_func_eval": 0.6448462009429932}