{"optimization_overhead": 0.3282313346862793, "time_func_eval": 3.4480786323547363, "iteration": 48, "runtime": 253.31956148147583, "incumbents_value": 0.9114579162920287, "incumbent": [140.37189766763325, 0.002476489187027946, 0.0005248333872486717, 215.51587181753604, 0.16926962154568495, 0.7842041293721941, 0.9952795151783268, 6.726529092111696]}