{"optimization_overhead": 0.5587263107299805, "time_func_eval": 0.28789448738098145, "iteration": 60, "runtime": 311.64550018310547, "incumbents_value": 0.9114579162920287, "incumbent": [140.37189766763325, 0.002476489187027946, 0.0005248333872486717, 215.51587181753604, 0.16926962154568495, 0.7842041293721941, 0.9952795151783268, 6.726529092111696]}