{"incumbents_value": 0.8302930502168036, "iteration": 79, "runtime": 217.9687693119049, "incumbent": [25.992308647292326, 0.00880922148128825, 0.00628418596055583, 247.2715365183472, 0.8270979250188836, 0.8648960698978961, 0.9282689933083257, 6.1830853003291555], "optimization_overhead": 0.40767431259155273, "time_func_eval": 0.038887977600097656}