{"optimization_overhead": 0.24721884727478027, "runtime": 12.747127056121826, "incumbent": [146.5420033914829, 6.012974302563806e-05, 0.023447220973726028, 241.13381626323252, 0.01621104405960412, 0.8888921757918474, 0.7466798047107867, 14.195648746722187], "incumbents_value": 0.13887622357964802, "time_func_eval": 1.939352035522461, "iteration": 17}