{"optimization_overhead": 0.23088526725769043, "runtime": 59.383261919021606, "incumbent": [78.29282736420107, 0.0013983924122477275, 0.036549201117552124, 271.82674412749316, 0.0669698001180785, 0.8453374991228937, 0.7392560324742026, 12.039140737620073], "incumbents_value": 0.09328832291047995, "time_func_eval": 0.6639478206634521, "iteration": 85}