{"incumbents_value": 0.6470360381271312, "time_func_eval": 2.7163302898406982, "optimization_overhead": 0.2283005714416504, "incumbent": [110.87316635575893, 0.0008132937091784001, 0.0068689431360666985, 50.9673667731245, 0.8590879962800108, 0.2334057069616816, 0.9960780414666802, 13.475131314558197], "runtime": 19.17683720588684, "iteration": 4}