{"incumbents_value": 0.5746181483506885, "time_func_eval": 35.05761909484863, "optimization_overhead": 0.30389928817749023, "incumbent": [139.6475996997544, 0.0017375203379220276, 0.004096896498796989, 279.4933395551259, 0.013416603167352723, 0.10366418536444927, 0.8190082711726131, 13.378761432288607], "runtime": 548.5991563796997, "iteration": 78}