{"incumbents_value": 0.5746181483506885, "time_func_eval": 0.891963005065918, "optimization_overhead": 0.3400444984436035, "incumbent": [139.6475996997544, 0.0017375203379220276, 0.004096896498796989, 279.4933395551259, 0.013416603167352723, 0.10366418536444927, 0.8190082711726131, 13.378761432288607], "runtime": 557.7951846122742, "iteration": 81}