{"incumbents_value": 0.3725792739888545, "time_func_eval": 2.5080034732818604, "optimization_overhead": 0.21391534805297852, "incumbent": [101.036559261105, 0.0072363604438675675, 0.0038623164510859995, 258.13724052693107, 0.22227939846125946, 0.09205006556508989, 0.9820294798022683, 12.638554875724012], "runtime": 92.29747223854065, "iteration": 26}