{"incumbents_value": 0.4038903821227092, "time_func_eval": 0.8549361228942871, "optimization_overhead": 0.17589950561523438, "incumbent": [23.920708031153698, 0.008335559992121393, 0.00951913817000055, 247.08979719264562, 0.8950848244275076, 0.8329358468011203, 0.9652897487978606, 7.789526674041944], "runtime": 24.054141521453857, "iteration": 12}