{"incumbents_value": 0.35327434383882084, "time_func_eval": 61.618985176086426, "optimization_overhead": 0.29888105392456055, "incumbent": [90.99004409950747, 0.007453234395804989, 0.006905585902841022, 289.509553902496, 0.5385332388950492, 0.7508086436650306, 0.734365027200412, 13.769477378917648], "runtime": 516.8930661678314, "iteration": 90}