{"incumbents_value": 0.8576498631014835, "time_func_eval": 0.2845332622528076, "optimization_overhead": 0.0001738866170247396, "incumbent": [128.85158266777336, 0.00167823162156433, 0.06954283832858653, 171.72119281879893, 0.6318269151410973, 0.15689758852259234, 0.6574143666729406, 8.58483889724163], "runtime": 0.28577709197998047, "iteration": 0}