{"incumbents_value": 0.7867601466693204, "time_func_eval": 0.4296078681945801, "optimization_overhead": 0.28673577308654785, "incumbent": [81.55476011698508, 1e-05, 0.0001, 151.18833738394397, 0.01, 0.09498545462694696, 0.999, 9.727311343946416], "runtime": 230.49547839164734, "iteration": 65}