{"incumbents_value": 0.8102068965517242, "time_func_eval": 0.09462213516235352, "optimization_overhead": 0.12334799766540527, "incumbent": [48.45595621606396, 0.005599915148997714, 0.045610574543707566, 297.44798475311165, 0.8106758968495675, 0.17377879826133694, 0.7699307780066096, 9.082711576396584], "runtime": 2.0598931312561035, "iteration": 8}