{"incumbents_value": 0.24554505319460795, "time_func_eval": 1.3266959190368652, "optimization_overhead": 0.21541118621826172, "incumbent": [137.32842342253875, 0.005445511376203183, 0.04984059551622573, 283.11576631014395, 0.8936897434948806, 0.8705296643384091, 0.9769713647498388, 11.783846459409382], "runtime": 196.55738949775696, "iteration": 13}