{"incumbents_value": 0.04372338356919647, "time_func_eval": 2.4819607734680176, "optimization_overhead": 0.336223840713501, "incumbent": [149.32889308071523, 0.0038670844290691784, 0.061100068339067795, 127.71340137041821, 0.30606521948265747, 0.8892291287826495, 0.9607651259004324, 14.005466747818028], "runtime": 921.3069341182709, "iteration": 81}