{"incumbent": [23.01841469449462, 1.0, 73114.7073737109, 0.006999999999999999, 0.43068013892816887, 0.10786517465010609, 1294.4619908570687, 25633.18467577654, 21277.66024592795, 2664.1541539569644], "time_func_eval": 1.4066696166992188e-05, "iteration": 94, "optimization_overhead": 2.8151609897613525, "runtime": 333.81029319763184, "incumbents_value": -131.67603923225457}