{"incumbent": [127.79441616502274, 29.976902888483508, 73782.09573000958, 55.92137168288002, 0.29595348498966, 0.14307215812547747, 2209.0598225233202, 24264.41845832493, 20180.727085688748, 2517.5149857501638], "time_func_eval": 1.7404556274414062e-05, "iteration": 2, "optimization_overhead": 4.307428995768229e-05, "runtime": 0.035076141357421875, "incumbents_value": 7157.527408134249}