{"incumbents_value": 0.8087902358818694, "time_func_eval": 0.565892219543457, "optimization_overhead": 0.23126864433288574, "incumbent": [58.0611988483431, 0.0026662333535752724, 0.06808804678589483, 209.22104232890004, 0.5126547526028511, 0.5188352866186042, 0.2660436568849134, 6.429346300513495], "runtime": 10.568458318710327, "iteration": 22}