{"incumbents_value": 0.8059808192940097, "time_func_eval": 0.07359862327575684, "optimization_overhead": 0.30088114738464355, "incumbent": [37.818064881242094, 0.00944542765169222, 0.009043130155807055, 72.27984181523229, 0.5742702061057522, 0.10718965570918161, 0.14361252277831793, 14.494932267701156], "runtime": 43.83505845069885, "iteration": 89}