{"incumbent": [136.26968359510212, 0.00929629555656767, 0.000468138275228359, 157.18921183618733, 0.04619822962751575, 0.12476659343397506, 0.1309009885440855, 9.544655831057435], "iteration": 50, "time_func_eval": 1.6879796981811523, "optimization_overhead": 0.19496989250183105, "incumbents_value": 0.8003802120185726, "runtime": 62.9522123336792}