{"incumbent": [121.41990507930714, 0.0020097707057954843, 0.0008472316589704108, 268.3897025967857, 0.8781469310015633, 0.7219478426328445, 0.9594054901084178, 7.893031069199473], "iteration": 40, "time_func_eval": 1.149573564529419, "optimization_overhead": 0.2147519588470459, "incumbents_value": 0.8115144732896622, "runtime": 47.89657473564148}