{"incumbent": [31.39863198514494, 0.0020180590627806604, 0.008798066349426556, 61.22161053444004, 0.8005986108022968, 0.8645741492338566, 0.8444963075429266, 11.408772225071278], "iteration": 76, "time_func_eval": 1.4022216796875, "optimization_overhead": 0.19784951210021973, "incumbents_value": 0.7858877216367687, "runtime": 109.241938829422}