{"incumbents_value": 0.1777777777777777, "time_func_eval": 0.016618728637695312, "optimization_overhead": 0.19405627250671387, "incumbent": [135.12296075035735, 0.00971224805665472, 0.018933473992546298, 168.17863048347692, 0.40179163001255924, 0.1395733320155131, 0.9252418189379421, 9.66924658139986], "runtime": 3.6989636421203613, "iteration": 17}