{"incumbent": [96.58434340403154, 0.0002976637167101326, 0.02372218777380892, 53.513906218176935, 0.8669466567156597, 0.09291888046717028, 0.5817563113127524, 8.480214377063458], "iteration": 45, "time_func_eval": 0.10202550888061523, "optimization_overhead": 0.1903383731842041, "incumbents_value": 0.0243163925001173, "runtime": 30.880579710006714}