{"incumbent": [61.01148476165934, 0.0009719243781986135, 0.025656201766689406, 75.49337725763678, 0.17442031024001553, 0.14823219533875576, 0.6899138255989612, 13.391528283349393], "iteration": 5, "time_func_eval": 0.6618049144744873, "optimization_overhead": 0.15877723693847656, "incumbents_value": 0.052930922854723894, "runtime": 4.676948308944702}