{"incumbents_value": 0.0739657531015614, "time_func_eval": 0.07176566123962402, "optimization_overhead": 0.23360466957092285, "incumbent": [88.0624163637229, 0.0015283722041566532, 0.004911208142812647, 290.08297431654114, 0.10369449997818914, 0.6321177025844412, 0.8781203533695877, 14.772305987235006], "runtime": 9.34378719329834, "iteration": 33}