{"incumbents_value": 0.22429997242900468, "time_func_eval": 0.21653985977172852, "optimization_overhead": 0.23074841499328613, "incumbent": [134.91978747105384, 1.1814989159048645e-05, 0.06173558395567697, 81.83798361158608, 0.8103941157292192, 0.8922161149928719, 0.8837737957271925, 8.692533788578835], "runtime": 27.025511741638184, "iteration": 40}