{"incumbents_value": 0.22067960267960274, "time_func_eval": 0.6458654403686523, "optimization_overhead": 0.2550771236419678, "incumbent": [49.264932096977304, 3.9550779656686575e-05, 0.022595598596321185, 272.09726587418163, 0.8896994768773032, 0.8157101023814596, 0.6871154090251984, 12.633121281994418], "runtime": 49.40400314331055, "iteration": 72}