{"incumbents_value": 0.23166534833926133, "time_func_eval": 0.060266971588134766, "optimization_overhead": 0.16703343391418457, "incumbent": [133.1255807411658, 0.00952250741651148, 0.003306255697187905, 286.44425266383837, 0.10277724159734421, 0.524315622154433, 0.9891005529155217, 5.102571785648509], "runtime": 17.950872659683228, "iteration": 24}