{"runtime": 107.51252174377441, "optimization_overhead": 0.5775375366210938, "iteration": 55, "incumbent": [3.214200214508096, 0.008947439370228146, 0.00654026230253214, 253.37133072669187, 0.07420477606243854, 0.511556763136662, 0.9984036870519799, 13.863192435396769], "incumbents_value": 0.017362204997142916, "time_func_eval": 0.4071464538574219}