{"incumbents_value": 0.5028058361391694, "time_func_eval": 0.08436727523803711, "optimization_overhead": 0.28260254859924316, "incumbent": [121.86713428761236, 0.007665093526141267, 0.06209486160400549, 291.6629599726762, 0.7579323978588499, 0.36871993555202587, 0.9881931293335441, 14.79323144126187], "runtime": 18.499825954437256, "iteration": 67}