{"incumbents_value": 0.47189869040370913, "time_func_eval": 0.29821324348449707, "optimization_overhead": 0.22745251655578613, "incumbent": [6.196810158460206, 0.0023098325869243615, 0.07529122313507991, 85.26988125405192, 0.8095309660332143, 0.7652306594422841, 0.9864859581318647, 14.22246805166363], "runtime": 18.228203058242798, "iteration": 44}