{"runtime": 13.06680941581726, "optimization_overhead": 0.17816662788391113, "incumbent": [114.01855445324253, 0.009031222181541863, 0.004192914245901553, 108.1756848960097, 0.1412221714972429, 0.8789342123173587, 0.9458095672354377, 13.208114713960219], "time_func_eval": 0.1010138988494873, "incumbents_value": 0.8023880655302364, "iteration": 4}