{"runtime": 82.9297342300415, "optimization_overhead": 0.24407601356506348, "incumbent": [27.002477913775394, 0.001106590242730319, 0.0004420118326878745, 102.70877791999155, 0.8981477503673042, 0.41020019577065747, 0.9783250244592834, 14.87178397632152], "time_func_eval": 0.16943669319152832, "incumbents_value": 0.7524666426362654, "iteration": 45}