{"incumbents_value": 0.14345301757066464, "time_func_eval": 0.05880165100097656, "optimization_overhead": 0.21242427825927734, "incumbent": [125.12430757457219, 0.007295890813164472, 0.09071195220973537, 270.2427978246177, 0.8775564209468354, 0.8874290924005085, 0.8059809215821665, 12.40735263256925], "runtime": 2.941100597381592, "iteration": 10}