{"incumbent": [139.35571786561982, 0.008912282774661105, 0.07113908177087858, 294.40979426830745, 0.09794259624112306, 0.8897862777583684, 0.6864744321275577, 6.293947778747079], "iteration": 98, "time_func_eval": 0.9845902919769287, "optimization_overhead": 0.26291441917419434, "incumbents_value": 0.8004740449055318, "runtime": 73.25630307197571}