{"runtime": 10.334606647491455, "optimization_overhead": 0.19710779190063477, "incumbent": [4.102143320206072, 0.008257865012684619, 0.009322062568454031, 239.58901065235858, 0.8565174233405486, 0.11343080812206047, 0.36334469821482945, 13.775831268925861], "time_func_eval": 0.05497908592224121, "incumbents_value": 0.8759224109224109, "iteration": 17}