{"runtime": 21.43117070198059, "optimization_overhead": 0.2346792221069336, "incumbent": [4.102143320206072, 0.008257865012684619, 0.009322062568454031, 239.58901065235858, 0.8565174233405486, 0.11343080812206047, 0.36334469821482945, 13.775831268925861], "time_func_eval": 0.2149341106414795, "incumbents_value": 0.8759224109224109, "iteration": 37}