{"runtime": 51.349905252456665, "optimization_overhead": 0.20972514152526855, "incumbent": [136.61593528103646, 0.001831837116461658, 0.011054056578274827, 273.68396958456293, 0.577085197132069, 0.867615451239106, 0.7898961877833919, 14.53149402537509], "time_func_eval": 0.03544759750366211, "incumbents_value": 0.8341619202883388, "iteration": 81}