{"runtime": 30.49417734146118, "optimization_overhead": 0.39186930656433105, "incumbent": [4.102143320206072, 0.008257865012684619, 0.009322062568454031, 239.58901065235858, 0.8565174233405486, 0.11343080812206047, 0.36334469821482945, 13.775831268925861], "time_func_eval": 0.025111913681030273, "incumbents_value": 0.8759224109224109, "iteration": 56}