{"incumbents_value": 0.3238555596450333, "time_func_eval": 0.06520295143127441, "optimization_overhead": 0.2946197986602783, "incumbent": [20.43771251273542, 0.009936344410895668, 0.005154382003020354, 276.84035562731094, 0.33390487844118305, 0.509433123509729, 0.3959995052626753, 11.611081056086313], "runtime": 61.97835922241211, "iteration": 99}