{"incumbents_value": 0.3551884896712483, "time_func_eval": 0.015121221542358398, "optimization_overhead": 0.23298406600952148, "incumbent": [136.66150893190164, 1e-05, 0.0001, 284.31619849429893, 0.01, 0.09, 0.0999, 14.579399275826612], "runtime": 27.63046884536743, "iteration": 45}