{"incumbents_value": 0.3844988344988345, "time_func_eval": 0.8368327617645264, "optimization_overhead": 0.24791312217712402, "incumbent": [3.5466281208335104, 0.009155809365787084, 0.013826076312562526, 295.63478081768915, 0.8110446816366823, 0.1764408555378018, 0.5806293802715312, 9.851556272093436], "runtime": 9.683281183242798, "iteration": 23}