{"incumbents_value": 0.3844988344988345, "time_func_eval": 0.0344693660736084, "optimization_overhead": 0.20738601684570312, "incumbent": [3.5466281208335104, 0.009155809365787084, 0.013826076312562526, 295.63478081768915, 0.8110446816366823, 0.1764408555378018, 0.5806293802715312, 9.851556272093436], "runtime": 14.198312520980835, "iteration": 28}