{"incumbents_value": 0.6343133307864419, "time_func_eval": 2.435725212097168, "optimization_overhead": 0.21175599098205566, "incumbent": [38.744545846440346, 1e-05, 0.0001, 92.34323105615925, 0.31824138321591033, 0.09, 0.999, 6.719802792618271], "runtime": 117.83144974708557, "iteration": 20}