{"incumbents_value": 0.9223662437948152, "time_func_eval": 11.035913705825806, "optimization_overhead": 0.20884180068969727, "incumbent": [38.80006652898982, 0.0067762916743475, 0.0827742087097812, 92.26368625075902, 0.41992866213332847, 0.18445666943637853, 0.9232127406040074, 6.753266076747216], "runtime": 16.356229305267334, "iteration": 4}