{"incumbents_value": 0.6343133307864419, "time_func_eval": 5.270611763000488, "optimization_overhead": 0.29850220680236816, "incumbent": [38.744545846440346, 1e-05, 0.0001, 92.34323105615925, 0.31824138321591033, 0.09, 0.999, 6.719802792618271], "runtime": 405.2998309135437, "iteration": 57}