{"incumbents_value": 0.5968091354197191, "time_func_eval": 1.9324874877929688, "optimization_overhead": 0.2189922332763672, "incumbent": [38.79327783064222, 0.01, 0.0001, 92.26559483487212, 0.5418580990812478, 0.09, 0.999, 6.764308688644631], "runtime": 680.9233019351959, "iteration": 84}