{"runtime": 374.4244508743286, "iteration": 87, "time_func_eval": 4.733053922653198, "incumbent": [57.77274428808831, 0.009414811320833206, 0.011740328635674611, 290.57458446211194, 0.8021523240029514, 0.15422175189211154, 0.985789338284845, 13.72820604560461], "incumbents_value": 0.027393241822993297, "optimization_overhead": 0.5041141510009766}