{"runtime": 358.61476850509644, "iteration": 82, "time_func_eval": 7.86030125617981, "incumbent": [57.77274428808831, 0.009414811320833206, 0.011740328635674611, 290.57458446211194, 0.8021523240029514, 0.15422175189211154, 0.985789338284845, 13.72820604560461], "incumbents_value": 0.027393241822993297, "optimization_overhead": 0.7282402515411377}