{"incumbent": [133.18427265044025, 0.0002468170604080122, 0.013323894052020195, 78.20374973230219, 0.8911678403290484, 0.10639179219697445, 0.38816256972842267, 5.16994387991828], "iteration": 65, "time_func_eval": 276.3768928050995, "optimization_overhead": 0.2016582489013672, "incumbents_value": 0.9999948318276725, "runtime": 3775.9701085090637}