{"incumbent": [133.18427265044025, 0.0002468170604080122, 0.013323894052020195, 78.20374973230219, 0.8911678403290484, 0.10639179219697445, 0.38816256972842267, 5.16994387991828], "iteration": 48, "time_func_eval": 16.227015495300293, "optimization_overhead": 0.2209310531616211, "incumbents_value": 0.9999948318276725, "runtime": 2893.2608518600464}