{"incumbent": [123.00074823957824, 0.009601510744633026, 0.085120569983419, 52.482426896029985, 0.21840632081748948, 0.8559119697218235, 0.9292494707030363, 14.275576068541682], "iteration": 13, "time_func_eval": 82.57264637947083, "optimization_overhead": 0.18903160095214844, "incumbents_value": 0.9999985032740879, "runtime": 584.7063972949982}