{"incumbents_value": 0.46067376290601125, "time_func_eval": 0.15121102333068848, "optimization_overhead": 0.2435150146484375, "incumbent": [149.45983465048778, 0.008320216934299478, 0.01815834301777207, 249.30935675875898, 0.7903655181338982, 0.7867602292034124, 0.8792295425583392, 13.493065701304602], "runtime": 52.80926203727722, "iteration": 59}