{"optimization_overhead": 0.31272411346435547, "runtime": 12.492509841918945, "incumbent": [148.5166741165652, 0.009688910693574198, 0.004438289125481619, 187.22882115035344, 0.8958378854500025, 0.17190459342437964, 0.7391242767293515, 14.27191708397912], "incumbents_value": 0.976271186440678, "time_func_eval": 0.022704124450683594, "iteration": 28}