{"incumbents_value": 0.8048340843916428, "time_func_eval": 0.27483129501342773, "optimization_overhead": 0.22051358222961426, "incumbent": [5.007914215543535, 0.001096716087306611, 0.09359478611244255, 147.5327085168734, 0.3809700450050972, 0.7747285394119063, 0.6335683833801473, 5.659799865175009], "runtime": 1.857924461364746, "iteration": 4}