{"incumbents_value": 0.801607466220922, "time_func_eval": 0.19196176528930664, "optimization_overhead": 0.22175264358520508, "incumbent": [147.48164198538842, 0.0017061851243344844, 0.08802797941037742, 63.97125584703196, 0.07300024665014973, 0.580672299243038, 0.3093185253620245, 14.095825203509115], "runtime": 33.10478591918945, "iteration": 39}