{"incumbents_value": 0.6297385620915033, "time_func_eval": 0.011136293411254883, "optimization_overhead": 0.2571389675140381, "incumbent": [110.42168914517542, 0.001709936369950218, 0.006701476879905916, 299.559540520754, 0.7019828068872893, 0.8272592073529285, 0.8341658059540967, 14.370007014979786], "runtime": 28.19388771057129, "iteration": 96}