{"runtime": 513.5237348079681, "optimization_overhead": 0.2546262741088867, "incumbent": [92.351295240759, 0.0010478460455637785, 0.0022311025938120247, 131.97279727212901, 0.143843717142267, 0.13775922108970096, 0.5437717318816148, 9.829375112744307], "time_func_eval": 0.6699230670928955, "incumbents_value": 0.0793260450549671, "iteration": 85}