{"runtime": 310.1560204029083, "optimization_overhead": 0.22592425346374512, "incumbent": [147.70960031089777, 0.0028684858090676163, 0.0072074887310463066, 119.36878996099726, 0.7054848306688096, 0.14328210596261196, 0.5296327154339298, 6.354217885670095], "time_func_eval": 3.777590274810791, "incumbents_value": 0.08211336201086428, "iteration": 49}