{"runtime": 214.28048419952393, "optimization_overhead": 0.1825249195098877, "incumbent": [125.1152187627214, 0.005540563210366265, 0.004042105398893059, 290.6175525423327, 0.28283580363326094, 0.18513688584606408, 0.8753953027054636, 6.93337907171843], "time_func_eval": 2.3189315795898438, "incumbents_value": 0.08357336864668508, "iteration": 33}