{"incumbents_value": 0.1487450235707588, "time_func_eval": 13.391098022460938, "optimization_overhead": 0.18238019943237305, "incumbent": [28.659844866039634, 0.009352585887008446, 0.00430242582411198, 105.27924866835608, 0.08118123665952201, 0.7097866993079074, 0.6465175618419822, 5.477104194999277], "runtime": 35.170382499694824, "iteration": 7}