{"incumbents_value": 0.18252016862095832, "time_func_eval": 1.0928223133087158, "optimization_overhead": 0.14848017692565918, "incumbent": [17.395294323549304, 0.007839687746562535, 0.007965980437448103, 161.01579775533202, 0.08926640240914796, 0.4358142547619999, 0.6689487976608279, 13.232914865056912], "runtime": 3.356525421142578, "iteration": 3}