{"incumbents_value": 0.1487450235707588, "time_func_eval": 2.390531539916992, "optimization_overhead": 0.1777782440185547, "incumbent": [28.659844866039634, 0.009352585887008446, 0.00430242582411198, 105.27924866835608, 0.08118123665952201, 0.7097866993079074, 0.6465175618419822, 5.477104194999277], "runtime": 53.31044316291809, "iteration": 18}