{"incumbents_value": 0.14068462441406593, "time_func_eval": 4.344314336776733, "optimization_overhead": 0.28100132942199707, "incumbent": [139.07922860484408, 0.009013908215293442, 0.010682043033428873, 273.2780189953303, 0.4726007574089132, 0.10902813471303122, 0.32339514091605936, 14.217711254789785], "runtime": 127.5871307849884, "iteration": 35}