{"incumbents_value": 0.9350724573697646, "time_func_eval": 0.133162260055542, "optimization_overhead": 0.2037358283996582, "incumbent": [58.43615855327724, 0.002625460914307914, 0.0034521322695285606, 275.85079566675404, 0.13499342060773398, 0.10000207039632171, 0.8968494601730304, 14.770274804625027], "runtime": 42.35769701004028, "iteration": 37}