{"incumbents_value": 0.8800615667088916, "time_func_eval": 0.1883535385131836, "optimization_overhead": 0.27664899826049805, "incumbent": [142.56665989806328, 0.00933111856478731, 0.00743395464676279, 277.01973640979656, 0.8425315419654487, 0.8875868815209947, 0.9852572863937424, 11.833848550115704], "runtime": 118.18154287338257, "iteration": 89}