{"incumbents_value": 0.7153729546927943, "time_func_eval": 6.545273542404175, "optimization_overhead": 0.00010999043782552083, "incumbent": [104.8144995042448, 0.005646841864255594, 0.029639503081728105, 269.18463141664495, 0.5960954832289427, 0.7284651139416889, 0.7347352973881331, 13.403509673142231], "runtime": 6.919405698776245, "iteration": 2}