{"incumbents_value": 0.4933986196325717, "time_func_eval": 0.2429821491241455, "optimization_overhead": 0.20929169654846191, "incumbent": [40.315726820691694, 0.0015527096556645031, 0.004901303356341023, 282.4763325096239, 0.25381424557288007, 0.4600702748849703, 0.9694025883107593, 13.654842671701248], "runtime": 111.05455112457275, "iteration": 34}