{"incumbents_value": 0.8102068965517242, "time_func_eval": 0.1466507911682129, "optimization_overhead": 0.1778850555419922, "incumbent": [92.04397034284906, 0.008792673172054092, 0.0010690755018080067, 98.80097703334238, 0.5423154258185784, 0.12913999405864843, 0.9034216420610441, 11.199814002035644], "runtime": 29.28427767753601, "iteration": 84}