{"incumbents_value": 0.8102068965517242, "time_func_eval": 0.07104182243347168, "optimization_overhead": 0.19565606117248535, "incumbent": [92.04397034284906, 0.008792673172054092, 0.0010690755018080067, 98.80097703334238, 0.5423154258185784, 0.12913999405864843, 0.9034216420610441, 11.199814002035644], "runtime": 19.79590082168579, "iteration": 58}