{"incumbents_value": 0.013846867601181256, "time_func_eval": 13.72525143623352, "optimization_overhead": 0.2172403335571289, "incumbent": [127.81004681883321, 0.0047219234280711135, 0.0021478455324789934, 285.9980628976457, 0.03291600554082649, 0.5167558214841135, 0.6651445937960765, 14.889630344559425], "runtime": 1836.3811557292938, "iteration": 38}