{"incumbents_value": 0.013846867601181256, "time_func_eval": 1.204725742340088, "optimization_overhead": 0.20917701721191406, "incumbent": [127.81004681883321, 0.0047219234280711135, 0.0021478455324789934, 285.9980628976457, 0.03291600554082649, 0.5167558214841135, 0.6651445937960765, 14.889630344559425], "runtime": 1311.2877357006073, "iteration": 23}