{"incumbents_value": 0.013846867601181256, "time_func_eval": 30.339029788970947, "optimization_overhead": 0.27191853523254395, "incumbent": [127.81004681883321, 0.0047219234280711135, 0.0021478455324789934, 285.9980628976457, 0.03291600554082649, 0.5167558214841135, 0.6651445937960765, 14.889630344559425], "runtime": 1515.9260427951813, "iteration": 29}