{"iteration": 1, "incumbents_value": 0.8205128205128205, "incumbent": [133.21063105160522, 0.0017840951395561094, 0.04906013187495726, 228.8907070844981, 0.40001533596643546, 0.83709415627066, 0.47646890239474, 6.247234061995924], "time_func_eval": 0.008915424346923828, "runtime": 0.05115056037902832, "optimization_overhead": 0.00010800361633300781}