{"incumbents_value": 0.7719952834161543, "time_func_eval": 0.14300966262817383, "optimization_overhead": 0.315723180770874, "incumbent": [143.97643489006037, 0.0072589839927909355, 0.005459329428083022, 64.69553150799769, 0.36218002851888587, 0.8857466197643433, 0.7416227164554837, 14.760458709599849], "runtime": 21.580336809158325, "iteration": 45}