{"incumbents_value": 0.8103492884864165, "time_func_eval": 0.13848090171813965, "optimization_overhead": 0.00041961669921875, "incumbent": [128.19090231280182, 0.008423794125730584, 0.09462466779011672, 208.76238959367268, 0.38543761688898787, 0.2938480110834557, 0.803517305479881, 5.709723433683328], "runtime": 0.14094996452331543, "iteration": 0}