{"incumbents_value": 0.7719952834161543, "time_func_eval": 0.16823792457580566, "optimization_overhead": 0.2186112403869629, "incumbent": [143.97643489006037, 0.0072589839927909355, 0.005459329428083022, 64.69553150799769, 0.36218002851888587, 0.8857466197643433, 0.7416227164554837, 14.760458709599849], "runtime": 46.84296941757202, "iteration": 89}