{"incumbents_value": 0.22717059370244408, "time_func_eval": 0.03661203384399414, "optimization_overhead": 0.18008708953857422, "incumbent": [123.24320399216141, 0.008004765552957042, 0.002182972053218829, 64.04363313660534, 0.6020286911185606, 0.30474662363041294, 0.973876672534411, 6.653424524228902], "runtime": 2.3851516246795654, "iteration": 11}