{"incumbents_value": 0.17137642044619184, "time_func_eval": 8.768563270568848, "optimization_overhead": 0.2354435920715332, "incumbent": [142.39752530484247, 0.00800319897608625, 0.024517729224370854, 84.16184609048977, 0.1604309203446535, 0.771040324464425, 0.9443059171007759, 14.487344010066593], "runtime": 416.43298959732056, "iteration": 75}