{"incumbents_value": 0.17137642044619184, "time_func_eval": 5.949268341064453, "optimization_overhead": 0.21946954727172852, "incumbent": [142.39752530484247, 0.00800319897608625, 0.024517729224370854, 84.16184609048977, 0.1604309203446535, 0.771040324464425, 0.9443059171007759, 14.487344010066593], "runtime": 576.9852001667023, "iteration": 96}