{"time_func_eval": 0.07920575141906738, "runtime": 21.418860912322998, "incumbents_value": 0.17647058823529405, "iteration": 70, "incumbent": [119.94794214994366, 0.00040714071810300946, 0.010198247237392145, 282.1850652776681, 0.40701848485099834, 0.8500925382674003, 0.6885540450505727, 14.014494477190892], "optimization_overhead": 0.3249943256378174}