{"time_func_eval": 0.020362138748168945, "runtime": 16.76862668991089, "incumbents_value": 0.17647058823529405, "iteration": 56, "incumbent": [119.94794214994366, 0.00040714071810300946, 0.010198247237392145, 282.1850652776681, 0.40701848485099834, 0.8500925382674003, 0.6885540450505727, 14.014494477190892], "optimization_overhead": 0.22186064720153809}