{"time_func_eval": 0.018320322036743164, "runtime": 29.86894989013672, "incumbents_value": 0.17142857142857149, "iteration": 97, "incumbent": [92.5841733163302, 0.0006093821786734472, 0.01796629079580282, 56.50695173628926, 0.1178356673325769, 0.847569384397115, 0.7116342178089834, 11.978980762181745], "optimization_overhead": 0.1999053955078125}