{"time_func_eval": 0.06218886375427246, "runtime": 1.8919565677642822, "incumbents_value": 0.3142857142857143, "iteration": 8, "incumbent": [104.73387169623068, 0.006101210418373154, 0.005869166667620027, 277.11916645637666, 0.050551104490187244, 0.534006053131861, 0.9852241192184028, 6.133938756725103], "optimization_overhead": 0.16454267501831055}