{"incumbent": [146.06837286811302, 0.009591982892558401, 0.005960563211682233, 288.26058111596774, 0.6173763815068948, 0.81085133570179, 0.9858086024404518, 11.582911282523956], "iteration": 71, "time_func_eval": 0.195387601852417, "optimization_overhead": 0.24760127067565918, "incumbents_value": 0.09903472470996044, "runtime": 310.4350986480713}