{"incumbents_value": 0.38445472437165473, "time_func_eval": 1.6677196025848389, "optimization_overhead": 0.18851637840270996, "incumbent": [133.9277709116066, 0.0016008288334892237, 0.004956364686603782, 115.38956702529855, 0.011714088695070384, 0.8942434079717422, 0.9976852621440198, 14.973257076493038], "runtime": 132.55871438980103, "iteration": 28}