{"incumbent": [98.8338470561059, 0.0018972259380347033, 0.09417013895691398, 299.7906459659679, 0.4145748628506943, 0.8657553958705783, 0.8911958970339509, 13.929690671363273], "iteration": 68, "time_func_eval": 0.07705211639404297, "optimization_overhead": 0.19620323181152344, "incumbents_value": 0.3101625757191866, "runtime": 20.21764588356018}