{"incumbents_value": 0.4288456753973997, "time_func_eval": 3.7931106090545654, "optimization_overhead": 0.20968914031982422, "incumbent": [148.3303080537782, 0.009828021130568678, 0.0046972821200064714, 231.38985967288718, 0.838688296810507, 0.57513490642788, 0.8765313749225327, 7.153456808723853], "runtime": 14.89787244796753, "iteration": 11}