{"incumbents_value": 0.41669403393541316, "time_func_eval": 0.7954907417297363, "optimization_overhead": 0.20452642440795898, "incumbent": [140.8781120889459, 0.0005295884093330327, 0.007615857047403641, 285.92348473532354, 0.8258219677922163, 0.3797252147560104, 0.9187950979331966, 14.819414531743965], "runtime": 129.15823459625244, "iteration": 96}