{"incumbents_value": 0.41669403393541316, "time_func_eval": 0.38182592391967773, "optimization_overhead": 0.31278204917907715, "incumbent": [140.8781120889459, 0.0005295884093330327, 0.007615857047403641, 285.92348473532354, 0.8258219677922163, 0.3797252147560104, 0.9187950979331966, 14.819414531743965], "runtime": 88.14631843566895, "iteration": 64}