{"incumbents_value": 0.45508503960661606, "time_func_eval": 0.4295942783355713, "optimization_overhead": 0.346160888671875, "incumbent": [141.6190795888571, 0.0006113096366023917, 0.06090663080820578, 234.17259525076383, 0.14632072646472616, 0.8790930533343468, 0.9387453555139843, 14.90093303806234], "runtime": 697.9336771965027, "iteration": 87}