{"incumbents_value": 0.45508503960661606, "time_func_eval": 7.763987302780151, "optimization_overhead": 0.2873663902282715, "incumbent": [141.6190795888571, 0.0006113096366023917, 0.06090663080820578, 234.17259525076383, 0.14632072646472616, 0.8790930533343468, 0.9387453555139843, 14.90093303806234], "runtime": 790.8918352127075, "iteration": 98}