{"incumbents_value": 0.518488165676959, "time_func_eval": 1.0442569255828857, "optimization_overhead": 0.16855573654174805, "incumbent": [30.637631036614234, 0.009052168750612485, 0.02027003540462987, 188.50766375541875, 0.5101251734014715, 0.26285624609414127, 0.20244212120176291, 13.12214731772327], "runtime": 38.05057501792908, "iteration": 5}