{"incumbents_value": 0.48429573062892295, "time_func_eval": 0.9587044715881348, "optimization_overhead": 0.2335062026977539, "incumbent": [140.11159315624272, 0.0028000462062774357, 0.07643495755141562, 55.37571653532848, 0.730526807286703, 0.2010850394633844, 0.9493171227776359, 8.998934841362933], "runtime": 283.243839263916, "iteration": 31}