{"runtime": 2.649662971496582, "time_func_eval": 1.7941620349884033, "iteration": 1, "optimization_overhead": 0.00012167294820149739, "incumbents_value": 0.4541244988878058, "incumbent": [56.53708810459505, 0.003414693467539077, 0.012272253519700991, 139.91356215782312, 0.8779492870932508, 0.8819461200979766, 0.48371834559479054, 8.713638595549252]}