{"runtime": 48.25927400588989, "time_func_eval": 0.5093228816986084, "iteration": 13, "optimization_overhead": 0.21881628036499023, "incumbents_value": 0.4318972696562401, "incumbent": [147.36792017183916, 0.00013124425478528554, 0.01878438159464288, 70.37496721799, 0.07696866861997576, 0.6474349215185958, 0.5661270931579243, 14.233888742592228]}