{"time_func_eval": 0.02446460723876953, "runtime": 55.001800298690796, "incumbents_value": 0.9578980240744946, "iteration": 72, "incumbent": [147.97097931971956, 0.00353775369828443, 0.004111189161714901, 198.68798275956235, 0.07853100653591302, 0.3654860234780791, 0.2403956153646673, 14.978435892892195], "optimization_overhead": 0.22850894927978516}