{"time_func_eval": 0.12493729591369629, "runtime": 22.981825590133667, "incumbents_value": 0.9648814749780509, "iteration": 30, "incumbent": [27.24789751909718, 0.0008857982118548271, 0.014425959737012198, 265.774407721595, 0.488245477279084, 0.1044005456777689, 0.13268116597501814, 10.757198589019293], "optimization_overhead": 0.21972060203552246}