{"time_func_eval": 0.14565253257751465, "runtime": 25.214515209197998, "incumbents_value": 0.9648814749780509, "iteration": 33, "incumbent": [27.24789751909718, 0.0008857982118548271, 0.014425959737012198, 265.774407721595, 0.488245477279084, 0.1044005456777689, 0.13268116597501814, 10.757198589019293], "optimization_overhead": 0.2875094413757324}