{"optimization_overhead": 0.18377089500427246, "runtime": 3.945418119430542, "incumbent": [91.25500890341216, 37.03168558295659, 13.428590743695946, 65.55962290860464, 48.94010706643511, 11.333836081861854, 102.50251370376616, 104.11191633976574, 15.585721788835798], "incumbents_value": 0.6963369963369963, "time_func_eval": 0.01337122917175293, "iteration": 24}