{"optimization_overhead": 0.14893889427185059, "runtime": 2.3127171993255615, "incumbent": [94.17810735286925, 93.86934857799736, 65.63236873986584, 67.62218537045993, 87.06879703158032, 80.86375078439126, 96.86386870063336, 11.425927127466643, 5.233293822950811], "incumbents_value": 0.7265411298592077, "time_func_eval": 0.008869171142578125, "iteration": 16}