{"incumbents_value": 0.7557720057720058, "time_func_eval": 0.020308971405029297, "optimization_overhead": 0.23033523559570312, "incumbent": [53.129413098286754, 0.0013725713458270792, 0.03534359553238374, 184.78557744921366, 0.8207831817393614, 0.8193004463454107, 0.8558699992757237, 8.1520469113261], "runtime": 4.109537839889526, "iteration": 17}