{"incumbents_value": 0.19261834760532326, "time_func_eval": 8.466354370117188, "optimization_overhead": 0.2525646686553955, "incumbent": [132.92566861218114, 0.004460735299317614, 0.0011843726461501565, 292.38443108751596, 0.2486338604813645, 0.5275920512786968, 0.6526244816715483, 14.673343596945452], "runtime": 1981.9164690971375, "iteration": 64}