{"incumbents_value": 0.038431000541976346, "time_func_eval": 0.5572834014892578, "optimization_overhead": 0.22557353973388672, "incumbent": [143.62559911618732, 0.005820593365448954, 0.0005254298421680075, 59.97599222619325, 0.8808635505689453, 0.725732788544611, 0.8515280345294429, 7.542094701460438], "runtime": 12.836663246154785, "iteration": 5}