{"runtime": 22.055964469909668, "incumbents_value": -5.369953112404071, "iteration": 56, "incumbent": [0.39367551103713727, 0.09609210550638676, 18.80484089909014], "time_func_eval": 1.5020370483398438e-05, "optimization_overhead": 0.5913288593292236}