{"runtime": 7.5333123207092285, "incumbents_value": -5.369950830821114, "iteration": 23, "incumbent": [0.39347895037339753, 0.1773983283819477, 16.74606340572786], "time_func_eval": 1.4781951904296875e-05, "optimization_overhead": 0.3973369598388672}