{"runtime": 0.021983861923217773, "incumbents_value": -5.344607826666504, "iteration": 2, "incumbent": [0.42043186351966394, 0.1591888250220783, 16.43932195151655], "time_func_eval": 1.9550323486328125e-05, "optimization_overhead": 5.833307902018229e-05}