{"runtime": 6.736137390136719, "incumbents_value": -5.369950830821114, "iteration": 21, "incumbent": [0.39347895037339753, 0.1773983283819477, 16.74606340572786], "time_func_eval": 1.7642974853515625e-05, "optimization_overhead": 0.3163638114929199}