{"incumbents_value": 0.21011605153134383, "time_func_eval": 0.3925490379333496, "optimization_overhead": 0.20276236534118652, "incumbent": [148.2869265910645, 1e-05, 0.1, 67.84675906446171, 0.8591702934657737, 0.09, 0.999, 7.968722571522189], "runtime": 28.031375885009766, "iteration": 46}