{"incumbents_value": 0.678, "time_func_eval": 0.047679901123046875, "optimization_overhead": 0.1753847599029541, "incumbent": [11.184744080367528, 0.0003529553073191647, 0.0006105141346857709, 248.701446811546, 0.4816733317785802, 0.33000608108958585, 0.18960649892684878, 8.391305412989041], "runtime": 13.693298816680908, "iteration": 52}