{"incumbents_value": 0.025639845268770056, "time_func_eval": 0.2534170150756836, "optimization_overhead": 0.3138303756713867, "incumbent": [109.94401486397241, 0.01, 0.0001, 252.12661503529398, 0.9, 0.5258253112474087, 0.5649037975217132, 6.592315224289692], "runtime": 71.9169020652771, "iteration": 53}