{"incumbents_value": 0.025639845268770056, "time_func_eval": 2.549994945526123, "optimization_overhead": 0.30637598037719727, "incumbent": [109.94401486397241, 0.01, 0.0001, 252.12661503529398, 0.9, 0.5258253112474087, 0.5649037975217132, 6.592315224289692], "runtime": 93.09431028366089, "iteration": 68}