{"time_func_eval": 0.3681461811065674, "runtime": 34.12769150733948, "incumbents_value": 0.8039369107410345, "iteration": 66, "incumbent": [146.52432083493528, 0.008106600114610818, 0.004521564555469886, 143.83172520549743, 0.07692161797700693, 0.7880193308688533, 0.9563818048696267, 10.673697283376534], "optimization_overhead": 0.2084643840789795}