{"incumbents_value": 0.4766899766899767, "time_func_eval": 0.026683330535888672, "optimization_overhead": 0.5456645488739014, "incumbent": [89.64094499030818, 0.009622246035807424, 0.024177008840294893, 288.90872673399736, 0.22625418912518377, 0.7979847848267707, 0.9655816728258293, 13.492666530099068], "runtime": 27.63221573829651, "iteration": 85}