{"runtime": 23.54046058654785, "optimization_overhead": 0.2158212661743164, "incumbent": [95.25944103664986, 0.007245143908504241, 0.008071411725685845, 296.28130204145725, 0.8661099895726597, 0.8511627805474784, 0.945937963432146, 13.725056550581016], "time_func_eval": 0.030078411102294922, "incumbents_value": 0.7665018045884586, "iteration": 32}