{"runtime": 11.692518711090088, "optimization_overhead": 0.16716694831848145, "incumbent": [17.284629623283163, 0.00237914738763972, 0.013539811464488112, 228.27349778564218, 0.6487272478641453, 0.16124948582802082, 0.21330484351108353, 5.91245055318128], "time_func_eval": 0.31027722358703613, "incumbents_value": 0.9261045470819906, "iteration": 23}