{"iteration": 68, "incumbents_value": 0.013956849985395814, "incumbent": [114.01511909374949, 0.00017045851642288456, 0.0014444337414920667, 216.82667011995417, 0.48329436904301376, 0.10139538538770905, 0.3307268770751898, 5.939665577293118], "time_func_eval": 3.0868594646453857, "runtime": 1263.5920825004578, "optimization_overhead": 0.24124860763549805}