{"incumbent": [60.117437159158555, 0.009901896588643988, 0.004727061385368029, 119.90488974387863, 0.013752898885265465, 0.6989239665731805, 0.9251361133128051, 12.9602325709699], "iteration": 55, "time_func_eval": 0.014501094818115234, "optimization_overhead": 0.18882203102111816, "incumbents_value": 0.6160326086956522, "runtime": 13.034540176391602}