{"time_func_eval": 0.06186676025390625, "runtime": 50.45698022842407, "incumbents_value": 0.9652029826014913, "iteration": 76, "incumbent": [11.6193998792109, 0.009321068257870902, 0.0003864633891561487, 291.4055863715276, 0.3091058997399479, 0.21705121319516169, 0.8151483290725567, 7.972824862434341], "optimization_overhead": 0.23179936408996582}