{"time_func_eval": 0.8513607978820801, "runtime": 43.257341623306274, "incumbents_value": 0.9652777777777778, "iteration": 62, "incumbent": [134.1989497213687, 0.0003356688605218347, 0.00390948118437192, 147.55475220590967, 0.04447216871572742, 0.3173826132443388, 0.9331479371457405, 14.138908682936792], "optimization_overhead": 0.1925806999206543}