{"time_func_eval": 0.17429304122924805, "runtime": 12.662612438201904, "incumbents_value": 0.14394853972318755, "iteration": 42, "incumbent": [146.06395175922302, 0.00014960835410084475, 0.09711091150804518, 57.47813544634066, 0.8437186198861166, 0.5535188531568423, 0.4477737343892629, 5.016251759912756], "optimization_overhead": 0.22381305694580078}