{"runtime": 81.86424326896667, "iteration": 25, "time_func_eval": 1.4589745998382568, "incumbent": [119.12698525297776, 0.008860493024929255, 0.0041226550417707356, 54.192918770745706, 0.10019640456712489, 0.6018619906440787, 0.78483641914653, 7.038416287843706], "incumbents_value": 0.9955889724310777, "optimization_overhead": 0.5654146671295166}