{"runtime": 151.69219994544983, "iteration": 51, "time_func_eval": 0.6189560890197754, "incumbent": [58.704981574575775, 0.000406436504873377, 0.0061369216098290285, 102.43578593143769, 0.21378013157353834, 0.2508080288253612, 0.11926217379715325, 13.72138886036735], "incumbents_value": 0.983974358974359, "optimization_overhead": 0.6241118907928467}