{"runtime": 150.4249005317688, "iteration": 50, "time_func_eval": 1.2517008781433105, "incumbent": [58.704981574575775, 0.000406436504873377, 0.0061369216098290285, 102.43578593143769, 0.21378013157353834, 0.2508080288253612, 0.11926217379715325, 13.72138886036735], "incumbents_value": 0.983974358974359, "optimization_overhead": 0.7927086353302002}