{"incumbents_value": 0.39011432700072246, "iteration": 96, "runtime": 38.0484824180603, "incumbent": [148.49827895435263, 0.009927636152398268, 0.004264884409690651, 291.3346702826064, 0.282507739615493, 0.25770323074364276, 0.9829828518801291, 13.045446087377897], "optimization_overhead": 0.5500056743621826, "time_func_eval": 0.10204243659973145}