{"incumbents_value": 0.39011432700072246, "iteration": 95, "runtime": 37.29633808135986, "incumbent": [148.49827895435263, 0.009927636152398268, 0.004264884409690651, 291.3346702826064, 0.282507739615493, 0.25770323074364276, 0.9829828518801291, 13.045446087377897], "optimization_overhead": 0.39650535583496094, "time_func_eval": 0.03427696228027344}