{"incumbents_value": 0.39349271233329197, "iteration": 36, "runtime": 10.710315942764282, "incumbent": [94.86199685624531, 0.0012068528005364763, 0.002596485874728295, 52.840766722081554, 0.34085184987507205, 0.8035482985555051, 0.9956548485173675, 14.994635423942439], "optimization_overhead": 0.30796217918395996, "time_func_eval": 0.040888309478759766}