{"incumbents_value": 0.7469263510754793, "iteration": 27, "runtime": 108.38488388061523, "incumbent": [141.2704009601568, 0.001080657141110579, 0.009456867306936099, 289.0404604668691, 0.827113718444785, 0.34363916452549625, 0.15563036426107893, 5.413745881368496], "optimization_overhead": 0.24193859100341797, "time_func_eval": 0.2403736114501953}