{"incumbents_value": 0.7545840054082283, "iteration": 19, "runtime": 54.366344690322876, "incumbent": [138.42304752510168, 2.2152757208039896e-05, 0.006595001743207457, 290.39566695653764, 0.0830615764095702, 0.7210587414786771, 0.5654989127467661, 5.351600626445022], "optimization_overhead": 0.2687368392944336, "time_func_eval": 3.014169931411743}