{"incumbent": [79.11409693304599, 0.002658989374383335, 0.005614870480081178, 296.06887893774035, 0.476302661651184, 0.0948557272437981, 0.979828133434628, 14.55945085479739], "time_func_eval": 0.39971375465393066, "optimization_overhead": 0.261688232421875, "runtime": 299.86082887649536, "iteration": 55, "incumbents_value": 0.43703424710103234}