{"incumbent": [143.43617242552006, 0.009134801095836496, 0.06104730250540398, 215.29554699544235, 0.8142487906650621, 0.8040679901187585, 0.44851672720974517, 8.168697287554643], "time_func_eval": 2.3473503589630127, "optimization_overhead": 0.006279389063517253, "runtime": 3.326474905014038, "iteration": 1, "incumbents_value": 0.5463594226310374}