{"incumbent": [79.11409693304599, 0.002658989374383335, 0.005614870480081178, 296.06887893774035, 0.476302661651184, 0.0948557272437981, 0.979828133434628, 14.55945085479739], "time_func_eval": 0.3957486152648926, "optimization_overhead": 0.23796772956848145, "runtime": 254.51152539253235, "iteration": 43, "incumbents_value": 0.43703424710103234}