{"incumbent": [123.26374788244051, 0.008498079031684909, 0.014002127636990882, 281.96615037860687, 0.6625904395132934, 0.8489357175480924, 0.942145994726271, 13.984704948256724], "time_func_eval": 1.7809107303619385, "optimization_overhead": 0.30808329582214355, "runtime": 161.64249229431152, "iteration": 33, "incumbents_value": 0.44858734139190093}