{"incumbents_value": 0.23809523809523814, "time_func_eval": 0.014230489730834961, "optimization_overhead": 0.20108938217163086, "incumbent": [34.12734062600644, 0.0021944233880237564, 0.09688240650771084, 111.82855365850115, 0.8857924304456081, 0.8438520885447544, 0.8857289097523819, 13.675045583651045], "runtime": 2.2145209312438965, "iteration": 11}