{"incumbents_value": 0.7729947670840367, "time_func_eval": 1.8493056297302246, "optimization_overhead": 0.198930025100708, "incumbent": [10.824379245055496, 0.006780181639051341, 0.010720549390606744, 288.62982727407046, 0.617240093778682, 0.894755861471635, 0.8965158302636363, 8.66826951198965], "runtime": 128.12428545951843, "iteration": 41}