{"iteration": 18, "incumbents_value": 0.4737373737373737, "incumbent": [146.25491012222392, 0.007789999289670906, 0.0019064403973665877, 279.2492408387976, 0.4753611064205905, 0.7054522081384085, 0.8954477676325054, 13.138957690833978], "time_func_eval": 0.03250384330749512, "runtime": 4.172317981719971, "optimization_overhead": 0.19863414764404297}