{"incumbents_value": 0.015425427003407433, "time_func_eval": 58.11670422554016, "optimization_overhead": 0.31983041763305664, "incumbent": [149.71573482938356, 0.006677265891295301, 0.0011123231003041896, 221.18701178315703, 0.4903746268088948, 0.18497374821025855, 0.21054523980178919, 12.534688202266244], "runtime": 2221.6540105342865, "iteration": 80}