{"runtime": 83.29223394393921, "incumbent": [99.19467118558646, 0.009077752038971288, 0.02539927674183319, 54.259836526178425, 0.8768926234568284, 0.13482318622935627, 0.8382660102298944, 6.485132964309738], "optimization_overhead": 0.7791280746459961, "time_func_eval": 0.07914090156555176, "iteration": 92, "incumbents_value": 0.0444444444444444}