{"runtime": 52.02824378013611, "time_func_eval": 0.13037919998168945, "incumbents_value": 0.21667166167166174, "iteration": 73, "optimization_overhead": 0.33780646324157715, "incumbent": [101.3033955102465, 0.001755161265972665, 0.00989234157051359, 245.36782732489795, 0.7861368843242702, 0.21651168790357952, 0.95868199903077, 12.210250026465474]}