{"incumbents_value": 0.0731720966281072, "time_func_eval": 6.390696048736572, "optimization_overhead": 0.35193657875061035, "incumbent": [146.95365796896962, 0.01, 0.0001, 252.85770062742486, 0.035640999618895705, 0.09, 0.6158821244515048, 11.325729445927326], "runtime": 519.4280369281769, "iteration": 97}