{"incumbents_value": 0.0731720966281072, "time_func_eval": 25.90139889717102, "optimization_overhead": 0.24907994270324707, "incumbent": [146.95365796896962, 0.01, 0.0001, 252.85770062742486, 0.035640999618895705, 0.09, 0.6158821244515048, 11.325729445927326], "runtime": 408.6162660121918, "iteration": 80}