{"incumbents_value": 0.0731720966281072, "time_func_eval": 20.196142196655273, "optimization_overhead": 0.2678213119506836, "incumbent": [146.95365796896962, 0.01, 0.0001, 252.85770062742486, 0.035640999618895705, 0.09, 0.6158821244515048, 11.325729445927326], "runtime": 203.60158252716064, "iteration": 45}