{"incumbents_value": 0.12594018449059063, "time_func_eval": 16.285431385040283, "optimization_overhead": 0.17110943794250488, "incumbent": [60.43175160382183, 0.0029356569808831733, 0.035229167916298446, 77.38626513040282, 0.13547829536808922, 0.4971003215486962, 0.9822059289955616, 12.24020216767002], "runtime": 248.35650753974915, "iteration": 46}