{"incumbents_value": 0.12594018449059063, "time_func_eval": 0.30042362213134766, "optimization_overhead": 0.27727580070495605, "incumbent": [60.43175160382183, 0.0029356569808831733, 0.035229167916298446, 77.38626513040282, 0.13547829536808922, 0.4971003215486962, 0.9822059289955616, 12.24020216767002], "runtime": 213.48106694221497, "iteration": 39}