{"incumbents_value": 0.11733040460581201, "time_func_eval": 9.980896234512329, "optimization_overhead": 0.30570268630981445, "incumbent": [149.9665040442553, 0.0005760722309939632, 0.030303383859172472, 206.60167620839883, 0.1957323653515274, 0.13390649156907886, 0.8861501900562768, 14.570687293144305], "runtime": 496.1691355705261, "iteration": 86}