{"incumbents_value": 0.37254734929153543, "time_func_eval": 0.015675067901611328, "optimization_overhead": 0.2355649471282959, "incumbent": [149.14437414305172, 0.008309933367768545, 0.013307899288555544, 279.70679308268654, 0.6675658330773854, 0.879667325977458, 0.8800269400539085, 14.366226101438652], "runtime": 29.44781470298767, "iteration": 93}