{"incumbents_value": 0.7022152588455202, "time_func_eval": 0.23562908172607422, "optimization_overhead": 0.2013874053955078, "incumbent": [61.15306035393737, 0.00020517974199643407, 0.002270663781403302, 50.884180997454045, 0.05043581739835665, 0.587235961296745, 0.2941297570420332, 13.333534580952506], "runtime": 4.222857236862183, "iteration": 11}