{"incumbents_value": 0.6383555046600862, "time_func_eval": 0.24722838401794434, "optimization_overhead": 0.24144577980041504, "incumbent": [61.28021965346994, 0.01, 0.0001, 50.8736587489032, 0.1274393118864164, 0.8307304415256576, 0.15312363262397266, 13.3016298458953], "runtime": 34.25315070152283, "iteration": 71}