{"incumbents_value": 0.7136558959763379, "time_func_eval": 0.12258744239807129, "optimization_overhead": 7.367134094238281e-05, "incumbent": [80.43560817989794, 0.002834932128627203, 0.04622799108289107, 134.17533382176782, 0.47532492205566446, 0.8225253433371922, 0.8467267267613134, 5.980720854561071], "runtime": 0.3450491428375244, "iteration": 1}