{"incumbents_value": 0.035791194020505124, "time_func_eval": 0.440396785736084, "optimization_overhead": 0.2621181011199951, "incumbent": [144.47795806543596, 0.002013950677933751, 0.003993114312216749, 60.14750731814945, 0.049121837564053944, 0.517624736138108, 0.9948160606280153, 5.872734004638839], "runtime": 7.849748611450195, "iteration": 8}