{"incumbents_value": 0.9807692307692307, "time_func_eval": 0.46639561653137207, "optimization_overhead": 0.27010345458984375, "incumbent": [37.68720133836692, 0.008312549311668544, 0.020984126339057524, 61.91692150352489, 0.40306407496405994, 0.26419400641918045, 0.11548021538546682, 5.411019798019009], "runtime": 71.1626718044281, "iteration": 94}