{"incumbents_value": 0.07292153381303923, "time_func_eval": 0.05123424530029297, "optimization_overhead": 0.32024335861206055, "incumbent": [143.9249768993356, 0.003062363471203116, 0.022167545904310977, 147.0604380055982, 0.576983481268888, 0.8473231027273809, 0.7297916576151309, 14.821513263958966], "runtime": 24.207611799240112, "iteration": 77}