{"incumbents_value": 0.07435861834899182, "time_func_eval": 0.13311386108398438, "optimization_overhead": 0.2117304801940918, "incumbent": [71.3672385920386, 0.002723030820192493, 0.09006107598033904, 58.4156469633401, 0.8086920932577754, 0.47585837614643633, 0.9737719471381827, 13.361704618132627], "runtime": 9.864137411117554, "iteration": 35}