{"incumbent": [143.77516585975886, 0.002251864733933595, 0.0005524268685788902, 115.50228502459288, 0.7261800302242237, 0.4604413412747742, 0.2078891548249237, 13.657867320987323], "iteration": 9, "time_func_eval": 0.5550408363342285, "optimization_overhead": 0.18331289291381836, "incumbents_value": 0.040457404706025324, "runtime": 11.128836154937744}