{"incumbent": [143.77516585975886, 0.002251864733933595, 0.0005524268685788902, 115.50228502459288, 0.7261800302242237, 0.4604413412747742, 0.2078891548249237, 13.657867320987323], "iteration": 23, "time_func_eval": 1.2758965492248535, "optimization_overhead": 0.18557977676391602, "incumbents_value": 0.040457404706025324, "runtime": 24.338403940200806}