{"incumbent": [122.85120506620771, 0.00940337796126478, 0.005065809689854363, 74.10323692069801, 0.2986952665473393, 0.8712104628102731, 0.9437597049275316, 12.420601873840782], "iteration": 52, "time_func_eval": 0.09471368789672852, "optimization_overhead": 0.1919260025024414, "incumbents_value": 0.035029470007944985, "runtime": 46.69359493255615}