{"optimization_overhead": 0.2790029048919678, "runtime": 11.281559944152832, "incumbent": [148.40320002461414, 0.0017945561480827285, 0.016436477215469616, 287.33856310777384, 0.026959199618711092, 0.3344483615833935, 0.9773092382033132, 11.351849827549454], "incumbents_value": 0.967948717948718, "time_func_eval": 0.1195220947265625, "iteration": 23}