{"optimization_overhead": 0.0013646284739176433, "runtime": 0.21918201446533203, "incumbent": [36.0474635786424, 0.0049415213096096556, 0.006388888434849968, 104.19501452851216, 0.26409504910737397, 0.8358719322709064, 0.9760235156750199, 11.989611592967115], "incumbents_value": 0.9894179894179894, "time_func_eval": 0.21462178230285645, "iteration": 0}