{"incumbents_value": 0.44731325666788624, "time_func_eval": 17.905102968215942, "optimization_overhead": 0.2719254493713379, "incumbent": [133.67872542014285, 0.009480888684890946, 0.013187438299328664, 296.9726241797426, 0.0126456956596777, 0.7940098414397636, 0.9346326763742603, 11.477390997528127], "runtime": 618.9421195983887, "iteration": 77}