{"incumbents_value": 0.5, "time_func_eval": 0.05890345573425293, "optimization_overhead": 0.1746530532836914, "incumbent": [7.171386521474201, 0.007252823332846944, 0.015423096726231622, 296.46423015059696, 0.5266486181686685, 0.865489089475316, 0.9945279398088316, 10.394811403816947], "runtime": 1.6742479801177979, "iteration": 8}