{"incumbents_value": 0.6678571428571429, "time_func_eval": 0.05040860176086426, "optimization_overhead": 0.15795087814331055, "incumbent": [41.21377481381557, 0.00986515508006681, 0.006126508069263643, 292.4594478802795, 0.12984499592751364, 0.1397319235947025, 0.6784266932853181, 14.342500677657776], "runtime": 0.9311072826385498, "iteration": 5}