{"incumbents_value": 0.3178053830227743, "time_func_eval": 0.13714146614074707, "optimization_overhead": 0.23158502578735352, "incumbent": [33.052476091209485, 0.00997376136609744, 0.00649327119904729, 268.27710481926295, 0.1290329110607106, 0.6476505080267096, 0.8890381237637989, 13.471469287598836], "runtime": 22.252928495407104, "iteration": 73}