{"time_func_eval": 0.012984991073608398, "runtime": 5.393806457519531, "incumbents_value": 0.3420689655172413, "iteration": 16, "incumbent": [32.18453067396247, 0.0020346100099453866, 0.0063522310516712635, 237.95405895482588, 0.8749687591590753, 0.8895889592925222, 0.9381858177343142, 8.53300853730725], "optimization_overhead": 0.16944599151611328}