{"incumbents_value": 0.1777777777777777, "time_func_eval": 0.10809135437011719, "optimization_overhead": 0.21118593215942383, "incumbent": [27.430294181862056, 0.00037617245561861817, 0.008188405338008176, 66.23145047708321, 0.45373813355425496, 0.32199778106514015, 0.1808029233267106, 13.991048758271171], "runtime": 8.252986192703247, "iteration": 36}