{"incumbents_value": 0.33333333333333337, "time_func_eval": 0.015700101852416992, "optimization_overhead": 0.20415353775024414, "incumbent": [9.019592569562546, 0.009203176854328941, 0.02865918048035386, 263.72606026042047, 0.04931987595478705, 0.7408396822010362, 0.421308652268438, 14.663493984665749], "runtime": 5.457805871963501, "iteration": 25}