{"time_func_eval": 0.09089374542236328, "runtime": 35.86311483383179, "incumbents_value": 0.8045509536925017, "iteration": 68, "incumbent": [142.977758375989, 0.00966846217693844, 0.004072985893623225, 65.0505046517049, 0.06220232687259532, 0.4315236474082803, 0.2079692841083554, 5.580951526110047], "optimization_overhead": 0.19611358642578125}