{"runtime": 3.8154988288879395, "incumbent": [81.12911235380119, 0.007266969555688579, 0.009336184955776072, 284.6124758215949, 0.8806852423178319, 0.8202155097289713, 0.24459468787118943, 14.870034617767296], "optimization_overhead": 0.002958218256632487, "time_func_eval": 0.39264345169067383, "iteration": 2, "incumbents_value": 0.3334098654554494}