{"runtime": 148.87385439872742, "incumbent": [141.50637023112373, 0.008423559650451834, 0.0037914336705501955, 294.61296628616196, 0.15719432098960442, 0.8821587341853986, 0.8356754643296924, 14.090052747020492], "optimization_overhead": 0.717357873916626, "time_func_eval": 0.18176960945129395, "iteration": 86, "incumbents_value": 0.2806779834880232}