{"incumbents_value": 0.7765753948734765, "time_func_eval": 0.1188969612121582, "optimization_overhead": 0.29610466957092285, "incumbent": [90.37726324993774, 0.00015641692636339207, 0.0027528782685887834, 295.6967641029032, 0.39959666226239504, 0.1313002544075079, 0.9848106546921538, 5.315324938963224], "runtime": 27.746264696121216, "iteration": 82}