{"incumbent": [14.041085283343014, 0.0019122405429280688, 0.027493939414846118, 256.6909652148106, 0.1015083426263767, 0.8642803005942716, 0.9987957038793006, 12.774064906368912], "iteration": 28, "time_func_eval": 0.06298136711120605, "optimization_overhead": 0.16479778289794922, "incumbents_value": 0.522228674667699, "runtime": 6.201040029525757}