{"incumbents_value": 0.10306718934620318, "time_func_eval": 6.17259955406189, "optimization_overhead": 0.29545164108276367, "incumbent": [6.390689770240072, 0.002975086388536729, 0.0012379666956004278, 287.279234572511, 0.013300478148820113, 0.852974350820275, 0.7767088708751212, 12.941827297921176], "runtime": 153.52418971061707, "iteration": 58}