{"runtime": 23.843549251556396, "optimization_overhead": 0.27696990966796875, "incumbent": [62.344401114513246, 0.0010240566170681544, 0.0023395450273243747, 285.5820809350122, 0.8750482509752227, 0.36561746625383584, 0.32983635136800205, 5.359174442262936], "time_func_eval": 0.06126523017883301, "incumbents_value": 0.05973528387321492, "iteration": 82}