{"runtime": 22.601003885269165, "optimization_overhead": 0.2309885025024414, "incumbent": [62.344401114513246, 0.0010240566170681544, 0.0023395450273243747, 285.5820809350122, 0.8750482509752227, 0.36561746625383584, 0.32983635136800205, 5.359174442262936], "time_func_eval": 0.03803420066833496, "incumbents_value": 0.05973528387321492, "iteration": 78}