{"time_func_eval": 0.1845991611480713, "runtime": 0.18811297416687012, "incumbents_value": 0.21322291235334723, "iteration": 0, "incumbent": [75.0967258831215, 0.005084025156473648, 0.009658469557990955, 191.72376591981188, 0.4641619781237092, 0.567252652407908, 0.43512835107441344, 11.746268778156342], "optimization_overhead": 0.001056353251139323}