{"time_func_eval": 0.048656463623046875, "runtime": 9.966915369033813, "incumbents_value": 0.18393254371182977, "iteration": 35, "incumbent": [23.206738421806527, 0.004799997201000056, 0.07124326314599441, 175.85018304874785, 0.18423145944288885, 0.0966225197565058, 0.9940832942404104, 14.932050255395588], "optimization_overhead": 0.2040085792541504}