{"time_func_eval": 0.025237083435058594, "runtime": 19.010437726974487, "incumbents_value": 0.16280416101311634, "iteration": 64, "incumbent": [110.76689448744823, 0.0014516101038820359, 0.09097445995809862, 275.38573231626265, 0.30634841217709674, 0.16734292415455454, 0.9431383829713206, 12.210574948279882], "optimization_overhead": 0.24846339225769043}