{"time_func_eval": 0.03852105140686035, "runtime": 9.395918846130371, "incumbents_value": 0.18393254371182977, "iteration": 33, "incumbent": [23.206738421806527, 0.004799997201000056, 0.07124326314599441, 175.85018304874785, 0.18423145944288885, 0.0966225197565058, 0.9940832942404104, 14.932050255395588], "optimization_overhead": 0.25225090980529785}