{"incumbents_value": 0.053198843640020144, "iteration": 69, "runtime": 63.956552267074585, "incumbent": [137.99513136526485, 0.0035831217774661343, 0.019182910534086176, 275.5154516946911, 0.02266826787043192, 0.22506803445172746, 0.9104764973051717, 13.163972001205622], "optimization_overhead": 0.5493543148040771, "time_func_eval": 4.1489903926849365}