{"incumbents_value": 0.07720588235294124, "iteration": 57, "runtime": 44.427884340286255, "incumbent": [96.74679613257788, 0.0003132135065538735, 0.028286175513458953, 278.9658459084187, 0.20500388326662117, 0.8644419028395228, 0.8266633730707613, 12.532395276744811], "optimization_overhead": 0.411590576171875, "time_func_eval": 0.03923463821411133}