{"incumbents_value": 0.23999999999999988, "time_func_eval": 0.03686881065368652, "optimization_overhead": 0.186659574508667, "incumbent": [116.30600360580831, 0.00028041461325532384, 0.042527097845146716, 61.15323780932437, 0.10042384290078005, 0.23946504491361553, 0.9750659814662163, 7.226943685434135], "runtime": 0.5607006549835205, "iteration": 4}