{"incumbents_value": 0.7560846560846561, "time_func_eval": 0.04591774940490723, "optimization_overhead": 0.19906330108642578, "incumbent": [20.522654447498194, 0.008351959869665578, 0.04130390827027273, 194.51988365305277, 0.64230968116195, 0.7416184410749638, 0.6858457155647172, 11.125945482029422], "runtime": 2.364732503890991, "iteration": 11}