{"optimization_overhead": 0.15279698371887207, "runtime": 1.3471240997314453, "incumbent": [85.10645308591853, 3.7164959646758797, 12.071889661769182, 96.57650512090413, 98.5767538628472, 58.870277001306015, 33.463326099970985, 100.44195251629496, 92.51208448957253], "incumbents_value": 0.6698240699788687, "time_func_eval": 0.008783817291259766, "iteration": 10}