{"incumbents_value": 0.7560846560846561, "time_func_eval": 0.06968545913696289, "optimization_overhead": 0.15973639488220215, "incumbent": [20.522654447498194, 0.008351959869665578, 0.04130390827027273, 194.51988365305277, 0.64230968116195, 0.7416184410749638, 0.6858457155647172, 11.125945482029422], "runtime": 0.7956373691558838, "iteration": 5}