{"runtime": 17.346028089523315, "optimization_overhead": 0.2009129524230957, "incumbent": [3.877188163800625, 0.0024837412578138673, 0.0038138786970443395, 251.07474255387805, 0.7311830158274988, 0.1521206741686069, 0.30384643195835104, 8.517496192024126], "time_func_eval": 0.052079200744628906, "incumbents_value": 0.057738572574178026, "iteration": 59}