{"incumbents_value": 0.2314124993364124, "time_func_eval": 1.0031054019927979, "optimization_overhead": 0.1790173053741455, "incumbent": [23.647953460695057, 0.0006077843592662273, 0.021046884905052268, 261.2984648926128, 0.2040134886331209, 0.2111009945299762, 0.9147866147552836, 5.096647800764741], "runtime": 9.056005239486694, "iteration": 18}