{"incumbents_value": 0.5615680715579916, "time_func_eval": 1.3544747829437256, "optimization_overhead": 0.30420517921447754, "incumbent": [58.43615855327724, 0.002625460914307914, 0.0034521322695285606, 275.85079566675404, 0.13499342060773398, 0.10000207039632171, 0.8968494601730304, 14.770274804625027], "runtime": 362.1216607093811, "iteration": 47}