{"incumbents_value": 0.7972982480827411, "time_func_eval": 42.076420068740845, "optimization_overhead": 0.16312956809997559, "incumbent": [149.7108939131994, 0.00989512383486712, 0.0940393330141954, 272.44729606261944, 0.8287011053312859, 0.23219751832558083, 0.6193517821689477, 14.428564810224255], "runtime": 48.56668138504028, "iteration": 3}