{"incumbents_value": 0.02272182908284448, "time_func_eval": 3.3020851612091064, "optimization_overhead": 0.21028995513916016, "incumbent": [139.93190728559244, 0.007015180037243632, 0.0004058631367077012, 170.389032844864, 0.40116085538140844, 0.8889799974921073, 0.8513472048455242, 12.12659952768341], "runtime": 599.7207136154175, "iteration": 56}