{"incumbents_value": 0.03319696210278178, "time_func_eval": 0.8716564178466797, "optimization_overhead": 0.24628376960754395, "incumbent": [10.402626032505188, 0.0012838862054883157, 0.002433369364155977, 268.92509958770665, 0.18761936370947524, 0.8687671920094096, 0.9552679809880826, 14.920943806688324], "runtime": 83.55863428115845, "iteration": 14}