{"incumbents_value": 0.23113637705054046, "time_func_eval": 7.303705930709839, "optimization_overhead": 0.0001637140909830729, "incumbent": [115.74015056084063, 0.0020306171392377574, 0.05206547299761344, 50.21726483424766, 0.6670881809895256, 0.13210877066903304, 0.5012360497139319, 14.843399356131753], "runtime": 8.51757287979126, "iteration": 1}