{"runtime": 223.3415491580963, "optimization_overhead": 0.20369648933410645, "incumbent": [127.17360241237975, 0.00781437878514347, 0.007894019165625073, 64.52592603661526, 0.1068850487814785, 0.12623877228591307, 0.6972316924797886, 6.673989112195462], "time_func_eval": 11.488680124282837, "incumbents_value": 0.09291764065992358, "iteration": 34}