{"runtime": 403.8244671821594, "optimization_overhead": 0.23946356773376465, "incumbent": [147.1573127945878, 0.004771722172431332, 0.004190929987562518, 252.68555355241472, 0.10305044544796824, 0.09178245072015903, 0.4509685100832378, 14.321986300333272], "time_func_eval": 1.8957571983337402, "incumbents_value": 0.08527916917849099, "iteration": 45}