{"runtime": 131.49402165412903, "optimization_overhead": 0.18690919876098633, "incumbent": [141.55296570599717, 0.0022792754259320118, 0.005063529031892667, 244.03881597599394, 0.5772298311317726, 0.25754270667133883, 0.723933437420929, 6.317488153343993], "time_func_eval": 11.181163787841797, "incumbents_value": 0.11161182103258649, "iteration": 21}