{"runtime": 32.178497314453125, "optimization_overhead": 0.2304840087890625, "incumbent": [66.6510689595269, 0.006158013425117045, 0.09397237882446592, 61.9370433721957, 0.7419836678942165, 0.8922132763954234, 0.9030383358803148, 10.398705416162006], "time_func_eval": 0.08632373809814453, "incumbents_value": 0.04872555897325215, "iteration": 87}