{"incumbents_value": 0.0, "time_func_eval": 0.037718772888183594, "optimization_overhead": 0.21473407745361328, "incumbent": [31.808211957519276, 0.0009251934473627746, 0.0034389263980662173, 279.4128929721852, 0.19964655417008412, 0.8665217847447529, 0.5100733231600899, 5.7099763475709135], "runtime": 20.23130989074707, "iteration": 68}