{"incumbents_value": 0.792971389952692, "time_func_eval": 0.15423798561096191, "optimization_overhead": 0.16216349601745605, "incumbent": [76.36145362416416, 0.0021217916511788427, 0.0004872121886909741, 51.48361638806938, 0.8777422264353119, 0.7552864721537986, 0.9132128590079366, 13.097107823166127], "runtime": 2.1632637977600098, "iteration": 7}