{"incumbents_value": 0.7914156800069583, "time_func_eval": 0.12822365760803223, "optimization_overhead": 0.31345248222351074, "incumbent": [111.57554240855768, 1.659604001356424e-05, 0.003392640884635589, 50.0095647356505, 0.11473712765527562, 0.7739069326260994, 0.5619768651609676, 9.980483881835081], "runtime": 51.472453355789185, "iteration": 99}