{"incumbents_value": 0.0, "time_func_eval": 0.24689984321594238, "optimization_overhead": 0.23648333549499512, "incumbent": [148.45796468064194, 0.009619155077330957, 0.003586342300006543, 247.50793098202288, 0.7125695757536373, 0.428640305562233, 0.8519908671762826, 14.463879854515216], "runtime": 70.40172958374023, "iteration": 60}