{"incumbents_value": 0.054751656939174276, "time_func_eval": 5.367671966552734, "optimization_overhead": 0.45840930938720703, "incumbent": [133.96861744214283, 0.003381996364125967, 0.0001, 280.6621367814669, 0.01, 0.5322547237090877, 0.5302333997995774, 8.813986992325015], "runtime": 581.1889317035675, "iteration": 91}