{"incumbents_value": 0.054751656939174276, "time_func_eval": 4.828302383422852, "optimization_overhead": 0.27454519271850586, "incumbent": [133.96861744214283, 0.003381996364125967, 0.0001, 280.6621367814669, 0.01, 0.5322547237090877, 0.5302333997995774, 8.813986992325015], "runtime": 636.2483379840851, "iteration": 98}