{"incumbent": [138.0560579199183, 0.01, 0.0001, 264.2690406749608, 0.7185493530525953, 0.10998386008466315, 0.42379343801474556, 7.290879017428935], "iteration": 25, "time_func_eval": 0.5362317562103271, "optimization_overhead": 0.1772918701171875, "incumbents_value": 0.10192085907435477, "runtime": 58.68229103088379}