{"incumbent": [137.91908299627585, 0.005479744901366309, 0.0001, 264.2023914169772, 0.9, 0.40584122409592954, 0.3671212139588974, 7.438050322368378], "iteration": 49, "time_func_eval": 1.4018096923828125, "optimization_overhead": 0.24235081672668457, "incumbents_value": 0.07345553460287879, "runtime": 114.62743091583252}