{"incumbent": [131.85796537288135, 0.007557845284407431, 0.0006235560777999934, 242.750274557328, 0.8577445523442027, 0.8217749653583191, 0.9384365913252859, 12.249629669295102], "iteration": 76, "time_func_eval": 10.421818971633911, "optimization_overhead": 0.21339058876037598, "incumbents_value": 0.04689239065906514, "runtime": 225.1630642414093}