{"incumbents_value": 0.8068828361860596, "time_func_eval": 0.23260188102722168, "optimization_overhead": 0.32168030738830566, "incumbent": [141.576118732001, 0.008350596212761742, 0.0040505926815424175, 167.7178000700759, 0.8205397857303334, 0.36796816475522987, 0.18660402424244213, 5.918521198185926], "runtime": 19.62997269630432, "iteration": 56}