{"incumbents_value": 0.8059927292433445, "time_func_eval": 0.14317822456359863, "optimization_overhead": 0.20653128623962402, "incumbent": [24.226424373929675, 0.006409504437521933, 0.0057322438602798115, 56.44365100581554, 0.8847921880057699, 0.7269949550784999, 0.1877027301580805, 13.484702313200442], "runtime": 23.235798597335815, "iteration": 65}