{"incumbents_value": 0.8070685383980182, "time_func_eval": 0.15168023109436035, "optimization_overhead": 0.16321229934692383, "incumbent": [62.4596127267843, 0.00856233385391027, 0.04080393009527999, 281.84177287476086, 0.16994225738879798, 0.6164410805717995, 0.9057287738021765, 14.749022561685047], "runtime": 3.683549165725708, "iteration": 13}