{"iteration": 7, "incumbents_value": 0.10290594955505705, "incumbent": [147.33366600366776, 0.009395433199086938, 0.02147436118173665, 88.56844139189155, 0.6912895345393192, 0.8446091238631142, 0.9674160522108655, 13.504116162864616], "time_func_eval": 0.09419870376586914, "runtime": 2.1489500999450684, "optimization_overhead": 0.1856546401977539}