{"iteration": 4, "incumbents_value": 0.10290594955505705, "incumbent": [147.33366600366776, 0.009395433199086938, 0.02147436118173665, 88.56844139189155, 0.6912895345393192, 0.8446091238631142, 0.9674160522108655, 13.504116162864616], "time_func_eval": 0.13589954376220703, "runtime": 0.963219165802002, "optimization_overhead": 0.14932608604431152}