{"runtime": 225.88128399848938, "optimization_overhead": 0.2609598636627197, "incumbent": [138.83981428635917, 0.003992367731104745, 0.0009862928416986814, 295.9187109936595, 0.7155425353631382, 0.2843282673656492, 0.9657982312229636, 13.380933279292147], "time_func_eval": 9.209974765777588, "incumbents_value": 0.9671568910784117, "iteration": 34}