{"incumbent": [20.922399393050352, 0.0013531659116451317, 0.07425930622530752, 297.3175937797084, 0.17178248352790884, 0.8308184719159578, 0.877999334052755, 12.684096282219544], "iteration": 15, "time_func_eval": 0.04196596145629883, "optimization_overhead": 0.1835308074951172, "incumbents_value": 0.692294096854012, "runtime": 3.2928473949432373}