{"runtime": 452.6984496116638, "incumbent": [114.7857347538887, 0.01, 0.0001, 194.8208788059039, 0.9, 0.16845066539253153, 0.8857815040074328, 14.503056653775579], "optimization_overhead": 0.5007724761962891, "time_func_eval": 20.507446765899658, "iteration": 49, "incumbents_value": 0.19172736936184154}