{"runtime": 1005.9962732791901, "incumbent": [144.0725196958568, 0.009155614223742472, 0.030066125346338717, 70.43678594621737, 0.14944083670430194, 0.1039435891044552, 0.6453383035624365, 5.156630582727633], "optimization_overhead": 0.7994074821472168, "time_func_eval": 56.21463751792908, "iteration": 98, "incumbents_value": 0.17185708916050968}