{"optimization_overhead": 0.14237165451049805, "runtime": 26.837800979614258, "incumbent": [140.62951139138718, 0.008256242376449171, 0.0038708320095323418, 251.01026019400732, 0.06265297454415612, 0.34638801431862076, 0.9035900631409177, 11.555446353612133], "incumbents_value": 0.0791178660756564, "time_func_eval": 0.4189586639404297, "iteration": 24}