{"optimization_overhead": 0.15683317184448242, "runtime": 123.37448978424072, "incumbent": [144.5348377561574, 0.0026375059360962505, 0.03606147278191438, 109.80177354779423, 0.017053258662919808, 0.8743580884804876, 0.9884408645981175, 13.576308425051174], "incumbents_value": 0.061980065446932575, "time_func_eval": 1.3629512786865234, "iteration": 98}