{"optimization_overhead": 0.16627192497253418, "runtime": 4.1986260414123535, "incumbent": [133.35692586289872, 0.0007710877603497842, 0.013924021749313753, 234.80319495845143, 0.8527299629557269, 0.4969403856687349, 0.804865796687717, 10.19362461206882], "incumbents_value": 0.08656233607273989, "time_func_eval": 0.21567797660827637, "iteration": 3}