{"optimization_overhead": 0.16686582565307617, "runtime": 96.30490708351135, "incumbent": [144.5348377561574, 0.0026375059360962505, 0.03606147278191438, 109.80177354779423, 0.017053258662919808, 0.8743580884804876, 0.9884408645981175, 13.576308425051174], "incumbents_value": 0.061980065446932575, "time_func_eval": 0.6827032566070557, "iteration": 75}