{"optimization_overhead": 0.15664362907409668, "runtime": 72.02231502532959, "incumbent": [105.9578360048146, 0.009436256611459047, 0.013122564155865386, 239.15638959977414, 0.241043335943507, 0.7489925047128012, 0.9354491851777849, 13.501002903269953], "incumbents_value": 0.06939688560723667, "time_func_eval": 1.688767910003662, "iteration": 56}