{"incumbents_value": 0.053480036675835674, "time_func_eval": 0.1235189437866211, "optimization_overhead": 0.1996166706085205, "incumbent": [13.23553239970601, 0.009469458601021188, 0.009135692457776304, 227.88324312224606, 0.10450608386674733, 0.7298255986176363, 0.9171140892875868, 13.507807907305878], "runtime": 24.682185173034668, "iteration": 68}