{"incumbents_value": 0.053480036675835674, "time_func_eval": 0.06267070770263672, "optimization_overhead": 0.2140657901763916, "incumbent": [13.23553239970601, 0.009469458601021188, 0.009135692457776304, 227.88324312224606, 0.10450608386674733, 0.7298255986176363, 0.9171140892875868, 13.507807907305878], "runtime": 28.38476824760437, "iteration": 78}