{"time_func_eval": 0.04673433303833008, "runtime": 3.305720329284668, "incumbents_value": 0.7672806181566678, "iteration": 7, "incumbent": [64.5235166288665, 0.003826760771855094, 0.008056806431826545, 280.69639157349064, 0.2231348073593401, 0.2107048264521855, 0.9792916682132983, 5.246445864494746], "optimization_overhead": 0.20237183570861816}