{"time_func_eval": 0.6693136692047119, "runtime": 39.70944356918335, "incumbents_value": 0.6507427180197819, "iteration": 69, "incumbent": [132.38321826827303, 0.009372616368139384, 0.006461986736446587, 249.4182644462736, 0.06023111242373859, 0.19486595022357217, 0.8803641849345052, 14.887725207618724], "optimization_overhead": 0.26180505752563477}