{"time_func_eval": 0.26137423515319824, "runtime": 4.026242971420288, "incumbents_value": 0.7672806181566678, "iteration": 9, "incumbent": [64.5235166288665, 0.003826760771855094, 0.008056806431826545, 280.69639157349064, 0.2231348073593401, 0.2107048264521855, 0.9792916682132983, 5.246445864494746], "optimization_overhead": 0.17802953720092773}