{"incumbents_value": 0.13809578412261592, "time_func_eval": 0.12454056739807129, "optimization_overhead": 0.2262732982635498, "incumbent": [143.205886695284, 0.00833791268343879, 0.01549708038402903, 275.0002327644217, 0.8948665207006377, 0.8860033785122609, 0.327881410944235, 8.80788459729189], "runtime": 27.68316626548767, "iteration": 91}