{"incumbents_value": 0.1785714285714285, "time_func_eval": 0.09032487869262695, "optimization_overhead": 0.22783708572387695, "incumbent": [29.802954514595633, 1e-05, 0.09714032357787256, 233.13241509724332, 0.9, 0.9, 0.999, 14.741316516760458], "runtime": 2.665135383605957, "iteration": 11}