{"incumbents_value": 0.1785714285714285, "time_func_eval": 0.012391805648803711, "optimization_overhead": 0.15863895416259766, "incumbent": [29.802954514595633, 1e-05, 0.09714032357787256, 233.13241509724332, 0.9, 0.9, 0.999, 14.741316516760458], "runtime": 2.8524606227874756, "iteration": 12}