{"incumbents_value": 0.20022246941045607, "time_func_eval": 0.12254714965820312, "optimization_overhead": 0.1671288013458252, "incumbent": [29.906329928470836, 0.006971867327303695, 0.0036815906432023033, 233.19132873736288, 0.8321371306521613, 0.8225087102172746, 0.9430041667014725, 14.685546188070406], "runtime": 0.6938719749450684, "iteration": 4}