{"incumbents_value": 0.1439814814814815, "time_func_eval": 0.059865713119506836, "optimization_overhead": 0.20114469528198242, "incumbent": [7.0564455691283205, 0.006195767396090691, 0.08874233134117794, 275.32115145210264, 0.13413570566321206, 0.8766484376240563, 0.8814494446895661, 7.867296632277587], "runtime": 11.242955684661865, "iteration": 43}