{"incumbent": [94.24074760074164, 0.008972306917325886, 0.0005647250132440379, 231.8754493914124, 0.6783061524682008, 0.8783892099873659, 0.9170085633883075, 10.98917919877691], "iteration": 88, "time_func_eval": 0.21525812149047852, "optimization_overhead": 0.25142383575439453, "incumbents_value": 0.3306669295058624, "runtime": 39.31361150741577}