{"incumbent": [94.24074760074164, 0.008972306917325886, 0.0005647250132440379, 231.8754493914124, 0.6783061524682008, 0.8783892099873659, 0.9170085633883075, 10.98917919877691], "iteration": 86, "time_func_eval": 0.24127888679504395, "optimization_overhead": 0.21959352493286133, "incumbents_value": 0.3306669295058624, "runtime": 38.3274621963501}