{"incumbents_value": 0.13786145869304833, "time_func_eval": 1.184922695159912, "optimization_overhead": 0.1685478687286377, "incumbent": [129.7274844978506, 0.0078792720232455, 0.002371521483861848, 279.69650420071946, 0.320488523895132, 0.6648095495226749, 0.8971633824003807, 13.55217235319447], "runtime": 74.67292070388794, "iteration": 14}