{"incumbents_value": 0.1197506732793574, "time_func_eval": 2.6364762783050537, "optimization_overhead": 0.3012862205505371, "incumbent": [132.33549985030666, 0.0072999418513458635, 0.012918000221447524, 108.87869841961407, 0.8354671261896595, 0.13981640251551208, 0.8968695949181971, 14.80794165312279], "runtime": 282.22116327285767, "iteration": 49}