{"incumbents_value": 0.1197506732793574, "time_func_eval": 0.09709334373474121, "optimization_overhead": 0.23237204551696777, "incumbent": [132.33549985030666, 0.0072999418513458635, 0.012918000221447524, 108.87869841961407, 0.8354671261896595, 0.13981640251551208, 0.8968695949181971, 14.80794165312279], "runtime": 193.70267820358276, "iteration": 34}