{"incumbents_value": 0.1197506732793574, "time_func_eval": 0.18908071517944336, "optimization_overhead": 0.19871234893798828, "incumbent": [132.33549985030666, 0.0072999418513458635, 0.012918000221447524, 108.87869841961407, 0.8354671261896595, 0.13981640251551208, 0.8968695949181971, 14.80794165312279], "runtime": 194.10317373275757, "iteration": 35}