{"incumbents_value": 0.47738227660363364, "time_func_eval": 0.007638692855834961, "optimization_overhead": 0.33556628227233887, "incumbent": [31.955172017130643, 0.0008429150156555039, 0.004293417519595551, 61.469245979137284, 0.7891004638860741, 0.8547033651855643, 0.15831612815176904, 14.340777872362812], "runtime": 27.314173698425293, "iteration": 99}