{"runtime": 197.1342499256134, "optimization_overhead": 0.1964111328125, "incumbent": [106.11309548061001, 0.007603918559764211, 0.005092839041773544, 214.65752223118707, 0.8008607583132946, 0.8841582272136843, 0.9675980970069082, 13.72772195750428], "time_func_eval": 2.7424352169036865, "incumbents_value": 0.5841814235448956, "iteration": 83}