{"runtime": 250.20879888534546, "optimization_overhead": 0.19869446754455566, "incumbent": [27.803408932676543, 0.006104023177133599, 0.0016581168673290726, 64.8987188398383, 0.6687299034312368, 0.8542538260797035, 0.8943418922259377, 13.606941240459477], "time_func_eval": 0.6606080532073975, "incumbents_value": 0.5759692639798268, "iteration": 99}