{"time_func_eval": 0.03100299835205078, "runtime": 28.979734182357788, "incumbents_value": 0.1502439024390244, "iteration": 96, "incumbent": [10.156702080110424, 0.007359842768937722, 0.0895877105815427, 176.11215397632384, 0.7561395537846496, 0.8594665533305156, 0.9202052746974949, 14.436851767124413], "optimization_overhead": 0.21304869651794434}