{"optimization_overhead": 0.27928590774536133, "runtime": 53.90430283546448, "incumbent": [104.73387169623068, 0.006101210418373154, 0.005869166667620027, 277.11916645637666, 0.050551104490187244, 0.534006053131861, 0.9852241192184028, 6.133938756725103], "incumbents_value": 0.2971834250941756, "iteration": 64, "time_func_eval": 0.07722902297973633}