{"optimization_overhead": 0.19571304321289062, "runtime": 16.219457864761353, "incumbent": [133.86033102108485, 0.0010614613771628939, 0.003812940376864265, 196.08652949090325, 0.8732812449052338, 0.8972326816653255, 0.5451763479650799, 13.015978922421857], "incumbents_value": 0.3039587863117277, "iteration": 21, "time_func_eval": 0.5095746517181396}