{"incumbent": [18.648535448260397, 0.008028699496156423, 0.00033698233546774906, 86.65811099715447, 0.6262826761540164, 0.13580714334885557, 0.9631421142311538, 13.255047837499616], "iteration": 54, "time_func_eval": 0.7986702919006348, "optimization_overhead": 0.24834656715393066, "incumbents_value": 0.5518158791865564, "runtime": 81.42538642883301}