{"incumbent": [18.648535448260397, 0.008028699496156423, 0.00033698233546774906, 86.65811099715447, 0.6262826761540164, 0.13580714334885557, 0.9631421142311538, 13.255047837499616], "iteration": 44, "time_func_eval": 0.26409339904785156, "optimization_overhead": 0.24599361419677734, "incumbents_value": 0.5518158791865564, "runtime": 66.87551355361938}