{"incumbents_value": 0.0, "time_func_eval": 0.03962302207946777, "optimization_overhead": 0.21677470207214355, "incumbent": [23.453823183619207, 0.006339440510031921, 0.015636590782944177, 213.79403417710074, 0.2682769251411394, 0.41527209779154706, 0.16591289580986307, 6.608448585207637], "runtime": 22.93881368637085, "iteration": 81}