{"runtime": 4.010880708694458, "iteration": 0, "time_func_eval": 4.005008935928345, "incumbent": [143.43617242552006, 0.009134801095836496, 0.06104730250540398, 215.29554699544235, 0.8142487906650621, 0.8040679901187585, 0.44851672720974517, 8.168697287554643], "incumbents_value": 0.06869629192198601, "optimization_overhead": 0.0017323493957519531}