{"runtime": 228.81107997894287, "iteration": 39, "time_func_eval": 14.313677787780762, "incumbent": [125.76163003611332, 0.0032761530752441646, 0.010572937304599763, 70.88264713882926, 0.8440394882732839, 0.18559645210592213, 0.22659196895810818, 13.62666057932753], "incumbents_value": 0.03491800574798365, "optimization_overhead": 0.5369412899017334}