{"runtime": 512.9718787670135, "iteration": 90, "time_func_eval": 0.4503190517425537, "incumbent": [148.92855179928875, 0.001744780370788043, 0.02220932851920873, 191.38069208422272, 0.8678050005054777, 0.3991372430105561, 0.9719527082351528, 7.231051775878637], "incumbents_value": 0.026731737144957024, "optimization_overhead": 0.5475714206695557}