{"runtime": 213.20634651184082, "iteration": 37, "time_func_eval": 13.077608585357666, "incumbent": [125.76163003611332, 0.0032761530752441646, 0.010572937304599763, 70.88264713882926, 0.8440394882732839, 0.18559645210592213, 0.22659196895810818, 13.62666057932753], "incumbents_value": 0.03491800574798365, "optimization_overhead": 0.47952771186828613}