{"runtime": 52.53097867965698, "iteration": 11, "time_func_eval": 3.2878198623657227, "incumbent": [71.27726540093089, 0.0015201475565238686, 0.01613697019210798, 71.9971537515631, 0.16501288855925342, 0.1420508357473723, 0.9181209138433063, 5.897122401421285], "incumbents_value": 0.03694257337872986, "optimization_overhead": 0.28473925590515137}