{"incumbents_value": 0.9563304865885713, "time_func_eval": 0.6556491851806641, "optimization_overhead": 0.24798321723937988, "incumbent": [103.02031163324222, 0.00988726538773164, 0.00036819918216970645, 95.34651392981573, 0.08107680360931384, 0.8379445131387914, 0.18740033435280798, 8.64129139597141], "runtime": 14.194336652755737, "iteration": 9}