{"incumbents_value": 0.016351840788409455, "time_func_eval": 6.63692045211792, "optimization_overhead": 0.22481799125671387, "incumbent": [128.16650602355293, 0.008189864691099905, 0.0074163123322996604, 280.69252330457476, 0.89386406431887, 0.38410538988319476, 0.9498865905501788, 14.314195884525967], "runtime": 105.08961582183838, "iteration": 25}