{"incumbents_value": 0.06769276139088287, "time_func_eval": 17.541266918182373, "optimization_overhead": 0.2262113094329834, "incumbent": [138.38208948231744, 0.003320540912928864, 0.002755874554600709, 211.28289946035324, 0.5479811262823903, 0.35424665890888696, 0.9063649468231809, 10.771397797345806], "runtime": 1200.2130987644196, "iteration": 70}