{"optimization_overhead": 0.37189292907714844, "runtime": 20.42458701133728, "incumbent": [131.55695561630068, 0.01, 0.0001, 241.28665519744612, 0.48861231449240816, 0.09, 0.0999, 14.043704814428708], "incumbents_value": 0.6346920712166142, "time_func_eval": 2.113692045211792, "iteration": 28}