{"optimization_overhead": 0.24656105041503906, "runtime": 44.41674017906189, "incumbent": [131.55695561630068, 0.01, 0.0001, 241.28665519744612, 0.48861231449240816, 0.09, 0.0999, 14.043704814428708], "incumbents_value": 0.6346920712166142, "time_func_eval": 0.08926892280578613, "iteration": 66}