{"runtime": 24.35589075088501, "iteration": 58, "time_func_eval": 0.08104419708251953, "incumbent": [146.8408236915361, 0.0096865333734968, 0.015252231947714865, 286.7146667809109, 0.3186650967211003, 0.795983736524273, 0.9912874183177763, 12.3823040631496], "incumbents_value": 0.2782051282051281, "optimization_overhead": 0.4036684036254883}