{"incumbents_value": 0.027753560981075842, "time_func_eval": 0.23154973983764648, "optimization_overhead": 0.3193502426147461, "incumbent": [149.8564445124101, 0.01, 0.0043930361223464085, 201.34908542226836, 0.8849738637132103, 0.8424383658544954, 0.9524363218760693, 12.109822516636113], "runtime": 97.61896848678589, "iteration": 40}