{"incumbents_value": 0.031302315018104765, "time_func_eval": 0.06894397735595703, "optimization_overhead": 0.21809816360473633, "incumbent": [77.75034983631201, 0.0025551334125122225, 0.02157141211426618, 271.40482675964955, 0.5285094767840732, 0.6751527629726041, 0.9412898018365257, 6.1980524170513105], "runtime": 17.910398244857788, "iteration": 7}