{"incumbents_value": 0.07075306080374677, "time_func_eval": 0.4280261993408203, "optimization_overhead": 0.23602700233459473, "incumbent": [146.36043302529168, 0.003707316469440388, 0.019309954070750885, 275.25695599604353, 0.23920269310945827, 0.5671972411689878, 0.917340426337829, 14.368716217315509], "runtime": 300.13182735443115, "iteration": 82}