{"incumbents_value": 0.7939601270644377, "time_func_eval": 0.15318751335144043, "optimization_overhead": 0.2345893383026123, "incumbent": [27.222349887749782, 1e-05, 0.0001, 50.811763724380334, 0.01, 0.09, 0.999, 14.219376688640779], "runtime": 62.46649980545044, "iteration": 77}