{"incumbents_value": 0.5560071437683378, "time_func_eval": 32.517317056655884, "optimization_overhead": 0.16449213027954102, "incumbent": [123.03415251859222, 0.009436240393529026, 0.0007763609734385763, 277.03012528542513, 0.7755279541420929, 0.8391611963556194, 0.44618478056271943, 7.478994320399252], "runtime": 318.2187213897705, "iteration": 47}