{"incumbents_value": 0.5560071437683378, "time_func_eval": 2.372375726699829, "optimization_overhead": 0.25866055488586426, "incumbent": [123.03415251859222, 0.009436240393529026, 0.0007763609734385763, 277.03012528542513, 0.7755279541420929, 0.8391611963556194, 0.44618478056271943, 7.478994320399252], "runtime": 416.22852897644043, "iteration": 85}