{"incumbents_value": 0.5695760739816789, "time_func_eval": 0.19463562965393066, "optimization_overhead": 0.36829543113708496, "incumbent": [149.35697295677352, 0.00045187375200303806, 0.00416239113616737, 293.24179139342016, 0.1886033920827993, 0.46903641053988476, 0.3321910732569497, 7.192153610581679], "runtime": 218.82433581352234, "iteration": 36}