{"optimization_overhead": 8.31286112467448e-05, "incumbent": [106.16605896729315, 0.00430925929188036, 0.08742453566723696, 200.06283932542107, 0.5610006483360833, 0.6953108103061797, 0.9166407057127761, 12.9243943754271], "iteration": 2, "incumbents_value": 0.10000000000000009, "time_func_eval": 0.02961564064025879, "runtime": 0.15011835098266602}