{"optimization_overhead": 0.29757165908813477, "incumbent": [75.0967258831215, 0.005084025156473648, 0.009658469557990955, 191.72376591981188, 0.4641619781237092, 0.567252652407908, 0.43512835107441344, 11.746268778156342], "iteration": 95, "incumbents_value": 0.0, "time_func_eval": 0.02630472183227539, "runtime": 27.197037935256958}