{"time_func_eval": 0.03169870376586914, "runtime": 6.214901685714722, "incumbents_value": 0.43523264633321557, "iteration": 26, "incumbent": [14.041085283343014, 0.0019122405429280688, 0.027493939414846118, 256.6909652148106, 0.1015083426263767, 0.8642803005942716, 0.9987957038793006, 12.774064906368912], "optimization_overhead": 0.1976315975189209}