{"time_func_eval": 0.04454779624938965, "runtime": 15.503307342529297, "incumbents_value": 0.3529199781829516, "iteration": 58, "incumbent": [116.75954944338419, 3.9472342120986974e-05, 0.01108504680029781, 285.0533333664649, 0.06410165357873675, 0.8720026672512071, 0.5679140426900954, 13.728808033275799], "optimization_overhead": 0.22504281997680664}