{"time_func_eval": 0.014763355255126953, "runtime": 13.06775164604187, "incumbents_value": 0.3529199781829516, "iteration": 49, "incumbent": [116.75954944338419, 3.9472342120986974e-05, 0.01108504680029781, 285.0533333664649, 0.06410165357873675, 0.8720026672512071, 0.5679140426900954, 13.728808033275799], "optimization_overhead": 0.2558419704437256}