{"time_func_eval": 0.13548588752746582, "runtime": 7.898777484893799, "incumbents_value": 0.3529199781829516, "iteration": 32, "incumbent": [116.75954944338419, 3.9472342120986974e-05, 0.01108504680029781, 285.0533333664649, 0.06410165357873675, 0.8720026672512071, 0.5679140426900954, 13.728808033275799], "optimization_overhead": 0.1979992389678955}