{"incumbents_value": 0.5820796393923977, "time_func_eval": 0.8909087181091309, "optimization_overhead": 0.2889251708984375, "incumbent": [7.86208947928835, 0.009387674453956258, 0.0009936300886311963, 271.29727044831037, 0.7526099266450631, 0.884147275081149, 0.8720849286209931, 14.470428921199762], "runtime": 36.17163014411926, "iteration": 62}