{"incumbents_value": 0.30970571590265983, "time_func_eval": 0.1855318546295166, "optimization_overhead": 0.20086979866027832, "incumbent": [32.57353941433314, 0.0005332962461670748, 0.01568329399788789, 291.72540429614037, 0.042344730989087344, 0.8416774749483136, 0.836765899422774, 5.714975122457407], "runtime": 24.332300186157227, "iteration": 42}