{"incumbents_value": 0.9999943281960969, "time_func_eval": 10.560493230819702, "optimization_overhead": 0.23324894905090332, "incumbent": [148.9986935893898, 0.0014431140524951576, 0.010908369959539303, 299.4736154900369, 0.7837450879082944, 0.8069833240711353, 0.6962059608984164, 5.80226608783882], "runtime": 7601.24325299263, "iteration": 71}