{"incumbents_value": 1.0, "time_func_eval": 34.18073129653931, "optimization_overhead": 0.0001331965128580729, "incumbent": [77.60335868992037, 0.007868945983887592, 0.05004179510787591, 290.64814809713107, 0.2513940534415655, 0.5045453514484541, 0.7271787382917352, 10.959825778262426], "runtime": 34.18189311027527, "iteration": 0}