{"incumbents_value": 0.9999968210067871, "time_func_eval": 91.11639332771301, "optimization_overhead": 0.18428754806518555, "incumbent": [11.69049684306393, 6.290886569923395e-05, 0.004384851304021279, 295.4037624094228, 0.20685559420693456, 0.8675313440124881, 0.7484929070892932, 14.039132742044098], "runtime": 1261.0126361846924, "iteration": 16}