{"incumbent": [139.67090067883257, 1e-05, 0.0001, 279.46702615750405, 0.2674185097875115, 0.2944357919357772, 0.0999, 13.098415630921018], "iteration": 79, "time_func_eval": 5.350302457809448, "optimization_overhead": 0.17681074142456055, "incumbents_value": 0.052233208222666194, "runtime": 231.2888376712799}