{"incumbent": [139.67090067883257, 1e-05, 0.0001, 279.46702615750405, 0.2674185097875115, 0.2944357919357772, 0.0999, 13.098415630921018], "iteration": 70, "time_func_eval": 8.664454698562622, "optimization_overhead": 0.25083398818969727, "incumbents_value": 0.052233208222666194, "runtime": 191.55575704574585}