{"iteration": 44, "runtime": 847.5850858688354, "time_func_eval": 84.24107885360718, "incumbent": [116.84989643999857, 0.009133144574042434, 0.000345539581303722, 297.60135339644944, 0.24737517463358683, 0.12251932735908697, 0.36232836287026454, 12.196980002817114], "incumbents_value": 0.9841156162813514, "optimization_overhead": 0.2606680393218994}