{"iteration": 8, "runtime": 146.68582844734192, "time_func_eval": 15.322913885116577, "incumbent": [144.57248157181814, 0.00016634776091281446, 0.005744511581393525, 127.71905416631888, 0.7431524497900875, 0.12510196327848977, 0.40394813932852, 13.344176140537426], "incumbents_value": 0.9921465428803361, "optimization_overhead": 0.20427894592285156}