{"iteration": 9, "incumbents_value": 1.0, "incumbent": [131.89090279800934, 0.0005956983335121592, 0.02643533316703608, 123.41773451273693, 0.23380264370261528, 0.13451801006756145, 0.8649305530344042, 10.713200040995599], "time_func_eval": 174.16157221794128, "runtime": 1573.5260133743286, "optimization_overhead": 0.14446210861206055}