{"iteration": 99, "runtime": 1687.8028209209442, "time_func_eval": 19.520753383636475, "incumbent": [69.45426952712272, 0.009464599365391084, 0.0012395861953569103, 170.02393881694968, 0.07997441813022903, 0.210959961862546, 0.9383715680944269, 5.318813289853619], "incumbents_value": 0.981850107656847, "optimization_overhead": 0.22355103492736816}