{"incumbents_value": 0.15425620523071792, "time_func_eval": 0.23973488807678223, "optimization_overhead": 0.21251130104064941, "incumbent": [18.93619729856216, 0.003396165437207075, 0.001179396422541988, 299.0834987062408, 0.347789631108914, 0.7457887981357932, 0.9404119400647162, 12.258637395140557], "runtime": 11.570210933685303, "iteration": 44}