{"incumbents_value": 0.11084984382668173, "time_func_eval": 19.7206928730011, "optimization_overhead": 0.23517775535583496, "incumbent": [132.10473242956354, 0.002654426399125914, 0.019347120890669436, 292.5411177759728, 0.32308215912752175, 0.8880092555879372, 0.6276154369137307, 14.460082200438347], "runtime": 1021.6036896705627, "iteration": 70}