{"incumbents_value": 0.083652737466544, "time_func_eval": 29.0016131401062, "optimization_overhead": 0.3407158851623535, "incumbent": [117.20141495830563, 0.004326215218389704, 0.026766074955904613, 197.55031320479839, 0.3954414142754361, 0.7522605255294791, 0.5956026151884727, 11.325071477842451], "runtime": 1148.443427324295, "iteration": 81}