{"time_func_eval": 0.12514257431030273, "incumbent": [61.96374370001368, 0.0015939871552593506, 0.0071678397512353435, 63.54285723999646, 0.7954174632902173, 0.8682885018548654, 0.9746107307282732, 14.025814418516564], "runtime": 78.47638010978699, "optimization_overhead": 0.33568239212036133, "iteration": 59, "incumbents_value": 0.34988621629488503}