{"incumbents_value": 0.031844660194174756, "time_func_eval": 13.838980913162231, "optimization_overhead": 0.19001102447509766, "incumbent": [97.77142248313925, 0.005113409597132435, 0.017620025796008267, 294.610638553734, 0.12546087079648624, 0.8807999845552374, 0.9517201531379362, 13.581058139112281], "runtime": 1117.8095223903656, "iteration": 94}