{"incumbents_value": 0.2631182703419368, "time_func_eval": 8.476027965545654, "optimization_overhead": 0.25905776023864746, "incumbent": [143.5009162024525, 0.007625724759878103, 0.0073042349464875695, 61.12759190024224, 0.2989157431230327, 0.8617603391366472, 0.9925976423341667, 13.815429872251524], "runtime": 124.4483048915863, "iteration": 11}