{"runtime": 496.9797706604004, "optimization_overhead": 0.21152234077453613, "incumbent": [143.32457014365554, 0.00020562112985622827, 0.014857541081450315, 50.33396950987666, 0.05587120165490735, 0.15688739093385057, 0.44764293187586124, 11.167111903079903], "time_func_eval": 1.9322154521942139, "incumbents_value": 0.08848565222246252, "iteration": 55}