{"runtime": 228.20772051811218, "optimization_overhead": 0.21043133735656738, "incumbent": [132.0921272982182, 0.009669175884723546, 0.061360587218909045, 147.5079201837744, 0.022340490945252825, 0.15331834961186513, 0.1611549459587538, 6.885921759637336], "time_func_eval": 0.1628255844116211, "incumbents_value": 0.11526369659486713, "iteration": 22}