{"time_func_eval": 0.2962055206298828, "incumbent": [33.9896264751667, 0.00045439503669227114, 0.07676500191344962, 81.44329880808166, 0.8941073864781786, 0.16686470830364875, 0.9440729617616346, 5.169579319254466], "runtime": 82.84600710868835, "optimization_overhead": 0.22224760055541992, "iteration": 26, "incumbents_value": 0.034818671429924564}