{"time_func_eval": 0.2195727825164795, "runtime": 24.159046411514282, "incumbents_value": 0.9646779254337394, "iteration": 39, "incumbent": [89.03233269749084, 0.00030826925189056457, 0.0015537458622261347, 84.39730239697425, 0.6316454214248716, 0.8990987568975941, 0.8880806463537319, 6.721745457291286], "optimization_overhead": 0.21117615699768066}