{"time_func_eval": 0.10942459106445312, "runtime": 20.28826141357422, "incumbents_value": 0.9646779254337394, "iteration": 34, "incumbent": [89.03233269749084, 0.00030826925189056457, 0.0015537458622261347, 84.39730239697425, 0.6316454214248716, 0.8990987568975941, 0.8880806463537319, 6.721745457291286], "optimization_overhead": 0.1669909954071045}