{"incumbents_value": 0.2299419126078629, "time_func_eval": 1.989192247390747, "optimization_overhead": 0.2222118377685547, "incumbent": [145.91711027726527, 0.00018450455836515565, 0.0041414414650382285, 268.5559947730104, 0.03105679851782831, 0.21942280562378585, 0.3077323330550907, 14.651433851937849], "runtime": 9.579345464706421, "iteration": 10}