{"incumbents_value": 0.13279521264272598, "time_func_eval": 1.270798921585083, "optimization_overhead": 0.3149418830871582, "incumbent": [116.13654098177517, 0.008925901811595804, 0.010118380128770834, 297.97961165195386, 0.26531196459045964, 0.8383429999803049, 0.8352871910188273, 14.712681960857175], "runtime": 58.632413387298584, "iteration": 73}