{"incumbents_value": 0.4722222222222222, "time_func_eval": 0.020943164825439453, "optimization_overhead": 0.19180750846862793, "incumbent": [34.59534188648842, 0.008752945430973894, 0.006831806652191324, 299.67694622128386, 0.7923546358783174, 0.8345987540522821, 0.9661676667489643, 7.161759796746669], "runtime": 13.389706134796143, "iteration": 50}