{"time_func_eval": 0.08402109146118164, "runtime": 31.605982542037964, "incumbents_value": 0.6168538656609417, "iteration": 34, "incumbent": [147.86291604995583, 0.01, 0.0001, 201.02604318421197, 0.9, 0.9, 0.999, 9.701060216032829], "optimization_overhead": 0.19219088554382324}