{"time_func_eval": 0.3779411315917969, "runtime": 66.89653015136719, "incumbents_value": 0.5814744706994035, "iteration": 65, "incumbent": [147.90937516785067, 1e-05, 0.0001, 201.06575594989337, 0.9, 0.9, 0.999, 9.885798786197167], "optimization_overhead": 0.2819650173187256}