{"time_func_eval": 0.5823273658752441, "runtime": 3.591418504714966, "incumbents_value": 0.7464317336151304, "iteration": 6, "incumbent": [59.95306015515092, 0.0015931566341301905, 0.017058895448196172, 282.59757625046916, 0.042335233729254504, 0.8608077093655266, 0.9202020979434493, 12.680433870078545], "optimization_overhead": 0.17019414901733398}