{"time_func_eval": 2.29412579536438, "runtime": 91.30636072158813, "incumbents_value": 0.5814744706994035, "iteration": 90, "incumbent": [147.90937516785067, 1e-05, 0.0001, 201.06575594989337, 0.9, 0.9, 0.999, 9.885798786197167], "optimization_overhead": 0.2077169418334961}