{"time_func_eval": 0.10368156433105469, "runtime": 71.29355669021606, "incumbents_value": 0.5814744706994035, "iteration": 74, "incumbent": [147.90937516785067, 1e-05, 0.0001, 201.06575594989337, 0.9, 0.9, 0.999, 9.885798786197167], "optimization_overhead": 0.2628142833709717}