{"incumbents_value": 0.5587840776591693, "time_func_eval": 0.1089332103729248, "optimization_overhead": 0.2398083209991455, "incumbent": [139.32087713145276, 0.0008830845814377862, 0.0036858819998886352, 268.33491950667985, 0.8283514698165686, 0.8073129038069751, 0.6737887752328956, 9.163454566512947], "runtime": 269.03647017478943, "iteration": 54}