{"incumbents_value": 0.0, "time_func_eval": 0.030301570892333984, "optimization_overhead": 0.29255032539367676, "incumbent": [111.42915540054094, 0.0005473281494011916, 0.05889134533588213, 198.26529815340797, 0.6610735697300176, 0.14451367623908926, 0.9219731589549233, 6.582410131582057], "runtime": 12.246325731277466, "iteration": 48}