{"incumbents_value": 0.12271871377221955, "time_func_eval": 6.398220777511597, "optimization_overhead": 0.2975597381591797, "incumbent": [86.89490536122403, 0.009960755708579684, 0.0035585136154802598, 105.22283238885898, 0.08416692275139546, 0.8124626417485489, 0.9489377899729199, 14.58928162651601], "runtime": 378.59297728538513, "iteration": 81}