{"incumbents_value": 0.18084054640213698, "time_func_eval": 0.34972643852233887, "optimization_overhead": 0.18399286270141602, "incumbent": [80.47043968405164, 0.009507838314188806, 0.008140929330317216, 91.06183854704895, 0.8477552336424703, 0.7825042734783, 0.5623067380643366, 13.106780292982847], "runtime": 176.89504671096802, "iteration": 56}