{"incumbents_value": 0.1777777777777777, "time_func_eval": 0.025040626525878906, "optimization_overhead": 0.17636775970458984, "incumbent": [102.82885320155184, 0.007894996712432606, 0.06746699371294769, 234.3873579921831, 0.04679169929366315, 0.6091812741219382, 0.3281176817258842, 14.702940752999972], "runtime": 6.479604005813599, "iteration": 27}