{"incumbents_value": 0.14141414141414144, "time_func_eval": 0.023792028427124023, "optimization_overhead": 0.21890830993652344, "incumbent": [38.174208228456486, 0.002557116265379328, 0.011708574480614551, 79.876917447474, 0.7016027222033934, 0.6845301406682444, 0.11603173696216701, 13.437296340764357], "runtime": 19.08695936203003, "iteration": 73}