{"incumbents_value": 0.14141414141414144, "time_func_eval": 0.03618621826171875, "optimization_overhead": 0.16788196563720703, "incumbent": [38.174208228456486, 0.002557116265379328, 0.011708574480614551, 79.876917447474, 0.7016027222033934, 0.6845301406682444, 0.11603173696216701, 13.437296340764357], "runtime": 15.43043828010559, "iteration": 60}