{"incumbents_value": 0.5919871794871796, "time_func_eval": 0.016860485076904297, "optimization_overhead": 0.1840658187866211, "incumbent": [9.7335814161146, 0.0026498395801293428, 0.011252454900671468, 290.3310976257269, 0.5015625816329399, 0.5430329763121007, 0.40144466853935445, 6.260669907371207], "runtime": 4.760300874710083, "iteration": 22}