{"incumbents_value": 0.35104804625252095, "time_func_eval": 0.9224233627319336, "optimization_overhead": 0.2085566520690918, "incumbent": [111.49527184701842, 0.0014577018818547347, 0.002472679063405345, 262.87669158024056, 0.8675646765598367, 0.2588721156539772, 0.3560005237589675, 6.700119039106748], "runtime": 384.6190128326416, "iteration": 65}