{"incumbents_value": 0.6779278739839101, "time_func_eval": 0.09928750991821289, "optimization_overhead": 0.24739670753479004, "incumbent": [149.65411458130143, 0.009530609566228955, 0.019656996563517264, 71.56899804484804, 0.03552760400749541, 0.7913309343683984, 0.6062264696810464, 6.067846621109833], "runtime": 34.66533136367798, "iteration": 9}