{"incumbents_value": 0.6564934727206533, "time_func_eval": 4.5464653968811035, "optimization_overhead": 0.22311043739318848, "incumbent": [145.97780918149104, 0.0020626628279603585, 0.019911227586948972, 221.00522381098776, 0.896340006748795, 0.13617812142339655, 0.3141965909384307, 11.014219336187502], "runtime": 41.33231973648071, "iteration": 12}