{"runtime": 0.19008636474609375, "iteration": 0, "time_func_eval": 0.1780543327331543, "incumbent": [96.94241441640247, 0.004454827154941014, 0.019936196402173985, 290.05147377546314, 0.12358859092632701, 0.8657014362775933, 0.9608634089797603, 12.215321237747595], "incumbents_value": 0.9501999387653891, "optimization_overhead": 0.0036850770314534507}