{"runtime": 114.9853982925415, "iteration": 63, "time_func_eval": 5.157026052474976, "incumbent": [132.2828424171712, 0.0007762545917414466, 0.007767714669987657, 258.55080533555895, 0.8232072758298385, 0.17235394647269725, 0.9066393026401355, 14.619464925440752], "incumbents_value": 0.9090646512923135, "optimization_overhead": 0.48117709159851074}