{"incumbents_value": 0.32314744079449964, "time_func_eval": 0.05500984191894531, "optimization_overhead": 0.00016736984252929688, "incumbent": [18.97287035807747, 0.0032636966351724415, 0.024526304503738196, 65.16576005653737, 0.5962220272857115, 0.26815661062413476, 0.3013774484837913, 14.763660566074234], "runtime": 0.13845133781433105, "iteration": 1}