{"incumbents_value": 0.9061302681992337, "time_func_eval": 0.3256354331970215, "optimization_overhead": 7.081031799316406e-05, "incumbent": [6.724649090175055, 0.008892538244166866, 0.02487020368804626, 125.22724254563629, 0.7769009722651523, 0.2871605257690184, 0.7129128021952493, 7.369652726586345], "runtime": 0.6286723613739014, "iteration": 2}