{"incumbents_value": 0.39330710078428655, "time_func_eval": 0.26210665702819824, "optimization_overhead": 0.2583496570587158, "incumbent": [145.70709243532417, 0.01, 0.0001, 285.7001020962034, 0.14368547722439548, 0.9, 0.7032398136977575, 5.502437433507048], "runtime": 24.134662866592407, "iteration": 25}