{"incumbents_value": 0.9952912019826518, "time_func_eval": 0.6033906936645508, "optimization_overhead": 0.00016530354817708334, "incumbent": [37.19642708954136, 0.0011430927298372755, 0.03665690233349222, 299.17510747012244, 0.22704558759036675, 0.7056905527337486, 0.7808834570238392, 11.135003380618], "runtime": 1.3114938735961914, "iteration": 2}