{"incumbents_value": 0.9667870490971757, "time_func_eval": 0.2021944522857666, "optimization_overhead": 0.21591520309448242, "incumbent": [10.850037798012822, 0.000549167079603725, 0.008356623806733344, 296.7016318635453, 0.8261473470520316, 0.1645775668750531, 0.19045816957864792, 12.55346612734961], "runtime": 3.489133596420288, "iteration": 8}