{"incumbents_value": 0.5671666982878331, "time_func_eval": 0.7939672470092773, "optimization_overhead": 0.31885313987731934, "incumbent": [12.50073264735738, 0.009471018158372431, 0.01661754644863441, 52.32485875647945, 0.24254546084894532, 0.8513608713831338, 0.9511694307250921, 14.877964968046301], "runtime": 84.4748330116272, "iteration": 39}