{"incumbents_value": 0.7381290504703515, "time_func_eval": 1.59144926071167, "optimization_overhead": 0.2375035285949707, "incumbent": [106.06649038652216, 0.0031202255485534383, 0.04465047808426429, 93.12170204729898, 0.8927162593339626, 0.7155766360975226, 0.48167332565491855, 9.313267359450668], "runtime": 27.12373971939087, "iteration": 5}