{"incumbents_value": 0.01667708984782157, "time_func_eval": 0.025133371353149414, "optimization_overhead": 0.19095301628112793, "incumbent": [62.05122548556183, 0.0048957526054019184, 0.010789639074682042, 271.70566087375977, 0.6839201407250958, 0.8760416247422428, 0.8129938782980745, 11.78105943119821], "runtime": 17.908895254135132, "iteration": 66}