{"incumbents_value": 0.033333333333333215, "time_func_eval": 0.09323906898498535, "optimization_overhead": 0.20977568626403809, "incumbent": [111.41088816253114, 0.009641638732357093, 0.031307508285283635, 245.43343861861624, 0.5529028116329073, 0.8941149841098068, 0.7039482687043367, 6.520203628874081], "runtime": 13.339278936386108, "iteration": 50}