{"incumbents_value": 0.17765981026010902, "time_func_eval": 0.421051025390625, "optimization_overhead": 0.25685906410217285, "incumbent": [119.57939367069696, 0.0003957741866297283, 0.043710221292595074, 240.01052905484426, 0.8035139048948666, 0.8988459362290213, 0.8385765271602295, 6.174308384691568], "runtime": 153.07788610458374, "iteration": 23}