{"incumbents_value": 0.17137642044619184, "time_func_eval": 9.225735902786255, "optimization_overhead": 0.3512229919433594, "incumbent": [142.39752530484247, 0.00800319897608625, 0.024517729224370854, 84.16184609048977, 0.1604309203446535, 0.771040324464425, 0.9443059171007759, 14.487344010066593], "runtime": 586.6018285751343, "iteration": 97}