{"incumbent": [94.80150497719046, 0.006206856763362188, 0.008946044401033694, 281.1587698664722, 0.8499494148505391, 0.8848806128761727, 0.7454556404852579, 12.026328477495785], "iteration": 91, "time_func_eval": 0.033948421478271484, "optimization_overhead": 0.1933293342590332, "incumbents_value": 0.4077200577200578, "runtime": 23.102266311645508}