{"incumbent": [110.64533757808944, 0.005849295321461085, 0.005440619703478753, 297.2022534101193, 0.418843863444555, 0.3116804310052399, 0.7404469862313016, 13.123874186148681], "iteration": 89, "time_func_eval": 1.565800666809082, "optimization_overhead": 0.19272899627685547, "incumbents_value": 0.36435006882928545, "runtime": 192.24155139923096}