{"incumbent": [137.92482614483845, 0.0016676030949532021, 0.009275122334095347, 276.0676792366703, 0.10290258248843767, 0.0919549566911941, 0.7666393754403422, 11.986692237796355], "iteration": 14, "time_func_eval": 0.5967681407928467, "optimization_overhead": 0.1840832233428955, "incumbents_value": 0.39572800217570747, "runtime": 21.783655643463135}