{"incumbents_value": 0.6066828133771498, "time_func_eval": 0.11231541633605957, "optimization_overhead": 0.2011706829071045, "incumbent": [127.91745299275377, 0.0006233620766782192, 0.00972472142592898, 123.08212428159752, 0.27326506820764884, 0.7857577153657742, 0.991579918227213, 11.226637969368515], "runtime": 39.15949511528015, "iteration": 72}