{"incumbents_value": 0.8313080771979986, "time_func_eval": 0.23476719856262207, "optimization_overhead": 0.00015131632486979166, "incumbent": [3.866660934697921, 0.006299327959474549, 0.05428682733778713, 260.49738345428045, 0.7685210256402186, 0.6472205428550635, 0.2794131444029334, 14.947706076886217], "runtime": 0.23588347434997559, "iteration": 0}