{"incumbents_value": 0.054960069760315866, "time_func_eval": 2.0734877586364746, "optimization_overhead": 0.30146217346191406, "incumbent": [6.798629948185341, 0.0007725870880129975, 0.08837087337135868, 267.5550619534296, 0.8961961723945572, 0.16540672699122555, 0.46412745325454613, 13.97044205044992], "runtime": 212.18424034118652, "iteration": 62}