{"incumbents_value": 0.054960069760315866, "time_func_eval": 0.2941303253173828, "optimization_overhead": 0.2772483825683594, "incumbent": [6.798629948185341, 0.0007725870880129975, 0.08837087337135868, 267.5550619534296, 0.8961961723945572, 0.16540672699122555, 0.46412745325454613, 13.97044205044992], "runtime": 175.58613848686218, "iteration": 55}