{"incumbents_value": 0.04661740777594914, "time_func_eval": 2.6712143421173096, "optimization_overhead": 0.3845219612121582, "incumbent": [145.60630759798718, 0.006726360285892777, 0.0004794395118960662, 55.201945347058896, 0.6086119111511781, 0.3430541866740804, 0.9626325936614303, 13.227985535240467], "runtime": 360.0153295993805, "iteration": 99}