{"runtime": 355.1875469684601, "incumbent": [125.93350509141978, 0.009210318563004376, 0.017545464862813352, 279.0025485381651, 0.8998299921133852, 0.3098493023943948, 0.17908878685885818, 14.226083264915037], "optimization_overhead": 0.37575268745422363, "time_func_eval": 37.02146291732788, "iteration": 28, "incumbents_value": 0.16907631687520674}