{"runtime": 168.4764747619629, "incumbent": [142.14920455399925, 0.008404173177204237, 0.0085527028259961, 288.76976715362355, 0.06116762846300352, 0.09193930241997837, 0.6009583499248353, 11.455770237508236], "optimization_overhead": 0.2847306728363037, "time_func_eval": 0.32109808921813965, "iteration": 19, "incumbents_value": 0.17015188824339378}