{"runtime": 872.480731010437, "incumbent": [145.81673438303787, 0.007451300720407295, 0.025360418491365194, 166.85029321290008, 0.8173407948714381, 0.3229344583656108, 0.960238264520331, 13.512985473367252], "optimization_overhead": 0.3389902114868164, "time_func_eval": 3.7453219890594482, "iteration": 77, "incumbents_value": 0.16606504832545332}