{"incumbents_value": 0.4221773477140036, "time_func_eval": 0.185929536819458, "optimization_overhead": 0.16062545776367188, "incumbent": [5.052482110468702, 0.0037808449112037602, 0.001038736757838878, 127.74200728308043, 0.8792266460812124, 0.8668427209434207, 0.7432575967703077, 13.818691640281632], "runtime": 36.96819186210632, "iteration": 56}