{"optimization_overhead": 0.13922500610351562, "runtime": 59.628451108932495, "incumbent": [144.47955837136726, 0.0002215597606861139, 0.007845771558035832, 247.6571303510679, 0.24137434041270686, 0.8884647122024247, 0.914793521179459, 7.672957135998178], "incumbents_value": 0.059408620504938, "time_func_eval": 7.926829814910889, "iteration": 50}