{"optimization_overhead": 0.16552400588989258, "runtime": 61.19843506813049, "incumbent": [144.47955837136726, 0.0002215597606861139, 0.007845771558035832, 247.6571303510679, 0.24137434041270686, 0.8884647122024247, 0.914793521179459, 7.672957135998178], "incumbents_value": 0.059408620504938, "time_func_eval": 0.29181981086730957, "iteration": 52}