{"incumbents_value": 0.7312697512357184, "time_func_eval": 0.27498507499694824, "optimization_overhead": 0.1621391773223877, "incumbent": [47.89937326201822, 0.005048990164369962, 0.005795772487210469, 74.89821210480208, 0.8423351409649003, 0.862698753193055, 0.15906106458297728, 6.572091522946102], "runtime": 7.552321434020996, "iteration": 4}