{"incumbents_value": 0.5842670351513648, "time_func_eval": 0.13200998306274414, "optimization_overhead": 0.2558565139770508, "incumbent": [140.583681569021, 0.008234573260735187, 0.004181831960954046, 286.98499301832743, 0.11703818550302085, 0.2502367814161429, 0.8526162481146563, 13.843616157722021], "runtime": 333.81374311447144, "iteration": 74}