{"optimization_overhead": 0.2531280517578125, "runtime": 14.919154167175293, "incumbent": [108.87636366293158, 0.00026043485082119803, 0.0930072337599801, 290.42171633411476, 0.11928899370718692, 0.3648899975137295, 0.8832909720358463, 12.955852017847835], "incumbents_value": 0.38095238095238093, "time_func_eval": 0.010497093200683594, "iteration": 56}