{"incumbents_value": 0.98774062816616, "time_func_eval": 0.31136155128479004, "optimization_overhead": 0.1647324562072754, "incumbent": [37.02361322705633, 0.00437355979984667, 0.0026172521370195745, 140.05940149756333, 0.8984015203844461, 0.8785628272439662, 0.9414916937911383, 5.3376333631679], "runtime": 19.84377956390381, "iteration": 19}