{"incumbents_value": 1.0, "time_func_eval": 0.44030117988586426, "optimization_overhead": 0.14067530632019043, "incumbent": [86.42586354678616, 0.004910812305282096, 0.021627670502532156, 224.63946351728356, 0.48860960558900113, 0.14928885580021223, 0.15249223190371547, 5.048532438350104], "runtime": 2.3673830032348633, "iteration": 4}