{"time_func_eval": 0.10520410537719727, "runtime": 11.700572967529297, "incumbents_value": 0.0, "iteration": 41, "incumbent": [17.896738341561182, 0.009043320666975435, 0.01555412632644646, 198.39492215140842, 0.0732954561936028, 0.8309516767907263, 0.6393263949792082, 6.334291966533629], "optimization_overhead": 0.22275137901306152}