{"time_func_eval": 0.0750424861907959, "runtime": 4.358961820602417, "incumbents_value": 0.0, "iteration": 16, "incumbent": [17.896738341561182, 0.009043320666975435, 0.01555412632644646, 198.39492215140842, 0.0732954561936028, 0.8309516767907263, 0.6393263949792082, 6.334291966533629], "optimization_overhead": 0.16716313362121582}