{"time_func_eval": 0.018329381942749023, "runtime": 0.1798686981201172, "incumbents_value": 0.2857142857142857, "iteration": 1, "incumbent": [104.73387169623068, 0.006101210418373154, 0.005869166667620027, 277.11916645637666, 0.050551104490187244, 0.534006053131861, 0.9852241192184028, 6.133938756725103], "optimization_overhead": 0.001325686772664388}