{"runtime": 79.80391836166382, "iteration": 35, "time_func_eval": 0.07303977012634277, "incumbent": [137.52521291943538, 0.001177604476297518, 0.0009051942622053531, 264.0751234658429, 0.6254848228735739, 0.14361781926279377, 0.2761838150744011, 12.706478282006348], "incumbents_value": 0.9846620296058498, "optimization_overhead": 0.30793166160583496}