{"runtime": 11.200576305389404, "iteration": 4, "time_func_eval": 2.1264901161193848, "incumbent": [3.352698531132576, 0.009854922604500278, 0.009339380482922866, 196.88892076735732, 0.20821951286789545, 0.1632599930319541, 0.10015286011781685, 11.587048861908855], "incumbents_value": 0.9986159169550173, "optimization_overhead": 0.29296112060546875}