{"incumbents_value": 0.5763518189323797, "time_func_eval": 4.385830640792847, "optimization_overhead": 0.22058939933776855, "incumbent": [140.29470620470838, 0.0027932094720425765, 0.0030501918645366856, 106.46892210001258, 0.8015955724483432, 0.8151499808903422, 0.48858316502602334, 5.254440959449798], "runtime": 246.9655442237854, "iteration": 64}