{"incumbents_value": 0.590728992048141, "time_func_eval": 17.436431884765625, "optimization_overhead": 0.29747438430786133, "incumbent": [85.4953235779, 0.006288459773713924, 0.009231938760933993, 168.2723069000735, 0.2001874454295714, 0.3487045363443686, 0.6749339191976576, 14.840832770454936], "runtime": 112.13361501693726, "iteration": 40}