{"incumbents_value": 0.9800416083684017, "time_func_eval": 2.7330312728881836, "optimization_overhead": 0.2553880214691162, "incumbent": [110.4567699836186, 0.0050963873329590275, 0.002516248944859664, 70.98998534442723, 0.13305243220411855, 0.8808280039962061, 0.9401866483258315, 12.276334520368], "runtime": 414.00577902793884, "iteration": 45}