{"incumbents_value": 0.8100279591742134, "time_func_eval": 0.09226536750793457, "optimization_overhead": 0.397022008895874, "incumbent": [146.03856275679058, 0.007623754086650948, 0.004741079924559245, 225.9041932251973, 0.14564826654904672, 0.7909488068640697, 0.48159995170490283, 9.252898909099203], "runtime": 107.02473449707031, "iteration": 96}