{"incumbents_value": 0.9125519638906672, "time_func_eval": 0.5245580673217773, "optimization_overhead": 0.45436882972717285, "incumbent": [7.573309205028375, 0.002854577002783856, 0.02538080894476312, 293.40857330779664, 0.8221601192719706, 0.8312743996924864, 0.8401573392357451, 8.239247531460887], "runtime": 66.15623569488525, "iteration": 77}