{"incumbents_value": 0.7833315415511184, "time_func_eval": 0.3129007816314697, "optimization_overhead": 0.29859185218811035, "incumbent": [9.440468225405361, 0.008722624273871025, 0.003445923970417882, 91.49528003742842, 0.8067407847169616, 0.8571108097211647, 0.853177528363194, 10.38593081244574], "runtime": 339.26275849342346, "iteration": 88}