{"incumbents_value": 0.3807876507656567, "time_func_eval": 0.033536434173583984, "optimization_overhead": 0.278484582901001, "incumbent": [145.34110195465735, 0.0019444113148888874, 0.0005366965511955504, 51.43085550557609, 0.252021771790944, 0.36925124389296915, 0.8816335134231845, 14.4710409012736], "runtime": 51.77703833580017, "iteration": 50}