{"incumbents_value": 0.3807876507656567, "time_func_eval": 0.0518488883972168, "optimization_overhead": 0.2929987907409668, "incumbent": [145.34110195465735, 0.0019444113148888874, 0.0005366965511955504, 51.43085550557609, 0.252021771790944, 0.36925124389296915, 0.8816335134231845, 14.4710409012736], "runtime": 81.93376016616821, "iteration": 86}