{"incumbents_value": 0.6144614675718048, "time_func_eval": 0.6355595588684082, "optimization_overhead": 0.00016069412231445312, "incumbent": [11.09104607457324, 0.0015606182213706839, 0.06714888308135047, 208.64127798937227, 0.2352578824474277, 0.3623619522266921, 0.8173670295838423, 7.836263938076515], "runtime": 0.6367077827453613, "iteration": 0}