{"optimization_overhead": 0.25379514694213867, "runtime": 16.236743211746216, "incumbent": [138.12285286110478, 0.008699274825231374, 0.010204781902992368, 291.46961438334745, 0.19404006038233165, 0.7944392901264248, 0.7763799020464262, 14.089893839331323], "incumbents_value": 0.529723564143854, "time_func_eval": 0.22321581840515137, "iteration": 52}