{"optimization_overhead": 0.23364472389221191, "runtime": 24.372653245925903, "incumbent": [63.2703183006693, 0.008101438842433376, 0.010059517822417926, 270.03260722876416, 0.7058813393924068, 0.8774476828792692, 0.9979681240149265, 6.296891771002306], "incumbents_value": 0.5132971317181845, "time_func_eval": 0.008828163146972656, "iteration": 77}