{"optimization_overhead": 0.2622380256652832, "runtime": 7.68646502494812, "incumbent": [7.431483865528328, 0.009872174484677034, 0.01432795128529557, 234.62357803814243, 0.8314073816592106, 0.8588876334049752, 0.89873749366705, 13.168062343759555], "incumbents_value": 0.5627450980392157, "time_func_eval": 0.06892895698547363, "iteration": 25}