{"optimization_overhead": 0.2674257755279541, "runtime": 23.70570707321167, "incumbent": [63.2703183006693, 0.008101438842433376, 0.010059517822417926, 270.03260722876416, 0.7058813393924068, 0.8774476828792692, 0.9979681240149265, 6.296891771002306], "incumbents_value": 0.5132971317181845, "time_func_eval": 0.01494908332824707, "iteration": 75}