{"optimization_overhead": 0.0008939107259114584, "runtime": 0.015491247177124023, "incumbent": [96.74679613257788, 0.0003132135065538735, 0.028286175513458953, 278.9658459084187, 0.20500388326662117, 0.8644419028395228, 0.8266633730707613, 12.532395276744811], "incumbents_value": 0.7959039548022598, "time_func_eval": 0.012382984161376953, "iteration": 0}