{"incumbents_value": 0.8577165806081468, "time_func_eval": 35.81050968170166, "optimization_overhead": 0.318601131439209, "incumbent": [107.13411126167483, 0.008799124452822684, 0.06015637678587751, 145.0267868153468, 0.2640260099398829, 0.4233666484128609, 0.492204509377948, 10.874225003226156], "runtime": 1286.1845118999481, "iteration": 79}