{"incumbents_value": 0.03218511238749466, "time_func_eval": 24.707666397094727, "optimization_overhead": 0.2049236297607422, "incumbent": [38.93125992437339, 0.005309349827816522, 0.004020093812235786, 250.17956961458063, 0.5769427707559296, 0.6636866362074653, 0.9387275344168488, 5.7270446922213125], "runtime": 108.36532831192017, "iteration": 5}