{"incumbents_value": 0.049648055742483876, "time_func_eval": 4.2786946296691895, "optimization_overhead": 0.22943592071533203, "incumbent": [47.372388588851926, 0.008458075307273567, 0.00025658930654190855, 279.68558641381065, 0.8982814371943666, 0.693191214973376, 0.9678369508089085, 6.0434374753904505], "runtime": 121.10257697105408, "iteration": 33}