{"incumbents_value": 0.049648055742483876, "time_func_eval": 6.385096311569214, "optimization_overhead": 0.17917966842651367, "incumbent": [47.372388588851926, 0.008458075307273567, 0.00025658930654190855, 279.68558641381065, 0.8982814371943666, 0.693191214973376, 0.9678369508089085, 6.0434374753904505], "runtime": 62.04737401008606, "iteration": 17}