{"incumbents_value": 0.07342038218633995, "time_func_eval": 3.464656352996826, "optimization_overhead": 0.0003978411356608073, "incumbent": [72.04808545016733, 0.0009390446678311146, 0.016914980866738028, 196.707530547303, 0.3636180430471755, 0.258897088501701, 0.4226320471104463, 6.301384277032774], "runtime": 11.39871621131897, "iteration": 2}