{"incumbents_value": 0.2959285828152399, "time_func_eval": 1.0123965740203857, "optimization_overhead": 0.3368372917175293, "incumbent": [130.60723052245567, 0.004002598559085293, 0.0025554745242303304, 119.57139749034475, 0.860575309506507, 0.1463736257414637, 0.1497795508965961, 5.084832384344353], "runtime": 70.83627390861511, "iteration": 58}