{"incumbents_value": 0.29353306972922166, "time_func_eval": 5.445513486862183, "optimization_overhead": 0.4354817867279053, "incumbent": [102.21818143433974, 0.008974859716746567, 0.014312158156047333, 62.67872811751003, 0.7496325590820663, 0.16928979959845447, 0.9328228255997163, 14.176222748698725], "runtime": 99.63257098197937, "iteration": 80}