{"incumbents_value": 0.5841051441051441, "time_func_eval": 0.49924397468566895, "optimization_overhead": 0.2675614356994629, "incumbent": [127.03338536747553, 0.0024951040545928534, 0.0003687818421099726, 91.06778965729002, 0.861057421002412, 0.6603288968671107, 0.7972039279706725, 13.500897475873783], "runtime": 219.34184217453003, "iteration": 67}