{"incumbents_value": 0.16000000000000003, "time_func_eval": 0.021303892135620117, "optimization_overhead": 0.19877028465270996, "incumbent": [123.47383530874355, 0.0061323848232901785, 0.017366761136544732, 260.26857547039026, 0.7786049086102848, 0.49326732177984645, 0.2290222837828188, 14.156882416300196], "runtime": 11.70120906829834, "iteration": 40}