{"incumbents_value": 0.6073810484320068, "time_func_eval": 0.15191435813903809, "optimization_overhead": 0.25484609603881836, "incumbent": [117.2022197894224, 0.01, 0.0001, 299.6354182793651, 0.5205143487834486, 0.9, 0.9812676705905619, 12.604679083140802], "runtime": 79.2294249534607, "iteration": 97}