{"incumbents_value": 0.8173574633615202, "time_func_eval": 0.255979061126709, "optimization_overhead": 0.19691681861877441, "incumbent": [7.431483865528328, 0.009872174484677034, 0.01432795128529557, 234.62357803814243, 0.8314073816592106, 0.8588876334049752, 0.89873749366705, 13.168062343759555], "runtime": 37.98339915275574, "iteration": 49}