{"incumbents_value": 0.1282332797230007, "time_func_eval": 1.0288479328155518, "optimization_overhead": 0.19307541847229004, "incumbent": [141.74331915243627, 0.008848172936223638, 0.003709270501214731, 289.09197919623114, 0.8568847342701579, 0.16952295600990575, 0.35467532737612706, 7.0841774024459605], "runtime": 247.4180953502655, "iteration": 39}