{"incumbents_value": 0.1276026382509743, "time_func_eval": 0.20212531089782715, "optimization_overhead": 0.24260163307189941, "incumbent": [147.14176081471425, 0.009823883389507097, 0.002453860184512722, 150.68357862118694, 0.1712151792906455, 0.7129770031893058, 0.11276502474679927, 9.852030562870869], "runtime": 346.27227783203125, "iteration": 52}