{"incumbents_value": 0.12360782390679514, "time_func_eval": 0.21452879905700684, "optimization_overhead": 0.22808408737182617, "incumbent": [63.25580933225768, 0.004821826594634362, 0.01366151266233261, 269.5174362442262, 0.1398869420985188, 0.12152394253311966, 0.9605023642519208, 14.268826722363144], "runtime": 448.974906206131, "iteration": 77}