{"optimization_overhead": 9.202957153320312e-05, "incumbent": [146.74704215702405, 0.0016321901022290303, 0.06156168326461367, 163.6039713119465, 0.6921278121874473, 0.33374571573266903, 0.7801143595948412, 7.817624196770452], "iteration": 0, "incumbents_value": 1.0, "time_func_eval": 53.68890190124512, "runtime": 53.68979573249817}