{"iteration": 67, "runtime": 195.94447588920593, "time_func_eval": 4.943548917770386, "incumbent": [6.597160914247883, 0.00018924806084767763, 0.002911463510710055, 195.44983624734957, 0.049638749286614506, 0.26533734128298275, 0.8836700786570268, 5.125511383888516], "incumbents_value": 0.7691745512608952, "optimization_overhead": 0.30797553062438965}