{"optimization_overhead": 0.18502092361450195, "incumbent": [146.74704215702405, 0.0016321901022290303, 0.06156168326461367, 163.6039713119465, 0.6921278121874473, 0.33374571573266903, 0.7801143595948412, 7.817624196770452], "iteration": 52, "incumbents_value": 1.0, "time_func_eval": 26.06937599182129, "runtime": 5503.965612411499}