{"iteration": 20, "runtime": 86.80981135368347, "time_func_eval": 0.46276330947875977, "incumbent": [42.361605757211954, 0.0038292041169162697, 0.016404752811770534, 179.03203007012877, 0.037587164549155914, 0.18909442239806717, 0.5889406067111651, 9.734425318008174], "incumbents_value": 0.7866189186609499, "optimization_overhead": 0.2598683834075928}