{"incumbents_value": 0.15934379624127615, "time_func_eval": 0.047016143798828125, "optimization_overhead": 0.24246978759765625, "incumbent": [54.248039591917475, 0.0006210553869563194, 0.004486444365532213, 188.95519636258553, 0.8053073056369341, 0.360191884320209, 0.9985092441935851, 5.374096532640209], "runtime": 7.541610956192017, "iteration": 33}