{"incumbents_value": 0.19024149541390922, "time_func_eval": 0.031629323959350586, "optimization_overhead": 0.16989421844482422, "incumbent": [138.72479019369518, 0.0003910853869381877, 0.04988103628635434, 54.00379869941753, 0.8734053095141329, 0.8118764483135477, 0.9281941278722748, 5.124003254916776], "runtime": 4.541382312774658, "iteration": 20}