{"incumbents_value": 0.9223662437948152, "time_func_eval": 3.763723850250244, "optimization_overhead": 0.2124478816986084, "incumbent": [44.29603643436965, 0.008970955280089978, 0.009626748745783925, 63.03689753215635, 0.376391975800517, 0.87300487691189, 0.7814220452912654, 9.25252190035815], "runtime": 70.2884521484375, "iteration": 13}