{"incumbents_value": 0.3635872676361098, "time_func_eval": 20.133256673812866, "optimization_overhead": 0.2814204692840576, "incumbent": [147.30827778346767, 0.007212000749079748, 0.000680792125352006, 165.84423367343732, 0.719346688355427, 0.836694492864112, 0.9899771267662802, 7.603026043618005], "runtime": 418.2880184650421, "iteration": 65}