{"incumbents_value": 0.01932980243854221, "time_func_eval": 69.96617126464844, "optimization_overhead": 0.2118663787841797, "incumbent": [72.87594892820428, 0.006975444521186182, 0.0018251340374858685, 292.8082103813708, 0.7623811438836822, 0.7971925237328358, 0.9555749764935518, 13.438932182554868], "runtime": 724.7259478569031, "iteration": 41}