{"incumbent": [123.05165883079005, 0.002471116145279429, 0.001813113716528237, 180.47077755795175, 0.7109281333889148, 0.39411372414094725, 0.759332018405428, 8.983662802391969], "iteration": 3, "time_func_eval": 0.26213717460632324, "optimization_overhead": 0.1602189540863037, "incumbents_value": 0.10026206036402707, "runtime": 17.459925413131714}