{"incumbent": [123.05165883079005, 0.002471116145279429, 0.001813113716528237, 180.47077755795175, 0.7109281333889148, 0.39411372414094725, 0.759332018405428, 8.983662802391969], "iteration": 46, "time_func_eval": 3.624619245529175, "optimization_overhead": 0.2556438446044922, "incumbents_value": 0.10026206036402707, "runtime": 150.53051209449768}