{"incumbent": [139.52066186735982, 0.0021724943785778775, 0.0028085498580505135, 295.6793911615306, 0.878560757547313, 0.32310712323205937, 0.2883236318782323, 14.25437878810243], "iteration": 59, "time_func_eval": 0.17729592323303223, "optimization_overhead": 0.24181413650512695, "incumbents_value": 0.0989721186105178, "runtime": 214.4382667541504}