{"incumbents_value": 0.23999999999999988, "time_func_eval": 0.025396347045898438, "optimization_overhead": 0.20893383026123047, "incumbent": [111.61831246932306, 0.009727717020139985, 0.009618589161935639, 271.3020590810559, 0.13365231621743034, 0.344849157268178, 0.9735528837484191, 14.730921191292893], "runtime": 7.249954462051392, "iteration": 29}