{"incumbents_value": 0.4629629629629629, "time_func_eval": 0.07800531387329102, "optimization_overhead": 0.21396446228027344, "incumbent": [15.978450265788457, 0.009565304635396326, 0.027901838294539613, 192.3492102481685, 0.5057101151852303, 0.7521759898379107, 0.9305415002218289, 10.367117728412332], "runtime": 2.564075231552124, "iteration": 12}