{"incumbents_value": 0.06211180124223603, "time_func_eval": 0.03761148452758789, "optimization_overhead": 0.4260542392730713, "incumbent": [148.28907416385397, 0.01, 0.02814742675462973, 55.554716622397, 0.059184792923724194, 0.8275241254013271, 0.999, 14.319482716482193], "runtime": 20.36683440208435, "iteration": 73}