{"runtime": 10.925265550613403, "optimization_overhead": 0.19434285163879395, "incumbent": [21.044611841388043, 0.009249248149649458, 0.019495634870814647, 298.4924916428687, 0.6349432773061957, 0.8744596266999805, 0.8658667027580259, 11.53666377945266], "time_func_eval": 0.538156270980835, "incumbents_value": 0.0, "iteration": 24}