{"runtime": 27.770789861679077, "optimization_overhead": 0.2185678482055664, "incumbent": [21.044611841388043, 0.009249248149649458, 0.019495634870814647, 298.4924916428687, 0.6349432773061957, 0.8744596266999805, 0.8658667027580259, 11.53666377945266], "time_func_eval": 1.871610403060913, "incumbents_value": 0.0, "iteration": 49}