{"runtime": 29.103456735610962, "optimization_overhead": 0.28511953353881836, "incumbent": [21.044611841388043, 0.009249248149649458, 0.019495634870814647, 298.4924916428687, 0.6349432773061957, 0.8744596266999805, 0.8658667027580259, 11.53666377945266], "time_func_eval": 0.18433761596679688, "incumbents_value": 0.0, "iteration": 53}