{"runtime": 51.57592225074768, "optimization_overhead": 0.2123255729675293, "incumbent": [21.044611841388043, 0.009249248149649458, 0.019495634870814647, 298.4924916428687, 0.6349432773061957, 0.8744596266999805, 0.8658667027580259, 11.53666377945266], "time_func_eval": 0.8614568710327148, "incumbents_value": 0.0, "iteration": 91}