{"incumbents_value": 0.9722222222222222, "time_func_eval": 3.5394718647003174, "optimization_overhead": 0.3658633232116699, "incumbent": [81.46760527317771, 0.0009816598876314158, 0.004083873181938763, 239.69709410020218, 0.8860015129470953, 0.13402801065966397, 0.9146670969198522, 8.144479359580979], "runtime": 17.577928066253662, "iteration": 20}