{"incumbents_value": 0.5479390784653941, "time_func_eval": 0.04671597480773926, "optimization_overhead": 0.21773791313171387, "incumbent": [115.20833010937953, 0.008889732686010518, 0.00010347112386822395, 290.0666708635413, 0.02859291627001307, 0.18645062245682303, 0.9113966297320923, 5.79635947371106], "runtime": 10.068428993225098, "iteration": 12}