{"runtime": 590.3235037326813, "optimization_overhead": 0.24116039276123047, "incumbent": [134.21112067612628, 0.009292248910242787, 0.005545353945068721, 101.97191914779195, 0.42885801239429194, 0.17922668751931076, 0.6995210765359593, 13.650854663516277], "time_func_eval": 1.9543695449829102, "incumbents_value": 0.08302080507851972, "iteration": 64}