{"runtime": 775.0052239894867, "optimization_overhead": 0.37697649002075195, "incumbent": [134.21112067612628, 0.009292248910242787, 0.005545353945068721, 101.97191914779195, 0.42885801239429194, 0.17922668751931076, 0.6995210765359593, 13.650854663516277], "time_func_eval": 10.073034763336182, "incumbents_value": 0.08302080507851972, "iteration": 86}