{"runtime": 185.8619749546051, "optimization_overhead": 0.18102335929870605, "incumbent": [140.51291615758296, 0.0004194316028850181, 0.05264785835593424, 76.7549319840983, 0.08815284052684066, 0.09337270270092861, 0.5820367698574741, 5.790020524124337], "time_func_eval": 11.821282863616943, "incumbents_value": 0.10154278810192618, "iteration": 23}