{"runtime": 649.2144446372986, "optimization_overhead": 0.2433309555053711, "incumbent": [134.21112067612628, 0.009292248910242787, 0.005545353945068721, 101.97191914779195, 0.42885801239429194, 0.17922668751931076, 0.6995210765359593, 13.650854663516277], "time_func_eval": 5.268365383148193, "incumbents_value": 0.08302080507851972, "iteration": 71}