{"incumbents_value": 0.9115620218561395, "time_func_eval": 0.07817721366882324, "optimization_overhead": 0.29723262786865234, "incumbent": [116.83756390088632, 0.0022733993949982678, 0.0034047347343976716, 285.7021355558661, 0.02509552767161891, 0.2640114984077985, 0.574937154384843, 14.818572496063242], "runtime": 91.87169766426086, "iteration": 41}