{"incumbents_value": 0.9115620218561395, "time_func_eval": 2.029183864593506, "optimization_overhead": 0.291853666305542, "incumbent": [116.83756390088632, 0.0022733993949982678, 0.0034047347343976716, 285.7021355558661, 0.02509552767161891, 0.2640114984077985, 0.574937154384843, 14.818572496063242], "runtime": 95.67365956306458, "iteration": 45}