{"incumbents_value": 0.3538888888888889, "time_func_eval": 0.17580246925354004, "optimization_overhead": 0.22765469551086426, "incumbent": [70.67433355724333, 0.0009555835240586658, 0.0889158070676854, 232.83972060261624, 0.6667538987732602, 0.20711242390012766, 0.5173229637434333, 8.091347851038103], "runtime": 1.137876033782959, "iteration": 3}