{"incumbents_value": 0.3165424613700476, "time_func_eval": 1.6164274215698242, "optimization_overhead": 0.23233628273010254, "incumbent": [115.08570193730344, 0.00018710145551676413, 0.0005968137858183498, 287.62957279587187, 0.8249937434375886, 0.30787859329872824, 0.48196378452992883, 14.259844345483755], "runtime": 7.989411115646362, "iteration": 13}