{"incumbents_value": 0.5327631386922139, "time_func_eval": 22.781984090805054, "optimization_overhead": 0.25498175621032715, "incumbent": [42.17590549412785, 0.0017015257886419206, 0.004491972196881959, 70.50717231833171, 0.6869717930159345, 0.6441474269898022, 0.7719509654771105, 14.951138567676164], "runtime": 72.10615539550781, "iteration": 18}