{"incumbents_value": 0.06854406236178678, "iteration": 6, "runtime": 7.5204033851623535, "incumbent": [96.94241441640247, 0.004454827154941014, 0.019936196402173985, 290.05147377546314, 0.12358859092632701, 0.8657014362775933, 0.9608634089797603, 12.215321237747595], "optimization_overhead": 0.18334269523620605, "time_func_eval": 3.2148354053497314}