{"incumbents_value": 0.06854406236178678, "iteration": 31, "runtime": 28.581164836883545, "incumbent": [96.94241441640247, 0.004454827154941014, 0.019936196402173985, 290.05147377546314, 0.12358859092632701, 0.8657014362775933, 0.9608634089797603, 12.215321237747595], "optimization_overhead": 0.3101339340209961, "time_func_eval": 0.8750600814819336}