{"incumbents_value": 0.20582078172358353, "time_func_eval": 16.884286165237427, "optimization_overhead": 0.15903925895690918, "incumbent": [136.85996950113864, 0.0046264317403258435, 0.02071048021101072, 251.03470898054215, 0.8465341608275156, 0.6156809523816181, 0.9578127060594391, 13.292738888707149], "runtime": 100.84396982192993, "iteration": 7}