{"incumbents_value": 0.05291005291005291, "time_func_eval": 0.014209747314453125, "optimization_overhead": 0.2387542724609375, "incumbent": [41.77717122852569, 0.0033843871717590054, 0.02493360804632254, 103.31446497646863, 0.8129162792699793, 0.8432580053107733, 0.9983799347219015, 14.596584385220575], "runtime": 13.527637004852295, "iteration": 52}