{"incumbents_value": 0.8933333333333333, "time_func_eval": 0.02952742576599121, "optimization_overhead": 0.00012214978535970053, "incumbent": [102.32114276448968, 0.0060257978839826296, 0.03728349122955141, 111.53836243855821, 0.2985433516918092, 0.3802695338879316, 0.10167366153270695, 10.088974888024735], "runtime": 0.03046131134033203, "iteration": 0}