{"incumbents_value": 0.6708624708624709, "time_func_eval": 0.021613597869873047, "optimization_overhead": 0.25881266593933105, "incumbent": [40.015885680687404, 0.00386764585639805, 0.005167082176569735, 286.03150791610267, 0.8229375615938318, 0.10439449573167218, 0.7646992594599993, 5.475849836516541], "runtime": 17.854970693588257, "iteration": 63}