{"incumbents_value": 0.7575429975429975, "time_func_eval": 0.018594980239868164, "optimization_overhead": 0.16739249229431152, "incumbent": [7.061706899902731, 0.009748818237546296, 0.007927540193999811, 196.55386877521886, 0.8473246308895361, 0.12312710097296144, 0.5818353742118345, 13.96537132281465], "runtime": 0.8178508281707764, "iteration": 5}