{"incumbent": [131.54575056407907, 0.0014627700528110838, 0.003887066301765075, 296.73701960599124, 0.4412194650360295, 0.6035860423205521, 0.6162934615391601, 14.78208535977938], "iteration": 86, "time_func_eval": 2.096129894256592, "optimization_overhead": 0.19427204132080078, "incumbents_value": 0.3529842919190619, "runtime": 206.60230922698975}