{"incumbent": [120.64489613629169, 0.0020173021245257767, 0.01086221972526952, 296.6943550817022, 0.8469281987211524, 0.8920646676369177, 0.9650244044356475, 13.139788174359165], "iteration": 47, "time_func_eval": 4.413991928100586, "optimization_overhead": 0.1948080062866211, "incumbents_value": 0.3787194095084875, "runtime": 94.74553322792053}