{"incumbents_value": 0.01466728071697565, "time_func_eval": 1.730046033859253, "optimization_overhead": 0.20194792747497559, "incumbent": [115.43569240519922, 0.009889790611492382, 0.0031142602358490193, 275.03012110957957, 0.13465532425629959, 0.10904847998349723, 0.4628975283908495, 6.470165069971856], "runtime": 1738.082441329956, "iteration": 53}