{"incumbents_value": 0.014751257631176906, "time_func_eval": 15.44643497467041, "optimization_overhead": 0.17985248565673828, "incumbent": [139.8134597368713, 0.007791545111887911, 0.0006859222212178844, 253.1025611777342, 0.6990106299093425, 0.5328187597815056, 0.6535568795497676, 5.254911369307946], "runtime": 593.650249004364, "iteration": 16}