{"incumbents_value": 0.064385622884366, "time_func_eval": 33.5633659362793, "optimization_overhead": 0.18874359130859375, "incumbent": [116.27234730766239, 0.0025072604521218633, 0.020703988814885433, 213.21897792831885, 0.6471283476088042, 0.31145812334214384, 0.11527993824241409, 5.862504178468498], "runtime": 54.283692359924316, "iteration": 6}