{"incumbents_value": 0.026071951786292402, "time_func_eval": 33.51730799674988, "optimization_overhead": 0.2138230800628662, "incumbent": [144.1250461224303, 0.008581586985630456, 0.00022997028313117163, 224.93198619165102, 0.7196777660767016, 0.5632624544352189, 0.9615660099758823, 13.51107222072056], "runtime": 88.04287791252136, "iteration": 7}