{"incumbents_value": 0.0, "time_func_eval": 1.5041069984436035, "optimization_overhead": 0.38254213333129883, "incumbent": [105.14453306368343, 3.3123263401327775e-05, 0.003952231971748774, 174.5518050857308, 0.016202723973765824, 0.16947366946242676, 0.30261592615353783, 14.830530177233914], "runtime": 896.2298963069916, "iteration": 91}