{"incumbents_value": 0.13083518477944, "time_func_eval": 12.211743593215942, "optimization_overhead": 0.2104029655456543, "incumbent": [119.26844148046064, 0.008811523109443503, 0.004564891736363173, 54.21916350772769, 0.5569802537098376, 0.18244151136510556, 0.8900485585471565, 5.127596525612948], "runtime": 199.57792401313782, "iteration": 37}