{"runtime": 22.82028818130493, "optimization_overhead": 0.20997953414916992, "incumbent": [118.9428371549661, 0.009786942765921429, 0.015290415800284445, 262.6959055670087, 0.8489055160735841, 0.3734964268339038, 0.9736860200726355, 11.781103560738428], "time_func_eval": 0.06931209564208984, "incumbents_value": 0.4534823759527332, "iteration": 45}