{"runtime": 46.075212717056274, "optimization_overhead": 0.23324251174926758, "incumbent": [131.26354057767307, 0.002082825861747047, 0.03630119979088424, 294.8066963498281, 0.023439109460697514, 0.11171417259507767, 0.1763148210059402, 7.233201079610021], "time_func_eval": 0.02248096466064453, "incumbents_value": 0.4512807408300117, "iteration": 89}