{"runtime": 3.335205554962158, "optimization_overhead": 0.21842050552368164, "incumbent": [41.259746444416216, 0.009754498107450355, 0.06078471908853284, 184.50625248347723, 0.8450444710710463, 0.8724748623699438, 0.7282617822009142, 14.60305522470332], "time_func_eval": 0.15654730796813965, "incumbents_value": 0.4541917988741677, "iteration": 5}