{"runtime": 42.67782211303711, "optimization_overhead": 0.21127796173095703, "incumbent": [131.26354057767307, 0.002082825861747047, 0.03630119979088424, 294.8066963498281, 0.023439109460697514, 0.11171417259507767, 0.1763148210059402, 7.233201079610021], "time_func_eval": 1.1004102230072021, "incumbents_value": 0.4512807408300117, "iteration": 81}