{"incumbent": [138.43952599384346, 0.008671603536756278, 0.004801795960771185, 155.42165941668955, 0.29551335404102697, 0.1072835771064312, 0.8805372210899162, 8.141918671183113], "iteration": 44, "time_func_eval": 0.12625908851623535, "optimization_overhead": 0.2025129795074463, "incumbents_value": 0.5640248480250292, "runtime": 73.59919857978821}