{"incumbent": [138.43952599384346, 0.008671603536756278, 0.004801795960771185, 155.42165941668955, 0.29551335404102697, 0.1072835771064312, 0.8805372210899162, 8.141918671183113], "iteration": 50, "time_func_eval": 0.4473891258239746, "optimization_overhead": 0.26116466522216797, "incumbents_value": 0.5640248480250292, "runtime": 78.04027676582336}