{"incumbent": [96.94241441640247, 0.004454827154941014, 0.019936196402173985, 290.05147377546314, 0.12358859092632701, 0.8657014362775933, 0.9608634089797603, 12.215321237747595], "iteration": 0, "time_func_eval": 0.763861894607544, "optimization_overhead": 0.001026471455891927, "incumbents_value": 0.8326934951057317, "runtime": 0.7673633098602295}