{"incumbent": [18.45960049519791, 0.009708604054625142, 0.001638480197909841, 80.87815568246234, 0.621419725828429, 0.0915490474741807, 0.9645764963700783, 7.767629207563239], "iteration": 13, "time_func_eval": 0.373701810836792, "optimization_overhead": 0.16586041450500488, "incumbents_value": 0.6641399449980041, "runtime": 26.314424753189087}