{"incumbent": [147.96771273231852, 0.009110108267109035, 0.008414935700161007, 67.91545945344481, 0.15270727626606193, 0.14525410342820191, 0.1422996567232101, 11.145713867746547], "iteration": 18, "time_func_eval": 0.15636563301086426, "optimization_overhead": 0.17995429039001465, "incumbents_value": 0.6173355044749733, "runtime": 36.3871693611145}