{"incumbents_value": 0.17862829019426962, "time_func_eval": 36.950305223464966, "optimization_overhead": 0.28385448455810547, "incumbent": [148.63187075004595, 0.008430749105007048, 0.011569937122047395, 224.75575610810708, 0.040632279773223916, 0.4396101653703337, 0.9269483163887882, 13.369443708601164], "runtime": 146.93942213058472, "iteration": 18}