{"incumbents_value": 0.0339366515837104, "time_func_eval": 0.26291632652282715, "optimization_overhead": 0.3105001449584961, "incumbent": [129.43900787294314, 0.003990570780390835, 0.010866270124842672, 274.871773795987, 0.757644490227372, 0.21664410742480045, 0.8333755447185173, 14.854878907940481], "runtime": 55.192572355270386, "iteration": 94}