{"incumbents_value": 0.17302489177489178, "time_func_eval": 0.21246600151062012, "optimization_overhead": 0.3702976703643799, "incumbent": [143.14026810015318, 0.009842320262812046, 0.0026798641535453927, 62.73559667750959, 0.1746549169607084, 0.1877123093656187, 0.18368646563462393, 14.93240713110175], "runtime": 36.52690243721008, "iteration": 70}