{"incumbents_value": 0.1755050505050506, "time_func_eval": 0.0807487964630127, "optimization_overhead": 0.15680694580078125, "incumbent": [18.931707768546968, 0.009061496201878834, 0.09398177200918505, 107.67740029315668, 0.8963438735348362, 0.8401843782085069, 0.9927191626397395, 8.487545502754559], "runtime": 13.9828519821167, "iteration": 23}