{"incumbents_value": 0.22012362637362637, "time_func_eval": 0.5723304748535156, "optimization_overhead": 0.0001255671183268229, "incumbent": [54.4181747054674, 0.0005940320179080608, 0.037744984434614076, 261.5529001026652, 0.6219242129725827, 0.6739784255163401, 0.6518265909990442, 13.447101336614317], "runtime": 0.6577551364898682, "iteration": 2}