{"optimization_overhead": 0.0011401176452636719, "runtime": 0.10797810554504395, "incumbent": [104.73387169623068, 0.006101210418373154, 0.005869166667620027, 277.11916645637666, 0.050551104490187244, 0.534006053131861, 0.9852241192184028, 6.133938756725103], "incumbents_value": 0.6892857142857143, "time_func_eval": 0.027660131454467773, "iteration": 1}