{"optimization_overhead": 0.30807018280029297, "runtime": 36.085612058639526, "incumbent": [9.737293265975026, 0.009112775274492266, 0.0026745002767599073, 266.7159927164139, 0.6923710979310214, 0.8612095737241425, 0.9583171427632408, 14.071161948083486], "incumbents_value": 0.0, "time_func_eval": 0.05804181098937988, "iteration": 87}