{"optimization_overhead": 0.28870105743408203, "runtime": 10.469316959381104, "incumbent": [9.737293265975026, 0.009112775274492266, 0.0026745002767599073, 266.7159927164139, 0.6923710979310214, 0.8612095737241425, 0.9583171427632408, 14.071161948083486], "incumbents_value": 0.0, "time_func_eval": 0.03608202934265137, "iteration": 24}