{"runtime": 3873.188099384308, "optimization_overhead": 0.4737555980682373, "iteration": 66, "incumbent": [98.77490223504402, 0.009444919413519054, 0.0028723275887609055, 276.5502619143012, 0.29385848477001725, 0.09532801931781519, 0.7021204349570336, 10.973936936612759], "incumbents_value": 0.013690057740571415, "time_func_eval": 70.59386014938354}