{"runtime": 3483.268921852112, "optimization_overhead": 0.3484933376312256, "iteration": 56, "incumbent": [98.77490223504402, 0.009444919413519054, 0.0028723275887609055, 276.5502619143012, 0.29385848477001725, 0.09532801931781519, 0.7021204349570336, 10.973936936612759], "incumbents_value": 0.013690057740571415, "time_func_eval": 87.9582507610321}