{"runtime": 2265.459793806076, "optimization_overhead": 0.38854217529296875, "iteration": 37, "incumbent": [143.38689384538253, 1e-05, 0.0001, 289.3176272994208, 0.23002679662348685, 0.09, 0.999, 13.452504843488194], "incumbents_value": 0.02517822399657943, "time_func_eval": 68.02117872238159}