{"runtime": 1582.6294794082642, "optimization_overhead": 0.2490987777709961, "iteration": 28, "incumbent": [143.38689384538253, 1e-05, 0.0001, 289.3176272994208, 0.23002679662348685, 0.09, 0.999, 13.452504843488194], "incumbents_value": 0.02517822399657943, "time_func_eval": 22.39326024055481}