{"incumbents_value": 0.5065811965811966, "time_func_eval": 0.10904717445373535, "optimization_overhead": 0.1942615509033203, "incumbent": [79.85311212532642, 0.0021785485959796057, 0.02419266531273077, 109.7949196346224, 0.798403839066615, 0.4304214485929755, 0.2262506803754012, 5.373352564344963], "runtime": 4.57503867149353, "iteration": 5}