{"incumbents_value": 0.43814365710917424, "time_func_eval": 0.14895939826965332, "optimization_overhead": 0.2393045425415039, "incumbent": [120.79485096132571, 0.009534876917572193, 0.010726137856346298, 280.9534906206617, 0.3758096610587228, 0.8046154454965518, 0.8593183541722907, 14.89448911514494], "runtime": 46.477179288864136, "iteration": 40}