{"optimization_overhead": 0.24175381660461426, "runtime": 2.4621269702911377, "incumbent": [146.5420033914829, 6.012974302563806e-05, 0.023447220973726028, 241.13381626323252, 0.01621104405960412, 0.8888921757918474, 0.7466798047107867, 14.195648746722187], "incumbents_value": 0.1310890101507951, "time_func_eval": 0.21094107627868652, "iteration": 3}