{"optimization_overhead": 0.29253625869750977, "runtime": 52.496959924697876, "incumbent": [148.2288932345566, 1.5572013307515062e-05, 0.01345367985419708, 115.59210112651742, 0.849855028886562, 0.745576805821851, 0.9010088591973417, 7.427765261644855], "incumbents_value": 0.12028372561839384, "time_func_eval": 0.5535919666290283, "iteration": 71}