{"optimization_overhead": 0.23755908012390137, "runtime": 40.32977080345154, "incumbent": [148.2288932345566, 1.5572013307515062e-05, 0.01345367985419708, 115.59210112651742, 0.849855028886562, 0.745576805821851, 0.9010088591973417, 7.427765261644855], "incumbents_value": 0.12028372561839384, "time_func_eval": 0.1347489356994629, "iteration": 53}