{"runtime": 190.2698450088501, "optimization_overhead": 0.27033567428588867, "incumbent": [143.56060362605652, 0.009095168899685011, 0.005893548438638023, 173.13302513973412, 0.06513183077024576, 0.24051855470603756, 0.33133585502964913, 5.524547437489089], "time_func_eval": 0.08402776718139648, "incumbents_value": 0.776033662557859, "iteration": 83}