{"runtime": 136.31580233573914, "optimization_overhead": 0.21829819679260254, "incumbent": [79.61612676373935, 0.009526616170115791, 0.00037344167760259265, 186.3828053019152, 0.7824278864292548, 0.1514144826250223, 0.9863136484172815, 13.19790119707365], "time_func_eval": 0.06483078002929688, "incumbents_value": 0.7902434347650873, "iteration": 61}