{"runtime": 101.60919523239136, "optimization_overhead": 0.2789616584777832, "incumbent": [137.25202860390485, 1e-05, 0.0001, 204.75231454908015, 0.9, 0.09, 0.0999, 6.100226329603353], "time_func_eval": 0.1911787986755371, "incumbents_value": 0.8011311191143125, "iteration": 44}