{"runtime": 159.8672275543213, "optimization_overhead": 0.3212771415710449, "incumbent": [143.56060362605652, 0.009095168899685011, 0.005893548438638023, 173.13302513973412, 0.06513183077024576, 0.24051855470603756, 0.33133585502964913, 5.524547437489089], "time_func_eval": 4.642845630645752, "incumbents_value": 0.776033662557859, "iteration": 69}