{"incumbents_value": 0.9722222222222222, "time_func_eval": 0.2970106601715088, "optimization_overhead": 0.2150435447692871, "incumbent": [81.46760527317771, 0.0009816598876314158, 0.004083873181938763, 239.69709410020218, 0.8860015129470953, 0.13402801065966397, 0.9146670969198522, 8.144479359580979], "runtime": 23.319227695465088, "iteration": 26}