{"time_func_eval": 13.247624397277832, "runtime": 423.24032616615295, "incumbents_value": 0.06095192586451981, "iteration": 68, "incumbent": [95.14747635148838, 0.01, 0.029587300449565753, 246.09747300150795, 0.6106748766096011, 0.6427865810061306, 0.999, 14.674845822106068], "optimization_overhead": 0.24410223960876465}