{"time_func_eval": 4.93819785118103, "runtime": 36.63028836250305, "incumbents_value": 0.1579954559074176, "iteration": 8, "incumbent": [96.74679613257788, 0.0003132135065538735, 0.028286175513458953, 278.9658459084187, 0.20500388326662117, 0.8644419028395228, 0.8266633730707613, 12.532395276744811], "optimization_overhead": 0.1918315887451172}