{"time_func_eval": 4.497197389602661, "runtime": 432.294508934021, "incumbents_value": 0.06095192586451981, "iteration": 70, "incumbent": [95.14747635148838, 0.01, 0.029587300449565753, 246.09747300150795, 0.6106748766096011, 0.6427865810061306, 0.999, 14.674845822106068], "optimization_overhead": 0.2010812759399414}