{"time_func_eval": 0.6543583869934082, "runtime": 132.2143909931183, "incumbents_value": 0.09817146669054344, "iteration": 22, "incumbent": [95.25633252680855, 0.00028672040267307475, 0.016038763627354645, 246.191315571376, 0.4643529086181755, 0.6102998712400141, 0.9898551756613417, 14.556222642153408], "optimization_overhead": 0.2200489044189453}