{"time_func_eval": 0.5950736999511719, "runtime": 449.95532846450806, "incumbents_value": 0.06095192586451981, "iteration": 74, "incumbent": [95.14747635148838, 0.01, 0.029587300449565753, 246.09747300150795, 0.6106748766096011, 0.6427865810061306, 0.999, 14.674845822106068], "optimization_overhead": 0.3097567558288574}