{"incumbents_value": 0.020690022392145013, "time_func_eval": 1.1957712173461914, "optimization_overhead": 0.34276461601257324, "incumbent": [5.293329821470516, 0.009938423748301653, 0.08681056533814237, 66.50907351033284, 0.01284582037298274, 0.8162349225074584, 0.989135384198281, 14.90288896750178], "runtime": 92.77207946777344, "iteration": 85}