{"incumbents_value": 0.44658119658119666, "time_func_eval": 0.015551090240478516, "optimization_overhead": 0.24829554557800293, "incumbent": [142.44196826393704, 0.000760669625573319, 0.0006633534344042821, 61.9879362576506, 0.6008162653866473, 0.5262309074160438, 0.8795307630318638, 14.730525271181845], "runtime": 26.137314796447754, "iteration": 92}