{"runtime": 1.0418996810913086, "time_func_eval": 0.22495365142822266, "incumbents_value": 0.1406998914452151, "iteration": 1, "optimization_overhead": 0.0001327991485595703, "incumbent": [60.04237449439965, 0.0029525754475818334, 0.02197680916160066, 246.29703305143983, 0.7052801716049495, 0.1697686408437608, 0.19668485420659068, 7.606737323222218]}