{"runtime": 122.39341044425964, "time_func_eval": 1.089177131652832, "incumbents_value": 0.04052981019439761, "iteration": 79, "optimization_overhead": 0.2411332130432129, "incumbent": [142.53171064931826, 0.002538001964412684, 0.005560561095532205, 223.87866521522886, 0.8585973651839388, 0.7650166833088708, 0.9584365246761783, 12.605084588759762]}