{"incumbents_value": 0.20745531927538352, "time_func_eval": 0.32201433181762695, "optimization_overhead": 0.3027811050415039, "incumbent": [145.5370956209796, 0.002261337769958631, 0.006766200119772435, 273.03244933147425, 0.342377046341473, 0.27548880525733593, 0.9597041915329688, 13.090467137991801], "runtime": 56.65217161178589, "iteration": 67}