{"runtime": 46.03595447540283, "incumbent": [70.06729619623096, 0.009544837866002125, 0.09471579382333982, 226.2435873111805, 0.5069360737972562, 0.26522746830117133, 0.968581289250153, 14.709619956316725], "optimization_overhead": 0.3556811809539795, "time_func_eval": 0.12286257743835449, "iteration": 42, "incumbents_value": 0.0}