{"runtime": 26.936253547668457, "incumbent": [70.06729619623096, 0.009544837866002125, 0.09471579382333982, 226.2435873111805, 0.5069360737972562, 0.26522746830117133, 0.968581289250153, 14.709619956316725], "optimization_overhead": 0.23049497604370117, "time_func_eval": 0.13483977317810059, "iteration": 24, "incumbents_value": 0.0}