{"runtime": 83.27067923545837, "incumbent": [70.06729619623096, 0.009544837866002125, 0.09471579382333982, 226.2435873111805, 0.5069360737972562, 0.26522746830117133, 0.968581289250153, 14.709619956316725], "optimization_overhead": 0.4783139228820801, "time_func_eval": 0.6786341667175293, "iteration": 85, "incumbents_value": 0.0}