{"incumbent": [128.83236780037026, 0.0017700141863754783, 0.08126296967506641, 286.53912368804157, 0.023992909692377554, 0.11472795653032486, 0.9977315200651766, 10.239948900841316], "iteration": 31, "time_func_eval": 0.039144277572631836, "optimization_overhead": 0.16400527954101562, "incumbents_value": 0.685625, "runtime": 7.351271152496338}