{"incumbent": [128.83236780037026, 0.0017700141863754783, 0.08126296967506641, 286.53912368804157, 0.023992909692377554, 0.11472795653032486, 0.9977315200651766, 10.239948900841316], "iteration": 16, "time_func_eval": 0.05653691291809082, "optimization_overhead": 0.15852832794189453, "incumbents_value": 0.685625, "runtime": 3.8597195148468018}