{"incumbents_value": 0.9218167653385044, "time_func_eval": 0.21179938316345215, "optimization_overhead": 0.19949698448181152, "incumbent": [147.81660782605815, 0.0037348020786465612, 0.003868877095230001, 130.7071804850934, 0.8442691910949794, 0.4656045897872755, 0.13779993771866728, 14.564612968995283], "runtime": 12.22757601737976, "iteration": 11}