{"incumbents_value": 0.9076506456506457, "time_func_eval": 0.05367708206176758, "optimization_overhead": 0.22509407997131348, "incumbent": [147.77986719904177, 0.0001719064296339099, 0.0035157712164094472, 177.96585331836314, 0.09422586941411328, 0.810769439079509, 0.9498462961297006, 10.327219261976445], "runtime": 38.67006039619446, "iteration": 24}