{"incumbents_value": 0.9076506456506457, "time_func_eval": 1.4173548221588135, "optimization_overhead": 0.2015690803527832, "incumbent": [147.77986719904177, 0.0001719064296339099, 0.0035157712164094472, 177.96585331836314, 0.09422586941411328, 0.810769439079509, 0.9498462961297006, 10.327219261976445], "runtime": 32.3613965511322, "iteration": 16}