{"incumbents_value": 0.9076506456506457, "time_func_eval": 0.277374267578125, "optimization_overhead": 0.28461241722106934, "incumbent": [147.77986719904177, 0.0001719064296339099, 0.0035157712164094472, 177.96585331836314, 0.09422586941411328, 0.810769439079509, 0.9498462961297006, 10.327219261976445], "runtime": 127.55674505233765, "iteration": 74}