{"incumbents_value": 0.28881373302587754, "time_func_eval": 7.428985834121704, "optimization_overhead": 0.233734130859375, "incumbent": [146.47804139350265, 1.2901311767400257e-05, 0.0043501173071668914, 252.02421873436722, 0.8600640873079366, 0.8962052722022824, 0.9639664451745785, 9.30788284816799], "runtime": 397.6712064743042, "iteration": 84}