{"incumbents_value": 0.888520748065422, "time_func_eval": 1.4165058135986328, "optimization_overhead": 0.18780755996704102, "incumbent": [148.0318413694347, 0.009669426084405509, 0.05564141758983981, 286.62314825278884, 0.8875037969351117, 0.3307104557845666, 0.8796112305690834, 5.031337158179219], "runtime": 6.200726270675659, "iteration": 4}