{"incumbents_value": 0.0, "time_func_eval": 0.019744157791137695, "optimization_overhead": 0.22766852378845215, "incumbent": [17.19093242794492, 0.0032277807922569063, 0.04386303915465092, 237.4624058048347, 0.6905630719689243, 0.4958714812055547, 0.71281212157708, 11.805593589074807], "runtime": 14.57755160331726, "iteration": 51}