{"incumbents_value": 0.14088004377378194, "time_func_eval": 0.05573678016662598, "optimization_overhead": 0.23554372787475586, "incumbent": [130.48159412816338, 0.008603797799583812, 0.012630917843988508, 86.20175375068018, 0.012295565520411198, 0.5666047366796392, 0.8439460694278583, 6.189722763562902], "runtime": 23.010372638702393, "iteration": 64}