{"incumbents_value": 0.9658651344638793, "time_func_eval": 0.09400486946105957, "optimization_overhead": 0.15780973434448242, "incumbent": [13.917138766234492, 0.007998998811374617, 0.003501333527347592, 293.84887599424417, 0.043997612776853635, 0.7984666998995575, 0.9612984971357476, 10.960371661474705], "runtime": 4.424684524536133, "iteration": 6}