{"incumbents_value": 0.8610029866791871, "time_func_eval": 1.2361292839050293, "optimization_overhead": 0.23641180992126465, "incumbent": [145.92770442437663, 0.00011529606324061499, 0.004290632908533555, 284.55151267600826, 0.16026654235839524, 0.09101645110219002, 0.4148822537797689, 13.102941283920375], "runtime": 64.55226802825928, "iteration": 64}