{"runtime": 201.35582065582275, "iteration": 27, "time_func_eval": 2.0539286136627197, "incumbent": [144.7909378036478, 0.008713505835792296, 0.0020368668631834314, 279.9672199677556, 0.8791507524089944, 0.4184479397950248, 0.1103049132854417, 5.931601534748335], "incumbents_value": 0.03119767593007927, "optimization_overhead": 0.4003567695617676}