{"runtime": 3.0717132091522217, "iteration": 0, "time_func_eval": 3.0567076206207275, "incumbent": [143.43617242552006, 0.009134801095836496, 0.06104730250540398, 215.29554699544235, 0.8142487906650621, 0.8040679901187585, 0.44851672720974517, 8.168697287554643], "incumbents_value": 0.07948972453500625, "optimization_overhead": 0.004745880762736003}