{"runtime": 178.6560664176941, "iteration": 21, "time_func_eval": 0.28169989585876465, "incumbent": [94.63628995879371, 0.00016870559135196122, 0.00035027757740056987, 298.07645978331726, 0.8199583158396869, 0.14719315749170067, 0.956027744972759, 11.82821764026955], "incumbents_value": 0.03314806573422757, "optimization_overhead": 0.3731231689453125}