{"incumbents_value": 0.7918530791493525, "time_func_eval": 0.541827917098999, "optimization_overhead": 0.1927354335784912, "incumbent": [22.221656196166382, 0.005385202074465044, 0.026674935352052374, 60.42615701672352, 0.5453028231800251, 0.43434934887943216, 0.5789374006393386, 14.055472088810125], "runtime": 139.5461950302124, "iteration": 43}