{"incumbents_value": 0.7485465945407739, "time_func_eval": 0.06560778617858887, "optimization_overhead": 0.40019917488098145, "incumbent": [106.64545670486974, 0.005781448090053724, 0.002726100435656687, 93.73760803394467, 0.8887402067019438, 0.5600190389048337, 0.9639160550607411, 14.761336887063797], "runtime": 253.98292183876038, "iteration": 90}