{"optimization_overhead": 0.0018229484558105469, "runtime": 0.005908966064453125, "incumbent": [422.5814368534812, 77.73066539021653, 34.70123308019125, 102.77960072369979, 325.3147128158349, 94.70207000075267, 17.99025461704455, 170.21634429933684, 53.100171123824275, 19.106809567627383, 120.56026070943052, 299.2137054010411, 640.7807316821802, 209.100349880526, 104.85999121702639, 19.062397063996602, 1.8858417548635011, 193.43647146346808, 194.26381391861526], "incumbents_value": 178152.73933629924, "time_func_eval": 9.059906005859375e-06, "iteration": 1}