{"incumbents_value": 0.7837937214188605, "time_func_eval": 0.18970584869384766, "optimization_overhead": 0.24068045616149902, "incumbent": [74.9271294717132, 1e-05, 0.0001, 51.830472568646584, 0.01, 0.9, 0.4563278195711876, 5.198350620770771], "runtime": 24.520970344543457, "iteration": 51}