{"incumbents_value": 0.8103492884864165, "time_func_eval": 0.13887667655944824, "optimization_overhead": 0.17711997032165527, "incumbent": [20.23299699640148, 0.0023180054431669074, 0.025805375824001334, 229.4588656401708, 0.37557789908103184, 0.838201960969992, 0.719039454285423, 10.716431224439926], "runtime": 1.4342148303985596, "iteration": 5}