{"incumbent": [55.25325202984554, 0.0009320892029201829, 0.010767780553078577, 53.45336320792234, 0.8598129211955332, 0.83572356390942, 0.9228137033182066, 5.147246971556303], "iteration": 27, "time_func_eval": 33.4363739490509, "optimization_overhead": 0.1724376678466797, "incumbents_value": 0.9999980013271188, "runtime": 1195.244474887848}