{"incumbent": [3.352698531132576, 0.009854922604500278, 0.009339380482922866, 196.88892076735732, 0.20821951286789545, 0.1632599930319541, 0.10015286011781685, 11.587048861908855], "iteration": 9, "time_func_eval": 135.10025668144226, "optimization_overhead": 0.19057798385620117, "incumbents_value": 0.9999987189735391, "runtime": 557.4942562580109}