{"runtime": 14.370643377304077, "optimization_overhead": 0.21622920036315918, "incumbent": [14.041085283343014, 0.0019122405429280688, 0.027493939414846118, 256.6909652148106, 0.1015083426263767, 0.8642803005942716, 0.9987957038793006, 12.774064906368912], "time_func_eval": 0.42492032051086426, "incumbents_value": 0.3136710608413982, "iteration": 10}