{"runtime": 362.00045943260193, "optimization_overhead": 0.26693224906921387, "incumbent": [146.05318505831838, 0.005410647959909146, 0.006255876554658455, 183.98912514642723, 0.1581205433598948, 0.4765461601544536, 0.764171053164422, 10.437458447547723], "time_func_eval": 6.949930906295776, "incumbents_value": 0.3003335174234074, "iteration": 97}