{"incumbents_value": 0.999997097817341, "time_func_eval": 22.484159469604492, "optimization_overhead": 0.20656728744506836, "incumbent": [66.71115745371233, 0.008153598452498525, 0.017315394643630647, 132.23303317681535, 0.3222470032623011, 0.6198929106991122, 0.7361230836162406, 10.130662334138727], "runtime": 899.2858204841614, "iteration": 13}