{"incumbents_value": 0.9999747735929971, "time_func_eval": 22.07821750640869, "optimization_overhead": 0.3422980308532715, "incumbent": [33.34467913503696, 0.006367745560706926, 0.01736807204400671, 87.6915461295563, 0.05095768098532091, 0.11737235908502944, 0.8781689288217234, 14.531612993124996], "runtime": 7800.150991201401, "iteration": 82}