{"incumbents_value": 0.9999938361494426, "time_func_eval": 135.1715145111084, "optimization_overhead": 0.23593425750732422, "incumbent": [149.03780577356034, 0.009531864826744845, 0.09625956302635529, 297.9699603146143, 0.7874911496713719, 0.6193233574175074, 0.2764110999108085, 6.391908049668641], "runtime": 2324.3210940361023, "iteration": 24}