{"incumbents_value": 0.9999747735929971, "time_func_eval": 16.866732358932495, "optimization_overhead": 0.3303060531616211, "incumbent": [33.34467913503696, 0.006367745560706926, 0.01736807204400671, 87.6915461295563, 0.05095768098532091, 0.11737235908502944, 0.8781689288217234, 14.531612993124996], "runtime": 6099.235783338547, "iteration": 62}