{"runtime": 35.29251527786255, "optimization_overhead": 0.18341898918151855, "incumbent": [36.016329205027766, 0.007940222709790086, 0.005169382174807446, 294.2183024714574, 0.750387555030021, 0.8569594456291637, 0.11966620634878238, 13.51886829737461], "time_func_eval": 0.145599365234375, "incumbents_value": 0.44587311836038435, "iteration": 76}