{"incumbents_value": 1.0, "time_func_eval": 0.3187897205352783, "optimization_overhead": 0.1661062240600586, "incumbent": [143.82314563180933, 0.00013538968681769064, 0.01080230406578981, 243.68527210664922, 0.18896506650866207, 0.3151000230452451, 0.4270758081363343, 6.198964235738854], "runtime": 10.306283950805664, "iteration": 11}