{"incumbents_value": 0.9808590102707749, "time_func_eval": 0.7390484809875488, "optimization_overhead": 0.29451727867126465, "incumbent": [95.66663083218351, 0.00850455165925476, 0.007173453244678066, 290.394538835698, 0.7382571851659883, 0.8905836413018396, 0.746816599878989, 5.279101592047754], "runtime": 116.62535619735718, "iteration": 66}