{"incumbent": [114.30335543556939, 0.0008798076113804049, 0.00450842421156426, 51.216893928856265, 0.26885033592100005, 0.20309620167164474, 0.9550880239336126, 10.231291015493133], "iteration": 65, "time_func_eval": 0.009619951248168945, "optimization_overhead": 0.23217320442199707, "incumbents_value": 0.6499999999999999, "runtime": 16.540945291519165}