{"incumbent": [132.28887943644213, 0.002410195320265687, 0.003309481175176889, 166.97438257046434, 0.6916047048775751, 0.2776227441044408, 0.223562845936985, 14.655230085954907], "iteration": 97, "time_func_eval": 0.08653807640075684, "optimization_overhead": 0.22703957557678223, "incumbents_value": 0.6257575757575757, "runtime": 25.764513969421387}