{"incumbent": [9.559919520564542, 0.0010653786865114506, 0.010149050255669157, 292.7623553776631, 0.8330047670614081, 0.8299504109824877, 0.9542261013379802, 10.217574499499683], "iteration": 9, "time_func_eval": 0.01324915885925293, "optimization_overhead": 0.1695406436920166, "incumbents_value": 0.7194444444444446, "runtime": 1.78196382522583}