{"optimization_overhead": 0.22297000885009766, "runtime": 63.33573794364929, "incumbent": [52.605830212242545, 0.005008294784634757, 0.008715981070351847, 299.7835777844018, 0.8868372709743444, 0.7481564743666368, 0.6522108610751729, 9.933958024423767], "incumbents_value": 0.03455370868648422, "time_func_eval": 0.13645720481872559, "iteration": 94}