{"optimization_overhead": 0.2473740577697754, "runtime": 1.971545934677124, "incumbent": [101.13311751807882, 0.003938679704170033, 0.0053586194826593875, 78.44413534143148, 0.8226073531634049, 0.8531271774435338, 0.9156047536288767, 5.713042164063623], "incumbents_value": 0.05644920758417793, "time_func_eval": 0.4604330062866211, "iteration": 3}