{"incumbent": [146.52432083493528, 0.008106600114610818, 0.004521564555469886, 143.83172520549743, 0.07692161797700693, 0.7880193308688533, 0.9563818048696267, 10.673697283376534], "iteration": 30, "time_func_eval": 1.8920888900756836, "optimization_overhead": 0.18935084342956543, "incumbents_value": 0.5780606020563711, "runtime": 55.56230020523071}