{"incumbent": [146.52432083493528, 0.008106600114610818, 0.004521564555469886, 143.83172520549743, 0.07692161797700693, 0.7880193308688533, 0.9563818048696267, 10.673697283376534], "iteration": 44, "time_func_eval": 2.604637861251831, "optimization_overhead": 0.22231698036193848, "incumbents_value": 0.5780606020563711, "runtime": 78.99585294723511}