{"incumbent": [35.98526045166503, 0.00931480315581714, 0.006005808948288276, 157.52364348286883, 0.8832233593201599, 0.8639640189862854, 0.6639799924441709, 5.21785814115467], "iteration": 71, "time_func_eval": 1.4725005626678467, "optimization_overhead": 0.21146154403686523, "incumbents_value": 0.5594787853840055, "runtime": 107.28306841850281}