{"incumbent": [146.52432083493528, 0.008106600114610818, 0.004521564555469886, 143.83172520549743, 0.07692161797700693, 0.7880193308688533, 0.9563818048696267, 10.673697283376534], "iteration": 12, "time_func_eval": 0.11065983772277832, "optimization_overhead": 0.18532371520996094, "incumbents_value": 0.5780606020563711, "runtime": 30.92995858192444}