{"incumbents_value": 0.2825401640732693, "time_func_eval": 25.20279574394226, "optimization_overhead": 0.3728492259979248, "incumbent": [139.8771738214785, 0.0005452317728774674, 0.009976518218538387, 157.5959222171886, 0.12294584232546985, 0.7425043269483628, 0.9303206824104622, 12.818300172325243], "runtime": 444.4677984714508, "iteration": 77}