{"incumbents_value": 0.40709712396312603, "time_func_eval": 49.75993871688843, "optimization_overhead": 0.15231585502624512, "incumbent": [131.07229091910708, 0.00011792844515171455, 0.012421444497532918, 275.2526685628734, 0.8637808011232769, 0.7663654470496061, 0.9834830072057363, 11.270163940318149], "runtime": 55.32229566574097, "iteration": 6}