{"incumbents_value": 0.0, "time_func_eval": 1.0772027969360352, "optimization_overhead": 0.24542927742004395, "incumbent": [96.9255997227106, 0.0008429892947475567, 0.0021644961400748633, 76.86531917660301, 0.8838351768246624, 0.8355035236956356, 0.8295013684637215, 14.645871197936748], "runtime": 75.30622673034668, "iteration": 82}