{"x_opt": [1.8176900204720707, 10.334608290969719, 8.04318438694164, 96.811544071123, 87.70430189772557, 61.69696678653333, 23.010763135520357, 97.14358444669148, 88.19112820130717], "f_opt": 0.6972789115646258, "incumbents": [[75.90768796839032, 73.73495792902203, 92.98012095093978, 71.95712354325073, 21.701690542365206, 82.80456914957512, 52.34723182810252, 12.8055005643037, 29.146975673898794], [75.90768796839032, 73.73495792902203, 92.98012095093978, 71.95712354325073, 21.701690542365206, 82.80456914957512, 52.34723182810252, 12.8055005643037, 29.146975673898794], [36.44093014255729, 54.27116747355114, 10.151038268717576, 37.30314835826172, 41.781835703092426, 50.75597279127751, 81.62058965299862, 93.1984819341431, 78.02525449034337], [36.44093014255729, 54.27116747355114, 10.151038268717576, 37.30314835826172, 41.781835703092426, 50.75597279127751, 81.62058965299862, 93.1984819341431, 78.02525449034337], [36.44093014255729, 54.27116747355114, 10.151038268717576, 37.30314835826172, 41.781835703092426, 50.75597279127751, 81.62058965299862, 93.1984819341431, 78.02525449034337], [36.44093014255729, 54.27116747355114, 10.151038268717576, 37.30314835826172, 41.781835703092426, 50.75597279127751, 81.62058965299862, 93.1984819341431, 78.02525449034337], [36.44093014255729, 54.27116747355114, 10.151038268717576, 37.30314835826172, 41.781835703092426, 50.75597279127751, 81.62058965299862, 93.1984819341431, 78.02525449034337], [36.44093014255729, 54.27116747355114, 10.151038268717576, 37.30314835826172, 41.781835703092426, 50.75597279127751, 81.62058965299862, 93.1984819341431, 78.02525449034337], [36.44093014255729, 54.27116747355114, 10.151038268717576, 37.30314835826172, 41.781835703092426, 50.75597279127751, 81.62058965299862, 93.1984819341431, 78.02525449034337], [36.44093014255729, 54.27116747355114, 10.151038268717576, 37.30314835826172, 41.781835703092426, 50.75597279127751, 81.62058965299862, 93.1984819341431, 78.02525449034337], [36.44093014255729, 54.27116747355114, 10.151038268717576, 37.30314835826172, 41.781835703092426, 50.75597279127751, 81.62058965299862, 93.1984819341431, 78.02525449034337], [36.44093014255729, 54.27116747355114, 10.151038268717576, 37.30314835826172, 41.781835703092426, 50.75597279127751, 81.62058965299862, 93.1984819341431, 78.02525449034337], [36.44093014255729, 54.27116747355114, 10.151038268717576, 37.30314835826172, 41.781835703092426, 50.75597279127751, 81.62058965299862, 93.1984819341431, 78.02525449034337], [36.44093014255729, 54.27116747355114, 10.151038268717576, 37.30314835826172, 41.781835703092426, 50.75597279127751, 81.62058965299862, 93.1984819341431, 78.02525449034337], [36.44093014255729, 54.27116747355114, 10.151038268717576, 37.30314835826172, 41.781835703092426, 50.75597279127751, 81.62058965299862, 93.1984819341431, 78.02525449034337], [36.44093014255729, 54.27116747355114, 10.151038268717576, 37.30314835826172, 41.781835703092426, 50.75597279127751, 81.62058965299862, 93.1984819341431, 78.02525449034337], [36.44093014255729, 54.27116747355114, 10.151038268717576, 37.30314835826172, 41.781835703092426, 50.75597279127751, 81.62058965299862, 93.1984819341431, 78.02525449034337], [36.44093014255729, 54.27116747355114, 10.151038268717576, 37.30314835826172, 41.781835703092426, 50.75597279127751, 81.62058965299862, 93.1984819341431, 78.02525449034337], [36.44093014255729, 54.27116747355114, 10.151038268717576, 37.30314835826172, 41.781835703092426, 50.75597279127751, 81.62058965299862, 93.1984819341431, 78.02525449034337], [36.44093014255729, 54.27116747355114, 10.151038268717576, 37.30314835826172, 41.781835703092426, 50.75597279127751, 81.62058965299862, 93.1984819341431, 78.02525449034337], [36.44093014255729, 54.27116747355114, 10.151038268717576, 37.30314835826172, 41.781835703092426, 50.75597279127751, 81.62058965299862, 93.1984819341431, 78.02525449034337], [36.44093014255729, 54.27116747355114, 10.151038268717576, 37.30314835826172, 41.781835703092426, 50.75597279127751, 81.62058965299862, 93.1984819341431, 78.02525449034337], [36.44093014255729, 54.27116747355114, 10.151038268717576, 37.30314835826172, 41.781835703092426, 50.75597279127751, 81.62058965299862, 93.1984819341431, 78.02525449034337], [36.44093014255729, 54.27116747355114, 10.151038268717576, 37.30314835826172, 41.781835703092426, 50.75597279127751, 81.62058965299862, 93.1984819341431, 78.02525449034337], [36.44093014255729, 54.27116747355114, 10.151038268717576, 37.30314835826172, 41.781835703092426, 50.75597279127751, 81.62058965299862, 93.1984819341431, 78.02525449034337], [36.44093014255729, 54.27116747355114, 10.151038268717576, 37.30314835826172, 41.781835703092426, 50.75597279127751, 81.62058965299862, 93.1984819341431, 78.02525449034337], [36.44093014255729, 54.27116747355114, 10.151038268717576, 37.30314835826172, 41.781835703092426, 50.75597279127751, 81.62058965299862, 93.1984819341431, 78.02525449034337], [1.8176900204720707, 10.334608290969719, 8.04318438694164, 96.811544071123, 87.70430189772557, 61.69696678653333, 23.010763135520357, 97.14358444669148, 88.19112820130717], [1.8176900204720707, 10.334608290969719, 8.04318438694164, 96.811544071123, 87.70430189772557, 61.69696678653333, 23.010763135520357, 97.14358444669148, 88.19112820130717], [1.8176900204720707, 10.334608290969719, 8.04318438694164, 96.811544071123, 87.70430189772557, 61.69696678653333, 23.010763135520357, 97.14358444669148, 88.19112820130717]], "incumbent_values": [0.7892520644621485, 0.7892520644621485, 0.7046685340802987, 0.7046685340802987, 0.7046685340802987, 0.7046685340802987, 0.7046685340802987, 0.7046685340802987, 0.7046685340802987, 0.7046685340802987, 0.7046685340802987, 0.7046685340802987, 0.7046685340802987, 0.7046685340802987, 0.7046685340802987, 0.7046685340802987, 0.7046685340802987, 0.7046685340802987, 0.7046685340802987, 0.7046685340802987, 0.7046685340802987, 0.7046685340802987, 0.7046685340802987, 0.7046685340802987, 0.7046685340802987, 0.7046685340802987, 0.7046685340802987, 0.6972789115646258, 0.6972789115646258, 0.6972789115646258], "runtime": [0.05577898025512695, 0.07477688789367676, 0.09380602836608887, 0.27460598945617676, 0.43406105041503906, 0.5989108085632324, 0.8216278553009033, 0.982738733291626, 1.1420400142669678, 1.3089699745178223, 1.4816789627075195, 1.6367967128753662, 1.796501874923706, 1.9569587707519531, 2.119757890701294, 2.278639078140259, 2.438077926635742, 2.5966248512268066, 2.7601499557495117, 2.936523914337158, 3.110013723373413, 3.2774717807769775, 3.4401049613952637, 3.602736711502075, 3.766124963760376, 3.9197869300842285, 4.079871892929077, 4.24634575843811, 4.409868001937866, 4.570164918899536], "overhead": [0.0026276111602783203, 0.0026276111602783203, 0.0026276111602783203, 0.17099905014038086, 0.1494128704071045, 0.152451753616333, 0.2130887508392334, 0.15003609657287598, 0.14885997772216797, 0.15672898292541504, 0.16216182708740234, 0.14555597305297852, 0.14995408058166504, 0.14841675758361816, 0.15232419967651367, 0.1489579677581787, 0.14967608451843262, 0.14860010147094727, 0.15383601188659668, 0.15216708183288574, 0.1593790054321289, 0.15742015838623047, 0.15293407440185547, 0.1508791446685791, 0.1541728973388672, 0.14397096633911133, 0.15025997161865234, 0.1564340591430664, 0.15316510200500488, 0.15068626403808594],