{"optimization_overhead": 0.17099905014038086, "runtime": 0.27460598945617676, "incumbent": [36.44093014255729, 54.27116747355114, 10.151038268717576, 37.30314835826172, 41.781835703092426, 50.75597279127751, 81.62058965299862, 93.1984819341431, 78.02525449034337], "incumbents_value": 0.7046685340802987, "time_func_eval": 0.008822917938232422, "iteration": 3}