{"optimization_overhead": 0.15383601188659668, "runtime": 2.7601499557495117, "incumbent": [36.44093014255729, 54.27116747355114, 10.151038268717576, 37.30314835826172, 41.781835703092426, 50.75597279127751, 81.62058965299862, 93.1984819341431, 78.02525449034337], "incumbents_value": 0.7046685340802987, "time_func_eval": 0.008893013000488281, "iteration": 18}