{"optimization_overhead": 0.15276288986206055, "runtime": 2.339473009109497, "incumbent": [7.706888074862578, 66.48179310947577, 26.419577085296382, 33.486676455086524, 96.91907038986557, 42.81493600690616, 76.200960751786, 73.77682033861976, 78.5412991321832], "incumbents_value": 0.7113095238095237, "time_func_eval": 0.010010004043579102, "iteration": 16}