{"optimization_overhead": 0.1593611240386963, "runtime": 3.4923250675201416, "incumbent": [27.18478084428861, 10.088638686747407, 21.899945751621548, 80.67114168073422, 70.17246193369039, 92.56803286238504, 100.16746464628375, 103.64942318706555, 103.01233777067604], "incumbents_value": 0.6725732600732601, "time_func_eval": 0.009895801544189453, "iteration": 23}