{"incumbents_value": 0.29421492560996954, "time_func_eval": 0.3832740783691406, "optimization_overhead": 0.15433335304260254, "incumbent": [42.18928551529423, 0.009797472929681623, 0.001682363091347816, 229.54046156434907, 0.08315431978424795, 0.8427264590709502, 0.659087641035226, 13.982391360984268], "runtime": 14.198493480682373, "iteration": 7}