{"incumbents_value": 0.12459251551928341, "time_func_eval": 1.6426048278808594, "optimization_overhead": 0.23320221900939941, "incumbent": [136.79234110704022, 0.009774337889908141, 0.012071228688460285, 281.0935867984648, 0.42351651104712545, 0.8329092428969782, 0.9584862915277377, 9.905207363583202], "runtime": 205.43648433685303, "iteration": 47}