{"runtime": 79.07222867012024, "incumbent": [92.64285056325654, 0.000280327584384859, 0.008384645111868101, 224.5688717128439, 0.10060333988489224, 0.7659574013557551, 0.7641666037806718, 11.5996982328799], "optimization_overhead": 0.33447742462158203, "time_func_eval": 1.3331084251403809, "iteration": 40, "incumbents_value": 0.2921389140472225}