{"runtime": 165.94940376281738, "incumbent": [136.3931086701988, 0.009541098161399841, 0.020051067055294972, 289.27178356034244, 0.8126774156446073, 0.8674210354202109, 0.9853292532733493, 9.176550965389648], "optimization_overhead": 0.4449143409729004, "time_func_eval": 1.273442268371582, "iteration": 95, "incumbents_value": 0.28984844864142933}