{"runtime": 28.037474155426025, "incumbent": [92.64285056325654, 0.000280327584384859, 0.008384645111868101, 224.5688717128439, 0.10060333988489224, 0.7659574013557551, 0.7641666037806718, 11.5996982328799], "optimization_overhead": 0.39063525199890137, "time_func_eval": 0.6711287498474121, "iteration": 17, "incumbents_value": 0.2921389140472225}