{"runtime": 83.19019722938538, "incumbent": [92.64285056325654, 0.000280327584384859, 0.008384645111868101, 224.5688717128439, 0.10060333988489224, 0.7659574013557551, 0.7641666037806718, 11.5996982328799], "optimization_overhead": 0.5672838687896729, "time_func_eval": 1.4858615398406982, "iteration": 43, "incumbents_value": 0.2921389140472225}