{"incumbents_value": 0.13563086815338754, "time_func_eval": 35.085683822631836, "optimization_overhead": 0.2013108730316162, "incumbent": [141.24591277118978, 0.00144190034847027, 0.011157999931182268, 275.3501688654542, 0.017151609497243703, 0.5910669034045872, 0.4806403334623957, 14.313812550550407], "runtime": 254.29993629455566, "iteration": 12}