{"runtime": 54.682562828063965, "optimization_overhead": 0.28088974952697754, "incumbent": [15.741007530703705, 0.0011084856601679526, 0.0017004807793399345, 277.1556614433558, 0.8273053275784729, 0.46736850998560464, 0.7606356243938719, 11.345946269733096], "time_func_eval": 2.238539695739746, "incumbents_value": 0.8575180131937018, "iteration": 94}