{"runtime": 16.73219323158264, "optimization_overhead": 0.20787620544433594, "incumbent": [13.088572042534794, 0.0031002154635053126, 0.01139882801019869, 116.02010452020646, 0.8278639609473787, 0.19424464768813482, 0.10139361012084698, 12.525744980416476], "time_func_eval": 0.03160834312438965, "incumbents_value": 0.9325419083682667, "iteration": 37}