{"runtime": 56.137322425842285, "optimization_overhead": 0.2227613925933838, "incumbent": [3.904950845991026, 0.001124250237533133, 0.007479234575307015, 268.40453198853555, 0.8869869399041816, 0.7120069671189575, 0.5990106545978603, 14.945958122739123], "time_func_eval": 0.4308207035064697, "incumbents_value": 0.8070215871439862, "iteration": 97}