{"runtime": 29.237728595733643, "optimization_overhead": 0.301363468170166, "incumbent": [15.741007530703705, 0.0011084856601679526, 0.0017004807793399345, 277.1556614433558, 0.8273053275784729, 0.46736850998560464, 0.7606356243938719, 11.345946269733096], "time_func_eval": 0.7882323265075684, "incumbents_value": 0.8575180131937018, "iteration": 55}