{"incumbents_value": 0.011612570965069846, "time_func_eval": 1.6954452991485596, "optimization_overhead": 0.26949167251586914, "incumbent": [4.657417555988072, 0.0006203727050928019, 0.016448550718877856, 156.90392228047423, 0.47509281808430376, 0.8534293028960602, 0.8289125197508432, 5.7854403587012975], "runtime": 66.7753484249115, "iteration": 51}