{"incumbents_value": 0.025639845268770056, "time_func_eval": 4.673273086547852, "optimization_overhead": 0.21218633651733398, "incumbent": [143.36533888686276, 1e-05, 0.0001, 247.5051140307318, 0.7419815813154497, 0.11941856649456442, 0.0999, 14.604066388110894], "runtime": 71.16799759864807, "iteration": 60}