{"incumbents_value": 0.025639845268770056, "time_func_eval": 0.37622904777526855, "optimization_overhead": 0.23068666458129883, "incumbent": [143.36533888686276, 1e-05, 0.0001, 247.5051140307318, 0.7419815813154497, 0.11941856649456442, 0.0999, 14.604066388110894], "runtime": 89.00319933891296, "iteration": 75}