{"incumbents_value": 0.10376409017713362, "time_func_eval": 0.2908468246459961, "optimization_overhead": 0.21314597129821777, "incumbent": [84.89816289512869, 0.001658924505762818, 0.02119844647996922, 289.4272114383266, 0.6332250751062503, 0.7288292207361667, 0.6564349558427718, 14.930071876534983], "runtime": 49.655521869659424, "iteration": 64}