{"incumbents_value": 0.11831978538930166, "time_func_eval": 0.08171772956848145, "optimization_overhead": 0.21269726753234863, "incumbent": [37.29751416550388, 0.00156651661016125, 0.0001, 298.22622224003993, 0.01, 0.09, 0.3363349480595494, 6.773276180081727], "runtime": 270.5442171096802, "iteration": 77}