{"incumbents_value": 0.07085758264871544, "time_func_eval": 17.604543447494507, "optimization_overhead": 0.4119446277618408, "incumbent": [130.75123389463522, 0.004511053765203052, 0.0001, 246.60345326478793, 0.7717191250249326, 0.6310523175708731, 0.2802526142916448, 13.13481650556326], "runtime": 485.2536859512329, "iteration": 94}