{"incumbents_value": 0.19675064234636108, "time_func_eval": 2.4711501598358154, "optimization_overhead": 0.20560669898986816, "incumbent": [37.23246330476684, 0.0067077355524852314, 0.0006758724268750617, 298.37551296008667, 0.02035275805345729, 0.13629990115410665, 0.6760135500862094, 6.870387122652819], "runtime": 13.032814979553223, "iteration": 8}