{"incumbents_value": 0.13999077662616632, "time_func_eval": 3.312164545059204, "optimization_overhead": 0.254291296005249, "incumbent": [37.28009150743055, 0.01, 0.0001, 298.48114717723087, 0.06646102008808819, 0.17372981804975157, 0.3874095865299995, 6.8117741587767044], "runtime": 70.51514148712158, "iteration": 31}