{"incumbents_value": 0.13999077662616632, "time_func_eval": 9.974092483520508, "optimization_overhead": 0.30412793159484863, "incumbent": [37.28009150743055, 0.01, 0.0001, 298.48114717723087, 0.06646102008808819, 0.17372981804975157, 0.3874095865299995, 6.8117741587767044], "runtime": 92.19074487686157, "iteration": 33}