{"incumbents_value": 0.10306718934620318, "time_func_eval": 0.10630536079406738, "optimization_overhead": 0.41796445846557617, "incumbent": [6.390689770240072, 0.002975086388536729, 0.0012379666956004278, 287.279234572511, 0.013300478148820113, 0.852974350820275, 0.7767088708751212, 12.941827297921176], "runtime": 160.64489722251892, "iteration": 62}