{"incumbents_value": 0.9309754531879203, "time_func_eval": 1.0247645378112793, "optimization_overhead": 0.26773548126220703, "incumbent": [135.3422641383612, 0.00020684071124503492, 0.020615884034663048, 223.6996056416196, 0.23068232831854651, 0.8411509606763389, 0.8609780543816606, 6.398331494986255], "runtime": 81.99901247024536, "iteration": 92}