{"incumbents_value": 0.9309754531879203, "time_func_eval": 0.05149054527282715, "optimization_overhead": 0.3230624198913574, "incumbent": [135.3422641383612, 0.00020684071124503492, 0.020615884034663048, 223.6996056416196, 0.23068232831854651, 0.8411509606763389, 0.8609780543816606, 6.398331494986255], "runtime": 78.60014796257019, "iteration": 86}