{"incumbent": [110.08704249281243, 5.5248227321997824e-05, 0.051573706181255716, 87.87172355525843, 0.8158602329221666, 0.7536452417377751, 0.9244150128398221, 6.241822738554062], "iteration": 75, "time_func_eval": 5.200873374938965, "optimization_overhead": 0.25859618186950684, "incumbents_value": 0.8337346174424827, "runtime": 390.55874037742615}