{"incumbent": [23.030935684212572, 0.005016666986694399, 0.0032169929460243458, 267.8635274265691, 0.30634940841457303, 0.8169543605689059, 0.7459483905200863, 14.616708651957577], "iteration": 18, "time_func_eval": 0.4996359348297119, "optimization_overhead": 0.1842057704925537, "incumbents_value": 0.04351215456254598, "runtime": 12.697235345840454}