{"incumbent": [103.94764969572452, 0.0036545403701851963, 0.002165579895820274, 96.88167723960515, 0.4193498110290838, 0.8386436487090289, 0.8462402622785561, 14.826525280260885], "iteration": 59, "time_func_eval": 0.19436430931091309, "optimization_overhead": 0.1907331943511963, "incumbents_value": 0.029974928768909392, "runtime": 43.50761818885803}