{"incumbent": [100.06613316882903, 0.009489482383482574, 0.013017190617706594, 274.09817304083833, 0.08299453540292429, 0.31276349736652237, 0.34834567017018675, 14.157045097246346], "iteration": 84, "time_func_eval": 0.31308674812316895, "optimization_overhead": 0.1926250457763672, "incumbents_value": 0.028898499728431615, "runtime": 73.58545684814453}