{"incumbent": [100.06613316882903, 0.009489482383482574, 0.013017190617706594, 274.09817304083833, 0.08299453540292429, 0.31276349736652237, 0.34834567017018675, 14.157045097246346], "iteration": 83, "time_func_eval": 1.1906392574310303, "optimization_overhead": 0.19341421127319336, "incumbents_value": 0.028898499728431615, "runtime": 73.05488801002502}