{"incumbents_value": 0.2515565080081209, "time_func_eval": 0.020993947982788086, "optimization_overhead": 0.27050209045410156, "incumbent": [94.1521482643958, 0.0009480066305871282, 0.005644317945983608, 255.1745850428093, 0.3786518901805703, 0.312082595177944, 0.10943411607540915, 5.34940886180658], "runtime": 36.834904193878174, "iteration": 60}