{"incumbents_value": 0.3301358234295416, "time_func_eval": 0.018574953079223633, "optimization_overhead": 0.25061988830566406, "incumbent": [125.00474931714147, 0.005552132752726734, 0.021874079580108143, 73.60331654499876, 0.02893605317155628, 0.2068587743180861, 0.9987623980877571, 5.862259116071916], "runtime": 23.70563316345215, "iteration": 36}