{"incumbents_value": 0.40023448773448767, "time_func_eval": 0.21584224700927734, "optimization_overhead": 0.21423959732055664, "incumbent": [100.46812601623078, 0.004336260527975599, 0.021218124483139728, 150.17082242267173, 0.6369855965187277, 0.4492592984159831, 0.3012874753704862, 12.73227778110716], "runtime": 2.3292922973632812, "iteration": 5}