{"incumbents_value": 0.2876199329225997, "time_func_eval": 0.18652558326721191, "optimization_overhead": 0.23691082000732422, "incumbent": [71.99994560233807, 0.005702245246203425, 0.009801205031165395, 220.6423051449394, 0.3305456782087723, 0.6495732257665898, 0.9117366311596309, 11.892803779593976], "runtime": 335.0852997303009, "iteration": 92}