{"incumbent": [43.28696748381842, 0.0006474571617189355, 0.01043668531610671, 272.4327610890092, 0.8847743847721217, 0.8631334538608953, 0.8548166878762885, 13.05110028757407], "iteration": 58, "time_func_eval": 0.3822166919708252, "optimization_overhead": 0.19289541244506836, "incumbents_value": 0.06918485445808686, "runtime": 85.35943818092346}