{"incumbent": [43.28696748381842, 0.0006474571617189355, 0.01043668531610671, 272.4327610890092, 0.8847743847721217, 0.8631334538608953, 0.8548166878762885, 13.05110028757407], "iteration": 51, "time_func_eval": 1.1276564598083496, "optimization_overhead": 0.19400978088378906, "incumbents_value": 0.06918485445808686, "runtime": 75.6654999256134}