{"incumbent": [100.07053157470149, 0.005857289894094382, 0.028689606934271722, 288.86559947668286, 0.03900790159487325, 0.7651794041314602, 0.9368269028614542, 13.796939664610044], "iteration": 73, "time_func_eval": 0.20000767707824707, "optimization_overhead": 0.19646215438842773, "incumbents_value": 0.05007479556062655, "runtime": 114.84254264831543}