{"incumbent": [97.84195143767401, 0.00012413088478612693, 0.011545096099711718, 128.94944083985166, 0.09955458705658987, 0.845869629959213, 0.9616674920664681, 6.00292033791522], "iteration": 25, "time_func_eval": 0.9074029922485352, "optimization_overhead": 0.19114232063293457, "incumbents_value": 0.08409754539647785, "runtime": 31.113837957382202}