{"incumbents_value": 0.1984520318492281, "time_func_eval": 7.059159278869629, "optimization_overhead": 0.16491961479187012, "incumbent": [126.41292112368366, 0.003050154677528744, 0.0010909224932742336, 66.8925076812693, 0.7703712459705289, 0.1486291446420429, 0.9976405988190545, 13.00457151435612], "runtime": 56.62777280807495, "iteration": 11}