{"incumbents_value": 0.18126187614204137, "time_func_eval": 6.400206804275513, "optimization_overhead": 0.252777099609375, "incumbent": [140.52430602687164, 0.0017068031257210616, 0.006617424145883018, 252.8070214639491, 0.8188752927774351, 0.8646502830119303, 0.6532523253825172, 5.13192338722802], "runtime": 354.1791617870331, "iteration": 52}