{"incumbents_value": 0.725334763767871, "iteration": 92, "runtime": 258.96897053718567, "incumbent": [139.12623096436332, 0.009489266282666524, 0.0002472216497480851, 69.49897155829905, 0.17055215836324572, 0.2859572391217502, 0.21073232285047397, 9.390333986935445], "optimization_overhead": 0.23339509963989258, "time_func_eval": 3.1162960529327393}