{"incumbents_value": 0.8278046482064214, "iteration": 26, "runtime": 73.6835560798645, "incumbent": [22.86035501766477, 0.0012277114385460463, 0.003609278610827213, 52.7881684673737, 0.29257786759626037, 0.09983587388708376, 0.20812824097165444, 13.379902024893502], "optimization_overhead": 0.23562002182006836, "time_func_eval": 9.189817428588867}