{"incumbents_value": 0.9219495531575927, "iteration": 10, "runtime": 26.35209608078003, "incumbent": [144.64397492676235, 0.004985388647762404, 0.02047739480393005, 73.15369755222268, 0.7313522692542771, 0.818214704966745, 0.9354192530987593, 6.319387169897478], "optimization_overhead": 0.21956706047058105, "time_func_eval": 1.1402676105499268}