{"incumbent": [145.15086444736343, 0.005544589166055326, 0.0008916779998082938, 66.21597245217055, 0.5382621769055621, 0.6448003377262017, 0.9982571849532623, 10.845907550503838], "iteration": 7, "time_func_eval": 0.16249561309814453, "optimization_overhead": 0.15825653076171875, "incumbents_value": 0.7906318817412444, "runtime": 11.803614616394043}