{"incumbent": [145.15086444736343, 0.005544589166055326, 0.0008916779998082938, 66.21597245217055, 0.5382621769055621, 0.6448003377262017, 0.9982571849532623, 10.845907550503838], "iteration": 40, "time_func_eval": 0.37612080574035645, "optimization_overhead": 0.28301310539245605, "incumbents_value": 0.7906318817412444, "runtime": 54.223416566848755}