{"incumbents_value": 0.33333333333333337, "time_func_eval": 0.04554104804992676, "optimization_overhead": 0.21054434776306152, "incumbent": [25.727042513043266, 0.009981849353516026, 0.009589795015779034, 263.1072142079105, 0.042309142717988926, 0.12965254133495843, 0.39663257300956534, 9.47826809165588], "runtime": 3.651482582092285, "iteration": 16}