{"optimization_overhead": 0.001151720682779948, "runtime": 0.2003769874572754, "incumbent": [36.0474635786424, 0.0049415213096096556, 0.006388888434849968, 104.19501452851216, 0.26409504910737397, 0.8358719322709064, 0.9760235156750199, 11.989611592967115], "incumbents_value": 1.0, "time_func_eval": 0.19636821746826172, "iteration": 0}