{"optimization_overhead": 0.2996852397918701, "runtime": 18.342299938201904, "incumbent": [4.783587262922735, 0.008608996666566176, 0.016702133504695765, 290.9681820087553, 0.22606745476746196, 0.09565700708983683, 0.6734447795079375, 14.407202693842716], "incumbents_value": 0.9649122807017544, "time_func_eval": 0.12916040420532227, "iteration": 45}