{"optimization_overhead": 0.2853372097015381, "runtime": 28.16755700111389, "incumbent": [4.783587262922735, 0.008608996666566176, 0.016702133504695765, 290.9681820087553, 0.22606745476746196, 0.09565700708983683, 0.6734447795079375, 14.407202693842716], "incumbents_value": 0.9649122807017544, "time_func_eval": 0.45801806449890137, "iteration": 71}