{"incumbent": [141.45358360700075, 0.001234985052538161, 0.000245776427956819, 119.97400467858215, 0.04977422178469352, 0.15320025548211458, 0.5086501335159764, 6.257595582536818], "iteration": 55, "time_func_eval": 0.19370102882385254, "optimization_overhead": 0.18886137008666992, "incumbents_value": 0.042450282858704336, "runtime": 51.97583270072937}