{"incumbent": [126.36154934612055, 0.00982730508240336, 0.041647250445376906, 297.90774461459523, 0.588223503385506, 0.20970442082555923, 0.16268505327196514, 9.070299777662607], "iteration": 17, "time_func_eval": 0.16554808616638184, "optimization_overhead": 0.18677020072937012, "incumbents_value": 0.052923457568848975, "runtime": 12.759164333343506}