{"incumbent": [141.45358360700075, 0.001234985052538161, 0.000245776427956819, 119.97400467858215, 0.04977422178469352, 0.15320025548211458, 0.5086501335159764, 6.257595582536818], "iteration": 39, "time_func_eval": 0.38029003143310547, "optimization_overhead": 0.17130541801452637, "incumbents_value": 0.042450282858704336, "runtime": 35.68194937705994}