{"incumbents_value": 0.12444444444444447, "time_func_eval": 0.03014349937438965, "optimization_overhead": 0.24761700630187988, "incumbent": [12.502904655317554, 0.009202652660541826, 0.0579509995280741, 124.84572395607772, 0.1035295895581306, 0.13588826406177382, 0.9981270474931413, 14.75524843914814], "runtime": 18.81006908416748, "iteration": 73}