{"incumbents_value": 0.9267195345630512, "time_func_eval": 0.560267448425293, "optimization_overhead": 0.1763916015625, "incumbent": [128.4777684027412, 0.0003999356645263575, 0.00013242122031971055, 263.683989616948, 0.8758485862778332, 0.2727005676102508, 0.966072291978149, 14.533529175874328], "runtime": 34.34155821800232, "iteration": 27}