{"incumbents_value": 0.9267195345630512, "time_func_eval": 1.1401550769805908, "optimization_overhead": 0.20260930061340332, "incumbent": [128.4777684027412, 0.0003999356645263575, 0.00013242122031971055, 263.683989616948, 0.8758485862778332, 0.2727005676102508, 0.966072291978149, 14.533529175874328], "runtime": 25.744730710983276, "iteration": 18}