{"incumbent": [722.0424181766018, 484.7456179831855, 13245.620789614957, 66.50729727805981, 0.052000000000000005, 0.29823464629635066, 2886.7572346430557, 25823.85611898351, 17511.955658799394, 1619.564736496868], "time_func_eval": 1.3589859008789062e-05, "iteration": 56, "optimization_overhead": 0.40428924560546875, "runtime": 23.27315592765808, "incumbents_value": -2088260.375462095}