{"incumbents_value": 0.12825907088934008, "time_func_eval": 11.512544631958008, "optimization_overhead": 0.1742558479309082, "incumbent": [66.48715047220429, 0.005384066095957318, 0.03803741059737794, 237.46907679957306, 0.5654635853343593, 0.25373435332204464, 0.39158300546972974, 5.776783080434241], "runtime": 143.5517315864563, "iteration": 26}