{"incumbents_value": 0.12360782390679514, "time_func_eval": 11.729878664016724, "optimization_overhead": 0.25058937072753906, "incumbent": [63.25580933225768, 0.004821826594634362, 0.01366151266233261, 269.5174362442262, 0.1398869420985188, 0.12152394253311966, 0.9605023642519208, 14.268826722363144], "runtime": 419.9720711708069, "iteration": 70}