{"runtime": 80.45913815498352, "incumbent": [144.36162114902143, 0.0008014992118435113, 0.011664213574793926, 293.98331909298497, 0.4030231093051382, 0.09363780281657352, 0.6514053095273327, 11.208215156492605], "optimization_overhead": 0.6666486263275146, "time_func_eval": 1.0610322952270508, "iteration": 83, "incumbents_value": 0.0}