{"time_func_eval": 0.03212928771972656, "runtime": 20.42363405227661, "incumbents_value": 0.14973084886128363, "iteration": 61, "incumbent": [140.71321942206973, 0.004686680044236459, 0.08967570071255385, 87.77148831875185, 0.8968170398559854, 0.8895839624800996, 0.3393206490657009, 14.98211202849471], "optimization_overhead": 0.19867897033691406}