{"runtime": 235.3623719215393, "iteration": 88, "time_func_eval": 0.17588305473327637, "incumbent": [123.37207607031978, 0.009962419717890325, 0.004561915664442715, 294.765028293285, 0.045389127855411264, 0.19235952391975808, 0.5701201571125808, 8.765243385152708], "incumbents_value": 0.9820872274143302, "optimization_overhead": 0.35935378074645996}