{"runtime": 72.00875473022461, "iteration": 33, "time_func_eval": 2.3779141902923584, "incumbent": [20.622390651773852, 0.009965830653426547, 0.003753143709840094, 238.60241644730206, 0.15486911429977004, 0.158697210451203, 0.9965687228261652, 6.164973039956209], "incumbents_value": 0.989010989010989, "optimization_overhead": 0.5184428691864014}