{"incumbents_value": 0.3787784320653804, "time_func_eval": 0.42281365394592285, "optimization_overhead": 0.16018319129943848, "incumbent": [66.24687284550824, 0.001191623047256955, 0.016762492498941236, 299.64453194503756, 0.0336614306184801, 0.727469754694197, 0.9913100349460148, 5.19161837785151], "runtime": 12.9460129737854, "iteration": 22}