{"incumbents_value": 0.2195058740682294, "time_func_eval": 0.2502584457397461, "optimization_overhead": 0.17477035522460938, "incumbent": [113.94964479208141, 0.007410166323162628, 0.02765562421569767, 211.21762473634283, 0.5957880100253341, 0.8575029820414988, 0.8068702131516425, 14.824439008294952], "runtime": 40.6119966506958, "iteration": 59}