{"incumbents_value": 0.390909090909091, "iteration": 37, "runtime": 11.9603750705719, "incumbent": [96.94241441640247, 0.004454827154941014, 0.019936196402173985, 290.05147377546314, 0.12358859092632701, 0.8657014362775933, 0.9608634089797603, 12.215321237747595], "optimization_overhead": 0.4288980960845947, "time_func_eval": 0.009290456771850586}