{"incumbents_value": 0.15712682379349052, "time_func_eval": 0.022728919982910156, "optimization_overhead": 0.19176745414733887, "incumbent": [70.19243227945164, 0.009784365760231123, 0.034506416505021356, 295.0122431370611, 0.882076213593796, 0.8666178103603263, 0.8346205186407075, 12.488165620637103], "runtime": 5.256771564483643, "iteration": 20}