{"incumbents_value": 0.02670379289987468, "time_func_eval": 1.5910096168518066, "optimization_overhead": 0.23444032669067383, "incumbent": [144.4882402680871, 0.00032482600382568034, 0.01035704615472812, 80.37724573705921, 0.3598665124226604, 0.7157741983636745, 0.8968175157722938, 14.173104611608524], "runtime": 29.266420125961304, "iteration": 32}