{"incumbents_value": 0.992976657715348, "time_func_eval": 2.909632921218872, "optimization_overhead": 9.258588155110677e-05, "incumbent": [41.17047723332048, 0.0031054167365429275, 0.05210970421023156, 77.50954762810451, 0.6249180190779171, 0.09197318310264294, 0.3387922011568872, 6.198461903130314], "runtime": 2.9814035892486572, "iteration": 1}