{"incumbents_value": 0.972972972972973, "time_func_eval": 0.7875308990478516, "optimization_overhead": 0.33480024337768555, "incumbent": [57.72104137844305, 5.677016026092619e-05, 0.007813680993357643, 249.88504742860417, 0.06483720830009412, 0.2572622385785301, 0.14400910244273768, 5.296861471830915], "runtime": 106.84332537651062, "iteration": 78}