{"incumbents_value": 0.9721676029962547, "time_func_eval": 1.3079466819763184, "optimization_overhead": 0.3142588138580322, "incumbent": [40.10104158115958, 0.009884840603745131, 0.01021973133534527, 244.22811125589385, 0.04682866390483416, 0.25731613238591994, 0.23311381219961436, 13.452029480159378], "runtime": 83.91120266914368, "iteration": 84}