{"incumbents_value": 0.5746666666666667, "time_func_eval": 0.010053634643554688, "optimization_overhead": 0.30948615074157715, "incumbent": [124.65698793394785, 0.006231538113776534, 0.008000907524507496, 297.8442179352478, 0.036837716836248896, 0.8992685784726958, 0.7809780884014396, 9.205869798341693], "runtime": 29.861201524734497, "iteration": 96}