{"incumbents_value": 0.6635897435897437, "time_func_eval": 0.012660741806030273, "optimization_overhead": 0.2159414291381836, "incumbent": [147.74391765849975, 0.008940506175893594, 0.0073945095280067855, 244.82968534430094, 0.2329554108469914, 0.8585968126414452, 0.9572338856981367, 5.638161145709237], "runtime": 15.929150342941284, "iteration": 58}