{"runtime": 74.19601845741272, "incumbent": [136.1892174716259, 0.003726950493900542, 0.09511767091044543, 285.26257066190476, 0.24340126360567732, 0.32926111156400995, 0.9949999339278177, 10.935878575346539], "optimization_overhead": 0.7723495960235596, "time_func_eval": 0.012782812118530273, "iteration": 73, "incumbents_value": 0.0}