{"runtime": 12.63182282447815, "incumbent": [104.84982254714518, 1e-05, 0.07162044545674782, 277.1657915650369, 0.01, 0.19275567390207404, 0.999, 6.188135505278058], "optimization_overhead": 0.229644775390625, "time_func_eval": 0.3600318431854248, "iteration": 13, "incumbents_value": 0.09938949938949948}