{"runtime": 56.88094735145569, "incumbent": [127.87072186423828, 0.0016977160839335233, 0.04894254612671084, 246.68509765124895, 0.8918702628930589, 0.8768801003632872, 0.8376853915494238, 12.862901629512871], "optimization_overhead": 0.3915574550628662, "time_func_eval": 1.0630888938903809, "iteration": 54, "incumbents_value": 0.0444444444444444}