{"runtime": 35.466015577316284, "incumbent": [127.87072186423828, 0.0016977160839335233, 0.04894254612671084, 246.68509765124895, 0.8918702628930589, 0.8768801003632872, 0.8376853915494238, 12.862901629512871], "optimization_overhead": 0.40422987937927246, "time_func_eval": 0.17562103271484375, "iteration": 33, "incumbents_value": 0.0444444444444444}