{"incumbents_value": 0.04283820074976208, "time_func_eval": 1.2050163745880127, "optimization_overhead": 0.28755736351013184, "incumbent": [71.30266900498542, 0.01, 0.024743409045335216, 245.5119293027487, 0.784981559349961, 0.9, 0.7762385421748236, 13.993848966810383], "runtime": 898.833637714386, "iteration": 76}