{"incumbents_value": 0.15050855519044626, "time_func_eval": 9.1562979221344, "optimization_overhead": 0.2814218997955322, "incumbent": [66.52381178012448, 0.009614228533339403, 0.06999145244310055, 262.4413931030449, 0.01152647822801703, 0.8761323202858459, 0.7032925405568946, 14.589859333245123], "runtime": 680.2444517612457, "iteration": 57}