{"optimization_overhead": 0.22783613204956055, "runtime": 33.618788957595825, "incumbent": [144.77311662995106, 0.0001146179617246641, 0.010952708887229785, 221.20851255748084, 0.6739893290327281, 0.8379897000955224, 0.6080220976263079, 13.326063158615192], "incumbents_value": 0.0, "time_func_eval": 0.026669740676879883, "iteration": 93}