{"optimization_overhead": 0.0010386308034261067, "runtime": 0.12645316123962402, "incumbent": [104.73387169623068, 0.006101210418373154, 0.005869166667620027, 277.11916645637666, 0.050551104490187244, 0.534006053131861, 0.9852241192184028, 6.133938756725103], "incumbents_value": 0.5591836734693878, "time_func_eval": 0.09371495246887207, "iteration": 1}