{"incumbents_value": 0.8102068965517242, "time_func_eval": 0.09549427032470703, "optimization_overhead": 0.26726651191711426, "incumbent": [92.04397034284906, 0.008792673172054092, 0.0010690755018080067, 98.80097703334238, 0.5423154258185784, 0.12913999405864843, 0.9034216420610441, 11.199814002035644], "runtime": 28.320530891418457, "iteration": 81}