{"incumbents_value": 0.4442194472620391, "time_func_eval": 0.17691755294799805, "optimization_overhead": 0.20751595497131348, "incumbent": [140.70377098468737, 0.0008457609907048278, 0.0077885080724493785, 272.94175690245333, 0.03293602076087991, 0.8432226313415108, 0.2212924529865193, 11.10089081794694], "runtime": 41.95504713058472, "iteration": 69}