{"incumbents_value": 0.45258043843434237, "time_func_eval": 0.12972378730773926, "optimization_overhead": 0.17281150817871094, "incumbent": [34.22949925908066, 0.009070997072571958, 0.08313602148407147, 55.579581146109405, 0.7461926143903892, 0.8343297422319614, 0.7394467950861912, 14.39372305800325], "runtime": 8.46996259689331, "iteration": 15}