{"incumbent": [3.7623096842787875, 0.0082701448079502, 0.017479230474608816, 271.4995609008755, 0.37213498550308544, 0.6639134907371116, 0.6662562963370944, 14.894861976985226], "iteration": 46, "time_func_eval": 0.1195058822631836, "optimization_overhead": 0.258469820022583, "incumbents_value": 0.05475077521173688, "runtime": 13.487919330596924}