{"optimization_overhead": 0.2992544174194336, "incumbent": [75.0967258831215, 0.005084025156473648, 0.009658469557990955, 191.72376591981188, 0.4641619781237092, 0.567252652407908, 0.43512835107441344, 11.746268778156342], "iteration": 69, "incumbents_value": 0.0, "time_func_eval": 0.017179250717163086, "runtime": 18.919883966445923}