{"incumbents_value": 0.01292173362290494, "time_func_eval": 1.749044418334961, "optimization_overhead": 0.23631072044372559, "incumbent": [143.5241038442237, 0.006808655989788757, 0.006828615511873464, 151.84617586848248, 0.09262036037646428, 0.8961449897216276, 0.9469551442502754, 13.515174478827314], "runtime": 131.89094519615173, "iteration": 45}