{"incumbents_value": 0.08832846734495692, "time_func_eval": 25.8199520111084, "optimization_overhead": 0.4192197322845459, "incumbent": [146.57654150200844, 0.01, 0.0001, 162.21161149460045, 0.010089091903647637, 0.5878474062348331, 0.8951927825167144, 9.372956575152704], "runtime": 276.7299633026123, "iteration": 54}