{"incumbents_value": 0.14701933644360732, "time_func_eval": 0.052880048751831055, "optimization_overhead": 0.18552327156066895, "incumbent": [29.761477414049622, 0.008695106843103624, 0.09907783350886637, 284.731230462006, 0.762941299301415, 0.4806926454817604, 0.9593620928578649, 14.389294134745041], "runtime": 1.0883965492248535, "iteration": 5}