{"incumbents_value": 0.02914342177104423, "time_func_eval": 18.441937685012817, "optimization_overhead": 0.1664133071899414, "incumbent": [18.5798205934593, 0.001375763946517713, 0.004198107415788109, 158.98523923798805, 0.8298875850205134, 0.1284240121572155, 0.6923386065152991, 14.94821129892399], "runtime": 69.32071852684021, "iteration": 5}