{"incumbents_value": 0.020417678700383024, "time_func_eval": 1.3637166023254395, "optimization_overhead": 0.2579162120819092, "incumbent": [91.65172395697203, 0.0029754712118463074, 0.0009927198394999045, 228.41058730026816, 0.11333407729240091, 0.8571898509681136, 0.735403494103006, 14.430755298698509], "runtime": 1313.3247327804565, "iteration": 81}