{"incumbents_value": 0.023621092563787305, "time_func_eval": 22.64859652519226, "optimization_overhead": 0.2138681411743164, "incumbent": [113.72920915624356, 0.002930121811619795, 0.0038646942612821766, 83.61423534805854, 0.034778068441690166, 0.3488754428546782, 0.916120156191822, 13.931631415368562], "runtime": 280.63361382484436, "iteration": 17}