{"incumbents_value": 0.5946886446886446, "time_func_eval": 0.016614437103271484, "optimization_overhead": 0.18425488471984863, "incumbent": [65.61991529166465, 0.0033721904040829994, 0.04026209711796577, 238.42593119315595, 0.8546112074825825, 0.6836877483073116, 0.3021055124606805, 10.94726393827363], "runtime": 0.3664231300354004, "iteration": 3}