{"iteration": 55, "incumbents_value": 0.5627566824728257, "incumbent": [148.95455940039574, 0.00775671364264816, 0.0026359554310834915, 298.36863873694756, 0.4213857602547511, 0.13999723440972428, 0.38358036630815645, 11.126118949643601], "time_func_eval": 12.892281532287598, "runtime": 508.3043830394745, "optimization_overhead": 0.19683289527893066}