{"runtime": 54.04877185821533, "iteration": 34, "time_func_eval": 0.48223161697387695, "incumbent": [96.74679613257788, 0.0003132135065538735, 0.028286175513458953, 278.9658459084187, 0.20500388326662117, 0.8644419028395228, 0.8266633730707613, 12.532395276744811], "incumbents_value": 0.9096940099481657, "optimization_overhead": 0.5285854339599609}