{"runtime": 102.78399777412415, "iteration": 65, "time_func_eval": 0.22761988639831543, "incumbent": [96.74679613257788, 0.0003132135065538735, 0.028286175513458953, 278.9658459084187, 0.20500388326662117, 0.8644419028395228, 0.8266633730707613, 12.532395276744811], "incumbents_value": 0.9096940099481657, "optimization_overhead": 0.4313619136810303}