{"iteration": 68, "incumbents_value": 0.0, "incumbent": [15.018949717504888, 0.00018591334786006801, 0.0049963849633918155, 271.92418214437157, 0.1931934353094899, 0.8071486364432173, 0.7989920867045044, 11.825582339804319], "time_func_eval": 1.4458720684051514, "runtime": 59.153921604156494, "optimization_overhead": 0.22451305389404297}