{"iteration": 64, "incumbents_value": 0.0, "incumbent": [15.018949717504888, 0.00018591334786006801, 0.0049963849633918155, 271.92418214437157, 0.1931934353094899, 0.8071486364432173, 0.7989920867045044, 11.825582339804319], "time_func_eval": 0.5061078071594238, "runtime": 53.76879405975342, "optimization_overhead": 0.3123495578765869}