{"incumbents_value": 0.5655543570401463, "time_func_eval": 0.14754486083984375, "optimization_overhead": 0.293241024017334, "incumbent": [143.56361333875864, 0.0008979112265561541, 0.0006414877851894146, 108.40025565403761, 0.018308185168775207, 0.8867484392034259, 0.9600330267124808, 12.354450576098728], "runtime": 261.0183062553406, "iteration": 84}