{"time_func_eval": 0.009155988693237305, "incumbent": [146.26996620152084, 0.0001836163911635013, 0.004223818353795735, 195.28172005215424, 0.8225338456631366, 0.4761678367496859, 0.9861355374338395, 12.330835778393777], "runtime": 2.186171054840088, "optimization_overhead": 0.1761336326599121, "iteration": 6, "incumbents_value": 0.14753898635477591}