{"time_func_eval": 0.007628917694091797, "incumbent": [11.749117088524793, 0.0002933082190873467, 0.030181934835339742, 297.12389460481415, 0.5523731659191734, 0.755661117967563, 0.6580660554162738, 7.808914894504343], "runtime": 55.89768886566162, "optimization_overhead": 0.41690945625305176, "iteration": 99, "incumbents_value": 0.11004901960784308}