{"time_func_eval": 0.009522676467895508, "incumbent": [146.26996620152084, 0.0001836163911635013, 0.004223818353795735, 195.28172005215424, 0.8225338456631366, 0.4761678367496859, 0.9861355374338395, 12.330835778393777], "runtime": 4.6199657917022705, "optimization_overhead": 0.4486997127532959, "iteration": 10, "incumbents_value": 0.14753898635477591}