{"incumbents_value": 0.07509176959816433, "time_func_eval": 0.7072460651397705, "optimization_overhead": 0.2888317108154297, "incumbent": [130.34564402047155, 0.005362261220452168, 0.008549947535069638, 257.7824924553394, 0.870237187726237, 0.589177692116238, 0.5317850938004497, 5.243766607027877], "runtime": 73.61963057518005, "iteration": 48}