{"time_func_eval": 0.005487203598022461, "runtime": 10.323946952819824, "incumbents_value": 0.3976771196283392, "iteration": 43, "incumbent": [14.041085283343014, 0.0019122405429280688, 0.027493939414846118, 256.6909652148106, 0.1015083426263767, 0.8642803005942716, 0.9987957038793006, 12.774064906368912], "optimization_overhead": 0.22269964218139648}