{"incumbents_value": 0.16715028442353308, "iteration": 85, "runtime": 5577.997002124786, "incumbent": [148.32442022559755, 0.005058472485439134, 0.0006568888661020413, 277.07233933157227, 0.5661140963990035, 0.1296219703513385, 0.5349267657497057, 13.397147048778933], "optimization_overhead": 0.2756524085998535, "time_func_eval": 6.184474229812622}