{"incumbents_value": 0.19295427971744383, "iteration": 25, "runtime": 1418.0668478012085, "incumbent": [118.8522196044961, 0.00612989648197775, 0.0006059907821721494, 67.92416178757102, 0.20515348591303068, 0.2451880346092879, 0.21099523092974753, 14.285770186017318], "optimization_overhead": 0.2698838710784912, "time_func_eval": 17.91120219230652}