{"incumbents_value": 0.19295427971744383, "iteration": 50, "runtime": 2061.944894552231, "incumbent": [118.8522196044961, 0.00612989648197775, 0.0006059907821721494, 67.92416178757102, 0.20515348591303068, 0.2451880346092879, 0.21099523092974753, 14.285770186017318], "optimization_overhead": 0.4170382022857666, "time_func_eval": 16.652737855911255}