{"runtime": 42.58512806892395, "iteration": 11, "time_func_eval": 13.642837524414062, "incumbent": [143.7747993642724, 0.0011380197648457428, 0.003900277160217087, 282.5381592122484, 0.7028072311974569, 0.69746790716012, 0.2940297170594534, 14.949390641738411], "incumbents_value": 0.963302752293578, "optimization_overhead": 0.31865715980529785}