{"runtime": 318.94730520248413, "iteration": 80, "time_func_eval": 2.186936855316162, "incumbent": [143.7747993642724, 0.0011380197648457428, 0.003900277160217087, 282.5381592122484, 0.7028072311974569, 0.69746790716012, 0.2940297170594534, 14.949390641738411], "incumbents_value": 0.963302752293578, "optimization_overhead": 0.7620394229888916}