{"incumbents_value": 0.031844660194174756, "time_func_eval": 1.673654317855835, "optimization_overhead": 0.3184659481048584, "incumbent": [100.51753674504388, 0.0014957330967724158, 0.012468040576840438, 270.7853091492225, 0.2429610882383415, 0.9, 0.8310723219147677, 13.00533698121206], "runtime": 987.710648059845, "iteration": 85}