{"incumbents_value": 0.07852308171034983, "time_func_eval": 0.7248632907867432, "optimization_overhead": 0.3202083110809326, "incumbent": [100.49469991410507, 0.0022049579868454474, 0.004399170082609217, 270.9277046509701, 0.17036922855408806, 0.8402753376209329, 0.7514871926663751, 13.04828258350599], "runtime": 901.3669810295105, "iteration": 78}