{"incumbents_value": 0.48257192811004246, "time_func_eval": 2.3035531044006348, "optimization_overhead": 0.20791101455688477, "incumbent": [102.63838689827598, 0.00211594429456928, 0.07315089977005294, 109.86802704535165, 0.3115334334650904, 0.4072180558771645, 0.8052045384399629, 13.230121294843798], "runtime": 71.68890190124512, "iteration": 7}