{"incumbents_value": 0.19661450994875052, "time_func_eval": 32.22465395927429, "optimization_overhead": 0.17157840728759766, "incumbent": [103.91018442746625, 0.0007027359883565097, 0.014811681339872188, 297.4332627702005, 0.6415400023013875, 0.6093681187896574, 0.9034621605022475, 14.874824220774464], "runtime": 104.98477911949158, "iteration": 9}