{"incumbents_value": 0.10859862835431389, "time_func_eval": 1.2994966506958008, "optimization_overhead": 0.22231411933898926, "incumbent": [71.348801659182, 0.0010471928225507616, 0.007442806073447863, 205.3079800681569, 0.12221312209124931, 0.6511410314018232, 0.9167820958435697, 14.113791684351188], "runtime": 453.2424912452698, "iteration": 40}