{"incumbents_value": 0.023770847356687108, "time_func_eval": 0.24191069602966309, "optimization_overhead": 0.2888500690460205, "incumbent": [130.07442971936536, 0.0034005361852632665, 0.02531383609407157, 76.7654216359339, 0.8813973271742273, 0.3196276411296213, 0.9652564502879383, 5.05240494214574], "runtime": 215.6496980190277, "iteration": 81}