{"incumbents_value": 0.05820494864612513, "iteration": 91, "runtime": 99.82239842414856, "incumbent": [140.23517152013807, 0.009441914740894895, 0.01248511711433385, 293.7307931560959, 0.7683168219576869, 0.878197170112823, 0.7368043408296244, 11.407967962591599], "optimization_overhead": 0.5589599609375, "time_func_eval": 4.229263782501221}