{"incumbents_value": 0.08572602322602318, "iteration": 10, "runtime": 9.71264362335205, "incumbent": [96.94241441640247, 0.004454827154941014, 0.019936196402173985, 290.05147377546314, 0.12358859092632701, 0.8657014362775933, 0.9608634089797603, 12.215321237747595], "optimization_overhead": 0.26717209815979004, "time_func_eval": 0.06064033508300781}