{"incumbents_value": 0.08572602322602318, "iteration": 6, "runtime": 7.458568572998047, "incumbent": [96.94241441640247, 0.004454827154941014, 0.019936196402173985, 290.05147377546314, 0.12358859092632701, 0.8657014362775933, 0.9608634089797603, 12.215321237747595], "optimization_overhead": 0.24060320854187012, "time_func_eval": 1.3828542232513428}