{"incumbents_value": 0.05820494864612513, "iteration": 98, "runtime": 114.55563592910767, "incumbent": [140.23517152013807, 0.009441914740894895, 0.01248511711433385, 293.7307931560959, 0.7683168219576869, 0.878197170112823, 0.7368043408296244, 11.407967962591599], "optimization_overhead": 0.42036867141723633, "time_func_eval": 4.782274007797241}