{"incumbent": [686.6088659228757, 293.3920844670206, 35851.293879747784, 11.120773223416961, 0.22596619344633878, 0.8468994774753519, 762.2321630897238, 18320.062642485518, 27635.61778685856, 408.15104005584476], "time_func_eval": 1.3589859008789062e-05, "iteration": 17, "optimization_overhead": 0.24379444122314453, "runtime": 4.357861280441284, "incumbents_value": -1645732.9043317542}