{"incumbents_value": 0.27936251816848834, "time_func_eval": 0.48038673400878906, "optimization_overhead": 0.3294210433959961, "incumbent": [141.53887536767255, 0.00813825793163156, 0.00515600572495457, 297.4337585048704, 0.7384091321073273, 0.8656779706231273, 0.9752088358182283, 6.789256601289658], "runtime": 48.30137610435486, "iteration": 39}