{"incumbents_value": 0.27936251816848834, "time_func_eval": 2.386542797088623, "optimization_overhead": 0.24080514907836914, "incumbent": [141.53887536767255, 0.00813825793163156, 0.00515600572495457, 297.4337585048704, 0.7384091321073273, 0.8656779706231273, 0.9752088358182283, 6.789256601289658], "runtime": 32.711652994155884, "iteration": 25}