{"incumbents_value": 0.3225493429591423, "time_func_eval": 0.6141314506530762, "optimization_overhead": 0.198042631149292, "incumbent": [145.2496735545501, 0.0064055796129217114, 0.025701163118400924, 53.360820336227476, 0.24984788855623197, 0.8839960540829179, 0.7681788049962074, 12.928337466462793], "runtime": 6.316526651382446, "iteration": 7}