{"incumbents_value": 0.27936251816848834, "time_func_eval": 1.060267686843872, "optimization_overhead": 0.21041631698608398, "incumbent": [141.53887536767255, 0.00813825793163156, 0.00515600572495457, 297.4337585048704, 0.7384091321073273, 0.8656779706231273, 0.9752088358182283, 6.789256601289658], "runtime": 14.637548208236694, "iteration": 13}