{"incumbents_value": 0.2766781118034539, "time_func_eval": 0.5174140930175781, "optimization_overhead": 0.2534966468811035, "incumbent": [121.90699051775893, 0.009484750487993028, 0.007229553503349363, 168.3030091545266, 0.8163091026291202, 0.6678698026154236, 0.9110415293003294, 13.649841978351224], "runtime": 78.31912136077881, "iteration": 60}