{"runtime": 16.467955589294434, "optimization_overhead": 0.20250153541564941, "incumbent": [75.57270598287548, 0.0032072481960808445, 0.09509008157002505, 52.744191751165246, 0.8009246342020421, 0.7657268323923354, 0.9914944567828897, 11.312596157230715], "time_func_eval": 0.02825307846069336, "incumbents_value": 0.0, "iteration": 65}