{"runtime": 8.808745861053467, "optimization_overhead": 0.21011662483215332, "incumbent": [75.57270598287548, 0.0032072481960808445, 0.09509008157002505, 52.744191751165246, 0.8009246342020421, 0.7657268323923354, 0.9914944567828897, 11.312596157230715], "time_func_eval": 0.017253398895263672, "incumbents_value": 0.0, "iteration": 39}