{"incumbent": [121.7939668577356, 0.0026442496685226843, 0.009208198776343731, 72.61551962960934, 0.03015248568653, 0.6453425837636283, 0.30909652818790556, 5.36417749156702], "iteration": 85, "time_func_eval": 0.4350588321685791, "optimization_overhead": 0.20814132690429688, "incumbents_value": 0.07498747133593531, "runtime": 104.43427419662476}