{"incumbent": [121.7939668577356, 0.0026442496685226843, 0.009208198776343731, 72.61551962960934, 0.03015248568653, 0.6453425837636283, 0.30909652818790556, 5.36417749156702], "iteration": 51, "time_func_eval": 1.9957151412963867, "optimization_overhead": 0.16638875007629395, "incumbents_value": 0.07498747133593531, "runtime": 61.85773253440857}