{"iteration": 66, "incumbents_value": 0.2831581179823842, "incumbent": [138.50084142933244, 0.0007538756074305167, 0.0035403519721356976, 168.60077607339247, 0.5646874834956332, 0.8559302968821897, 0.730467758101214, 5.038533851924798], "time_func_eval": 0.7616405487060547, "runtime": 399.24428057670593, "optimization_overhead": 0.24046087265014648}