{"incumbent": [147.6945639490479, 0.002957271821843203, 0.0037637937749447547, 212.85524641796488, 0.8128790285555968, 0.5859091577786764, 0.22925513938473818, 14.511067118512324], "iteration": 53, "time_func_eval": 0.16470718383789062, "optimization_overhead": 0.18913602828979492, "incumbents_value": 0.026277463681291024, "runtime": 50.375266551971436}