{"incumbents_value": 0.01667708984782157, "time_func_eval": 0.03367042541503906, "optimization_overhead": 0.2260267734527588, "incumbent": [62.05122548556183, 0.0048957526054019184, 0.010789639074682042, 271.70566087375977, 0.6839201407250958, 0.8760416247422428, 0.8129938782980745, 11.78105943119821], "runtime": 28.72921895980835, "iteration": 97}