{"time_func_eval": 1.234691858291626, "runtime": 12.284477710723877, "incumbents_value": 0.3681481481481482, "iteration": 26, "incumbent": [146.7642057944017, 0.007161885621993653, 0.09772098535404987, 246.4946199538864, 0.06665709251435215, 0.096151717413542, 0.8169486000201708, 7.561849112369229], "optimization_overhead": 0.19566559791564941}