{"time_func_eval": 0.20631623268127441, "runtime": 5.5690412521362305, "incumbents_value": 0.39789105447276363, "iteration": 14, "incumbent": [146.5420033914829, 6.012974302563806e-05, 0.023447220973726028, 241.13381626323252, 0.01621104405960412, 0.8888921757918474, 0.7466798047107867, 14.195648746722187], "optimization_overhead": 0.2031574249267578}