{"incumbent": [116.39357498674154, 0.01, 0.0001, 285.4902215762068, 0.07738842913697869, 0.7978195972413419, 0.999, 13.61240099174113], "iteration": 99, "time_func_eval": 0.2184772491455078, "optimization_overhead": 0.22647452354431152, "incumbents_value": 0.31058286186576667, "runtime": 53.44172954559326}