{"incumbent": [116.56409057258347, 1e-05, 0.0001, 285.55021233519557, 0.01, 0.4995376362556399, 0.999, 13.819130598119122], "iteration": 81, "time_func_eval": 0.4067366123199463, "optimization_overhead": 0.26410555839538574, "incumbents_value": 0.40186660029865606, "runtime": 35.522130250930786}