{"incumbent": [140.3210022844766, 0.00014117438273303107, 0.00018547797283230264, 62.10648390102015, 0.6787091210594641, 0.47671680270534533, 0.7186793631265201, 6.3620875182305], "iteration": 61, "time_func_eval": 0.09858202934265137, "optimization_overhead": 0.27895069122314453, "incumbents_value": 0.44831455634968975, "runtime": 24.05116868019104}