{"incumbent": [116.39357498674154, 0.01, 0.0001, 285.4902215762068, 0.07738842913697869, 0.7978195972413419, 0.999, 13.61240099174113], "iteration": 92, "time_func_eval": 0.3028125762939453, "optimization_overhead": 0.2118206024169922, "incumbents_value": 0.31058286186576667, "runtime": 48.76262164115906}