{"incumbent": [116.39357498674154, 0.01, 0.0001, 285.4902215762068, 0.07738842913697869, 0.7978195972413419, 0.999, 13.61240099174113], "iteration": 95, "time_func_eval": 0.03395557403564453, "optimization_overhead": 0.3573472499847412, "incumbents_value": 0.31058286186576667, "runtime": 50.114983797073364}