{"incumbents_value": 0.9223662437948152, "time_func_eval": 6.580482244491577, "optimization_overhead": 0.19713973999023438, "incumbent": [44.29603643436965, 0.008970955280089978, 0.009626748745783925, 63.03689753215635, 0.376391975800517, 0.87300487691189, 0.7814220452912654, 9.25252190035815], "runtime": 268.5650806427002, "iteration": 41}