{"runtime": 1017.044674873352, "optimization_overhead": 0.5901637077331543, "iteration": 56, "incumbent": [25.040399592941124, 0.008810604952328169, 0.005004237062452925, 163.4648863085939, 0.8064064140129586, 0.4258221621246835, 0.972313451344343, 14.56553326524902], "incumbents_value": 0.0, "time_func_eval": 54.5511040687561}