{"runtime": 1962.650170326233, "optimization_overhead": 0.7950649261474609, "iteration": 99, "incumbent": [25.040399592941124, 0.008810604952328169, 0.005004237062452925, 163.4648863085939, 0.8064064140129586, 0.4258221621246835, 0.972313451344343, 14.56553326524902], "incumbents_value": 0.0, "time_func_eval": 0.3021240234375}