{"incumbent": [38.43568527289492, 0.01, 0.0001, 293.75247523793166, 0.01, 0.5837582498500976, 0.5135947259358719, 14.627019437941083], "iteration": 47, "time_func_eval": 0.2559242248535156, "optimization_overhead": 0.23128604888916016, "incumbents_value": 0.06578022943591344, "runtime": 77.61758279800415}