{"incumbent": [146.52432083493528, 0.008106600114610818, 0.004521564555469886, 143.83172520549743, 0.07692161797700693, 0.7880193308688533, 0.9563818048696267, 10.673697283376534], "iteration": 2, "time_func_eval": 2.825415849685669, "optimization_overhead": 0.0019153753916422527, "incumbents_value": 0.911965811965812, "runtime": 4.1492674350738525}