{"incumbent": [146.52432083493528, 0.008106600114610818, 0.004521564555469886, 143.83172520549743, 0.07692161797700693, 0.7880193308688533, 0.9563818048696267, 10.673697283376534], "iteration": 14, "time_func_eval": 0.21644234657287598, "optimization_overhead": 0.282757043838501, "incumbents_value": 0.911965811965812, "runtime": 15.950894832611084}