{"incumbents_value": 0.7025046682466767, "time_func_eval": 4.461360692977905, "optimization_overhead": 0.256988525390625, "incumbent": [9.665559259775867, 0.001040290649595975, 0.0006962522168951747, 149.46880956266153, 0.733507337261616, 0.6940280755371683, 0.8240988545460493, 6.552240404076052], "runtime": 531.1799094676971, "iteration": 70}