{"incumbent": [10.016753766741324, 0.0083421777446349, 0.013285311466216226, 152.59897252809395, 0.8855645382357011, 0.8414911755683121, 0.7964121862833118, 14.778343969704991], "iteration": 48, "time_func_eval": 1.5928318500518799, "optimization_overhead": 0.23705506324768066, "incumbents_value": 0.023451125369554737, "runtime": 260.9985468387604}