{"incumbent": [65.98630069989134, 0.008786733588185039, 0.0008639186320147758, 299.9136557061679, 0.7615040060384589, 0.7760995213741655, 0.6205027581721887, 14.898642610507807], "iteration": 71, "time_func_eval": 0.67055344581604, "optimization_overhead": 0.36057400703430176, "incumbents_value": 0.01761580944143848, "runtime": 477.3338272571564}