{"runtime": 21.22860050201416, "optimization_overhead": 0.36754417419433594, "incumbent": [11.817079869233666, 0.01, 0.1, 297.2181299661946, 0.6444181888019508, 0.8113484518616849, 0.7206264333094662, 7.731288883298598], "time_func_eval": 0.1241154670715332, "incumbents_value": 0.058232090490154875, "iteration": 75}