{"incumbents_value": 0.0502828409805155, "time_func_eval": 0.0375978946685791, "optimization_overhead": 0.2045435905456543, "incumbent": [18.316564202576178, 1e-05, 0.1, 294.70561030893606, 0.01, 0.9, 0.9472178874020081, 6.2729158099695], "runtime": 4.671372652053833, "iteration": 20}