{"incumbents_value": 0.36577227017511826, "time_func_eval": 5.1505327224731445, "optimization_overhead": 0.1677563190460205, "incumbent": [106.03797242359914, 0.009201179949420202, 0.021791962044385767, 66.7996719901606, 0.8709352093016935, 0.8325384306835086, 0.8308574333200839, 12.288829987703068], "runtime": 28.546839237213135, "iteration": 13}