{"incumbents_value": 0.4209885239373069, "time_func_eval": 0.3513298034667969, "optimization_overhead": 0.16041851043701172, "incumbent": [109.7159015853179, 0.0076545604632379865, 0.014336360526278454, 57.05311070265401, 0.1664671351336354, 0.321895314619719, 0.7555116272128636, 8.865909949555341], "runtime": 15.997827291488647, "iteration": 8}