{"runtime": 8.083422899246216, "incumbent": [145.15086444736343, 0.005544589166055326, 0.0008916779998082938, 66.21597245217055, 0.5382621769055621, 0.6448003377262017, 0.9982571849532623, 10.845907550503838], "optimization_overhead": 0.0019814173380533853, "time_func_eval": 8.076679706573486, "iteration": 0, "incumbents_value": 0.20661269677677574}