{"incumbent": [41.71771371257947, 1e-05, 0.1, 191.01201441451175, 0.2082531388586553, 0.7148502457117354, 0.999, 14.217314155303368], "iteration": 52, "time_func_eval": 0.07510662078857422, "optimization_overhead": 0.20417356491088867, "incumbents_value": 0.05475077521173688, "runtime": 13.692826509475708}