{"incumbent": [131.92834379544556, 0.0018934571096869115, 0.03280267442155975, 267.49864582558246, 0.8837483431118065, 0.8909404657841435, 0.9979649538086419, 14.129311561020112], "iteration": 37, "time_func_eval": 0.17326569557189941, "optimization_overhead": 0.20493340492248535, "incumbents_value": 0.07265745007680502, "runtime": 9.542765378952026}