{"incumbent": [41.71771371257947, 1e-05, 0.1, 191.01201441451175, 0.2082531388586553, 0.7148502457117354, 0.999, 14.217314155303368], "iteration": 64, "time_func_eval": 0.05377316474914551, "optimization_overhead": 0.19242596626281738, "incumbents_value": 0.05475077521173688, "runtime": 16.954524517059326}