{"incumbent": [41.71771371257947, 1e-05, 0.1, 191.01201441451175, 0.2082531388586553, 0.7148502457117354, 0.999, 14.217314155303368], "iteration": 79, "time_func_eval": 0.0119476318359375, "optimization_overhead": 0.3579080104827881, "incumbents_value": 0.05475077521173688, "runtime": 21.590582847595215}