{"incumbent": [41.71771371257947, 1e-05, 0.1, 191.01201441451175, 0.2082531388586553, 0.7148502457117354, 0.999, 14.217314155303368], "iteration": 50, "time_func_eval": 0.00841832160949707, "optimization_overhead": 0.24236202239990234, "incumbents_value": 0.05475077521173688, "runtime": 13.107630014419556}