{"incumbents_value": 0.0, "time_func_eval": 0.04656100273132324, "optimization_overhead": 0.25604772567749023, "incumbent": [17.19093242794492, 0.0032277807922569063, 0.04386303915465092, 237.4624058048347, 0.6905630719689243, 0.4958714812055547, 0.71281212157708, 11.805593589074807], "runtime": 26.512133598327637, "iteration": 86}