{"optimization_overhead": 0.024002790451049805, "runtime": 0.028126955032348633, "incumbent": [0.26847958621608603, 1.9439767147810292, 0.20365420259671552, 156.77864100436244, 1.247688063011245, 7887.426148418977], "incumbents_value": -4.786716425489308, "time_func_eval": 1.4066696166992188e-05, "iteration": 3}