{"runtime": 14.576117515563965, "incumbents_value": -9.672758199686003, "iteration": 42, "incumbent": [1.7426615056989694, 5.32430615852345, 2.9914184654083553, 3.3974132551186056, 4.113333022108092, 2.0846104253557445], "time_func_eval": 1.4066696166992188e-05, "optimization_overhead": 0.24870586395263672}