{"incumbents_value": 0.9281848795038182, "time_func_eval": 0.1172630786895752, "optimization_overhead": 0.2125091552734375, "incumbent": [136.010535786796, 0.009994903310332513, 0.013914261006352655, 97.60021478336479, 0.8555997975989037, 0.8664611994134889, 0.6730916823369847, 5.647000551090385], "runtime": 30.794529914855957, "iteration": 50}