{"incumbents_value": 0.2424941724941725, "iteration": 99, "runtime": 72.03772258758545, "incumbent": [133.40157378620006, 0.009279492100346114, 0.005831519900104349, 55.722365395590124, 0.1180476533730993, 0.15983694703771456, 0.5548386468331756, 5.909320909493813], "optimization_overhead": 0.3677501678466797, "time_func_eval": 0.5226435661315918}