{"incumbents_value": 0.8002491435689816, "time_func_eval": 0.10355257987976074, "optimization_overhead": 0.24955964088439941, "incumbent": [145.32712440203204, 0.0008780561313015243, 0.0004987221744383499, 297.71870680070833, 0.8036181765984062, 0.13349627621514532, 0.2070011588880729, 10.991574310054604], "runtime": 15.09239411354065, "iteration": 38}