{"incumbents_value": 0.3199427987471466, "time_func_eval": 0.03386330604553223, "optimization_overhead": 0.3619053363800049, "incumbent": [130.41042874172805, 0.01, 0.0001, 270.0898496598352, 0.27086548814719646, 0.9, 0.9175457721737839, 13.584659282431854], "runtime": 74.48362040519714, "iteration": 63}