{"runtime": 3.222378969192505, "optimization_overhead": 0.16880416870117188, "incumbent": [113.06449211594224, 0.009638547259554346, 0.025548675201066948, 236.76262240262784, 0.11545405602021135, 0.8516121982107446, 0.9705422700462019, 5.114267141255159], "time_func_eval": 0.013194561004638672, "incumbents_value": 0.4444444444444444, "iteration": 15}