{"incumbents_value": 0.6148253251232734, "time_func_eval": 0.45134687423706055, "optimization_overhead": 0.2777397632598877, "incumbent": [61.28862269025517, 0.0005638825323932414, 0.0008431144487539463, 106.26415608426399, 0.7174006431844836, 0.09987508043885732, 0.2563677789592205, 5.466952444441918], "runtime": 155.95642614364624, "iteration": 20}