{"incumbent": [55.27882331896136, 0.005033316601155532, 0.09532224658388305, 102.99237221890665, 0.033441340341707516, 0.8984688933224081, 0.9468465535684242, 9.1594434869641], "iteration": 51, "time_func_eval": 0.10208654403686523, "optimization_overhead": 0.19056963920593262, "incumbents_value": 0.04338997636390651, "runtime": 46.5042359828949}