{"runtime": 15.220683097839355, "optimization_overhead": 0.23202800750732422, "incumbent": [47.296093053658964, 0.002486524336580945, 0.01105406486724927, 298.96379825076053, 0.7987831827704537, 0.8896135914930287, 0.9149187088093961, 6.573919520283208], "time_func_eval": 0.05332159996032715, "incumbents_value": 0.984375, "iteration": 23}