{"runtime": 56.512141942977905, "optimization_overhead": 0.2874870300292969, "incumbent": [138.43150402307913, 0.004951776377437081, 0.008460777852230086, 201.8707697950605, 0.022876434888607647, 0.8572283767296124, 0.7386980734008886, 14.842018978871819], "time_func_eval": 1.0596826076507568, "incumbents_value": 0.9836065573770492, "iteration": 96}