{"incumbent": [38.91597658555852, 0.008855111211147038, 0.017826608830189168, 298.1622114068964, 0.841129330100542, 0.10968905818103857, 0.7975616320683427, 8.86608170586088], "iteration": 13, "time_func_eval": 32.205315589904785, "optimization_overhead": 0.1632528305053711, "incumbents_value": 0.999994462134847, "runtime": 799.839864730835}