{"incumbents_value": 0.0, "time_func_eval": 0.05903029441833496, "optimization_overhead": 0.18881583213806152, "incumbent": [24.832269004680015, 0.009214526623278856, 0.02006127379400394, 286.92305694868617, 0.319837463637715, 0.618124471600934, 0.25254673614875867, 12.790764377686237], "runtime": 1.7783513069152832, "iteration": 9}