{"incumbents_value": 0.13228234659537408, "time_func_eval": 1.1979906558990479, "optimization_overhead": 0.23569965362548828, "incumbent": [29.983380468353616, 0.0005793939770840495, 0.00036046804976023805, 55.2640508675742, 0.07478232685377838, 0.12975138257235105, 0.9797872132271125, 12.586248941907362], "runtime": 173.51735734939575, "iteration": 39}