{"incumbents_value": 0.13228234659537408, "time_func_eval": 25.907304525375366, "optimization_overhead": 0.3768453598022461, "incumbent": [29.983380468353616, 0.0005793939770840495, 0.00036046804976023805, 55.2640508675742, 0.07478232685377838, 0.12975138257235105, 0.9797872132271125, 12.586248941907362], "runtime": 377.6384048461914, "iteration": 84}