{"incumbents_value": 0.1717794486215538, "time_func_eval": 0.7998335361480713, "optimization_overhead": 0.23032045364379883, "incumbent": [129.81234127019445, 0.005358154933186596, 0.0049282233862879355, 298.0608474025771, 0.5968957342567862, 0.11546466971302115, 0.5959701691294934, 10.52258422211791], "runtime": 54.92261862754822, "iteration": 30}