{"incumbents_value": 0.02436145891110908, "time_func_eval": 0.24215149879455566, "optimization_overhead": 0.2277681827545166, "incumbent": [36.28942775865148, 0.0005707367614776403, 0.0073754034145575515, 82.88694015920515, 0.04674401873098015, 0.8831091127180285, 0.9670113365837939, 11.007064649856854], "runtime": 7.595094442367554, "iteration": 10}