{"runtime": 47.613815784454346, "optimization_overhead": 0.24009180068969727, "incumbent": [3.352698531132576, 0.009854922604500278, 0.009339380482922866, 196.88892076735732, 0.20821951286789545, 0.1632599930319541, 0.10015286011781685, 11.587048861908855], "time_func_eval": 1.0220811367034912, "incumbents_value": 0.9976817915922787, "iteration": 12}