{"runtime": 598.8360917568207, "optimization_overhead": 0.20772528648376465, "incumbent": [122.4417341217512, 0.0009430828760300635, 0.0008135522960155472, 291.06524405454405, 0.8701134780965456, 0.18673105848966193, 0.7168345540904313, 5.6308097940247395], "time_func_eval": 16.36572504043579, "incumbents_value": 0.9718114514585545, "iteration": 82}