{"runtime": 33.92130398750305, "optimization_overhead": 0.1775200366973877, "incumbent": [3.352698531132576, 0.009854922604500278, 0.009339380482922866, 196.88892076735732, 0.20821951286789545, 0.1632599930319541, 0.10015286011781685, 11.587048861908855], "time_func_eval": 1.4333598613739014, "incumbents_value": 0.9976817915922787, "iteration": 9}