{"runtime": 515.9261763095856, "optimization_overhead": 0.20511341094970703, "incumbent": [122.4417341217512, 0.0009430828760300635, 0.0008135522960155472, 291.06524405454405, 0.8701134780965456, 0.18673105848966193, 0.7168345540904313, 5.6308097940247395], "time_func_eval": 2.922329902648926, "incumbents_value": 0.9718114514585545, "iteration": 62}