{"runtime": 86.19445872306824, "optimization_overhead": 0.18909525871276855, "incumbent": [70.81255236443775, 0.009905394877618282, 0.0032469064661736465, 64.62204335428108, 0.864610374278515, 0.439348815044976, 0.2821866114150809, 14.277093426586168], "time_func_eval": 3.0432276725769043, "incumbents_value": 0.532301418731869, "iteration": 50}