{"incumbents_value": 0.9761904761904762, "time_func_eval": 0.030498981475830078, "optimization_overhead": 0.00020591417948404947, "incumbent": [75.26663289890394, 0.006603205956799875, 0.09839675349022775, 247.3856253355853, 0.4259691046344455, 0.39287473727455763, 0.8670941181917596, 14.70807301956624], "runtime": 0.03189396858215332, "iteration": 0}