{"incumbents_value": 0.5908173980987028, "time_func_eval": 0.18912339210510254, "optimization_overhead": 0.21599912643432617, "incumbent": [134.062798754509, 0.002155438765925116, 0.015470721404768564, 68.70114268641548, 0.26618186528909404, 0.7714456069151115, 0.9002577169605749, 14.492205168396243], "runtime": 334.4662458896637, "iteration": 63}