{"incumbents_value": 0.5974801991436063, "time_func_eval": 0.22394394874572754, "optimization_overhead": 0.22070980072021484, "incumbent": [136.57447980504475, 0.01, 0.0001, 293.67956656479925, 0.8992405121228312, 0.15960618827661105, 0.999, 14.137931802132924], "runtime": 255.01014709472656, "iteration": 46}