{"incumbents_value": 0.5707495178989228, "time_func_eval": 0.07700300216674805, "optimization_overhead": 0.25250816345214844, "incumbent": [120.11076590842896, 0.0004754940062537632, 0.006287705688372357, 297.0229946403264, 0.03981258533900382, 0.27212294977507545, 0.7599591005799443, 5.006638386981209], "runtime": 532.2866313457489, "iteration": 98}