{"incumbents_value": 0.6397922191461618, "time_func_eval": 2.7014403343200684, "optimization_overhead": 0.21482443809509277, "incumbent": [136.59270848567587, 0.002028330676492593, 0.004673724468555532, 293.80200681791916, 0.7104212699214792, 0.19915866256313486, 0.8923079797726662, 14.062301660500344], "runtime": 82.27464318275452, "iteration": 15}