{"incumbents_value": 0.20453816175782347, "iteration": 21, "runtime": 870.5134224891663, "incumbent": [102.01371264848264, 0.0053692558206336035, 0.00046041346531126983, 54.222205369901474, 0.01790555415623276, 0.2651248941047585, 0.4003604689922124, 14.110621928278718], "optimization_overhead": 0.2985503673553467, "time_func_eval": 68.2543044090271}