{"incumbents_value": 0.18314278019152985, "iteration": 38, "runtime": 1694.8563542366028, "incumbent": [85.19984158555658, 0.0012261480193651202, 0.0019268253617321404, 230.37492713446338, 0.5579769785179389, 0.11726274417698855, 0.39894590312082345, 14.536529747521808], "optimization_overhead": 0.3139972686767578, "time_func_eval": 168.2658965587616}