{"incumbents_value": 0.25026940846285195, "iteration": 5, "runtime": 155.71293926239014, "incumbent": [146.52432083493528, 0.008106600114610818, 0.004521564555469886, 143.83172520549743, 0.07692161797700693, 0.7880193308688533, 0.9563818048696267, 10.673697283376534], "optimization_overhead": 0.28864479064941406, "time_func_eval": 19.21712374687195}