{"incumbents_value": 0.811142061281337, "time_func_eval": 0.24416661262512207, "optimization_overhead": 0.1901543140411377, "incumbent": [141.52734728830904, 0.008742578037761435, 0.05699227572013655, 298.9014473745108, 0.25029617763139606, 0.6645568086313698, 0.7173112089374967, 11.297705497525982], "runtime": 0.7777845859527588, "iteration": 3}