{"runtime": 384.5046901702881, "incumbent": [14.048287740087801, 0.006242444349531591, 0.0309957372248692, 57.15472116332336, 0.26482317110650544, 0.19034322093264966, 0.1207055774821086, 5.200002951185374], "optimization_overhead": 0.22801423072814941, "time_func_eval": 0.22363519668579102, "iteration": 38, "incumbents_value": 0.1756572001372142}