{"runtime": 1259.5894989967346, "incumbent": [113.34466546463969, 0.001218527915907374, 0.01698361126898689, 223.76774531447953, 0.027921559836355962, 0.11153643392083652, 0.19806498553691132, 13.808119316131428], "optimization_overhead": 0.6408970355987549, "time_func_eval": 5.341399192810059, "iteration": 98, "incumbents_value": 0.16188731544687496}