{"runtime": 514.735470533371, "incumbent": [137.2271982699295, 0.00015558700014609806, 0.026699728063321236, 259.51695889983705, 0.8336038749164271, 0.8842394577798991, 0.7465344808478301, 8.949695529189365], "optimization_overhead": 0.3909926414489746, "time_func_eval": 15.52237319946289, "iteration": 47, "incumbents_value": 0.17039877457941555}