{"runtime": 1129.8228170871735, "incumbent": [113.34466546463969, 0.001218527915907374, 0.01698361126898689, 223.76774531447953, 0.027921559836355962, 0.11153643392083652, 0.19806498553691132, 13.808119316131428], "optimization_overhead": 0.42873382568359375, "time_func_eval": 8.228698253631592, "iteration": 86, "incumbents_value": 0.16188731544687496}