{"incumbents_value": 0.12823841635933553, "time_func_eval": 0.1974642276763916, "optimization_overhead": 0.21040129661560059, "incumbent": [110.24481722324616, 0.0051088352438223815, 0.0181091335360748, 220.1731105245686, 0.569370411280953, 0.5766494498434116, 0.1696908558564006, 13.728980642809653], "runtime": 44.15199279785156, "iteration": 9}