{"incumbent": [133.41245573607688, 0.009078885747272288, 0.07576852230054375, 64.76401899607436, 0.6096053059010083, 0.8884744152476846, 0.8915158552397997, 5.0109713761160215], "time_func_eval": 4.705406904220581, "optimization_overhead": 0.23953843116760254, "runtime": 508.7015116214752, "iteration": 88, "incumbents_value": 0.4440879933111137}