{"incumbent": [133.41245573607688, 0.009078885747272288, 0.07576852230054375, 64.76401899607436, 0.6096053059010083, 0.8884744152476846, 0.8915158552397997, 5.0109713761160215], "time_func_eval": 2.2514195442199707, "optimization_overhead": 0.22153878211975098, "runtime": 560.131894826889, "iteration": 98, "incumbents_value": 0.4440879933111137}