{"incumbent": [140.13000133320818, 0.0011729134674650361, 0.043655936296980266, 239.5711745641497, 0.07790779676975482, 0.14738478318383416, 0.9920650758702425, 10.520724968705782], "time_func_eval": 0.5306077003479004, "optimization_overhead": 0.2255408763885498, "runtime": 456.1662154197693, "iteration": 77, "incumbents_value": 0.448839603866804}