{"incumbents_value": 0.9676396409761887, "time_func_eval": 0.04358077049255371, "optimization_overhead": 0.21092557907104492, "incumbent": [133.1388086685421, 0.00752763636344969, 0.004449567276371509, 81.40340791127821, 0.8090052245529151, 0.6446494363229746, 0.9784540526989346, 7.9610213322978485], "runtime": 5.053671598434448, "iteration": 9}