{"incumbents_value": 0.9457275886943406, "time_func_eval": 0.10641980171203613, "optimization_overhead": 0.16905736923217773, "incumbent": [139.01423523825176, 0.009882407977241457, 0.005995999573814272, 278.60553449268764, 0.20809900653716495, 0.8323591933937179, 0.7583721088262393, 8.761379037146572], "runtime": 11.761717081069946, "iteration": 19}