{"runtime": 9.912542819976807, "time_func_eval": 0.6107666492462158, "incumbents_value": 0.09213196193674789, "iteration": 9, "optimization_overhead": 0.22124314308166504, "incumbent": [142.4406299653976, 0.009592642838989168, 0.010300873637157513, 219.72013298993588, 0.02342126496323323, 0.5723810635433135, 0.18510935824768243, 14.646208299076878]}