{"runtime": 117.5224175453186, "time_func_eval": 0.5108416080474854, "incumbents_value": 0.04052981019439761, "iteration": 75, "optimization_overhead": 0.23993563652038574, "incumbent": [142.53171064931826, 0.002538001964412684, 0.005560561095532205, 223.87866521522886, 0.8585973651839388, 0.7650166833088708, 0.9584365246761783, 12.605084588759762]}