{"incumbents_value": 0.21136031074573658, "time_func_eval": 0.04174470901489258, "optimization_overhead": 0.20307374000549316, "incumbent": [9.827227217767577, 0.007660059445914946, 0.007849056357959775, 67.1252431385758, 0.22383920243084837, 0.10109662152118337, 0.2596995170097658, 7.040562584474936], "runtime": 3.426650285720825, "iteration": 16}