{"incumbents_value": 0.11977344661002842, "time_func_eval": 0.060646772384643555, "optimization_overhead": 0.20393037796020508, "incumbent": [129.50983228579503, 1e-05, 0.0001, 291.23403939488225, 0.7651058423709349, 0.8025991445192773, 0.98910709288905, 5.0194629314582135], "runtime": 7.2574286460876465, "iteration": 29}