{"incumbents_value": 0.3838343939403127, "time_func_eval": 0.923748254776001, "optimization_overhead": 0.2467191219329834, "incumbent": [111.05517546528681, 0.0018546792532124733, 0.009243986538917049, 283.857018647235, 0.19691778226186604, 0.8009569203604247, 0.9835971462389893, 14.567862698917068], "runtime": 128.58248496055603, "iteration": 30}