{"iteration": 85, "incumbents_value": 0.4217043857598791, "incumbent": [20.922399393050352, 0.0013531659116451317, 0.07425930622530752, 297.3175937797084, 0.17178248352790884, 0.8308184719159578, 0.877999334052755, 12.684096282219544], "time_func_eval": 0.04448390007019043, "runtime": 48.733675718307495, "optimization_overhead": 0.3247241973876953}