{"time_func_eval": 0.7028043270111084, "runtime": 190.07154178619385, "incumbents_value": 0.084338909456674, "iteration": 43, "incumbent": [130.88614118999644, 0.009122897121075155, 0.04082058618044541, 112.00427073534837, 0.739484655038102, 0.8914816624548508, 0.9828757271675878, 9.133849340463744], "optimization_overhead": 0.19706201553344727}