{"time_func_eval": 6.606287002563477, "runtime": 165.00265288352966, "incumbents_value": 0.084338909456674, "iteration": 36, "incumbent": [130.88614118999644, 0.009122897121075155, 0.04082058618044541, 112.00427073534837, 0.739484655038102, 0.8914816624548508, 0.9828757271675878, 9.133849340463744], "optimization_overhead": 0.25949978828430176}