{"time_func_eval": 1.2130346298217773, "runtime": 459.8126425743103, "incumbents_value": 0.03339736072511368, "iteration": 81, "incumbent": [136.65687917321046, 1e-05, 0.023192332863126157, 172.8820826630284, 0.3009322291179008, 0.9, 0.999, 14.281187760920645], "optimization_overhead": 0.19757699966430664}