{"time_func_eval": 3.0648107528686523, "runtime": 113.79207038879395, "incumbents_value": 0.10102290243258572, "iteration": 28, "incumbent": [119.70451731204574, 0.0004706275059814686, 0.00903464059862624, 159.33620804502254, 0.34018310970524396, 0.8059250639929514, 0.8952766093391266, 12.085305364584237], "optimization_overhead": 0.22227811813354492}