{"incumbent": [13.548276717641215, 0.008199895461572303, 0.0855090268502288, 101.78383349224728, 0.12566359061579033, 0.10957353000926434, 0.9775825828511785, 12.017380449367447], "iteration": 12, "time_func_eval": 0.14967083930969238, "optimization_overhead": 0.20701289176940918, "incumbents_value": 0.40615214900929175, "runtime": 2.9231300354003906}