{"incumbent": [7.622534982983266, 0.0028262154502102783, 0.09662138952622379, 75.88051152156525, 0.7085690728441513, 0.8490996837358715, 0.894608967473911, 7.90788861330636], "iteration": 56, "time_func_eval": 0.032037973403930664, "optimization_overhead": 0.19015789031982422, "incumbents_value": 0.3248562226823096, "runtime": 15.381027698516846}