{"time_func_eval": 35.67515301704407, "incumbents_value": 0.41712783792461017, "runtime": 43.44269347190857, "iteration": 1, "incumbent": [106.32993618180132, 0.002120889763329593, 0.008414872488245644, 56.818025505588345, 0.012953626664865187, 0.3073306009644792, 0.7000528617320209, 13.446566743034829], "optimization_overhead": 7.581710815429688e-05}