{"incumbents_value": 0.23383322807460738, "time_func_eval": 1.2459971904754639, "optimization_overhead": 0.23548150062561035, "incumbent": [108.13543181936, 0.00180512122673574, 0.010191664755293588, 299.102521831595, 0.1356121539577254, 0.13507236710326154, 0.2232524853151892, 7.93078916648755], "runtime": 44.11359167098999, "iteration": 80}