{"incumbents_value": 0.05291005291005291, "time_func_eval": 0.08275318145751953, "optimization_overhead": 0.26096224784851074, "incumbent": [70.09429660669542, 0.009526598102993937, 0.014579959654206632, 164.93297813528307, 0.8469733843043625, 0.859069018705801, 0.7478797049327708, 12.82019605803981], "runtime": 11.251505374908447, "iteration": 44}