{"incumbents_value": 0.13888888888888895, "time_func_eval": 0.020904064178466797, "optimization_overhead": 0.1792285442352295, "incumbent": [88.20542486886237, 0.006106867643500389, 0.01681636936890443, 61.777740967094736, 0.2474122606560646, 0.25253954878566576, 0.8987141359998468, 12.851225596917017], "runtime": 5.753111839294434, "iteration": 26}