{"runtime": 44.82671546936035, "optimization_overhead": 0.22423911094665527, "incumbent": [129.77161345453968, 0.00011845451744141315, 0.0011257736281611017, 87.3755600272401, 0.07112066035424798, 0.34204535934892766, 0.605298198022209, 13.918364114107947], "time_func_eval": 2.0519349575042725, "incumbents_value": 0.9915714409815847, "iteration": 6}