{"incumbents_value": 0.035368408759137604, "time_func_eval": 25.465113401412964, "optimization_overhead": 0.19542217254638672, "incumbent": [126.13974767651366, 0.00028578339608204196, 0.0016629911451590445, 270.4804760666771, 0.3843824506722912, 0.19206785275580524, 0.15961693418989295, 7.883046568995815], "runtime": 655.8037693500519, "iteration": 17}