{"incumbents_value": 0.24273675708992726, "time_func_eval": 0.09780287742614746, "optimization_overhead": 0.1732499599456787, "incumbent": [91.01949924835688, 0.00881119332111041, 0.06298054966350738, 71.39737725261062, 0.7524413010917601, 0.3039517244487321, 0.3481456080250559, 6.660802309813916], "runtime": 1.8472836017608643, "iteration": 7}