{"incumbents_value": 0.7182543614426129, "time_func_eval": 0.1688377857208252, "optimization_overhead": 0.16785573959350586, "incumbent": [30.625229735601668, 0.006496856341365608, 0.07114816461665834, 102.031172568345, 0.34272421159444966, 0.32660205962574573, 0.561919797871534, 14.808934719398977], "runtime": 44.8356773853302, "iteration": 9}