{"incumbents_value": 0.5086532825976839, "time_func_eval": 0.2207491397857666, "optimization_overhead": 0.20679140090942383, "incumbent": [7.933916067290106, 0.008834477471747613, 0.0010384020725052068, 239.28525151693555, 0.7649138764153518, 0.20600959410712905, 0.41414675484971397, 5.0355121803026215], "runtime": 422.45795941352844, "iteration": 76}