{"incumbents_value": 0.2895514882510867, "time_func_eval": 0.684389591217041, "optimization_overhead": 0.24790620803833008, "incumbent": [146.08291982787588, 0.005537285253124698, 0.005753977077198995, 117.10956869459739, 0.14650400566932836, 0.45481609723025196, 0.8573469991950383, 5.519526743788287], "runtime": 31.58131742477417, "iteration": 23}