{"incumbents_value": 0.28931528965445674, "time_func_eval": 1.002962350845337, "optimization_overhead": 0.3670535087585449, "incumbent": [143.7430474446964, 0.006171973320876435, 0.004785223920351636, 170.47520110246026, 0.8845664669990813, 0.11885374703519166, 0.13796241475140497, 12.922570418438143], "runtime": 116.15947437286377, "iteration": 84}