{"incumbents_value": 0.4745065312267719, "time_func_eval": 0.07551240921020508, "optimization_overhead": 0.27278971672058105, "incumbent": [143.99715787079634, 2.0086876401170305e-05, 0.0088780597585851, 208.57775660345212, 0.1413310089948347, 0.878287983414645, 0.9954388493889057, 14.679237529441803], "runtime": 13.62109923362732, "iteration": 34}