{"incumbents_value": 0.42690451311140964, "time_func_eval": 0.08310151100158691, "optimization_overhead": 0.2595350742340088, "incumbent": [133.969702578439, 1e-05, 0.1, 280.7143554652162, 0.38661524277067877, 0.9, 0.999, 9.410361112806164], "runtime": 39.91950702667236, "iteration": 26}