{"incumbents_value": 0.42690451311140964, "time_func_eval": 2.6251142024993896, "optimization_overhead": 0.31175851821899414, "incumbent": [133.969702578439, 1e-05, 0.1, 280.7143554652162, 0.38661524277067877, 0.9, 0.999, 9.410361112806164], "runtime": 66.65781354904175, "iteration": 42}