{"runtime": 124.14950847625732, "optimization_overhead": 0.44184446334838867, "iteration": 55, "incumbent": [80.2223131907313, 0.0008099274764682685, 0.006514403182380851, 286.1960687209168, 0.8357597622954218, 0.11178153010569267, 0.25389079549036486, 11.16062990241675], "incumbents_value": 0.018845155113403345, "time_func_eval": 1.2648441791534424}