{"incumbents_value": 0.4573552400816404, "time_func_eval": 15.739789485931396, "optimization_overhead": 0.2246401309967041, "incumbent": [123.65792130692992, 0.00013510115736752333, 0.028147568798484457, 85.77216654643256, 0.8695596270867931, 0.2216857027883668, 0.9573021531700163, 11.128893275444707], "runtime": 726.6506335735321, "iteration": 74}