{"incumbents_value": 0.5009236411995572, "time_func_eval": 14.97349238395691, "optimization_overhead": 0.00015211105346679688, "incumbent": [106.05260681783203, 0.005643225070138468, 0.023431966464678555, 186.22744870542735, 0.10893987730032226, 0.6236522267931222, 0.5595018342847504, 11.155556356671008], "runtime": 14.974579095840454, "iteration": 0}