{"time_func_eval": 3.020324230194092, "runtime": 73.46694374084473, "incumbents_value": 0.09752916837932835, "iteration": 14, "incumbent": [96.74679613257788, 0.0003132135065538735, 0.028286175513458953, 278.9658459084187, 0.20500388326662117, 0.8644419028395228, 0.8266633730707613, 12.532395276744811], "optimization_overhead": 0.18456053733825684}