{"time_func_eval": 1.3638973236083984, "runtime": 306.3284411430359, "incumbents_value": 0.058923153811212714, "iteration": 47, "incumbent": [80.20721279900268, 0.0018030271185256234, 0.015704602006629813, 288.90491090611425, 0.8725290476073219, 0.7700231644967631, 0.7493837181124957, 14.761183575219794], "optimization_overhead": 0.2557508945465088}