{"incumbent": [124.50528305737421, 1e-05, 0.0017393744555952067, 238.907719400169, 0.7867432405807131, 0.8981288058583129, 0.999, 14.001741089398546], "iteration": 70, "time_func_eval": 45.29078960418701, "optimization_overhead": 0.21260452270507812, "incumbents_value": 0.021162166643037383, "runtime": 752.1528630256653}