{"incumbent": [124.47204658442939, 0.005701120521724477, 0.006441723939547189, 238.8927018969291, 0.8927695698319239, 0.8090940025450478, 0.7753240654510001, 13.790559219545166], "iteration": 27, "time_func_eval": 17.90923285484314, "optimization_overhead": 0.1865367889404297, "incumbents_value": 0.024077622564855017, "runtime": 182.9453284740448}