{"incumbent": [124.50528305737421, 1e-05, 0.0017393744555952067, 238.907719400169, 0.7867432405807131, 0.8981288058583129, 0.999, 14.001741089398546], "iteration": 71, "time_func_eval": 3.3007240295410156, "optimization_overhead": 0.25362205505371094, "incumbents_value": 0.021162166643037383, "runtime": 755.7905523777008}