{"incumbents_value": 0.001203384949952091, "time_func_eval": 12.603739023208618, "optimization_overhead": 0.27162623405456543, "incumbent": [118.52636810412332, 0.007886178492105114, 0.0008306156438783947, 251.76747922343705, 0.15078380811119915, 0.2035898604229326, 0.46298851098812893, 7.163595625198762], "runtime": 511.8927662372589, "iteration": 60}