{"incumbents_value": 0.004537402204407015, "time_func_eval": 10.524813175201416, "optimization_overhead": 0.1766047477722168, "incumbent": [144.10750699473945, 0.00704319524766142, 0.0027070607794983386, 259.0886702416981, 0.5080816610666201, 0.2682739490979103, 0.9531791634780206, 10.748889077290734], "runtime": 138.40581035614014, "iteration": 19}