{"incumbents_value": 0.0006018054701429909, "time_func_eval": 0.32779717445373535, "optimization_overhead": 0.2466566562652588, "incumbent": [106.20676982870442, 0.0003529683236136419, 0.004660939616781399, 252.4062417701926, 0.2840622704328812, 0.8656129941798278, 0.9220786045573504, 14.757920198088165], "runtime": 646.9345462322235, "iteration": 70}