{"incumbents_value": 0.11740679742011595, "time_func_eval": 0.07561850547790527, "optimization_overhead": 0.3350791931152344, "incumbent": [148.59212831053281, 0.003639498459658998, 0.06984669809791665, 102.22801583824457, 0.7977371890663569, 0.8981435694358463, 0.9261890134710288, 14.416804435653585], "runtime": 26.93472123146057, "iteration": 74}