{"incumbents_value": 0.1345641286817758, "time_func_eval": 0.03803610801696777, "optimization_overhead": 0.2639632225036621, "incumbent": [54.31249273195393, 0.0006020118588044864, 0.06388108752503208, 63.626193343245696, 0.7606281186672483, 0.7189529510272852, 0.44596531096785974, 9.805841231273412], "runtime": 14.820504188537598, "iteration": 42}