{"incumbents_value": 0.043111950249691944, "iteration": 86, "runtime": 84.16039609909058, "incumbent": [128.3053894044492, 0.0038276205925111637, 0.040087875790618795, 262.95712142899697, 0.0569181757108187, 0.8381657440842184, 0.7161706864878604, 13.994988688869633], "optimization_overhead": 0.416583776473999, "time_func_eval": 0.6900486946105957}