{"incumbents_value": 0.043111950249691944, "iteration": 59, "runtime": 54.65211892127991, "incumbent": [128.3053894044492, 0.0038276205925111637, 0.040087875790618795, 262.95712142899697, 0.0569181757108187, 0.8381657440842184, 0.7161706864878604, 13.994988688869633], "optimization_overhead": 0.35672664642333984, "time_func_eval": 1.8665287494659424}