{"incumbent": [42.844794319478254, 0.00980541403552142, 0.08807303892310689, 294.1633690156855, 0.8339049576383422, 0.8755082424768823, 0.793483553676718, 14.061271423293523], "iteration": 20, "time_func_eval": 0.10283946990966797, "optimization_overhead": 0.18589496612548828, "incumbents_value": 0.341343898987716, "runtime": 5.415505886077881}