{"incumbent": [13.617396992760321, 0.009504560022354055, 0.08140201018758918, 272.55497594168, 0.8575276244647013, 0.26484193784971827, 0.24265517741945714, 13.420749637837904], "iteration": 99, "time_func_eval": 0.1292884349822998, "optimization_overhead": 0.21190977096557617, "incumbents_value": 0.29040009909575126, "runtime": 29.431102514266968}