{"incumbent": [43.49528452353337, 0.00944866741317639, 0.004676615142838862, 115.26769959146958, 0.039212098784083514, 0.7936699832888556, 0.5065758157912609, 5.068411180894822], "iteration": 5, "time_func_eval": 0.12467026710510254, "optimization_overhead": 0.1616525650024414, "incumbents_value": 0.4192621631467033, "runtime": 1.1373622417449951}