{"iteration": 15, "incumbents_value": 0.9060990476649161, "incumbent": [115.28956598498507, 0.0027474707908699933, 0.000302644043180359, 290.3393006804731, 0.2605764359712534, 0.6140377257898807, 0.8680286693149794, 14.70098866610035], "time_func_eval": 0.5912015438079834, "runtime": 15.174388885498047, "optimization_overhead": 0.27960824966430664}