{"iteration": 11, "incumbents_value": 0.9811607417739493, "incumbent": [19.483079070260807, 0.00986595499244068, 0.013087850408319791, 97.49384750879707, 0.17767596551544268, 0.8808823222305268, 0.5961756575349313, 14.618072518827281], "time_func_eval": 0.1834564208984375, "runtime": 5.58922815322876, "optimization_overhead": 0.15419912338256836}