{"incumbents_value": 0.13059587471352185, "time_func_eval": 0.09806156158447266, "optimization_overhead": 0.2140367031097412, "incumbent": [117.16116719094931, 0.00880391610356475, 0.011845548215680731, 63.14591346454327, 0.12500160476311717, 0.8243488781106052, 0.9618569993422516, 5.860689566985702], "runtime": 26.80822730064392, "iteration": 74}