{"incumbents_value": 0.14973868237026144, "time_func_eval": 0.1931171417236328, "optimization_overhead": 0.15044355392456055, "incumbent": [18.29256195833506, 0.009989822353790909, 0.03620831527973871, 298.3349940218822, 0.4977088453480475, 0.8626733293519182, 0.7406350629206878, 13.4610190705497], "runtime": 1.6942975521087646, "iteration": 7}