{"incumbents_value": 0.14345301757066464, "time_func_eval": 0.052884578704833984, "optimization_overhead": 0.1928422451019287, "incumbent": [144.29610153395348, 0.0011916557830196966, 0.08807950573037035, 285.68240710194027, 0.6828928412193684, 0.5929150647598634, 0.9804488089761558, 13.21098174507273], "runtime": 10.026012420654297, "iteration": 30}