{"incumbents_value": 0.06819804657999884, "time_func_eval": 0.26520276069641113, "optimization_overhead": 0.2540764808654785, "incumbent": [145.7456185748161, 0.0002247037060818095, 0.009144180289823247, 201.09685482656556, 0.6602416609595414, 0.8961173663095752, 0.8416650025563923, 14.603463928396419], "runtime": 124.06073236465454, "iteration": 78}