{"incumbents_value": 0.06819804657999884, "time_func_eval": 3.12127947807312, "optimization_overhead": 0.20235633850097656, "incumbent": [145.7456185748161, 0.0002247037060818095, 0.009144180289823247, 201.09685482656556, 0.6602416609595414, 0.8961173663095752, 0.8416650025563923, 14.603463928396419], "runtime": 65.47355341911316, "iteration": 34}