{"incumbent": [125.78598121186988, 0.0002795601385487029, 0.007985120755078831, 151.66025746504272, 0.8204035415755943, 0.8717928589790566, 0.9183543956401444, 6.085684290053779], "time_func_eval": 11.668343782424927, "optimization_overhead": 0.21450400352478027, "runtime": 77.43625140190125, "iteration": 14, "incumbents_value": 0.4563354553414297}