{"incumbent": [136.93915170448304, 0.00766255346392327, 0.00691685030790811, 124.37416761400118, 0.43090600942694834, 0.11922176906491676, 0.1090841814027815, 5.947296275031327], "time_func_eval": 0.4773714542388916, "optimization_overhead": 0.31354451179504395, "runtime": 474.3255388736725, "iteration": 96, "incumbents_value": 0.4267099310356527}