{"incumbent": [136.93915170448304, 0.00766255346392327, 0.00691685030790811, 124.37416761400118, 0.43090600942694834, 0.11922176906491676, 0.1090841814027815, 5.947296275031327], "time_func_eval": 8.415457725524902, "optimization_overhead": 0.21547913551330566, "runtime": 172.94331455230713, "iteration": 38, "incumbents_value": 0.4267099310356527}