{"incumbent": [136.93915170448304, 0.00766255346392327, 0.00691685030790811, 124.37416761400118, 0.43090600942694834, 0.11922176906491676, 0.1090841814027815, 5.947296275031327], "time_func_eval": 0.6878001689910889, "optimization_overhead": 0.28435802459716797, "runtime": 398.46627926826477, "iteration": 82, "incumbents_value": 0.4267099310356527}