{"incumbents_value": 0.5532968469861674, "time_func_eval": 34.15224361419678, "optimization_overhead": 0.21147871017456055, "incumbent": [138.41024670581146, 0.0018107934522326881, 0.0035304464397258885, 285.19752220143755, 0.033313906091477746, 0.19224326968604097, 0.7920942633049166, 8.928241802598267], "runtime": 214.4325361251831, "iteration": 43}