{"incumbent": [12.151252529149525, 0.00926305739278184, 0.005562015024279983, 263.5955170694592, 0.5223084888736813, 0.8316993060678786, 0.8228299336928578, 13.477628900411137], "iteration": 68, "time_func_eval": 0.33371734619140625, "optimization_overhead": 0.19579315185546875, "incumbents_value": 0.4762167760968401, "runtime": 23.604620933532715}