{"incumbent": [61.863223593665815, 0.0019739516883010614, 0.01611170641389851, 264.58819181168, 0.7960387734210091, 0.883370799721041, 0.8374829775500297, 6.3358553129832735], "iteration": 6, "time_func_eval": 0.08256411552429199, "optimization_overhead": 0.1672685146331787, "incumbents_value": 0.7763484162895928, "runtime": 1.3587069511413574}