{"runtime": 5.303408622741699, "optimization_overhead": 0.17777776718139648, "incumbent": [8.22635228997205, 0.008617621897899908, 0.007224747305431426, 75.74673847981131, 0.8406715696059522, 0.8386300266330593, 0.8857998715136504, 7.118915383210991], "time_func_eval": 0.025289297103881836, "incumbents_value": 0.0, "iteration": 24}