{"runtime": 12.008058309555054, "optimization_overhead": 0.20837759971618652, "incumbent": [8.22635228997205, 0.008617621897899908, 0.007224747305431426, 75.74673847981131, 0.8406715696059522, 0.8386300266330593, 0.8857998715136504, 7.118915383210991], "time_func_eval": 0.022252559661865234, "incumbents_value": 0.0, "iteration": 48}