{"x_opt": [42.617297963291946, 93.70197526597389, 86.48319715547147, 17.063213308887143, 101.77710330847499, 15.533486502249088, 85.29756686279826, 94.72852831904434, 9.154102268731464], "f_opt": 0.6993873572820941, "incumbents": [[12.135952188228472, 3.762763154692789, 44.22947762354393, 66.51010838629198, 18.795143467399757, 26.31768198513868, 22.131437240325738, 8.767011385522775, 89.96656143270863], [56.27032141890568, 50.148600464537594, 18.15756364716018, 24.15633038232289, 87.19049168944909, 81.29870215153878, 66.9770505085718, 47.72449693709441, 4.588945924194503], [56.27032141890568, 50.148600464537594, 18.15756364716018, 24.15633038232289, 87.19049168944909, 81.29870215153878, 66.9770505085718, 47.72449693709441, 4.588945924194503], [56.27032141890568, 50.148600464537594, 18.15756364716018, 24.15633038232289, 87.19049168944909, 81.29870215153878, 66.9770505085718, 47.72449693709441, 4.588945924194503], [56.27032141890568, 50.148600464537594, 18.15756364716018, 24.15633038232289, 87.19049168944909, 81.29870215153878, 66.9770505085718, 47.72449693709441, 4.588945924194503], [56.27032141890568, 50.148600464537594, 18.15756364716018, 24.15633038232289, 87.19049168944909, 81.29870215153878, 66.9770505085718, 47.72449693709441, 4.588945924194503], [56.27032141890568, 50.148600464537594, 18.15756364716018, 24.15633038232289, 87.19049168944909, 81.29870215153878, 66.9770505085718, 47.72449693709441, 4.588945924194503], [56.27032141890568, 50.148600464537594, 18.15756364716018, 24.15633038232289, 87.19049168944909, 81.29870215153878, 66.9770505085718, 47.72449693709441, 4.588945924194503], [56.27032141890568, 50.148600464537594, 18.15756364716018, 24.15633038232289, 87.19049168944909, 81.29870215153878, 66.9770505085718, 47.72449693709441, 4.588945924194503], [56.27032141890568, 50.148600464537594, 18.15756364716018, 24.15633038232289, 87.19049168944909, 81.29870215153878, 66.9770505085718, 47.72449693709441, 4.588945924194503], [56.27032141890568, 50.148600464537594, 18.15756364716018, 24.15633038232289, 87.19049168944909, 81.29870215153878, 66.9770505085718, 47.72449693709441, 4.588945924194503], [56.27032141890568, 50.148600464537594, 18.15756364716018, 24.15633038232289, 87.19049168944909, 81.29870215153878, 66.9770505085718, 47.72449693709441, 4.588945924194503], [59.25239751153079, 4.557396159586734, 26.130339944659823, 20.59972999517401, 63.027719384383666, 16.266289631507284, 101.75149997697942, 104.2674006053241, 98.47470990180803], [59.25239751153079, 4.557396159586734, 26.130339944659823, 20.59972999517401, 63.027719384383666, 16.266289631507284, 101.75149997697942, 104.2674006053241, 98.47470990180803], [59.25239751153079, 4.557396159586734, 26.130339944659823, 20.59972999517401, 63.027719384383666, 16.266289631507284, 101.75149997697942, 104.2674006053241, 98.47470990180803], [59.25239751153079, 4.557396159586734, 26.130339944659823, 20.59972999517401, 63.027719384383666, 16.266289631507284, 101.75149997697942, 104.2674006053241, 98.47470990180803], [59.25239751153079, 4.557396159586734, 26.130339944659823, 20.59972999517401, 63.027719384383666, 16.266289631507284, 101.75149997697942, 104.2674006053241, 98.47470990180803], [59.25239751153079, 4.557396159586734, 26.130339944659823, 20.59972999517401, 63.027719384383666, 16.266289631507284, 101.75149997697942, 104.2674006053241, 98.47470990180803], [4.8452329820947675, 15.302706935993777, 54.575971066798346, 8.165729943122777, 27.985741936492353, 8.044428265966252, 102.62908769054938, 94.21616638282234, 8.671276438263718], [4.8452329820947675, 15.302706935993777, 54.575971066798346, 8.165729943122777, 27.985741936492353, 8.044428265966252, 102.62908769054938, 94.21616638282234, 8.671276438263718], [4.8452329820947675, 15.302706935993777, 54.575971066798346, 8.165729943122777, 27.985741936492353, 8.044428265966252, 102.62908769054938, 94.21616638282234, 8.671276438263718], [4.8452329820947675, 15.302706935993777, 54.575971066798346, 8.165729943122777, 27.985741936492353, 8.044428265966252, 102.62908769054938, 94.21616638282234, 8.671276438263718], [4.8452329820947675, 15.302706935993777, 54.575971066798346, 8.165729943122777, 27.985741936492353, 8.044428265966252, 102.62908769054938, 94.21616638282234, 8.671276438263718], [4.8452329820947675, 15.302706935993777, 54.575971066798346, 8.165729943122777, 27.985741936492353, 8.044428265966252, 102.62908769054938, 94.21616638282234, 8.671276438263718], [42.617297963291946, 93.70197526597389, 86.48319715547147, 17.063213308887143, 101.77710330847499, 15.533486502249088, 85.29756686279826, 94.72852831904434, 9.154102268731464], [42.617297963291946, 93.70197526597389, 86.48319715547147, 17.063213308887143, 101.77710330847499, 15.533486502249088, 85.29756686279826, 94.72852831904434, 9.154102268731464], [42.617297963291946, 93.70197526597389, 86.48319715547147, 17.063213308887143, 101.77710330847499, 15.533486502249088, 85.29756686279826, 94.72852831904434, 9.154102268731464], [42.617297963291946, 93.70197526597389, 86.48319715547147, 17.063213308887143, 101.77710330847499, 15.533486502249088, 85.29756686279826, 94.72852831904434, 9.154102268731464], [42.617297963291946, 93.70197526597389, 86.48319715547147, 17.063213308887143, 101.77710330847499, 15.533486502249088, 85.29756686279826, 94.72852831904434, 9.154102268731464], [42.617297963291946, 93.70197526597389, 86.48319715547147, 17.063213308887143, 101.77710330847499, 15.533486502249088, 85.29756686279826, 94.72852831904434, 9.154102268731464]], "incumbent_values": [0.7474431818181818, 0.7333499833499834, 0.7333499833499834, 0.7333499833499834, 0.7333499833499834, 0.7333499833499834, 0.7333499833499834, 0.7333499833499834, 0.7333499833499834, 0.7333499833499834, 0.7333499833499834, 0.7333499833499834, 0.7169701213818861, 0.7169701213818861, 0.7169701213818861, 0.7169701213818861, 0.7169701213818861, 0.7169701213818861, 0.7051035565741448, 0.7051035565741448, 0.7051035565741448, 0.7051035565741448, 0.7051035565741448, 0.7051035565741448, 0.6993873572820941, 0.6993873572820941, 0.6993873572820941, 0.6993873572820941, 0.6993873572820941, 0.6993873572820941], "runtime": [0.015552043914794922, 0.026120901107788086, 0.035388946533203125, 0.19646382331848145, 0.37307071685791016, 0.5386800765991211, 0.712615966796875, 0.8753659725189209, 1.042022943496704, 1.2008569240570068, 1.3701839447021484, 1.5386900901794434, 1.7004048824310303, 1.8663148880004883, 2.036174774169922, 2.197077989578247, 2.3594119548797607, 2.5231540203094482, 2.6842570304870605, 2.850590944290161, 3.017117977142334, 3.181119918823242, 3.3553409576416016, 3.520826816558838, 3.6870620250701904, 3.881525993347168, 4.043811798095703, 4.204674959182739, 4.3664398193359375, 4.54264497756958], "overhead": [0.0002380212148030599, 0.0002380212148030599, 0.0002380212148030599, 0.15000677108764648, 0.1664872169494629, 0.15550589561462402, 0.15799307823181152, 0.15268301963806152, 0.15644288063049316, 0.1475050449371338, 0.15808987617492676, 0.15845394134521484, 0.1509082317352295, 0.1551051139831543, 0.1559898853302002, 0.14968109130859375, 0.1514432430267334, 0.1538228988647461, 0.1509702205657959, 0.156235933303833, 0.15656018257141113, 0.15372109413146973, 0.16309309005737305, 0.15548992156982422, 0.15231990814208984, 0.18443608283996582, 0.15235590934753418, 0.15024495124816895, 0.15088510513305664, 0.16621017456054688],