{"optimization_overhead": 0.18443608283996582, "runtime": 3.881525993347168, "incumbent": [42.617297963291946, 93.70197526597389, 86.48319715547147, 17.063213308887143, 101.77710330847499, 15.533486502249088, 85.29756686279826, 94.72852831904434, 9.154102268731464], "incumbents_value": 0.6993873572820941, "time_func_eval": 0.008844137191772461, "iteration": 25}