{"incumbents_value": 0.8037878787878788, "time_func_eval": 0.011019706726074219, "optimization_overhead": 0.16480755805969238, "incumbent": [112.65509340690693, 0.006204792653894106, 0.04544380761704823, 95.6782028660881, 0.5588618903187924, 0.5477120560609781, 0.6662359450299415, 14.818963279386058], "runtime": 0.27960753440856934, "iteration": 3}