{"optimization_overhead": 0.15124893188476562, "runtime": 0.19130778312683105, "incumbent": [11.06831057565928, 9.624149509162532, 31.54523667439451, 51.57463861628383, 72.53059856514425, 61.639544271225034, 90.44430246346325, 23.097320175936588, 48.0675359084238], "incumbents_value": 0.7183006535947714, "time_func_eval": 0.00927114486694336, "iteration": 3}