{"optimization_overhead": 0.14934611320495605, "runtime": 3.9133071899414062, "incumbent": [91.29457457421417, 4.04423079864336, 60.73371033723491, 44.17815554070893, 28.932520665626644, 3.993436623421433, 13.420519965166495, 31.987460914958447, 12.73903457378178], "incumbents_value": 0.6770887842316413, "time_func_eval": 0.00880885124206543, "iteration": 26}