{"incumbent": [141.20826027856063, 0.00830358593042496, 0.00765036749401625, 285.5352543651444, 0.8338100275266588, 0.7027802299834256, 0.5372222206089728, 5.785414110529631], "iteration": 81, "time_func_eval": 0.0985713005065918, "optimization_overhead": 0.1912834644317627, "incumbents_value": 0.6409723406674626, "runtime": 22.392982006072998}