{"incumbent": [17.83623122072016, 0.0023158551668998897, 0.08334837209616058, 106.69522977200315, 0.24683633328761476, 0.13519217768226913, 0.9906320651300934, 5.647732289235553], "iteration": 38, "time_func_eval": 0.01255941390991211, "optimization_overhead": 0.16378235816955566, "incumbents_value": 0.6690685045948204, "runtime": 8.83983302116394}