{"incumbent": [140.5738153431694, 0.00040230268004230106, 0.0088630765774298, 57.71120921216123, 0.0524424060953348, 0.5607477696916571, 0.9948269839915659, 9.021334178744727], "iteration": 65, "time_func_eval": 1.1101024150848389, "optimization_overhead": 0.28490686416625977, "incumbents_value": 0.5881905353534849, "runtime": 105.6686646938324}