{"incumbent": [140.5738153431694, 0.00040230268004230106, 0.0088630765774298, 57.71120921216123, 0.0524424060953348, 0.5607477696916571, 0.9948269839915659, 9.021334178744727], "iteration": 85, "time_func_eval": 1.5623159408569336, "optimization_overhead": 0.22972941398620605, "incumbents_value": 0.5881905353534849, "runtime": 132.58430886268616}