{"incumbent": [6.8307725810881825, 0.001274333561888456, 0.006535867415811407, 264.73274163533785, 0.033769796399519866, 0.28717145702908303, 0.20086156137348243, 9.784816232364115], "iteration": 35, "time_func_eval": 11.477510452270508, "optimization_overhead": 0.23996758460998535, "incumbents_value": 0.6552442538704559, "runtime": 67.58447670936584}