{"incumbent": [6.8307725810881825, 0.001274333561888456, 0.006535867415811407, 264.73274163533785, 0.033769796399519866, 0.28717145702908303, 0.20086156137348243, 9.784816232364115], "iteration": 36, "time_func_eval": 0.44979262351989746, "optimization_overhead": 0.21621251106262207, "incumbents_value": 0.6552442538704559, "runtime": 68.35369825363159}