{"incumbents_value": 0.025639845268770056, "time_func_eval": 16.9880428314209, "optimization_overhead": 0.300248384475708, "incumbent": [143.9076438128302, 0.007511324221690095, 0.0009138757426879137, 260.5961365764126, 0.8287486090081462, 0.09317544226509561, 0.13035713406482874, 14.978370155980128], "runtime": 127.78053498268127, "iteration": 82}