{"incumbents_value": 0.03241515538220452, "time_func_eval": 0.3636777400970459, "optimization_overhead": 0.0001636346181233724, "incumbent": [10.72360291528681, 0.0017625984942769323, 0.022592490431941968, 197.35452888886442, 0.37043001568822337, 0.3317667095718248, 0.7246466723002679, 12.786436363925294], "runtime": 0.8761794567108154, "iteration": 2}