{"incumbents_value": 0.5286610727502956, "time_func_eval": 0.5687243938446045, "optimization_overhead": 0.16857361793518066, "incumbent": [22.529571229121398, 0.009682915273114264, 0.014605484098456942, 296.9438852691792, 0.1710742686639604, 0.8575368902396723, 0.9960414537395696, 10.665674760731493], "runtime": 25.56744074821472, "iteration": 21}