{"incumbents_value": 0.5080938070735114, "time_func_eval": 0.034452199935913086, "optimization_overhead": 0.26503920555114746, "incumbent": [145.29812853946152, 0.0003299913620008803, 0.01655286785628159, 278.79081481520785, 0.04641297855919544, 0.758165481117716, 0.8359407485490017, 12.028383077213167], "runtime": 210.3436439037323, "iteration": 84}