{"incumbents_value": 0.3561313549175523, "time_func_eval": 0.8942916393280029, "optimization_overhead": 0.00013295809427897135, "incumbent": [147.88640322397993, 4.626991673831744e-05, 0.05121192832318995, 170.82766082325384, 0.8080298765696887, 0.44877398851313893, 0.6766876966430082, 9.954893270163721], "runtime": 0.8953301906585693, "iteration": 0}