{"incumbents_value": 0.6759653036959505, "time_func_eval": 0.1448380947113037, "optimization_overhead": 0.2047865390777588, "incumbent": [4.816860948606555, 0.002846250543966772, 0.002464273173967561, 299.14163097190425, 0.2465537173091492, 0.730190738286379, 0.509367256679257, 12.580983135856114], "runtime": 4.88883900642395, "iteration": 4}