{"incumbents_value": 0.5212697852360166, "time_func_eval": 2.1585726737976074, "optimization_overhead": 0.5723636150360107, "incumbent": [129.0930502066755, 1e-05, 0.0001, 282.02588727912945, 0.043797389534933465, 0.22265651603822514, 0.46128991049, 14.875529276483796], "runtime": 389.93825221061707, "iteration": 74}