{"incumbents_value": 0.05077348543773219, "time_func_eval": 0.29059791564941406, "optimization_overhead": 0.24242568016052246, "incumbent": [145.54777603435105, 0.004200377393486373, 0.017355021352623217, 228.719448863792, 0.8529138471945843, 0.42900194092149724, 0.9852167175881432, 14.413178378753988], "runtime": 25.930517435073853, "iteration": 68}