{"runtime": 185.43211030960083, "optimization_overhead": 0.4940989017486572, "iteration": 95, "incumbent": [139.14572782601792, 0.0076350515339242255, 0.01732271451657652, 81.74913217081418, 0.06762437505434427, 0.888900788205621, 0.8571612007541454, 9.471799791466808], "incumbents_value": 0.02319916783761866, "time_func_eval": 1.161529302597046}