{"incumbents_value": 0.8418709177895031, "time_func_eval": 1.7506763935089111, "optimization_overhead": 0.18800020217895508, "incumbent": [2.8373199220437257, 0.008277538242809206, 0.003805670716174416, 231.21737894774273, 0.8663254870580691, 0.09578539603328631, 0.2551449198568227, 5.620988908661189], "runtime": 50.11492681503296, "iteration": 73}