{"incumbents_value": 0.9195010018744748, "time_func_eval": 0.16419529914855957, "optimization_overhead": 0.2048170566558838, "incumbent": [69.01094799048832, 0.002447571646885369, 0.029321917763132078, 183.43551500266148, 0.7405797879292222, 0.6056771714204134, 0.7468599016825177, 8.099497223766338], "runtime": 0.6966562271118164, "iteration": 3}