{"incumbents_value": 0.14078782501236964, "time_func_eval": 16.263998985290527, "optimization_overhead": 0.20737504959106445, "incumbent": [35.387735425362344, 0.003350803961318006, 0.08044677476919194, 224.60212557047697, 0.48227702678430395, 0.6525898695710026, 0.24339230595269762, 11.744243532618832], "runtime": 70.01734066009521, "iteration": 14}