{"incumbents_value": 0.13689415313961872, "time_func_eval": 0.8489935398101807, "optimization_overhead": 0.39600658416748047, "incumbent": [40.87692809756189, 1e-05, 0.0001, 284.8606938665017, 0.8921640178952885, 0.9, 0.999, 5.547424649100698], "runtime": 436.56576466560364, "iteration": 97}