{"runtime": 359.330894947052, "iteration": 69, "time_func_eval": 0.22328686714172363, "incumbent": [112.28141959489395, 0.006654166348430258, 0.0022850909309297595, 56.82525134297812, 0.8036671852547739, 0.20376528415094328, 0.18513831557556903, 7.045911055806205], "incumbents_value": 0.028796888015221733, "optimization_overhead": 0.467271089553833}