{"iteration": 74, "incumbents_value": 0.5572398851134963, "incumbent": [124.99793312502908, 0.007473361331535308, 0.003621749375316803, 69.69503103637774, 0.07431648106379392, 0.8206074782519114, 0.7799330462747973, 12.967937660606202], "time_func_eval": 1.5112340450286865, "runtime": 281.28100538253784, "optimization_overhead": 0.21164822578430176}