{"iteration": 12, "incumbents_value": 0.5782341058826963, "incumbent": [139.27200849203453, 0.006437108341016373, 0.020227918896431014, 271.0800257652305, 0.014635116179802635, 0.8911784053824944, 0.9294463969147313, 11.585087405440648], "time_func_eval": 4.27394437789917, "runtime": 26.65583634376526, "optimization_overhead": 0.21285605430603027}