{"iteration": 0, "incumbents_value": 0.6773211121136781, "incumbent": [83.09539193312213, 0.004494394761503443, 0.0336433047353883, 157.98873399047176, 0.049263570487512925, 0.35436291321664715, 0.5962404329521689, 14.108527766533017], "time_func_eval": 4.140038728713989, "runtime": 4.14101505279541, "optimization_overhead": 0.00014583269755045572}