{"incumbents_value": 0.11733040460581201, "time_func_eval": 1.8526320457458496, "optimization_overhead": 0.21984171867370605, "incumbent": [149.9665040442553, 0.0005760722309939632, 0.030303383859172472, 206.60167620839883, 0.1957323653515274, 0.13390649156907886, 0.8861501900562768, 14.570687293144305], "runtime": 354.27203392982483, "iteration": 62}