{"optimization_overhead": 0.2367386817932129, "runtime": 76.51188516616821, "incumbent": [149.11577739427275, 0.008291307810528337, 0.005905915427920023, 298.0888346395575, 0.8317531322640599, 0.3100428886134156, 0.7415705322989431, 11.602491915291274], "incumbents_value": 0.13756499225997876, "time_func_eval": 0.0484921932220459, "iteration": 98}