{"optimization_overhead": 0.22914409637451172, "runtime": 18.0100200176239, "incumbent": [130.07170247982336, 0.0024694185333786257, 0.006522563682244335, 161.83670146132425, 0.027666681307124782, 0.7763119253092919, 0.9314228094959618, 7.352015235717355], "incumbents_value": 0.15153822165215447, "time_func_eval": 0.9686660766601562, "iteration": 25}