{"incumbents_value": 0.020690022392145013, "time_func_eval": 0.48641300201416016, "optimization_overhead": 0.32848262786865234, "incumbent": [5.293329821470516, 0.009938423748301653, 0.08681056533814237, 66.50907351033284, 0.01284582037298274, 0.8162349225074584, 0.989135384198281, 14.90288896750178], "runtime": 86.54296040534973, "iteration": 80}