{"incumbents_value": 0.6141436961870398, "time_func_eval": 0.2301325798034668, "optimization_overhead": 0.20380091667175293, "incumbent": [147.5684120857116, 0.00170712951696073, 0.0008530913495321497, 257.42887342079604, 0.3673366798213149, 0.16006148061687034, 0.9646921420718747, 12.665554019551225], "runtime": 72.40130305290222, "iteration": 21}