{"incumbents_value": 0.570062043219938, "time_func_eval": 5.897429704666138, "optimization_overhead": 0.3381843566894531, "incumbent": [42.294140945041754, 0.00017261564517489567, 0.0010811342534442206, 64.65708465842374, 0.1359635759552618, 0.7318711160775598, 0.9272301890575789, 5.489957804700206], "runtime": 146.80086016654968, "iteration": 42}