{"incumbents_value": 0.4758024691358025, "time_func_eval": 0.1790447235107422, "optimization_overhead": 0.21250271797180176, "incumbent": [116.55128967156465, 0.01, 0.008864822806715536, 291.65822940462795, 0.1436434142224155, 0.9, 0.9932679166034281, 7.728108113455837], "runtime": 17.270578145980835, "iteration": 62}