{"incumbents_value": 0.47561076604554864, "time_func_eval": 0.21038556098937988, "optimization_overhead": 0.2895691394805908, "incumbent": [140.4035435501195, 0.005025635710113308, 0.01134365626860405, 281.2860050291259, 0.14882330193761345, 0.890873573924728, 0.9524348250610185, 13.526391513923276], "runtime": 29.356729984283447, "iteration": 98}