{"runtime": 784.1455314159393, "incumbent": [146.52432083493528, 0.008106600114610818, 0.004521564555469886, 143.83172520549743, 0.07692161797700693, 0.7880193308688533, 0.9563818048696267, 10.673697283376534], "optimization_overhead": 0.5138163566589355, "time_func_eval": 8.826744794845581, "iteration": 63, "incumbents_value": 0.1727084649411601}