{"runtime": 1016.8574049472809, "incumbent": [148.59153602145386, 0.009753222990271896, 0.05207364905505948, 169.55542403485924, 0.8808146435271957, 0.8258882274734621, 0.8000549213098179, 6.36753600023871], "optimization_overhead": 0.404632568359375, "time_func_eval": 55.875781774520874, "iteration": 80, "incumbents_value": 0.17186390363540804}