{"runtime": 1247.182676076889, "incumbent": [148.55658825894375, 0.005170919192391113, 0.06863784574954755, 109.34163683522847, 0.8464714293808112, 0.5345502371555784, 0.8830079275936559, 14.632062072441254], "optimization_overhead": 0.4246079921722412, "time_func_eval": 17.982484340667725, "iteration": 98, "incumbents_value": 0.16788065793427642}