{"runtime": 1210.623610496521, "incumbent": [148.59153602145386, 0.009753222990271896, 0.05207364905505948, 169.55542403485924, 0.8808146435271957, 0.8258882274734621, 0.8000549213098179, 6.36753600023871], "optimization_overhead": 0.6157145500183105, "time_func_eval": 17.400655269622803, "iteration": 92, "incumbents_value": 0.17186390363540804}