{"runtime": 104.47231125831604, "optimization_overhead": 0.19789385795593262, "incumbent": [97.68722811643308, 0.009260017944352765, 0.0006685901038615277, 260.75918794033294, 0.047912195340274966, 0.8401937434561664, 0.9630233505520719, 12.822164215927264], "time_func_eval": 9.610131740570068, "incumbents_value": 0.5661462032076875, "iteration": 38}