{"runtime": 49.94364333152771, "optimization_overhead": 0.18232011795043945, "incumbent": [123.13988934402964, 0.0006546503136020804, 0.007302359439082065, 55.00615030290036, 0.5431783686901788, 0.8560111520241452, 0.8767519671914694, 6.12792672132557], "time_func_eval": 1.4845681190490723, "incumbents_value": 0.5993474911238492, "iteration": 21}