{"incumbents_value": 0.022278035477474423, "time_func_eval": 0.8264563083648682, "optimization_overhead": 0.34587907791137695, "incumbent": [6.963329636914902, 0.0008927833007553172, 0.008760580945059075, 288.2539633555881, 0.1769826864431409, 0.5704608270709483, 0.9869301502175851, 10.983327914497169], "runtime": 103.72317886352539, "iteration": 83}