{"incumbents_value": 0.022278035477474423, "time_func_eval": 0.4078562259674072, "optimization_overhead": 0.24405527114868164, "incumbent": [6.963329636914902, 0.0008927833007553172, 0.008760580945059075, 288.2539633555881, 0.1769826864431409, 0.5704608270709483, 0.9869301502175851, 10.983327914497169], "runtime": 106.3952157497406, "iteration": 85}