{"runtime": 26.108824014663696, "incumbent": [111.22368850800531, 0.00037887299846300736, 0.05324901935347456, 53.67148392589719, 0.7872417239473342, 0.09043841062484556, 0.9528723100174066, 7.602049823761201], "optimization_overhead": 0.2779240608215332, "time_func_eval": 1.7429165840148926, "iteration": 30, "incumbents_value": 0.0}