{"runtime": 1.678678035736084, "incumbent": [25.30538181904009, 0.0009983835979351912, 0.09444549243603126, 73.55793757235165, 0.895368531289407, 0.48057280907757305, 0.361597149160768, 6.103548443985108], "optimization_overhead": 0.3412466049194336, "time_func_eval": 0.22869014739990234, "iteration": 4, "incumbents_value": 0.11726998491704377}