{"runtime": 2.0130367279052734, "incumbent": [25.30538181904009, 0.0009983835979351912, 0.09444549243603126, 73.55793757235165, 0.895368531289407, 0.48057280907757305, 0.361597149160768, 6.103548443985108], "optimization_overhead": 0.2911570072174072, "time_func_eval": 0.0263516902923584, "iteration": 5, "incumbents_value": 0.11726998491704377}