{"runtime": 22.91231679916382, "incumbent": [111.22368850800531, 0.00037887299846300736, 0.05324901935347456, 53.67148392589719, 0.7872417239473342, 0.09043841062484556, 0.9528723100174066, 7.602049823761201], "optimization_overhead": 0.34996676445007324, "time_func_eval": 0.15114498138427734, "iteration": 28, "incumbents_value": 0.0}