{"runtime": 29.802176475524902, "iteration": 70, "time_func_eval": 0.18404316902160645, "incumbent": [29.850041166853405, 0.01, 0.1, 61.193540618004405, 0.05806523295916598, 0.7501060081743676, 0.999, 14.77857094150009], "incumbents_value": 0.21590909090909083, "optimization_overhead": 0.42757511138916016}