{"runtime": 14.269065380096436, "iteration": 37, "time_func_eval": 0.0572662353515625, "incumbent": [29.850041166853405, 0.01, 0.1, 61.193540618004405, 0.05806523295916598, 0.7501060081743676, 0.999, 14.77857094150009], "incumbents_value": 0.21590909090909083, "optimization_overhead": 0.3924283981323242}