{"runtime": 30.44952630996704, "iteration": 71, "time_func_eval": 0.029984235763549805, "incumbent": [29.850041166853405, 0.01, 0.1, 61.193540618004405, 0.05806523295916598, 0.7501060081743676, 0.999, 14.77857094150009], "incumbents_value": 0.21590909090909083, "optimization_overhead": 0.5872268676757812}