{"optimization_overhead": 0.3399789333343506, "runtime": 9.615517139434814, "incumbent": [104.73387169623068, 0.006101210418373154, 0.005869166667620027, 277.11916645637666, 0.050551104490187244, 0.534006053131861, 0.9852241192184028, 6.133938756725103], "incumbents_value": 0.054421768707483054, "time_func_eval": 0.11491703987121582, "iteration": 20}