{"optimization_overhead": 0.31480908393859863, "runtime": 15.62820291519165, "incumbent": [7.18594773042747, 0.008846670322222725, 0.030802715253580755, 125.00959837904855, 0.5517749004313972, 0.8156433335871531, 0.7897246087994702, 5.151208165749265], "incumbents_value": 0.0, "time_func_eval": 0.09560132026672363, "iteration": 39}