{"optimization_overhead": 0.2316579818725586, "runtime": 29.249845027923584, "incumbent": [16.936695399768453, 0.008923585611781769, 0.008464594183237412, 281.3595706374402, 0.16549360948901554, 0.6250452080069036, 0.6124500890783791, 11.983995425399485], "incumbents_value": 0.0, "time_func_eval": 0.21561288833618164, "iteration": 81}