{"optimization_overhead": 0.2292342185974121, "runtime": 15.56908392906189, "incumbent": [16.936695399768453, 0.008923585611781769, 0.008464594183237412, 281.3595706374402, 0.16549360948901554, 0.6250452080069036, 0.6124500890783791, 11.983995425399485], "incumbents_value": 0.0, "time_func_eval": 0.1852278709411621, "iteration": 43}