{"optimization_overhead": 0.28795504570007324, "runtime": 8.556901931762695, "incumbent": [16.936695399768453, 0.008923585611781769, 0.008464594183237412, 281.3595706374402, 0.16549360948901554, 0.6250452080069036, 0.6124500890783791, 11.983995425399485], "incumbents_value": 0.0, "time_func_eval": 0.13224291801452637, "iteration": 23}