{"time_func_eval": 0.14655280113220215, "runtime": 24.51513910293579, "incumbents_value": 0.10138248847926257, "iteration": 84, "incumbent": [86.38163478547466, 0.006124034696124334, 0.005371076040212883, 289.4910294618136, 0.10439859535575934, 0.09838764874340655, 0.10895892919795076, 7.346787200047146], "optimization_overhead": 0.20579314231872559}