{"time_func_eval": 0.053818464279174805, "runtime": 5.97062087059021, "incumbents_value": 0.11492673992673996, "iteration": 22, "incumbent": [112.73845024890737, 0.009956749764745304, 0.08904628890735038, 122.43543347679498, 0.7181403220926202, 0.8955914893341087, 0.9454728771379414, 14.498910458032622], "optimization_overhead": 0.1779496669769287}