{"runtime": 120.47536945343018, "iteration": 88, "time_func_eval": 1.5885393619537354, "incumbent": [96.74679613257788, 0.0003132135065538735, 0.028286175513458953, 278.9658459084187, 0.20500388326662117, 0.8644419028395228, 0.8266633730707613, 12.532395276744811], "incumbents_value": 0.9084456004624072, "optimization_overhead": 0.5312275886535645}