{"incumbents_value": 0.7358225108225108, "time_func_eval": 0.03996157646179199, "optimization_overhead": 0.19634437561035156, "incumbent": [149.56665596992744, 0.0019221264930956673, 0.0016957773707600254, 202.3586147629589, 0.8975603301994499, 0.31107181722105953, 0.2151948007031262, 14.079228846635084], "runtime": 14.904794216156006, "iteration": 48}