{"runtime": 33.59639501571655, "optimization_overhead": 0.2556917667388916, "iteration": 12, "incumbent": [144.1825508418024, 0.008387305333481958, 0.004971121175795149, 167.26485880947047, 0.06318946399937596, 0.5225116491703362, 0.9201552916862848, 5.243312785871359], "incumbents_value": 0.4957307060755337, "time_func_eval": 1.2109367847442627}