{"runtime": 81.09671092033386, "optimization_overhead": 0.401578426361084, "iteration": 36, "incumbent": [19.931521820034202, 0.0090018959554776, 0.029147214106729866, 240.01146738659705, 0.11426413482734364, 0.6093314917072806, 0.9909282512003821, 5.1344738276630775], "incumbents_value": 0.47237484737484736, "time_func_eval": 3.009927749633789}