{"runtime": 3.3542187213897705, "optimization_overhead": 0.0020494461059570312, "incumbent": [80.86087468665237, 0.0017633156608187377, 0.07008934847487899, 67.4451431516134, 0.8853959577115548, 0.227897376272834, 0.36745999054748035, 14.885583613835422], "time_func_eval": 1.6514637470245361, "incumbents_value": 0.7285393258426967, "iteration": 1}