{"runtime": 160.11783862113953, "optimization_overhead": 0.3723623752593994, "incumbent": [103.50016139369045, 0.009994471158115322, 0.002345168920491572, 52.17690291614514, 0.28520564531564635, 0.8567676802344194, 0.7486833842180202, 12.88352059548074], "time_func_eval": 4.583348512649536, "incumbents_value": 0.5837742050097708, "iteration": 70}