{"incumbents_value": 0.20458456065729325, "time_func_eval": 0.24042105674743652, "optimization_overhead": 0.1806657314300537, "incumbent": [103.24542775954674, 0.00025118299800233276, 0.0033999227033653227, 189.6657805539445, 0.8980703006207332, 0.15790784864373048, 0.9269864488046881, 14.976075118767309], "runtime": 59.35542440414429, "iteration": 19}