{"incumbents_value": 0.13754512154512155, "time_func_eval": 5.263280391693115, "optimization_overhead": 0.45485925674438477, "incumbent": [107.26789433850924, 0.0022937551889694974, 0.003151032651483196, 116.83503805065058, 0.09400801049542933, 0.14352051469677532, 0.9745548518539426, 14.951717250269335], "runtime": 287.2310719490051, "iteration": 77}