{"incumbents_value": 0.13754512154512155, "time_func_eval": 0.28743815422058105, "optimization_overhead": 0.35457849502563477, "incumbent": [107.26789433850924, 0.0022937551889694974, 0.003151032651483196, 116.83503805065058, 0.09400801049542933, 0.14352051469677532, 0.9745548518539426, 14.951717250269335], "runtime": 280.47802090644836, "iteration": 74}