{"runtime": 5.4088029861450195, "optimization_overhead": 0.1839768886566162, "incumbent": [122.38574838044546, 0.007423661996696653, 0.03212787904941749, 62.546499846513015, 0.14312057330956784, 0.7914082123523228, 0.7420497020116039, 5.1027540862078595], "time_func_eval": 0.018075942993164062, "incumbents_value": 0.0, "iteration": 26}