{"runtime": 16.412445545196533, "optimization_overhead": 0.16776776313781738, "incumbent": [122.38574838044546, 0.007423661996696653, 0.03212787904941749, 62.546499846513015, 0.14312057330956784, 0.7914082123523228, 0.7420497020116039, 5.1027540862078595], "time_func_eval": 0.04180145263671875, "incumbents_value": 0.0, "iteration": 67}