{"incumbents_value": 0.4049586428896773, "time_func_eval": 4.642124652862549, "optimization_overhead": 0.4499480724334717, "incumbent": [145.0349289646387, 0.004794967223464491, 0.01676377147078938, 243.54692208541195, 0.8271506191846836, 0.8781130839141534, 0.7794636597078157, 5.003709159278051], "runtime": 128.44270610809326, "iteration": 86}