{"incumbents_value": 0.7968604651162791, "time_func_eval": 0.061652421951293945, "optimization_overhead": 0.37459373474121094, "incumbent": [106.57732428441732, 0.005994270082157023, 0.0026361886951121244, 266.896054566742, 0.46943336395118, 0.8753207195331175, 0.9868395345892976, 5.083190045693907], "runtime": 40.49113392829895, "iteration": 93}