{"incumbents_value": 0.7968604651162791, "time_func_eval": 0.06625223159790039, "optimization_overhead": 0.21741557121276855, "incumbent": [106.57732428441732, 0.005994270082157023, 0.0026361886951121244, 266.896054566742, 0.46943336395118, 0.8753207195331175, 0.9868395345892976, 5.083190045693907], "runtime": 21.68103861808777, "iteration": 56}