{"incumbents_value": 0.6477922077922078, "time_func_eval": 0.03146982192993164, "optimization_overhead": 0.22962069511413574, "incumbent": [142.79092547338246, 0.00018582464167735173, 0.025491333287894657, 268.15038730792486, 0.07059382949156592, 0.8905585835245216, 0.9212729631740039, 14.635482895511839], "runtime": 10.337906122207642, "iteration": 41}