{"incumbents_value": 0.6477922077922078, "time_func_eval": 0.010120630264282227, "optimization_overhead": 0.19588637351989746, "incumbent": [142.79092547338246, 0.00018582464167735173, 0.025491333287894657, 268.15038730792486, 0.07059382949156592, 0.8905585835245216, 0.9212729631740039, 14.635482895511839], "runtime": 12.72506594657898, "iteration": 50}