{"incumbents_value": 0.05616605616605608, "time_func_eval": 0.13722801208496094, "optimization_overhead": 0.21710801124572754, "incumbent": [50.622783652207424, 0.01, 0.1, 181.29986858102137, 0.9, 0.9, 0.9741991440512168, 14.853767233547806], "runtime": 10.35609245300293, "iteration": 28}