{"incumbents_value": 0.39916667736140365, "time_func_eval": 1.51765775680542, "optimization_overhead": 0.33447265625, "incumbent": [142.37123932766906, 0.00875770138662121, 0.04990855368909284, 290.9758317759977, 0.4485812691825045, 0.8455062572407774, 0.8927849660541322, 14.367429213156548], "runtime": 120.88040280342102, "iteration": 97}