{"incumbents_value": 0.44877536256846606, "time_func_eval": 0.4857625961303711, "optimization_overhead": 0.18020224571228027, "incumbent": [126.86524689055344, 0.009803891760047, 0.08293521200785237, 187.97738581785833, 0.12092510395980466, 0.8387975300374131, 0.9542840967322856, 6.522391892441821], "runtime": 79.27229857444763, "iteration": 66}