{"incumbents_value": 0.44877536256846606, "time_func_eval": 2.1531951427459717, "optimization_overhead": 0.17174315452575684, "incumbent": [126.86524689055344, 0.009803891760047, 0.08293521200785237, 187.97738581785833, 0.12092510395980466, 0.8387975300374131, 0.9542840967322856, 6.522391892441821], "runtime": 66.53173017501831, "iteration": 56}