{"incumbents_value": 0.4517651888341543, "time_func_eval": 0.13138580322265625, "optimization_overhead": 0.175400972366333, "incumbent": [72.74362801572548, 0.009772590806168201, 0.05336123882923813, 294.30216373228967, 0.5769684607620728, 0.6018724311031094, 0.754557977273397, 14.434527882792644], "runtime": 35.65418243408203, "iteration": 30}