{"incumbent": [3.352698531132576, 0.009854922604500278, 0.009339380482922866, 196.88892076735732, 0.20821951286789545, 0.1632599930319541, 0.10015286011781685, 11.587048861908855], "iteration": 90, "time_func_eval": 0.13706374168395996, "optimization_overhead": 0.27577900886535645, "incumbents_value": 0.8058460271716756, "runtime": 72.45675659179688}