{"incumbent": [3.352698531132576, 0.009854922604500278, 0.009339380482922866, 196.88892076735732, 0.20821951286789545, 0.1632599930319541, 0.10015286011781685, 11.587048861908855], "iteration": 81, "time_func_eval": 0.38402438163757324, "optimization_overhead": 0.20983433723449707, "incumbents_value": 0.8058460271716756, "runtime": 67.52258062362671}