{"incumbents_value": 0.6082362082362083, "time_func_eval": 0.013074636459350586, "optimization_overhead": 0.2955605983734131, "incumbent": [21.124002825887317, 0.00859099853518017, 0.0006832138936240311, 291.51448962525694, 0.34439284520538466, 0.7884496433705697, 0.21271616610421076, 6.2923751433626], "runtime": 27.80705499649048, "iteration": 91}