{"incumbents_value": 0.1178030303030303, "time_func_eval": 0.03035449981689453, "optimization_overhead": 0.2006075382232666, "incumbent": [55.16533557528062, 0.005214325369819339, 0.051295563588897294, 289.016273842863, 0.5578361500809967, 0.48963646103310177, 0.5460052240568322, 11.505117361909372], "runtime": 4.435336589813232, "iteration": 18}