{"incumbents_value": 0.19711538461538458, "time_func_eval": 0.05558633804321289, "optimization_overhead": 0.00010315577189127605, "incumbent": [18.729494712359923, 0.009815166254929132, 0.02318592390421863, 204.70935699732658, 0.6793371135674325, 0.31773743238225893, 0.30549533188082534, 14.084127222438088], "runtime": 0.0887765884399414, "iteration": 1}