{"incumbents_value": 0.07538314176245209, "time_func_eval": 0.13975000381469727, "optimization_overhead": 0.350893497467041, "incumbent": [133.31595133455926, 0.008500142246843903, 0.003978256709885074, 281.31678294458743, 0.12282477683273219, 0.3811488197081421, 0.2196608027528808, 9.200601024165643], "runtime": 13.506895542144775, "iteration": 44}