{"incumbents_value": 0.05593869731800771, "time_func_eval": 0.18439960479736328, "optimization_overhead": 0.1949024200439453, "incumbent": [144.11764357522225, 0.009453349365342544, 0.07942410484336239, 270.80180951798326, 0.05457290917529177, 0.8464072502593186, 0.887864041412386, 12.828627812226031], "runtime": 31.518190383911133, "iteration": 95}