{"incumbent": [126.72763163468399, 0.008657615066860332, 0.013005057914243136, 299.9088097455033, 0.7470259073883502, 0.8844872768091471, 0.7402893726249962, 5.97338712126602], "iteration": 13, "time_func_eval": 0.06172633171081543, "optimization_overhead": 0.18141961097717285, "incumbents_value": 0.09148695734061596, "runtime": 3.048236608505249}