{"incumbent": [103.94541039885519, 0.00982513036084125, 0.009038357111220346, 293.01583675670247, 0.0982885973640627, 0.7954764253055956, 0.9941296441819601, 12.988978566460222], "iteration": 89, "time_func_eval": 0.10265064239501953, "optimization_overhead": 0.20637178421020508, "incumbents_value": 0.07286743449731559, "runtime": 25.596606016159058}