{"incumbent": [133.25236759696125, 0.009450788371282996, 0.01601903951550655, 254.3257514883289, 0.03502876420500853, 0.249371812559972, 0.1889495009220913, 13.459182987072376], "iteration": 14, "time_func_eval": 0.9638962745666504, "optimization_overhead": 0.17673635482788086, "incumbents_value": 0.8200636098595282, "runtime": 18.603309869766235}