{"incumbent": [97.43410000462409, 0.00726454918215584, 0.03261054956426658, 296.5315646004907, 0.21227132987856417, 0.8078053643582067, 0.888299829633263, 14.637586716957895], "iteration": 51, "time_func_eval": 0.4422316551208496, "optimization_overhead": 0.19374394416809082, "incumbents_value": 0.7897957012863845, "runtime": 60.26980900764465}