{"incumbent": [110.77218612069595, 0.007733951617083643, 0.0033014047661791574, 293.24229118416395, 0.31297469881985407, 0.11944624407462812, 0.7702102695104357, 6.223963076467819], "iteration": 25, "time_func_eval": 0.8613467216491699, "optimization_overhead": 0.1620492935180664, "incumbents_value": 0.8156118829697866, "runtime": 28.317016124725342}