{"incumbent": [97.43410000462409, 0.00726454918215584, 0.03261054956426658, 296.5315646004907, 0.21227132987856417, 0.8078053643582067, 0.888299829633263, 14.637586716957895], "iteration": 53, "time_func_eval": 0.0808100700378418, "optimization_overhead": 0.22162342071533203, "incumbents_value": 0.7897957012863845, "runtime": 62.33687901496887}