{"runtime": 272.783269405365, "optimization_overhead": 0.25536561012268066, "incumbent": [23.386104378357935, 7.010620799830502e-05, 0.02384817716404057, 275.9636642061025, 0.8574215143491829, 0.7682236431655958, 0.950126616828258, 14.248142815538783], "time_func_eval": 2.8022494316101074, "incumbents_value": 0.2249358983173122, "iteration": 66}