{"time_func_eval": 0.3529822826385498, "runtime": 165.5342619419098, "incumbents_value": 0.06565035264977426, "iteration": 95, "incumbent": [104.35418712854181, 0.008508989930861618, 0.00761514023491457, 216.3825889051923, 0.8876027116183784, 0.8668090997195277, 0.8388688858793937, 13.779824363959172], "optimization_overhead": 0.28236913681030273}