{"time_func_eval": 0.3253605365753174, "runtime": 65.50680613517761, "incumbents_value": 0.06565035264977426, "iteration": 35, "incumbent": [104.35418712854181, 0.008508989930861618, 0.00761514023491457, 216.3825889051923, 0.8876027116183784, 0.8668090997195277, 0.8388688858793937, 13.779824363959172], "optimization_overhead": 0.22192001342773438}