{"incumbents_value": 0.15368071126780802, "time_func_eval": 0.12371063232421875, "optimization_overhead": 0.33967113494873047, "incumbent": [119.98261912556039, 0.005044614708583157, 0.0006806160103979384, 179.0273249651477, 0.20534848502509087, 0.09430881159726488, 0.23873039275117303, 12.888348714190805], "runtime": 200.59108805656433, "iteration": 61}