{"incumbents_value": 0.001203384949952091, "time_func_eval": 0.22434687614440918, "optimization_overhead": 0.26323604583740234, "incumbent": [34.43111566208257, 0.0007102608776162858, 0.007049411466274615, 295.2783419346979, 0.6355205217365041, 0.18503867225826376, 0.9803224045315267, 14.562764302867935], "runtime": 205.83254194259644, "iteration": 21}