{"incumbents_value": 0.001203384949952091, "time_func_eval": 3.235389471054077, "optimization_overhead": 0.21182990074157715, "incumbent": [34.43111566208257, 0.0007102608776162858, 0.007049411466274615, 295.2783419346979, 0.6355205217365041, 0.18503867225826376, 0.9803224045315267, 14.562764302867935], "runtime": 205.33610200881958, "iteration": 20}