{"incumbents_value": 0.0006018054701429909, "time_func_eval": 13.068004131317139, "optimization_overhead": 0.26293468475341797, "incumbent": [104.47530668503103, 0.0009426564145216752, 0.005756660777370076, 94.35254001197742, 0.651526999130409, 0.8069812840819678, 0.9779695440229031, 14.657429897003036], "runtime": 956.3388252258301, "iteration": 92}