{"optimization_overhead": 0.15096378326416016, "runtime": 32.703815937042236, "incumbent": [133.35692586289872, 0.0007710877603497842, 0.013924021749313753, 234.80319495845143, 0.8527299629557269, 0.4969403856687349, 0.804865796687717, 10.19362461206882], "incumbents_value": 0.06686846187714945, "time_func_eval": 0.831139087677002, "iteration": 21}