{"optimization_overhead": 0.1397390365600586, "runtime": 90.20400977134705, "incumbent": [141.2919234962721, 0.0012901125353696518, 0.0061884976193250394, 257.4790335423335, 0.5171852404543177, 0.19242949818727306, 0.9855126947946593, 14.745125076413965], "incumbents_value": 0.05081587022792888, "time_func_eval": 0.8685719966888428, "iteration": 60}