{"incumbent": [126.92873212738091, 0.01, 0.0001, 157.3988680127418, 0.6982134937278215, 0.3353772040981311, 0.3272891899336944, 13.133040066290569], "iteration": 94, "time_func_eval": 0.0392155647277832, "optimization_overhead": 0.266049861907959, "incumbents_value": 0.04716048972358178, "runtime": 224.56652927398682}