{"incumbent": [149.52542818790332, 0.0036171935699203183, 0.003454437445674857, 202.93980954793753, 0.5737021462036264, 0.13691477055455456, 0.1849797767343572, 13.891452080139631], "iteration": 9, "time_func_eval": 0.1405656337738037, "optimization_overhead": 0.19918370246887207, "incumbents_value": 0.8482569782412898, "runtime": 7.9825146198272705}