{"incumbent": [120.04865208562863, 0.0008518515524401769, 0.0016285040385201415, 73.75132589427132, 0.8979167487684441, 0.8845973921200181, 0.9810506284429209, 9.962133826099091], "iteration": 79, "time_func_eval": 0.0840003490447998, "optimization_overhead": 0.27340054512023926, "incumbents_value": 0.1000787023082651, "runtime": 160.81609320640564}