{"incumbent": [124.21665140731157, 0.0009527157607558136, 0.0013480340068832352, 148.61115964663168, 0.5995283797654879, 0.13837366060661543, 0.9931378810640852, 13.877437183839108], "iteration": 24, "time_func_eval": 1.2604255676269531, "optimization_overhead": 0.17479324340820312, "incumbents_value": 0.10560576177260061, "runtime": 42.37797212600708}