{"incumbent": [126.83631578930557, 0.00993054172589596, 0.0018305044443631638, 157.66578562973024, 0.8050164634809853, 0.48508977965965694, 0.23846693314397344, 13.146709128997813], "iteration": 86, "time_func_eval": 5.153695821762085, "optimization_overhead": 0.24376225471496582, "incumbents_value": 0.07113951488723591, "runtime": 182.61222386360168}