{"incumbents_value": 0.4933986196325717, "time_func_eval": 1.4964382648468018, "optimization_overhead": 0.26089000701904297, "incumbent": [40.315726820691694, 0.0015527096556645031, 0.004901303356341023, 282.4763325096239, 0.25381424557288007, 0.4600702748849703, 0.9694025883107593, 13.654842671701248], "runtime": 99.34530663490295, "iteration": 28}