{"incumbents_value": 0.47067314628876133, "time_func_eval": 0.835057258605957, "optimization_overhead": 0.3333005905151367, "incumbent": [16.98235716648633, 0.008646807116020151, 0.00894785564190881, 283.14034807827943, 0.8495270100446766, 0.830011088175861, 0.8703058053274443, 12.46447611934201], "runtime": 310.16241478919983, "iteration": 65}