{"incumbents_value": 0.28575131975867274, "time_func_eval": 0.07181763648986816, "optimization_overhead": 9.34600830078125e-05, "incumbent": [134.16719040610477, 9.622097814785622e-05, 0.06877135829254236, 285.58147627574226, 0.8615132573378832, 0.5337260705003453, 0.4121733561675033, 9.967670690130383], "runtime": 0.07255005836486816, "iteration": 0}