{"incumbent": [31.76259320587019, 0.0033470531071327233, 0.0004243002426396878, 215.00895255069418, 0.5884304336147212, 0.7729657793077755, 0.10731802405352366, 5.049199888891892], "iteration": 66, "time_func_eval": 0.20420217514038086, "optimization_overhead": 0.26984739303588867, "incumbents_value": 0.7791753436068305, "runtime": 44.5877206325531}