{"incumbent": [686.6526985179252, 219.51564598189952, 117209.99448279696, 38.39878912232837, 0.3976963117277657, 0.5098427810936429, 816.673110518594, 799.912724902865, 31913.567040601363, 920.3157895371078], "time_func_eval": 1.6450881958007812e-05, "iteration": 22, "optimization_overhead": 0.07374334335327148, "runtime": 2.162867307662964, "incumbents_value": -1510273.4927346262}