{"incumbents_value": 0.06618291589380365, "time_func_eval": 4.393083095550537, "optimization_overhead": 0.20262742042541504, "incumbent": [135.98254367113805, 0.008988766110982066, 0.034688839955306014, 221.136738403431, 0.8445334389254611, 0.8517576878256853, 0.9764485677226616, 12.879437982261635], "runtime": 343.03240275382996, "iteration": 96}