{"incumbent": [64.35104274975848, 0.001494255020154991, 0.0162788713824324, 261.1854811592639, 0.8728679700201671, 0.8402871853847449, 0.9878892805022351, 12.229054876672103], "iteration": 42, "time_func_eval": 0.007884979248046875, "optimization_overhead": 0.1904308795928955, "incumbents_value": 0.4555806062262303, "runtime": 10.873295545578003}