{"incumbent": [26.31417569470025, 0.0006687586158578749, 0.005244291604721411, 267.7590362470115, 0.8535004877743889, 0.6691730252850794, 0.19908307324452967, 14.005290860798347], "iteration": 85, "time_func_eval": 0.1092233657836914, "optimization_overhead": 0.19240236282348633, "incumbents_value": 0.4172514619883041, "runtime": 23.4943585395813}