{"incumbent": [26.31417569470025, 0.0006687586158578749, 0.005244291604721411, 267.7590362470115, 0.8535004877743889, 0.6691730252850794, 0.19908307324452967, 14.005290860798347], "iteration": 46, "time_func_eval": 0.1251058578491211, "optimization_overhead": 0.18948006629943848, "incumbents_value": 0.4172514619883041, "runtime": 12.387659788131714}