{"incumbents_value": 0.9747340425531915, "time_func_eval": 1.6210286617279053, "optimization_overhead": 0.24315285682678223, "incumbent": [110.15545227775942, 0.0073921885757418345, 0.013681127184675148, 111.3726501612258, 0.8884125526354337, 0.21687382271726444, 0.9378778981182628, 14.775267637455013], "runtime": 42.805102825164795, "iteration": 23}