{"optimization_overhead": 0.14928102493286133, "runtime": 3.539179801940918, "incumbent": [5.478789790366178, 50.56340197299385, 89.14702039324294, 86.39567018736814, 104.31584573322465, 59.94429058254574, 93.20671605780961, 1.0, 70.12024375984579], "incumbents_value": 24.788347776654486, "time_func_eval": 7.867813110351562e-06, "iteration": 26}