{"incumbents_value": 0.16846517858916088, "time_func_eval": 0.7973859310150146, "optimization_overhead": 0.2054615020751953, "incumbent": [24.288949604546577, 0.0005755160859155224, 0.008636477648667814, 79.42980099281506, 0.441127847782761, 0.18037506825141986, 0.13815970320036727, 6.251887313026292], "runtime": 47.98476791381836, "iteration": 24}