{"incumbents_value": 0.10556600400483762, "time_func_eval": 1.5753800868988037, "optimization_overhead": 0.27055835723876953, "incumbent": [125.58026638828863, 3.278950772517494e-05, 0.001962352577841672, 296.7577136288397, 0.22988977464234908, 0.6878818830234109, 0.35894501080901037, 8.07410467300432], "runtime": 241.74123787879944, "iteration": 82}