{"incumbents_value": 0.7931487525002632, "time_func_eval": 1.4043347835540771, "optimization_overhead": 0.28078174591064453, "incumbent": [26.1409269894926, 0.009412615545943553, 0.030034011719800087, 220.69296288545294, 0.8799075931283264, 0.2386182962623208, 0.21048418466392527, 5.986717580210319], "runtime": 77.74100708961487, "iteration": 85}