{"incumbents_value": 0.7977569453362442, "time_func_eval": 0.08873510360717773, "optimization_overhead": 0.2946023941040039, "incumbent": [149.23257585306325, 0.009834061252416114, 0.0940638452445727, 90.20015730229278, 0.896130993225588, 0.7350233233003521, 0.5972982599030459, 14.73494678278541], "runtime": 34.86979937553406, "iteration": 36}