{"incumbents_value": 0.8048340843916428, "time_func_eval": 0.5290489196777344, "optimization_overhead": 0.1943976879119873, "incumbent": [55.37857203841426, 0.006675608772697674, 0.07249030968211496, 294.5766017911877, 0.36748120922955113, 0.8916957034854849, 0.10060639461067993, 12.353897539225555], "runtime": 16.00060510635376, "iteration": 15}