{"incumbents_value": 0.14385491320273935, "time_func_eval": 2.6144988536834717, "optimization_overhead": 0.3028452396392822, "incumbent": [111.2730761173631, 0.003535501195296784, 0.004411205534220275, 152.9407471857004, 0.8412453737034836, 0.11970207408592454, 0.7054908849860009, 7.3563929588377714], "runtime": 176.82697343826294, "iteration": 63}