{"incumbents_value": 0.20799301498476286, "time_func_eval": 16.003582000732422, "optimization_overhead": 0.00010553995768229167, "incumbent": [52.99198780157483, 0.004218889049248546, 0.0005582178815200117, 251.80857488639165, 0.2893684614083942, 0.8204526745877445, 0.9419995617852672, 12.797265678502024], "runtime": 16.72635793685913, "iteration": 1}