{"incumbent": [18.819298441376645, 0.008025538016126672, 0.037909771734758554, 150.61777221354464, 0.727455609943896, 0.8457957389080246, 0.9066984357129659, 5.190650403681899], "iteration": 81, "time_func_eval": 0.0899817943572998, "optimization_overhead": 0.19146418571472168, "incumbents_value": 0.008024296675191778, "runtime": 81.46941566467285}