{"incumbent": [129.28035841927306, 0.0010447901014379163, 0.0014874601816630237, 292.66957304750355, 0.35791079041844914, 0.5067557680679997, 0.8837049001019865, 5.448409090553267], "iteration": 60, "time_func_eval": 0.486649751663208, "optimization_overhead": 0.18848752975463867, "incumbents_value": 0.017632270430867347, "runtime": 59.3111469745636}