{"incumbent": [146.20490798865063, 0.007416025452860874, 0.03610764924643185, 281.05191926266355, 0.8479952786111228, 0.305239764886152, 0.1451569024962696, 14.95073208743169], "iteration": 67, "time_func_eval": 0.8913538455963135, "optimization_overhead": 0.19322705268859863, "incumbents_value": 0.038943916424916125, "runtime": 79.65529727935791}