{"incumbent": [146.20490798865063, 0.007416025452860874, 0.03610764924643185, 281.05191926266355, 0.8479952786111228, 0.305239764886152, 0.1451569024962696, 14.95073208743169], "iteration": 86, "time_func_eval": 0.48622655868530273, "optimization_overhead": 0.19477367401123047, "incumbents_value": 0.038943916424916125, "runtime": 96.15384221076965}