{"incumbents_value": 0.7504411764705883, "time_func_eval": 1.9081950187683105, "optimization_overhead": 0.21138811111450195, "incumbent": [16.140699548732357, 0.007729057986964191, 0.0030850661411303253, 76.42109820853483, 0.8647943290431944, 0.12235521955874712, 0.3772538860681184, 10.007427380969363], "runtime": 13.545703649520874, "iteration": 41}