{"incumbents_value": 0.2560972234910164, "iteration": 36, "runtime": 24.594793796539307, "incumbent": [51.808722577222774, 0.008725555477960632, 0.07486955053508053, 75.5376577787604, 0.1648640388393407, 0.3787298023658692, 0.9551058181024633, 14.73893068463595], "optimization_overhead": 0.23180794715881348, "time_func_eval": 0.10841655731201172}