{"incumbents_value": 0.7435897435897436, "time_func_eval": 0.04078388214111328, "optimization_overhead": 0.00014678637186686197, "incumbent": [35.50559688528593, 0.007801566523733753, 0.09327689277445789, 209.55772298403014, 0.35200950081647703, 0.8626035658474702, 0.6800970436497198, 8.818602511870285], "runtime": 0.0671694278717041, "iteration": 1}