{"incumbents_value": 0.0, "time_func_eval": 0.03417849540710449, "optimization_overhead": 0.27566957473754883, "incumbent": [8.934601243721223, 0.00024412335299248483, 0.005847084214364367, 86.59735973624944, 0.2857539242732531, 0.6882284775892238, 0.6656325291604374, 10.645224539905067], "runtime": 17.816786289215088, "iteration": 66}