{"optimization_overhead": 0.0010800361633300781, "runtime": 1.3588130474090576, "incumbent": [75.0967258831215, 0.005084025156473648, 0.009658469557990955, 191.72376591981188, 0.4641619781237092, 0.567252652407908, 0.43512835107441344, 11.746268778156342], "incumbents_value": 0.25100722028885214, "time_func_eval": 0.6363620758056641, "iteration": 1}