{"optimization_overhead": 0.26722097396850586, "runtime": 27.14770793914795, "incumbent": [61.96374370001368, 0.0015939871552593506, 0.0071678397512353435, 63.54285723999646, 0.7954174632902173, 0.8682885018548654, 0.9746107307282732, 14.025814418516564], "incumbents_value": 0.10564055901944724, "time_func_eval": 0.3530611991882324, "iteration": 37}