{"optimization_overhead": 0.2485039234161377, "runtime": 17.41190791130066, "incumbent": [132.29540671479612, 0.0056296846993854335, 0.019645662122434192, 166.40861011143818, 0.6812586485275811, 0.8957222379691934, 0.9272408391896392, 13.479719202629688], "incumbents_value": 0.4995189995189996, "time_func_eval": 0.1345992088317871, "iteration": 59}