{"optimization_overhead": 0.24358582496643066, "runtime": 24.57795286178589, "incumbent": [94.87732653503016, 0.006877660154233157, 0.037739337107949106, 252.551354752095, 0.6964079131844764, 0.806056160084566, 0.8133010808050224, 14.365323585796716], "incumbents_value": 0.424724111866969, "time_func_eval": 0.1758558750152588, "iteration": 82}