{"optimization_overhead": 0.2337968349456787, "runtime": 3.7904257774353027, "incumbent": [96.74679613257788, 0.0003132135065538735, 0.028286175513458953, 278.9658459084187, 0.20500388326662117, 0.8644419028395228, 0.8266633730707613, 12.532395276744811], "incumbents_value": 0.530550468050468, "time_func_eval": 0.008035898208618164, "iteration": 14}