{"optimization_overhead": 0.22941327095031738, "runtime": 20.068293809890747, "incumbent": [26.91285064346195, 0.008516513745174368, 0.04010853767727865, 195.04359008201942, 0.22762116717991612, 0.8889925617023754, 0.9987306686648078, 14.851828438615314], "incumbents_value": 0.43390522875816995, "time_func_eval": 0.0765829086303711, "iteration": 67}