{"incumbents_value": 0.6236081835332288, "time_func_eval": 0.08397746086120605, "optimization_overhead": 0.2076585292816162, "incumbent": [4.799105659531139, 0.005696364763970354, 0.0013512265895764288, 188.751958541066, 0.7899098150039521, 0.7939735328688845, 0.9875204697982591, 5.3237275456953705], "runtime": 75.26333498954773, "iteration": 28}