{"incumbents_value": 0.6236081835332288, "time_func_eval": 3.244657278060913, "optimization_overhead": 0.31014060974121094, "incumbent": [4.799105659531139, 0.005696364763970354, 0.0013512265895764288, 188.751958541066, 0.7899098150039521, 0.7939735328688845, 0.9875204697982591, 5.3237275456953705], "runtime": 168.75337433815002, "iteration": 49}