{"runtime": 23.442378282546997, "optimization_overhead": 0.16155743598937988, "incumbent": [101.13311751807882, 0.003938679704170033, 0.0053586194826593875, 78.44413534143148, 0.8226073531634049, 0.8531271774435338, 0.9156047536288767, 5.713042164063623], "time_func_eval": 3.8343632221221924, "incumbents_value": 0.6148354500678402, "iteration": 4}