{"runtime": 89.72860741615295, "optimization_overhead": 0.3426508903503418, "incumbent": [101.13311751807882, 0.003938679704170033, 0.0053586194826593875, 78.44413534143148, 0.8226073531634049, 0.8531271774435338, 0.9156047536288767, 5.713042164063623], "time_func_eval": 0.20518136024475098, "incumbents_value": 0.6148354500678402, "iteration": 30}