{"runtime": 377.04985070228577, "optimization_overhead": 0.20845341682434082, "incumbent": [137.93145452080978, 0.0003002291145042381, 0.00524508649539484, 220.39095321926726, 0.22845214987626253, 0.13064951205774816, 0.6942497905968052, 11.506362138513829], "time_func_eval": 18.048569202423096, "incumbents_value": 0.5872680912541747, "iteration": 95}