{"incumbents_value": 0.445261779166527, "time_func_eval": 3.394693613052368, "optimization_overhead": 0.30275511741638184, "incumbent": [149.20849360164513, 0.00039607715987193903, 0.01007766476800008, 289.7508585345796, 0.12431118534525992, 0.7774332837698481, 0.8963685104109761, 6.892796823369228], "runtime": 730.6230137348175, "iteration": 86}