{"incumbents_value": 0.4512494276838772, "time_func_eval": 20.058199167251587, "optimization_overhead": 0.1999342441558838, "incumbent": [85.47422366226667, 0.009639947467756763, 0.02993030655705974, 228.46432650285365, 0.09338252937748814, 0.773819272447914, 0.9263046324048122, 9.701959519268062], "runtime": 586.1001482009888, "iteration": 73}