{"incumbents_value": 0.5723527610175705, "time_func_eval": 0.49115753173828125, "optimization_overhead": 0.00010911623636881511, "incumbent": [9.712041130523307, 0.004384316053705756, 0.08856225722500134, 230.4910442800377, 0.3415637922689806, 0.1549274628876847, 0.8383631902304924, 7.351554379416576], "runtime": 0.4920058250427246, "iteration": 0}