{"incumbents_value": 0.4607907931096483, "time_func_eval": 5.473869323730469, "optimization_overhead": 0.25237345695495605, "incumbent": [37.47081186698565, 0.009445040410322647, 0.01729219655516259, 273.503496219604, 0.8543943888921401, 0.8506705860124731, 0.8592423717129515, 13.17751501402826], "runtime": 469.96262884140015, "iteration": 56}