{"incumbent": [74.90043883292509, 0.008187117058249947, 0.09952568298813468, 59.723582369041864, 0.012173415412794, 0.8216944042090005, 0.7402005934286917, 5.74064458429719], "iteration": 27, "time_func_eval": 59.60280680656433, "optimization_overhead": 0.16622376441955566, "incumbents_value": 0.9999981170055116, "runtime": 1193.8095452785492}