{"incumbent": [5.233259253042994, 0.006802592515180712, 0.006284647844776272, 297.3048338128745, 0.8189199819959311, 0.12046118688391763, 0.6023707510302619, 14.143714688762131], "iteration": 44, "time_func_eval": 285.39505529403687, "optimization_overhead": 0.19108796119689941, "incumbents_value": 0.9999965719613866, "runtime": 2214.6889550685883}