{"incumbents_value": 0.4804216518005825, "time_func_eval": 0.05759286880493164, "optimization_overhead": 0.27167844772338867, "incumbent": [10.55606126432885, 0.008881475946317191, 0.032992910115476004, 114.97749123717917, 0.03370397139120668, 0.19678194829031767, 0.16653890769065102, 5.295212782755404], "runtime": 6.654922246932983, "iteration": 17}