{"incumbents_value": 0.4676635101226445, "time_func_eval": 0.03354287147521973, "optimization_overhead": 0.2437279224395752, "incumbent": [97.32498607003716, 0.0001498689390440188, 0.03505686760203557, 130.71643317626882, 0.852287463226569, 0.8258747149654152, 0.8843416848106156, 13.957859439922416], "runtime": 21.807615041732788, "iteration": 41}