{"incumbents_value": 0.4676635101226445, "time_func_eval": 0.13590598106384277, "optimization_overhead": 0.29006004333496094, "incumbent": [97.32498607003716, 0.0001498689390440188, 0.03505686760203557, 130.71643317626882, 0.852287463226569, 0.8258747149654152, 0.8843416848106156, 13.957859439922416], "runtime": 42.14284038543701, "iteration": 67}