{"time_func_eval": 10.13862919807434, "runtime": 556.8696835041046, "incumbents_value": 0.03212294070069377, "iteration": 82, "incumbent": [142.34510896563384, 1e-05, 0.006894939408436308, 277.3002326061801, 0.4584713873470329, 0.8897270559861867, 0.7615890451941191, 14.392672412361469], "optimization_overhead": 0.29153966903686523}