{"time_func_eval": 0.7476053237915039, "runtime": 440.98029375076294, "incumbents_value": 0.07722753574770214, "iteration": 66, "incumbent": [142.3685273742214, 0.0007594024904527126, 0.040429669559018666, 277.252907713128, 0.5352972084061812, 0.8512333051218283, 0.9244245702286523, 14.395747090308788], "optimization_overhead": 0.40549159049987793}