{"time_func_eval": 4.304886102676392, "runtime": 85.62437057495117, "incumbents_value": 0.12134661118932288, "iteration": 16, "incumbent": [131.81034793259047, 0.0006641172808252884, 0.015054555217404387, 273.70073711279895, 0.6987205563677948, 0.7662854900149315, 0.9631561886289249, 9.605622595543934], "optimization_overhead": 0.17005538940429688}