{"incumbents_value": 0.7745150247242297, "time_func_eval": 0.13804864883422852, "optimization_overhead": 0.2251279354095459, "incumbent": [149.07682819637287, 0.0008629646890498051, 0.012028166328084386, 95.84709480246774, 0.2788617310305173, 0.21697614138813384, 0.5976700861256897, 14.906752777384325], "runtime": 21.449148893356323, "iteration": 57}