{"time_func_eval": 0.3416404724121094, "runtime": 137.51124548912048, "incumbents_value": 0.12319989914411844, "iteration": 68, "incumbent": [136.45956857496543, 0.0015539740637602994, 0.0019484508522739977, 214.71770532531215, 0.2283684467606259, 0.6115331933987337, 0.6372656966329949, 14.831043943066565], "optimization_overhead": 0.3135991096496582}