{"time_func_eval": 1.3102703094482422, "runtime": 147.8917694091797, "incumbents_value": 0.11949860646599775, "iteration": 75, "incumbent": [48.544158448448144, 0.001592835493160936, 0.004558900939972531, 297.28685015951544, 0.3122395584765362, 0.7211206074957285, 0.986215350923544, 14.355326144059712], "optimization_overhead": 0.2756080627441406}