{"runtime": 184.03209805488586, "optimization_overhead": 0.27418947219848633, "incumbent": [143.9068247709839, 0.007513228841225914, 0.0034179914163880924, 215.81066355693747, 0.015277049909400504, 0.26235934048591714, 0.7165853968371074, 14.6115026211325], "time_func_eval": 0.3198575973510742, "incumbents_value": 0.3416107151781882, "iteration": 53}