{"incumbent": [140.24809333631697, 0.006531593722249254, 0.08547311094082417, 56.93284317266279, 0.019205175104308816, 0.8987767662801283, 0.7651826620622445, 9.150283732111847], "iteration": 94, "time_func_eval": 0.20177793502807617, "optimization_overhead": 0.22310185432434082, "incumbents_value": 0.795379861908958, "runtime": 70.72370529174805}