{"incumbent": [140.24809333631697, 0.006531593722249254, 0.08547311094082417, 56.93284317266279, 0.019205175104308816, 0.8987767662801283, 0.7651826620622445, 9.150283732111847], "iteration": 50, "time_func_eval": 0.07938456535339355, "optimization_overhead": 0.21257972717285156, "incumbents_value": 0.795379861908958, "runtime": 36.42519998550415}