{"incumbent": [6.11447937906128, 0.0005419661147095121, 0.022044512065028738, 121.7672849136782, 0.628658125020929, 0.2467061962527943, 0.09995338326526797, 11.283284318629883], "runtime": 17.045769453048706, "iteration": 47, "time_func_eval": 0.010987281799316406, "incumbents_value": 0.7373333333333334, "optimization_overhead": 0.36217665672302246}