{"incumbents_value": 0.641736457473117, "time_func_eval": 0.30971860885620117, "optimization_overhead": 0.41434788703918457, "incumbent": [30.11987494498493, 1e-05, 0.0001, 277.36387406298405, 0.01, 0.9, 0.999, 12.177477136040013], "runtime": 43.876014947891235, "iteration": 84}