{"incumbents_value": 0.44444444444444453, "time_func_eval": 0.01977372169494629, "optimization_overhead": 0.00011531511942545573, "incumbent": [136.3806031586961, 0.007620571610801353, 0.011489847006957373, 242.5089020493857, 0.8942297028110774, 0.4878244140098943, 0.750623636123322, 5.450873018623399], "runtime": 0.020650386810302734, "iteration": 0}