{"incumbents_value": 0.12444444444444436, "time_func_eval": 0.02487659454345703, "optimization_overhead": 0.24639081954956055, "incumbent": [20.12669126000529, 0.0004978668726488278, 0.005082842108576949, 60.23862733496381, 0.6987329934236923, 0.6311104816696806, 0.8097947283253146, 8.206941517319859], "runtime": 17.719258308410645, "iteration": 67}