{"runtime": 89.24507236480713, "optimization_overhead": 0.27027225494384766, "incumbent": [114.04708696318272, 1e-05, 0.0001, 108.24756817277073, 0.01, 0.9, 0.9924329023109859, 13.157508476541702], "time_func_eval": 0.8642268180847168, "incumbents_value": 0.7737484495151585, "iteration": 40}