{"runtime": 143.7442433834076, "optimization_overhead": 0.18419790267944336, "incumbent": [71.61834170736077, 0.0006177194608683191, 0.003109159734121156, 299.8509839753798, 0.7266239323825302, 0.8360432563504702, 0.9442094981430158, 8.754244931171847], "time_func_eval": 0.9035840034484863, "incumbents_value": 0.7694583734193954, "iteration": 66}