{"incumbents_value": 0.2738733300624784, "time_func_eval": 0.8159525394439697, "optimization_overhead": 0.32557010650634766, "incumbent": [135.63374598640385, 0.004569555350550893, 0.0001, 295.4550519277658, 0.035481889814659384, 0.9, 0.999, 13.727159030969238], "runtime": 623.8524706363678, "iteration": 97}