{"incumbents_value": 0.6582375478927203, "time_func_eval": 0.021376609802246094, "optimization_overhead": 0.17268872261047363, "incumbent": [9.820863633989834, 0.009833000032403364, 0.005351608400327454, 296.0355125416395, 0.38480903794931465, 0.6325175697298264, 0.889767622942447, 5.385508571944459], "runtime": 3.5623106956481934, "iteration": 16}