{"runtime": 6.831469297409058, "optimization_overhead": 0.1719655990600586, "incumbent": [114.01855445324253, 0.009031222181541863, 0.004192914245901553, 108.1756848960097, 0.1412221714972429, 0.8789342123173587, 0.9458095672354377, 13.208114713960219], "time_func_eval": 0.6062042713165283, "incumbents_value": 0.5624481421704143, "iteration": 4}