{"runtime": 48.72708511352539, "optimization_overhead": 0.2013082504272461, "incumbent": [101.58040753208688, 0.008656563152716184, 0.023140055819369117, 286.02363738803547, 0.8831874021042078, 0.8857088915813642, 0.9914466727470801, 8.536609986686038], "time_func_eval": 0.1342942714691162, "incumbents_value": 0.524066277332609, "iteration": 37}