{"runtime": 65.20960903167725, "optimization_overhead": 0.24488234519958496, "incumbent": [101.58040753208688, 0.008656563152716184, 0.023140055819369117, 286.02363738803547, 0.8831874021042078, 0.8857088915813642, 0.9914466727470801, 8.536609986686038], "time_func_eval": 1.2318425178527832, "incumbents_value": 0.524066277332609, "iteration": 46}