{"runtime": 42.44164276123047, "optimization_overhead": 0.2812786102294922, "incumbent": [101.58040753208688, 0.008656563152716184, 0.023140055819369117, 286.02363738803547, 0.8831874021042078, 0.8857088915813642, 0.9914466727470801, 8.536609986686038], "time_func_eval": 0.5980799198150635, "incumbents_value": 0.524066277332609, "iteration": 30}