{"runtime": 102.5398600101471, "optimization_overhead": 0.22719526290893555, "incumbent": [125.6585848836235, 0.006800783742382597, 0.013496138414692445, 151.03381331311414, 0.8852156705110708, 0.8128556117496737, 0.8767248829846146, 14.723933769842274], "time_func_eval": 0.1839308738708496, "incumbents_value": 0.4988866362779406, "iteration": 65}