{"incumbent": [138.42304752510168, 2.2152757208039896e-05, 0.006595001743207457, 290.39566695653764, 0.0830615764095702, 0.7210587414786771, 0.5654989127467661, 5.351600626445022], "iteration": 6, "time_func_eval": 0.6334555149078369, "optimization_overhead": 0.235626220703125, "incumbents_value": 0.7460147113327071, "runtime": 8.41527771949768}