{"incumbent": [14.102108356154028, 0.0006733981611715995, 0.011748949840069018, 293.29513570505344, 0.8872818749786858, 0.33522145632794453, 0.5907210324209056, 14.444922312159763], "iteration": 36, "time_func_eval": 1.3282935619354248, "optimization_overhead": 0.19822072982788086, "incumbents_value": 0.5694643629359002, "runtime": 71.79441547393799}