{"incumbents_value": 0.08813391809915871, "time_func_eval": 1.1583282947540283, "optimization_overhead": 0.22059035301208496, "incumbent": [14.958819736161445, 0.0014812792699436831, 0.00427074573873994, 244.55653631162008, 0.8918176813417956, 0.8828262076050553, 0.8163922789552204, 14.561704808769207], "runtime": 162.27301812171936, "iteration": 66}