{"time_func_eval": 0.10579371452331543, "incumbent": [33.876601158669494, 0.00846875018962707, 0.08053659143558516, 274.61659026043566, 0.8941909561580069, 0.11984480692996849, 0.20708913506529808, 14.982772352374482], "runtime": 12.874070405960083, "optimization_overhead": 0.20422577857971191, "iteration": 26, "incumbents_value": 0.2529169434387093}