{"time_func_eval": 0.13938498497009277, "incumbent": [33.876601158669494, 0.00846875018962707, 0.08053659143558516, 274.61659026043566, 0.8941909561580069, 0.11984480692996849, 0.20708913506529808, 14.982772352374482], "runtime": 22.931509494781494, "optimization_overhead": 0.2385706901550293, "iteration": 43, "incumbents_value": 0.2529169434387093}