{"time_func_eval": 0.16138100624084473, "incumbent": [133.46559803642023, 0.005910926548570261, 0.028964155217173968, 122.22275433210469, 0.5963319819123367, 0.312066332097694, 0.1330719361255397, 11.572060901459128], "runtime": 0.20282554626464844, "optimization_overhead": 0.00012445449829101562, "iteration": 0, "incumbents_value": 0.42633913705342275}