{"runtime": 13.879648685455322, "optimization_overhead": 0.2043914794921875, "incumbent": [125.85497097726761, 0.0009902083129465636, 0.09059458406759793, 97.42376014557902, 0.013159425529717581, 0.8713461735497179, 0.8805531382586822, 14.474176442154178], "time_func_eval": 0.01914072036743164, "incumbents_value": 0.0, "iteration": 56}