{"runtime": 26.22030997276306, "optimization_overhead": 0.3276174068450928, "incumbent": [125.85497097726761, 0.0009902083129465636, 0.09059458406759793, 97.42376014557902, 0.013159425529717581, 0.8713461735497179, 0.8805531382586822, 14.474176442154178], "time_func_eval": 0.021448850631713867, "incumbents_value": 0.0, "iteration": 97}