{"incumbents_value": 0.07892792011015826, "time_func_eval": 104.15283298492432, "optimization_overhead": 0.2020707130432129, "incumbent": [144.8332638479417, 0.004073267317634212, 0.0038738814037177225, 83.19262327437193, 0.8612407439726042, 0.32729474939898356, 0.8742185567657714, 7.857595491464844], "runtime": 1090.550629377365, "iteration": 67}