{"incumbents_value": 0.1540362414632821, "time_func_eval": 24.8166446685791, "optimization_overhead": 0.24398422241210938, "incumbent": [108.6177666072671, 0.01, 0.0001, 183.4956205703117, 0.29833026720130024, 0.1819267491012123, 0.21313840722898642, 13.559887057096851], "runtime": 182.65046763420105, "iteration": 11}