{"incumbents_value": 0.08816361169140519, "time_func_eval": 25.07616639137268, "optimization_overhead": 0.21918559074401855, "incumbent": [140.2311401295577, 0.007159340326349662, 0.0030238000140548754, 104.35856476074599, 0.7056236987032338, 0.1370480547308865, 0.5412098567914795, 13.762323151397094], "runtime": 274.2489423751831, "iteration": 14}