{"incumbents_value": 0.05319348983817085, "time_func_eval": 4.807208061218262, "optimization_overhead": 0.2615470886230469, "incumbent": [6.026505016313389, 0.007761591937191958, 0.00695975196251409, 288.77810723935534, 0.8205755998512689, 0.09786736830817742, 0.7690477035023935, 9.63937378273857], "runtime": 182.8882818222046, "iteration": 46}