{"incumbents_value": 0.6893359486675588, "time_func_eval": 5.810940742492676, "optimization_overhead": 0.29186415672302246, "incumbent": [133.9582608808459, 1e-05, 0.0001, 266.10911756763824, 0.2575072740973306, 0.9, 0.9964672069378068, 7.021165342558421], "runtime": 190.2424373626709, "iteration": 61}