{"incumbents_value": 0.6893359486675588, "time_func_eval": 5.11197829246521, "optimization_overhead": 0.3307971954345703, "incumbent": [133.9582608808459, 1e-05, 0.0001, 266.10911756763824, 0.2575072740973306, 0.9, 0.9964672069378068, 7.021165342558421], "runtime": 172.66214728355408, "iteration": 55}