{"incumbents_value": 0.6893359486675588, "time_func_eval": 2.53507924079895, "optimization_overhead": 0.1549379825592041, "incumbent": [133.9582608808459, 1e-05, 0.0001, 266.10911756763824, 0.2575072740973306, 0.9, 0.9964672069378068, 7.021165342558421], "runtime": 90.88181829452515, "iteration": 31}