{"incumbents_value": 0.6893359486675588, "time_func_eval": 2.2708537578582764, "optimization_overhead": 0.28218555450439453, "incumbent": [133.9582608808459, 1e-05, 0.0001, 266.10911756763824, 0.2575072740973306, 0.9, 0.9964672069378068, 7.021165342558421], "runtime": 97.56947469711304, "iteration": 33}