{"runtime": 345.210369348526, "optimization_overhead": 0.004003683725992839, "iteration": 1, "incumbent": [146.82787151460946, 0.005224118537913549, 0.0014805373468107597, 249.46833297169988, 0.49650392899252915, 0.350742361512401, 0.960304693734919, 6.231758508244526], "incumbents_value": 0.04116243263159214, "time_func_eval": 129.17284560203552}