{"incumbents_value": 0.10984291731204887, "time_func_eval": 0.8752553462982178, "optimization_overhead": 0.17772221565246582, "incumbent": [136.3528007747056, 0.0037955225494682642, 0.08389225364934089, 110.48318977383913, 0.13567825621013885, 0.43703622900796224, 0.569348054613261, 11.737631306881518], "runtime": 1.9989891052246094, "iteration": 3}