{"incumbents_value": 0.45231821454623355, "time_func_eval": 43.84644889831543, "optimization_overhead": 0.3535349369049072, "incumbent": [147.3916060030864, 0.00011092214746849711, 0.037097646776792906, 294.310067634741, 0.7702543344265103, 0.11160062271418394, 0.8814153674432764, 11.522837913117279], "runtime": 713.5562183856964, "iteration": 89}