{"incumbents_value": 0.4725444390882879, "time_func_eval": 6.6012420654296875, "optimization_overhead": 0.3038814067840576, "incumbent": [30.038283967832715, 0.0013440875860774274, 0.03560777555641173, 52.83419567544902, 0.872732850142787, 0.10627268872741683, 0.8686549693229297, 5.37552004465134], "runtime": 338.17410159111023, "iteration": 47}