{"time_func_eval": 0.9243404865264893, "runtime": 100.08357906341553, "incumbent": [147.54172778803658, 0.00166796031080103, 0.0016781156490545137, 90.63638345589479, 0.8974927871112706, 0.8468338929261094, 0.9657312304618766, 14.405941215678252], "iteration": 35, "optimization_overhead": 0.18538713455200195, "incumbents_value": 0.25900547308698274}