{"time_func_eval": 3.3467249870300293, "runtime": 311.1428768634796, "incumbent": [130.81887361399237, 0.005223730586269442, 0.0016248639044179859, 239.54001521162485, 0.8683396497549554, 0.7672894060018889, 0.6790322136380745, 11.185430083947605], "iteration": 87, "optimization_overhead": 0.3455209732055664, "incumbents_value": 0.2439638388829216}