{"time_func_eval": 0.3168632984161377, "runtime": 185.87445664405823, "incumbent": [120.02688488596108, 0.007102053111559369, 0.010884295177673113, 237.41192695681153, 0.8358760406953016, 0.7131315257966265, 0.9654444592984538, 11.57006685294421], "iteration": 51, "optimization_overhead": 0.27230381965637207, "incumbents_value": 0.25400335817367403}