{"time_func_eval": 1.7864408493041992, "runtime": 69.13395953178406, "incumbent": [6.342496447529012, 0.009199798423837476, 0.001770336817190286, 232.12241340018426, 0.8274039959722085, 0.5060029859916387, 0.3736143436491141, 11.547982296871968], "iteration": 20, "optimization_overhead": 0.1904308795928955, "incumbents_value": 0.3038677818969685}