{"incumbents_value": 0.16551035256053626, "time_func_eval": 0.0875999927520752, "optimization_overhead": 0.17303776741027832, "incumbent": [17.73793297963594, 0.002955563108889239, 0.026715195314531072, 101.53097023279508, 0.8663825196307683, 0.10468394467508026, 0.6554357895728289, 9.149879417190494], "runtime": 1.404735803604126, "iteration": 5}