{"incumbents_value": 0.15193550635411113, "time_func_eval": 0.10466337203979492, "optimization_overhead": 0.1634371280670166, "incumbent": [144.47551327506386, 4.010997326134562e-05, 0.014153585260975682, 112.50149325812338, 0.06221334968981538, 0.8052842654919162, 0.21169495957452933, 5.410110319743189], "runtime": 7.563086986541748, "iteration": 25}