{"incumbents_value": 0.14345301757066464, "time_func_eval": 0.07345247268676758, "optimization_overhead": 0.21701598167419434, "incumbent": [137.67485054575062, 0.000636956658065822, 0.006747809055486266, 277.4499500047142, 0.8193921762436964, 0.7064941605754564, 0.487506305344474, 7.72885107680655], "runtime": 16.465102672576904, "iteration": 49}