{"time_func_eval": 0.3261072635650635, "runtime": 2.6568236351013184, "incumbents_value": 0.7225931037867919, "iteration": 5, "incumbent": [14.224034760517627, 0.002898316813661686, 0.008600925766709464, 244.52048618320288, 0.4734712868670952, 0.12391786710391706, 0.5099941391602226, 5.4462497608236315], "optimization_overhead": 0.16241788864135742}