{"time_func_eval": 0.05630040168762207, "runtime": 3.4430899620056152, "incumbents_value": 0.7225931037867919, "iteration": 7, "incumbent": [14.224034760517627, 0.002898316813661686, 0.008600925766709464, 244.52048618320288, 0.4734712868670952, 0.12391786710391706, 0.5099941391602226, 5.4462497608236315], "optimization_overhead": 0.22285890579223633}