{"time_func_eval": 0.18133759498596191, "runtime": 73.14858984947205, "incumbents_value": 0.634797765284429, "iteration": 92, "incumbent": [144.22422171556778, 0.0039011379168803826, 0.005698149845799954, 269.1626862205486, 0.7846043329265822, 0.14603298544862262, 0.9908191704402816, 8.110174512573318], "optimization_overhead": 0.24438858032226562}