{"incumbent": [10.757275510115402, 0.007712755486629763, 0.004591606197352874, 271.01658562307296, 0.6711179326383948, 0.8105227374507247, 0.3720257976487088, 13.679769367359146], "iteration": 55, "time_func_eval": 0.045395851135253906, "optimization_overhead": 0.19074511528015137, "incumbents_value": 0.5317460317460316, "runtime": 12.730397939682007}