{"incumbent": [149.4815080471156, 0.00042090956152296736, 0.008451501307929371, 123.41816885064544, 0.7592729403313296, 0.7628899803225095, 0.9698119199891916, 7.300496431318542], "iteration": 84, "time_func_eval": 0.059777021408081055, "optimization_overhead": 0.19475722312927246, "incumbents_value": 0.45002334267040145, "runtime": 20.595763683319092}