{"runtime": 536.2485113143921, "optimization_overhead": 0.1981489658355713, "incumbent": [148.8390337223849, 0.0004574912298231221, 0.006760864794265283, 284.58744566416897, 0.18217642076273133, 0.15133127867699167, 0.5579346000978521, 14.772085925478548], "time_func_eval": 2.0994937419891357, "incumbents_value": 0.08781631137013446, "iteration": 63}