{"incumbents_value": 0.951063059560502, "iteration": 17, "runtime": 25.27895188331604, "incumbent": [145.15086444736343, 0.005544589166055326, 0.0008916779998082938, 66.21597245217055, 0.5382621769055621, 0.6448003377262017, 0.9982571849532623, 10.845907550503838], "optimization_overhead": 0.22861218452453613, "time_func_eval": 1.5054032802581787}