{"incumbents_value": 0.8588268781637136, "iteration": 93, "runtime": 189.91602301597595, "incumbent": [38.396475680380384, 0.005689816150747518, 0.0038170082781354775, 205.81138772601037, 0.03152481006059277, 0.8868862144638539, 0.9215459633712109, 10.208364347023828], "optimization_overhead": 0.4139063358306885, "time_func_eval": 0.25928592681884766}