{"incumbents_value": 0.8588268781637136, "iteration": 38, "runtime": 63.91809368133545, "incumbent": [38.396475680380384, 0.005689816150747518, 0.0038170082781354775, 205.81138772601037, 0.03152481006059277, 0.8868862144638539, 0.9215459633712109, 10.208364347023828], "optimization_overhead": 0.40178513526916504, "time_func_eval": 0.07664847373962402}