{"incumbents_value": 0.951063059560502, "iteration": 2, "runtime": 8.361248970031738, "incumbent": [145.15086444736343, 0.005544589166055326, 0.0008916779998082938, 66.21597245217055, 0.5382621769055621, 0.6448003377262017, 0.9982571849532623, 10.845907550503838], "optimization_overhead": 0.002924203872680664, "time_func_eval": 4.151796817779541}