{"incumbents_value": 0.1172555043522786, "time_func_eval": 0.032301902770996094, "optimization_overhead": 0.20425677299499512, "incumbent": [6.080792767677714, 0.00860456744254429, 0.08801179731049444, 71.06533785013478, 0.8467511252887453, 0.6993378447854516, 0.9841830223340141, 7.360025350100199], "runtime": 31.763557195663452, "iteration": 97}