{"x_opt": [78.09228223941643, 98.66695086510403, 11.616308964304963, 99.62673204827558, 2.3938353197491047, 98.67739125682162, 52.13472663019464, 102.14904447938974, 101.9336751214971], "f_opt": 0.6921768707482994, "incumbents": [[10.35558788295935, 66.04981991434082, 65.11175628582399, 51.765931270310176, 104.80722346222764, 24.78951200871131, 3.9593067359490046, 50.95377507081534, 49.35490416061745], [86.93535643120015, 89.2305074022597, 27.711862780547083, 77.84683542276971, 65.46581499117018, 73.49265507663267, 93.76084485696934, 28.642870187124043, 85.60535736654553], [86.93535643120015, 89.2305074022597, 27.711862780547083, 77.84683542276971, 65.46581499117018, 73.49265507663267, 93.76084485696934, 28.642870187124043, 85.60535736654553], [86.93535643120015, 89.2305074022597, 27.711862780547083, 77.84683542276971, 65.46581499117018, 73.49265507663267, 93.76084485696934, 28.642870187124043, 85.60535736654553], [86.93535643120015, 89.2305074022597, 27.711862780547083, 77.84683542276971, 65.46581499117018, 73.49265507663267, 93.76084485696934, 28.642870187124043, 85.60535736654553], [86.93535643120015, 89.2305074022597, 27.711862780547083, 77.84683542276971, 65.46581499117018, 73.49265507663267, 93.76084485696934, 28.642870187124043, 85.60535736654553], [86.93535643120015, 89.2305074022597, 27.711862780547083, 77.84683542276971, 65.46581499117018, 73.49265507663267, 93.76084485696934, 28.642870187124043, 85.60535736654553], [86.93535643120015, 89.2305074022597, 27.711862780547083, 77.84683542276971, 65.46581499117018, 73.49265507663267, 93.76084485696934, 28.642870187124043, 85.60535736654553], [86.93535643120015, 89.2305074022597, 27.711862780547083, 77.84683542276971, 65.46581499117018, 73.49265507663267, 93.76084485696934, 28.642870187124043, 85.60535736654553], [86.93535643120015, 89.2305074022597, 27.711862780547083, 77.84683542276971, 65.46581499117018, 73.49265507663267, 93.76084485696934, 28.642870187124043, 85.60535736654553], [86.93535643120015, 89.2305074022597, 27.711862780547083, 77.84683542276971, 65.46581499117018, 73.49265507663267, 93.76084485696934, 28.642870187124043, 85.60535736654553], [86.93535643120015, 89.2305074022597, 27.711862780547083, 77.84683542276971, 65.46581499117018, 73.49265507663267, 93.76084485696934, 28.642870187124043, 85.60535736654553], [86.93535643120015, 89.2305074022597, 27.711862780547083, 77.84683542276971, 65.46581499117018, 73.49265507663267, 93.76084485696934, 28.642870187124043, 85.60535736654553], [3.5701689634567746, 22.04496230687341, 3.8811577518742295, 76.04583809837408, 17.783484204655483, 8.227401699357156, 41.61093708712208, 100.14376755711756, 101.89825022774939], [3.5701689634567746, 22.04496230687341, 3.8811577518742295, 76.04583809837408, 17.783484204655483, 8.227401699357156, 41.61093708712208, 100.14376755711756, 101.89825022774939], [3.5701689634567746, 22.04496230687341, 3.8811577518742295, 76.04583809837408, 17.783484204655483, 8.227401699357156, 41.61093708712208, 100.14376755711756, 101.89825022774939], [3.5701689634567746, 22.04496230687341, 3.8811577518742295, 76.04583809837408, 17.783484204655483, 8.227401699357156, 41.61093708712208, 100.14376755711756, 101.89825022774939], [3.5701689634567746, 22.04496230687341, 3.8811577518742295, 76.04583809837408, 17.783484204655483, 8.227401699357156, 41.61093708712208, 100.14376755711756, 101.89825022774939], [3.5701689634567746, 22.04496230687341, 3.8811577518742295, 76.04583809837408, 17.783484204655483, 8.227401699357156, 41.61093708712208, 100.14376755711756, 101.89825022774939], [78.09228223941643, 98.66695086510403, 11.616308964304963, 99.62673204827558, 2.3938353197491047, 98.67739125682162, 52.13472663019464, 102.14904447938974, 101.9336751214971], [78.09228223941643, 98.66695086510403, 11.616308964304963, 99.62673204827558, 2.3938353197491047, 98.67739125682162, 52.13472663019464, 102.14904447938974, 101.9336751214971], [78.09228223941643, 98.66695086510403, 11.616308964304963, 99.62673204827558, 2.3938353197491047, 98.67739125682162, 52.13472663019464, 102.14904447938974, 101.9336751214971], [78.09228223941643, 98.66695086510403, 11.616308964304963, 99.62673204827558, 2.3938353197491047, 98.67739125682162, 52.13472663019464, 102.14904447938974, 101.9336751214971], [78.09228223941643, 98.66695086510403, 11.616308964304963, 99.62673204827558, 2.3938353197491047, 98.67739125682162, 52.13472663019464, 102.14904447938974, 101.9336751214971], [78.09228223941643, 98.66695086510403, 11.616308964304963, 99.62673204827558, 2.3938353197491047, 98.67739125682162, 52.13472663019464, 102.14904447938974, 101.9336751214971], [78.09228223941643, 98.66695086510403, 11.616308964304963, 99.62673204827558, 2.3938353197491047, 98.67739125682162, 52.13472663019464, 102.14904447938974, 101.9336751214971], [78.09228223941643, 98.66695086510403, 11.616308964304963, 99.62673204827558, 2.3938353197491047, 98.67739125682162, 52.13472663019464, 102.14904447938974, 101.9336751214971], [78.09228223941643, 98.66695086510403, 11.616308964304963, 99.62673204827558, 2.3938353197491047, 98.67739125682162, 52.13472663019464, 102.14904447938974, 101.9336751214971], [78.09228223941643, 98.66695086510403, 11.616308964304963, 99.62673204827558, 2.3938353197491047, 98.67739125682162, 52.13472663019464, 102.14904447938974, 101.9336751214971], [78.09228223941643, 98.66695086510403, 11.616308964304963, 99.62673204827558, 2.3938353197491047, 98.67739125682162, 52.13472663019464, 102.14904447938974, 101.9336751214971]], "incumbent_values": [0.8351540616246499, 0.7287037037037036, 0.7287037037037036, 0.7287037037037036, 0.7287037037037036, 0.7287037037037036, 0.7287037037037036, 0.7287037037037036, 0.7287037037037036, 0.7287037037037036, 0.7287037037037036, 0.7287037037037036, 0.7287037037037036, 0.7194749694749695, 0.7194749694749695, 0.7194749694749695, 0.7194749694749695, 0.7194749694749695, 0.7194749694749695, 0.6921768707482994, 0.6921768707482994, 0.6921768707482994, 0.6921768707482994, 0.6921768707482994, 0.6921768707482994, 0.6921768707482994, 0.6921768707482994, 0.6921768707482994, 0.6921768707482994, 0.6921768707482994], "runtime": [0.02451610565185547, 0.036195993423461914, 0.04573202133178711, 0.24344897270202637, 0.40210986137390137, 0.5785799026489258, 0.7404830455780029, 0.9138398170471191, 1.0932538509368896, 1.2687571048736572, 1.427150011062622, 1.5879409313201904, 1.7577059268951416, 1.9156208038330078, 2.0774788856506348, 2.2517881393432617, 2.4117271900177, 2.573230028152466, 2.751443862915039, 2.915832996368408, 3.0811500549316406, 3.2549569606781006, 3.419163942337036, 3.5918359756469727, 3.762593984603882, 3.929603099822998, 4.096740007400513, 4.2761390209198, 4.437928915023804, 4.6042938232421875], "overhead": [0.0011069774627685547, 0.0011069774627685547, 0.0011069774627685547, 0.18677973747253418, 0.14760303497314453, 0.1665501594543457, 0.14778494834899902, 0.16132402420043945, 0.15766406059265137, 0.16433501243591309, 0.14862489700317383, 0.15047502517700195, 0.15977215766906738, 0.14770793914794922, 0.1514279842376709, 0.16327571868896484, 0.15002179145812988, 0.1505599021911621, 0.16733598709106445, 0.15408086776733398, 0.15500593185424805, 0.16269397735595703, 0.1538689136505127, 0.16273880004882812, 0.1601121425628662, 0.15627002716064453, 0.1568918228149414, 0.16917777061462402, 0.15030622482299805, 0.15515398979187012],