{"optimization_overhead": 0.18291711807250977, "runtime": 0.5141468048095703, "incumbent": [89.563028926368, 25.87601951196555, 15.994348905887405, 6.384487746674776, 64.25954313925627, 45.77823459973137, 6.775074179577466, 39.225474231178616, 97.08182221588116], "incumbents_value": -32324.962410625394, "time_func_eval": 0.00017499923706054688, "iteration": 5}