{"optimization_overhead": 0.14648199081420898, "runtime": 0.3667929172515869, "incumbent": [79.2294157380561, 9.015467647795923, 53.57498233234797, 94.82159077307074, 47.95113954356421, 24.552632575097242, 78.50683655907127, 95.26167357952966, 38.277416279605085], "incumbents_value": 0.7362115223957328, "time_func_eval": 0.008951902389526367, "iteration": 4}