{"optimization_overhead": 0.15500593185424805, "runtime": 3.0811500549316406, "incumbent": [78.09228223941643, 98.66695086510403, 11.616308964304963, 99.62673204827558, 2.3938353197491047, 98.67739125682162, 52.13472663019464, 102.14904447938974, 101.9336751214971], "incumbents_value": 0.6921768707482994, "time_func_eval": 0.009140968322753906, "iteration": 20}