{"optimization_overhead": 0.16074585914611816, "runtime": 5.154029846191406, "incumbent": [89.563028926368, 25.87601951196555, 15.994348905887405, 6.384487746674776, 64.25954313925627, 45.77823459973137, 6.775074179577466, 39.225474231178616, 97.08182221588116], "incumbents_value": -32324.962410625394, "time_func_eval": 0.00017571449279785156, "iteration": 30}