{"incumbents_value": 0.15347854057531485, "time_func_eval": 0.011633872985839844, "optimization_overhead": 0.15810871124267578, "incumbent": [101.28439208332715, 0.0015243868535252626, 0.026986649858670064, 219.16239638286228, 0.6022473689460979, 0.8967120611041743, 0.11253611736691096, 9.549922058415737], "runtime": 0.924260139465332, "iteration": 6}