{"incumbents_value": 0.5558670713689051, "time_func_eval": 4.201157569885254, "optimization_overhead": 0.27531957626342773, "incumbent": [8.075344181333502, 0.009369090545704577, 0.00827460533054144, 267.44065902703164, 0.6098787473631075, 0.7312529511151243, 0.8734906741517265, 9.21864739317514], "runtime": 27.176514863967896, "iteration": 16}