{"incumbents_value": 0.5434330970980852, "time_func_eval": 1.0592505931854248, "optimization_overhead": 0.2977156639099121, "incumbent": [105.48068394870856, 0.008807026891604055, 0.0021022317316015653, 252.01638001704532, 0.49177658423647436, 0.7024685633379198, 0.945231657958422, 14.937375058176498], "runtime": 269.87764859199524, "iteration": 83}