{"incumbents_value": 0.5777486510561192, "time_func_eval": 0.18985390663146973, "optimization_overhead": 0.20942330360412598, "incumbent": [17.015841569715295, 0.01, 0.0001, 240.35380905300684, 0.19787458090191334, 0.09, 0.0999, 5.534641885196273], "runtime": 129.3694131374359, "iteration": 43}