{"incumbents_value": 0.5868316574202497, "iteration": 76, "runtime": 361.27172589302063, "incumbent": [145.96677490665277, 0.0011789682413152168, 0.0006890740153601261, 267.69686146273506, 0.0594670125788847, 0.21629292198110994, 0.5644864692921329, 13.754079885663344], "optimization_overhead": 0.22622895240783691, "time_func_eval": 7.618070602416992}