{"incumbents_value": 0.6017429033763712, "iteration": 39, "runtime": 174.3874866962433, "incumbent": [141.66773492231937, 0.01, 0.0001, 119.8875963187277, 0.01, 0.09, 0.3343193683423303, 6.3497131525899455], "optimization_overhead": 0.22893095016479492, "time_func_eval": 0.6274280548095703}