{"incumbents_value": 0.6017429033763712, "iteration": 66, "runtime": 218.13422203063965, "incumbent": [141.66773492231937, 0.01, 0.0001, 119.8875963187277, 0.01, 0.09, 0.3343193683423303, 6.3497131525899455], "optimization_overhead": 0.2249312400817871, "time_func_eval": 0.7730674743652344}