{"incumbents_value": 0.0669642857142857, "time_func_eval": 0.04093122482299805, "optimization_overhead": 0.3439033031463623, "incumbent": [113.80959482455239, 0.0020343913131685917, 0.004711478371173359, 112.3218984106856, 0.8929321201869292, 0.7826872510694234, 0.9712917335846188, 6.058865236477006], "runtime": 45.75723123550415, "iteration": 89}