{"incumbents_value": 0.11868686868686873, "time_func_eval": 0.5325906276702881, "optimization_overhead": 0.27167224884033203, "incumbent": [139.2008980216821, 0.008172969308609437, 0.09564832058152394, 101.01820395570073, 0.255940306729689, 0.10030934082535077, 0.9977629157766327, 14.877143810076902], "runtime": 18.40309166908264, "iteration": 37}