{"incumbents_value": 0.6629123749813405, "time_func_eval": 0.029047489166259766, "optimization_overhead": 0.3800513744354248, "incumbent": [114.25884885078949, 0.0009512364269854598, 0.00034069828627999327, 249.50393863324976, 0.06280709334849259, 0.6373476644890828, 0.10518196149605342, 6.883203913829333], "runtime": 22.85077667236328, "iteration": 63}