{"incumbents_value": 0.8437791258948755, "time_func_eval": 2.0214481353759766, "optimization_overhead": 0.19813132286071777, "incumbent": [11.975975486498902, 0.00035732525342014085, 0.018017916136281665, 254.50005211269638, 0.8832721320663797, 0.8560205317393907, 0.9579083824356349, 11.626504912194505], "runtime": 50.74269080162048, "iteration": 59}