{"incumbents_value": 0.9947252747252747, "time_func_eval": 0.25708937644958496, "optimization_overhead": 0.2299814224243164, "incumbent": [88.18961227485892, 5.224650357816897e-05, 0.0021152217216746905, 92.15808384630651, 0.5706348879475881, 0.1123670471722257, 0.47359474872267476, 5.039724119771928], "runtime": 4.506663084030151, "iteration": 6}