{"incumbents_value": 0.9462524535097837, "time_func_eval": 1.229654312133789, "optimization_overhead": 0.2136242389678955, "incumbent": [10.049734529937446, 0.007927888389095068, 0.02081557938635985, 258.512466197427, 0.04441184825595059, 0.8968426453787722, 0.9906690289711656, 13.421793867128173], "runtime": 26.578914880752563, "iteration": 30}