{"incumbents_value": 0.19445210620133224, "time_func_eval": 0.10202574729919434, "optimization_overhead": 0.00022037823994954428, "incumbent": [51.39966106851926, 0.0064284154507205605, 0.07974053534362414, 196.58412574246483, 0.3764215645724558, 0.542894999934646, 0.38890409465779313, 12.655727795273826], "runtime": 0.10500097274780273, "iteration": 0}