{"incumbent": [570.9715056719126, 219.7762689674881, 40164.772118610825, 63.108152295055916, 0.6114690743323673, 0.2660434862297665, 569.4060760115566, 8420.405545657764, 24771.849424054177, 1802.929824364655], "time_func_eval": 1.3113021850585938e-05, "iteration": 3, "optimization_overhead": 0.22106599807739258, "runtime": 0.2731456756591797, "incumbents_value": -887100.506904945}