{"incumbents_value": 0.012482436659461249, "time_func_eval": 2.2938268184661865, "optimization_overhead": 0.22933125495910645, "incumbent": [134.42046998910385, 0.0014362919702212921, 0.002026826456585276, 277.73719123624596, 0.5648086875833603, 0.7616425540592762, 0.9294965737475438, 11.209110083493576], "runtime": 2385.2405500411987, "iteration": 56}