{"incumbents_value": 0.03128254379644779, "time_func_eval": 22.50822901725769, "optimization_overhead": 0.21366405487060547, "incumbent": [125.56422719936775, 1e-05, 0.0001, 289.45667260517143, 0.01, 0.5147194936189198, 0.6837554714968592, 5.127460114219907], "runtime": 509.1756896972656, "iteration": 16}