{"optimization_overhead": 0.19895005226135254, "runtime": 32.28556418418884, "incumbent": [110.03964740038447, 0.006481649058959374, 0.008756344435107222, 154.58797676296172, 0.8589463381488529, 0.8183761565759919, 0.9574449648536332, 6.890570210163442], "incumbents_value": 0.1146303659276231, "time_func_eval": 0.2167832851409912, "iteration": 94}