{"time_func_eval": 2.315028429031372, "runtime": 44.31204652786255, "incumbents_value": 0.13825036889837394, "iteration": 8, "incumbent": [20.622620725158257, 0.0009645993155817046, 0.00029030812009177797, 105.78318920023315, 0.01993684019907782, 0.45298778838438736, 0.9395332269904152, 12.066541350027881], "optimization_overhead": 0.2281510829925537}