{"time_func_eval": 0.2015526294708252, "runtime": 78.92947697639465, "incumbents_value": 0.1351692481113188, "iteration": 23, "incumbent": [31.230808057886378, 0.002632171311937434, 0.00040519909337498794, 62.7503996159008, 0.754563210477454, 0.823392874893097, 0.8917687562823354, 11.543546680654341], "optimization_overhead": 0.16540789604187012}