{"time_func_eval": 0.038146257400512695, "runtime": 60.16313982009888, "incumbents_value": 0.9403019568151147, "iteration": 87, "incumbent": [127.7577653032316, 0.01, 0.0001, 89.10161236903, 0.9, 0.9, 0.9494892591596068, 14.68935222838564], "optimization_overhead": 0.20348191261291504}