{"time_func_eval": 0.22055697441101074, "runtime": 66.45051717758179, "incumbents_value": 0.9403019568151147, "iteration": 98, "incumbent": [127.7577653032316, 0.01, 0.0001, 89.10161236903, 0.9, 0.9, 0.9494892591596068, 14.68935222838564], "optimization_overhead": 0.20902252197265625}