{"time_func_eval": 0.9291820526123047, "runtime": 9.959207534790039, "incumbents_value": 0.9877558479532164, "iteration": 21, "incumbent": [131.50507182823202, 0.0006875929058740864, 0.0011074047094954279, 284.66510763426345, 0.7286562266974634, 0.15945000248598595, 0.8076047226320405, 7.500630307835222], "optimization_overhead": 0.21687793731689453}