{"time_func_eval": 0.048717498779296875, "runtime": 64.86033535003662, "incumbents_value": 0.9403019568151147, "iteration": 95, "incumbent": [127.7577653032316, 0.01, 0.0001, 89.10161236903, 0.9, 0.9, 0.9494892591596068, 14.68935222838564], "optimization_overhead": 0.24060606956481934}