{"time_func_eval": 0.23403453826904297, "runtime": 61.911325454711914, "incumbents_value": 0.9403019568151147, "iteration": 90, "incumbent": [127.7577653032316, 0.01, 0.0001, 89.10161236903, 0.9, 0.9, 0.9494892591596068, 14.68935222838564], "optimization_overhead": 0.22687315940856934}