{"time_func_eval": 0.39099574089050293, "runtime": 49.992846965789795, "incumbents_value": 0.9653144016227181, "iteration": 74, "incumbent": [127.76721062689373, 0.0027995724119968235, 0.01447685793086311, 89.18985591645193, 0.8756023106603479, 0.8288823385045356, 0.9365461108060644, 14.68993018916523], "optimization_overhead": 0.21727228164672852}