{"time_func_eval": 0.41807079315185547, "runtime": 10.614052534103394, "incumbents_value": 0.9877558479532164, "iteration": 22, "incumbent": [131.50507182823202, 0.0006875929058740864, 0.0011074047094954279, 284.66510763426345, 0.7286562266974634, 0.15945000248598595, 0.8076047226320405, 7.500630307835222], "optimization_overhead": 0.18238592147827148}