{"time_func_eval": 0.1403803825378418, "runtime": 24.119688272476196, "incumbents_value": 0.9786747791682002, "iteration": 36, "incumbent": [131.5653422217739, 0.01, 0.0001, 284.57228509075696, 0.8821002802032475, 0.09, 0.7886385943201532, 7.393745467082927], "optimization_overhead": 0.20062541961669922}