{"incumbents_value": 0.77310845673154, "iteration": 88, "runtime": 330.52414107322693, "incumbent": [59.544682270872016, 0.00022856874317845553, 0.004197526921790789, 265.19574474946273, 0.2880363843282414, 0.8864940603305275, 0.9390217638680827, 14.017743151515683], "optimization_overhead": 0.3573017120361328, "time_func_eval": 4.945094585418701}