{"incumbents_value": 0.07304898631536327, "time_func_eval": 0.168731689453125, "optimization_overhead": 0.19066524505615234, "incumbent": [63.4986699468407, 0.01, 0.0001, 294.8822712009651, 0.9, 0.9, 0.999, 10.148312352645535], "runtime": 155.98120832443237, "iteration": 29}