{"incumbents_value": 0.07304898631536327, "time_func_eval": 3.5355336666107178, "optimization_overhead": 0.2171916961669922, "incumbent": [63.4986699468407, 0.01, 0.0001, 294.8822712009651, 0.9, 0.9, 0.999, 10.148312352645535], "runtime": 207.04439330101013, "iteration": 49}