{"optimization_overhead": 0.14495015144348145, "runtime": 47.03702521324158, "incumbent": [142.01917820102244, 0.0011715656286445165, 0.004475172345118562, 255.22177302853333, 0.18705614434738996, 0.7133909323883981, 0.8081544656272485, 14.872174378966786], "incumbents_value": 0.07663976366788239, "time_func_eval": 2.057774782180786, "iteration": 40}