{"optimization_overhead": 0.286297082901001, "runtime": 12.293949842453003, "incumbent": [135.28991720386895, 0.008983089447342505, 0.002524349406738609, 295.7828442941737, 0.10268656016505735, 0.801374476479148, 0.6906504719313816, 14.86478131562218], "incumbents_value": 0.0, "time_func_eval": 0.08143877983093262, "iteration": 31}