{"optimization_overhead": 0.31327104568481445, "runtime": 2.7941009998321533, "incumbent": [135.28991720386895, 0.008983089447342505, 0.002524349406738609, 295.7828442941737, 0.10268656016505735, 0.801374476479148, 0.6906504719313816, 14.86478131562218], "incumbents_value": 0.0, "time_func_eval": 0.035993099212646484, "iteration": 8}