{"optimization_overhead": 0.43608999252319336, "runtime": 25.55672788619995, "incumbent": [135.28991720386895, 0.008983089447342505, 0.002524349406738609, 295.7828442941737, 0.10268656016505735, 0.801374476479148, 0.6906504719313816, 14.86478131562218], "incumbents_value": 0.0, "time_func_eval": 0.015217781066894531, "iteration": 66}