{"optimization_overhead": 0.25260090827941895, "runtime": 15.685147047042847, "incumbent": [149.91597042939011, 0.004460183333948821, 0.0010543294770924815, 127.98484991673298, 0.8757341357247752, 0.18670363034345772, 0.17279808006376507, 14.449178875181275], "incumbents_value": 0.4589129909168329, "time_func_eval": 0.8106608390808105, "iteration": 32}