{"optimization_overhead": 0.2989223003387451, "runtime": 42.508201122283936, "incumbent": [135.6385609788042, 0.00868679659077613, 0.01853233711964018, 291.8177776085472, 0.04740555451112099, 0.8905519156430071, 0.9566419813352472, 14.29824438194509], "incumbents_value": 0.44466310207535986, "time_func_eval": 0.15963101387023926, "iteration": 89}