{"optimization_overhead": 0.22359013557434082, "runtime": 28.39514398574829, "incumbent": [112.17413168879403, 0.0007003814438141761, 0.0034217178135498177, 127.89267031912759, 0.43128282359248427, 0.8294197623912103, 0.9850903268850603, 14.118209779839134], "incumbents_value": 0.4477568256756538, "time_func_eval": 0.2643852233886719, "iteration": 61}