{"incumbents_value": 0.21634168358604078, "time_func_eval": 20.910513877868652, "optimization_overhead": 0.18224740028381348, "incumbent": [56.93573278752345, 0.008696529755801336, 0.006005393059287864, 228.5334297862184, 0.023253121109262864, 0.7643555099666306, 0.9540534326552073, 13.844526906189477], "runtime": 331.044401884079, "iteration": 27}