{"incumbents_value": 0.2841808151742826, "time_func_eval": 6.57096004486084, "optimization_overhead": 0.19571995735168457, "incumbent": [114.30771011353798, 0.009361736980116286, 0.009370311400983497, 286.45757140323406, 0.6382959918940514, 0.23041511517842195, 0.9781181008271687, 14.369158605232764], "runtime": 52.10618352890015, "iteration": 4}