{"incumbents_value": 0.11456982780852143, "time_func_eval": 22.449692249298096, "optimization_overhead": 0.2664973735809326, "incumbent": [116.91017400278469, 0.008931153462377923, 0.023964959449650856, 285.98519081146986, 0.013306091186364746, 0.8987632497870537, 0.9191296251823036, 5.840607154448155], "runtime": 815.0081293582916, "iteration": 70}