{"incumbents_value": 0.24554505319460795, "time_func_eval": 1.0214622020721436, "optimization_overhead": 0.20415592193603516, "incumbent": [137.32842342253875, 0.005445511376203183, 0.04984059551622573, 283.11576631014395, 0.8936897434948806, 0.8705296643384091, 0.9769713647498388, 11.783846459409382], "runtime": 211.15830159187317, "iteration": 17}