{"incumbents_value": 0.13918831445047364, "time_func_eval": 0.09051632881164551, "optimization_overhead": 0.21353697776794434, "incumbent": [115.30812255846962, 0.00013963318605433474, 0.005492028611860647, 283.2802100645856, 0.1546620029846679, 0.16580752871258084, 0.13624006219239998, 5.53198289427388], "runtime": 32.273192405700684, "iteration": 89}