{"incumbents_value": 0.13468013468013462, "time_func_eval": 0.09307599067687988, "optimization_overhead": 0.26505398750305176, "incumbent": [136.70882785469544, 0.007746987754036406, 0.00732448918744791, 139.54569666555085, 0.04053835736521783, 0.729248444521758, 0.24298848132849515, 14.65083422957565], "runtime": 34.90453028678894, "iteration": 95}