{"incumbents_value": 0.8103492884864165, "time_func_eval": 0.13999676704406738, "optimization_overhead": 0.22612237930297852, "incumbent": [143.84598647631225, 0.002971628277711919, 0.03316198993386975, 196.62520622116455, 0.03872007616134075, 0.8108352146891569, 0.21044551848698578, 8.25750329980027], "runtime": 6.975937366485596, "iteration": 18}