{"incumbents_value": 0.7111111111111111, "time_func_eval": 0.04555106163024902, "optimization_overhead": 0.2993028163909912, "incumbent": [125.72641581852992, 0.0067792062928814555, 0.03252479078562637, 141.61287605732429, 0.4729300997333159, 0.8966025044398679, 0.985354391146529, 5.394926678064483], "runtime": 15.644534587860107, "iteration": 57}