{"incumbents_value": 0.7202380952380952, "time_func_eval": 0.01196146011352539, "optimization_overhead": 0.21173405647277832, "incumbent": [10.84733561972257, 0.009737800973427226, 0.004622224719228588, 80.5056831377959, 0.870508799047947, 0.15474290971199095, 0.1323809126331294, 14.32951088743142], "runtime": 3.550523519515991, "iteration": 15}