{"incumbents_value": 0.06799857303203538, "time_func_eval": 2.0772783756256104, "optimization_overhead": 0.42912864685058594, "incumbent": [149.04661751368863, 0.0009006013634660301, 0.006690555227709654, 50.57973362416891, 0.4463708369880004, 0.103725755170347, 0.6829862842445203, 9.07328954964565], "runtime": 218.847895860672, "iteration": 74}