{"runtime": 102.67838525772095, "optimization_overhead": 0.23643946647644043, "incumbent": [111.68297530946859, 0.00015954390603623028, 0.013156064864694424, 76.14601393058032, 0.8055310412684872, 0.16653045311989184, 0.6091535344757399, 5.913710291099657], "time_func_eval": 5.703211784362793, "incumbents_value": 0.10039734045379978, "iteration": 13}