{"runtime": 8.98072624206543, "optimization_overhead": 0.005924383799235026, "incumbent": [131.7153918556648, 0.009353436171976415, 0.01754727764526529, 280.4105498041499, 0.8529349147519801, 0.26663506642574175, 0.37306949550021296, 13.659624539714555], "time_func_eval": 1.1464190483093262, "incumbents_value": 0.13232842149138568, "iteration": 1}