{"incumbents_value": 0.09694018369446877, "time_func_eval": 2.4777379035949707, "optimization_overhead": 0.2613344192504883, "incumbent": [132.7533614753416, 0.001030468722694963, 0.003310947474507021, 293.8617970489603, 0.3293262963336726, 0.6367070852734267, 0.8378057533779015, 5.041794203486436], "runtime": 1085.4262447357178, "iteration": 65}