{"incumbent": [133.38126882506407, 0.005776429608969009, 0.09782807812380505, 111.22429679706606, 0.15880964065010794, 0.6322639546220163, 0.844010943158008, 14.894642551099754], "iteration": 10, "time_func_eval": 0.0776376724243164, "optimization_overhead": 0.17351150512695312, "incumbents_value": 0.36978761978761987, "runtime": 2.3655166625976562}