{"incumbent": [132.89451058244907, 0.0087249272730298, 0.09530041617942844, 52.919668731547254, 0.8476738181908785, 0.14869381971840961, 0.21589206048078574, 12.88732843989429], "iteration": 50, "time_func_eval": 0.022454023361206055, "optimization_overhead": 0.19819021224975586, "incumbents_value": 0.35767614028483596, "runtime": 13.862936019897461}