{"incumbent": [133.38126882506407, 0.005776429608969009, 0.09782807812380505, 111.22429679706606, 0.15880964065010794, 0.6322639546220163, 0.844010943158008, 14.894642551099754], "iteration": 25, "time_func_eval": 0.07780647277832031, "optimization_overhead": 0.16846537590026855, "incumbents_value": 0.36978761978761987, "runtime": 6.351259231567383}