{"incumbents_value": 0.16242163989273184, "time_func_eval": 3.2873079776763916, "optimization_overhead": 0.2276477813720703, "incumbent": [135.53666570507517, 0.009543832269442495, 0.015979063518149084, 299.9737525583682, 0.12742648573641227, 0.868250820577141, 0.5765567866300988, 11.67746553578063], "runtime": 10.80558967590332, "iteration": 17}