{"incumbents_value": 0.07721967256520013, "time_func_eval": 0.23463082313537598, "optimization_overhead": 0.2125720977783203, "incumbent": [41.8466933856531, 0.00593691303392865, 0.016726120480843668, 299.3087599366606, 0.7922944270262299, 0.7645375250037527, 0.6373723715113395, 14.98255011015403], "runtime": 31.78252410888672, "iteration": 49}