{"incumbents_value": 0.24404158004158005, "time_func_eval": 0.38590455055236816, "optimization_overhead": 0.00017420450846354166, "incumbent": [102.9455719656031, 0.0010987622616112753, 0.0035065837657466555, 252.00712366475554, 0.6293936340526516, 0.6503357256482736, 0.7662301260305604, 14.495545603787892], "runtime": 0.5191295146942139, "iteration": 2}