{"incumbent": [142.84653031331845, 0.0041046110157557285, 0.006805831461686852, 249.64444990678166, 0.48061290132972817, 0.3576281194577515, 0.8397492102261709, 14.170497928140453], "iteration": 32, "time_func_eval": 0.15309858322143555, "optimization_overhead": 0.2006392478942871, "incumbents_value": 0.21204188561596238, "runtime": 22.702074766159058}