{"incumbent": [133.83896940111092, 0.000836467664809094, 0.01893758144776615, 90.25370513197177, 0.8597402962848671, 0.8560269133996179, 0.9833050718141656, 6.299629020503138], "iteration": 8, "time_func_eval": 0.13222408294677734, "optimization_overhead": 0.1842517852783203, "incumbents_value": 0.30369920367345515, "runtime": 5.2274534702301025}