{"incumbent": [148.80685276780983, 0.005027289308894756, 0.010315287899403251, 291.928496838665, 0.8854648237171058, 0.6242942554678161, 0.9318803384891744, 14.116460804713023], "iteration": 53, "time_func_eval": 0.08334732055664062, "optimization_overhead": 0.17930340766906738, "incumbents_value": 0.13971206525554358, "runtime": 40.920087814331055}