{"incumbents_value": 0.4404886301438026, "incumbent": [9.35121224799722, 0.004540661578930539, 0.0989398787064241, 274.19840593392325, 0.12346376141319505, 0.8767470313195894, 0.9393591733708684, 14.0560932578194], "iteration": 10, "optimization_overhead": 0.200944185256958, "runtime": 10.07441520690918, "time_func_eval": 0.10168337821960449}