{"incumbents_value": 0.12784702971546147, "time_func_eval": 5.001853704452515, "optimization_overhead": 0.22091197967529297, "incumbent": [147.5011349438172, 0.01, 0.0001, 214.39282017487966, 0.3598732569713577, 0.6159731662579286, 0.17028340524826802, 8.006277885744854], "runtime": 175.47492241859436, "iteration": 6}