{"incumbents_value": 0.08647569787264353, "time_func_eval": 21.809263706207275, "optimization_overhead": 0.16813325881958008, "incumbent": [146.85274562579292, 0.002386157256257936, 0.01465386696169437, 78.96412670295362, 0.16049767104894694, 0.13403917630161075, 0.4576812802425723, 8.618900522963688], "runtime": 706.8082549571991, "iteration": 28}