{"incumbents_value": 0.7294117647058823, "time_func_eval": 0.054767608642578125, "optimization_overhead": 0.30530714988708496, "incumbent": [20.794602029201986, 0.00630318922328754, 0.002300104468032265, 264.53088350550433, 0.20296115997007952, 0.24790062563841758, 0.22274036735461217, 5.514678279103951], "runtime": 10.303974151611328, "iteration": 41}