{"incumbents_value": 0.6084656084656085, "time_func_eval": 0.04101419448852539, "optimization_overhead": 0.2481825351715088, "incumbent": [104.85820579913108, 0.00017465229272487816, 0.01959502346739485, 295.52775391305715, 0.11547543585354939, 0.13481836167868738, 0.8883206216000021, 14.987496044279057], "runtime": 29.906919240951538, "iteration": 96}