{"incumbents_value": 0.05524378732488566, "time_func_eval": 2.362926959991455, "optimization_overhead": 0.19267058372497559, "incumbent": [148.31361541337938, 0.009688143232773101, 0.04219062416434148, 53.16054849399272, 0.0524521983477137, 0.09657705845269271, 0.6274669379899606, 9.499717375139873], "runtime": 25.165775060653687, "iteration": 9}