{"optimization_overhead": 0.25529980659484863, "runtime": 36.14514493942261, "incumbent": [140.7659884731586, 0.009906636542267132, 0.007358829698799725, 244.86151038956194, 0.6933414608751934, 0.24181453539263095, 0.9989223394360321, 11.570117508168076], "incumbents_value": 0.14614911348948267, "time_func_eval": 0.11997294425964355, "iteration": 48}