{"optimization_overhead": 0.2643430233001709, "runtime": 49.24675893783569, "incumbent": [140.7659884731586, 0.009906636542267132, 0.007358829698799725, 244.86151038956194, 0.6933414608751934, 0.24181453539263095, 0.9989223394360321, 11.570117508168076], "incumbents_value": 0.14614911348948267, "time_func_eval": 0.1700451374053955, "iteration": 59}