{"incumbent": [118.19040898153685, 0.008692301867339196, 0.006974864549171972, 127.93523798380348, 0.27038425999950594, 0.8091669832597701, 0.8281371076732912, 5.6764025098109165], "iteration": 43, "time_func_eval": 1.4665327072143555, "optimization_overhead": 0.1937880516052246, "incumbents_value": 0.07601073280013015, "runtime": 58.43439197540283}