{"incumbent": [118.19040898153685, 0.008692301867339196, 0.006974864549171972, 127.93523798380348, 0.27038425999950594, 0.8091669832597701, 0.8281371076732912, 5.6764025098109165], "iteration": 12, "time_func_eval": 0.12725138664245605, "optimization_overhead": 0.1899120807647705, "incumbents_value": 0.07601073280013015, "runtime": 12.483633041381836}