{"incumbent": [126.83069662797382, 0.008858087540274407, 0.017094845939229882, 254.88429495012045, 0.022325245582111478, 0.09466949795999463, 0.6560668779031427, 14.779309161402974], "iteration": 57, "time_func_eval": 0.721996545791626, "optimization_overhead": 0.1890873908996582, "incumbents_value": 0.059541922113790724, "runtime": 79.89842677116394}