{"incumbent": [126.83069662797382, 0.008858087540274407, 0.017094845939229882, 254.88429495012045, 0.022325245582111478, 0.09466949795999463, 0.6560668779031427, 14.779309161402974], "iteration": 74, "time_func_eval": 2.7263762950897217, "optimization_overhead": 0.19394564628601074, "incumbents_value": 0.059541922113790724, "runtime": 105.13722133636475}