{"incumbents_value": 0.006938900273885551, "time_func_eval": 0.660456657409668, "optimization_overhead": 0.22056126594543457, "incumbent": [123.6290194874631, 0.004091860669221184, 0.011337639738675574, 141.0498239575861, 0.4646982503645518, 0.8544168311946322, 0.9024258693918353, 14.385361604767843], "runtime": 153.91442275047302, "iteration": 18}