{"optimization_overhead": 0.22286581993103027, "runtime": 35.55679106712341, "incumbent": [117.01921170660668, 0.002222082028219692, 0.00670879603993417, 213.43095651839826, 0.7043208586184508, 0.6732061650940135, 0.9671525805818666, 14.143188317918263], "incumbents_value": 0.15964796712544993, "time_func_eval": 1.573620080947876, "iteration": 43}