{"optimization_overhead": 0.21338176727294922, "runtime": 15.4705228805542, "incumbent": [75.0967258831215, 0.005084025156473648, 0.009658469557990955, 191.72376591981188, 0.4641619781237092, 0.567252652407908, 0.43512835107441344, 11.746268778156342], "incumbents_value": 0.30312228525989315, "time_func_eval": 0.08700704574584961, "iteration": 24}