{"optimization_overhead": 0.23843002319335938, "runtime": 49.52554202079773, "incumbent": [44.62089709841623, 0.0071018957972112775, 0.016722265913535997, 131.77037119741493, 0.5491227382725309, 0.8871631838006412, 0.9089977844450137, 14.64285135619713], "incumbents_value": 0.06644365589389312, "time_func_eval": 0.2787621021270752, "iteration": 66}