{"runtime": 222.9595890045166, "optimization_overhead": 0.3947288990020752, "iteration": 10, "incumbent": [148.04332208003524, 0.0015034989904671254, 0.01342742272319763, 82.04267361419672, 0.10639592627717581, 0.23943312783799, 0.6896508327325158, 7.963807355207954], "incumbents_value": 0.005315501945112544, "time_func_eval": 25.284841775894165}