{"runtime": 1369.0357129573822, "optimization_overhead": 0.48919200897216797, "iteration": 65, "incumbent": [142.81496029423295, 0.001114816265902067, 0.005549258089460267, 85.00779031460593, 0.08395131749957378, 0.829483546126944, 0.8621075224802556, 14.998929788056646], "incumbents_value": 0.0, "time_func_eval": 1.9926893711090088}