{"runtime": 98.34939408302307, "optimization_overhead": 0.3549308776855469, "iteration": 6, "incumbent": [113.95199879794188, 0.002939125186655152, 0.009575618684841714, 277.45662045994493, 0.03433662258157844, 0.6210417812380017, 0.8255606935925772, 5.097710122873968], "incumbents_value": 0.045890466680959974, "time_func_eval": 1.3713929653167725}