{"runtime": 3.83896541595459, "incumbents_value": -2021001.8722543376, "iteration": 13, "incumbent": [946.4670767266746, 394.8460273683267, 0.3514448423004959], "time_func_eval": 1.5735626220703125e-05, "optimization_overhead": 0.3781440258026123}