{"runtime": 2.5780694484710693, "incumbents_value": -2021001.8722543376, "iteration": 10, "incumbent": [946.4670767266746, 394.8460273683267, 0.3514448423004959], "time_func_eval": 1.430511474609375e-05, "optimization_overhead": 0.3034172058105469}