{"runtime": 25.069387674331665, "incumbents_value": -3214987.368154524, "iteration": 67, "incumbent": [933.7100537747921, 817.6476652884544, 0.7692998644882842], "time_func_eval": 1.2636184692382812e-05, "optimization_overhead": 0.24497151374816895}