{"runtime": 14.627811431884766, "incumbents_value": -3214987.368154524, "iteration": 41, "incumbent": [933.7100537747921, 817.6476652884544, 0.7692998644882842], "time_func_eval": 1.52587890625e-05, "optimization_overhead": 0.49907779693603516}