{"runtime": 28.913294076919556, "incumbents_value": -3214987.368154524, "iteration": 76, "incumbent": [933.7100537747921, 817.6476652884544, 0.7692998644882842], "time_func_eval": 1.6450881958007812e-05, "optimization_overhead": 0.48075342178344727}