{"runtime": 4.272991418838501, "incumbents_value": -2021001.8722543376, "iteration": 14, "incumbent": [946.4670767266746, 394.8460273683267, 0.3514448423004959], "time_func_eval": 1.4781951904296875e-05, "optimization_overhead": 0.4182281494140625}