{"incumbents_value": 0.022346796674674096, "time_func_eval": 1.1556291580200195, "optimization_overhead": 0.2618701457977295, "incumbent": [64.54921591036944, 0.008221937203806316, 0.0007147741595848816, 256.8278501277886, 0.7626387381738647, 0.1464976800021316, 0.3475706959614627, 14.169251286991905], "runtime": 186.75211381912231, "iteration": 65}