{"incumbents_value": 0.04017671137717915, "time_func_eval": 0.8971445560455322, "optimization_overhead": 0.23352289199829102, "incumbent": [9.756186276412771, 0.0069546628683584705, 0.0044175528080403256, 260.6118171014967, 0.2421243426507839, 0.21407434821029336, 0.8577975998989927, 14.386223992091518], "runtime": 18.18824553489685, "iteration": 8}