{"incumbents_value": 0.02726736688456266, "time_func_eval": 0.31848812103271484, "optimization_overhead": 0.23783564567565918, "incumbent": [129.22084129296442, 0.0023998154787856865, 0.01419547891192049, 293.3195605696758, 0.3286745651804483, 0.8725027547011304, 0.8149988340428633, 14.258229835333061], "runtime": 92.1800754070282, "iteration": 28}