{"incumbents_value": 0.551073023023481, "time_func_eval": 0.5103027820587158, "optimization_overhead": 0.3159797191619873, "incumbent": [135.46890441841666, 0.004816795858112336, 0.003755225105858102, 277.8228954980316, 0.7158539549606825, 0.10226618309657248, 0.9405021580426719, 14.212787285252409], "runtime": 355.45076966285706, "iteration": 69}