{"incumbents_value": 0.6374826627549608, "time_func_eval": 0.2130420207977295, "optimization_overhead": 0.2991163730621338, "incumbent": [92.87002624856618, 0.0012505135444873458, 0.012566599131182356, 51.903513238651094, 0.028443955784439146, 0.4096637663970585, 0.10807085175187998, 14.53729935943864], "runtime": 125.42206835746765, "iteration": 34}