{"runtime": 10.418231725692749, "time_func_eval": 0.21748137474060059, "iteration": 26, "optimization_overhead": 0.2584834098815918, "incumbents_value": 0.8058263176104256, "incumbent": [54.825861310363486, 0.0048613072406176894, 0.009696249923098485, 195.4757141797303, 0.8895798278781704, 0.5337154057066451, 0.4649092717148075, 9.3046974202882]}