{"incumbents_value": 0.2626058235268761, "iteration": 26, "runtime": 14.18928837776184, "incumbent": [11.749117088524793, 0.0002933082190873467, 0.030181934835339742, 297.12389460481415, 0.5523731659191734, 0.755661117967563, 0.6580660554162738, 7.808914894504343], "optimization_overhead": 0.19339513778686523, "time_func_eval": 0.08292531967163086}