{"incumbents_value": 0.6147147302802083, "time_func_eval": 0.5209081172943115, "optimization_overhead": 0.19004106521606445, "incumbent": [141.65941461987623, 0.006373444515009602, 0.0006628085351474784, 102.18568141896706, 0.8906910094510438, 0.09718333048910965, 0.3465111165417214, 9.684862354987468], "runtime": 24.48849582672119, "iteration": 7}