{"incumbents_value": 0.5132587555371472, "time_func_eval": 9.439878940582275, "optimization_overhead": 0.20215225219726562, "incumbent": [120.68013622552799, 0.00964157153227492, 0.0014172736012206559, 291.118335682218, 0.27229185892789937, 0.4378342239279486, 0.88150963706556, 14.823706911604628], "runtime": 441.90539956092834, "iteration": 76}