{"incumbents_value": 0.737548416495785, "time_func_eval": 0.322664737701416, "optimization_overhead": 0.22490453720092773, "incumbent": [65.12071756983292, 0.00028142076735395116, 0.015585837145070319, 82.33704150526236, 0.7677191806588122, 0.6202070364174782, 0.9958157948431337, 13.15194911751361], "runtime": 23.28260087966919, "iteration": 60}