{"incumbents_value": 0.8084397280716299, "time_func_eval": 0.057666778564453125, "optimization_overhead": 0.18944263458251953, "incumbent": [13.725097337673157, 0.008626051980377613, 0.0014815304429604006, 129.84088407991692, 0.30687048436243636, 0.11727836862847629, 0.9787557812906919, 14.256809507628313], "runtime": 6.732977867126465, "iteration": 21}