{"incumbents_value": 0.10366199866100001, "time_func_eval": 0.061023712158203125, "optimization_overhead": 0.40691542625427246, "incumbent": [120.13010818174364, 9.700800601492986e-05, 0.001983975045503521, 291.95274171828663, 0.02933632791122797, 0.1376166108485589, 0.13355380655921378, 7.834613873359917], "runtime": 33.123987913131714, "iteration": 88}