{"incumbents_value": 0.14463260051495352, "time_func_eval": 0.07298016548156738, "optimization_overhead": 0.1611182689666748, "incumbent": [127.34968650779524, 0.00011599825374558101, 0.026947809619578773, 141.2679518588381, 0.04984820484996084, 0.8874328127099339, 0.9964733454274856, 7.423440205295293], "runtime": 9.602192163467407, "iteration": 32}