{"optimization_overhead": 0.14702701568603516, "runtime": 7.032144784927368, "incumbent": [0.3944120039138489, 0.02336908887492975, 0.6209868545015129, 127.11343035168143, 1.867836614952352, 10760.403051422754], "incumbents_value": -5.369936918190292, "time_func_eval": 9.059906005859375e-06, "iteration": 48}