{"optimization_overhead": 0.14837312698364258, "runtime": 5.957550764083862, "incumbent": [0.3950086048604234, 0.09854731014322761, 0.767337374414978, 127.13765480984821, 1.8068147074208722, 10760.354349609152], "incumbents_value": -5.369895181933239, "time_func_eval": 9.298324584960938e-06, "iteration": 41}