{"optimization_overhead": 0.14732813835144043, "runtime": 3.3051137924194336, "incumbent": [0.3950086048604234, 0.09854731014322761, 0.767337374414978, 127.13765480984821, 1.8068147074208722, 10760.354349609152], "incumbents_value": -5.369895181933239, "time_func_eval": 1.0013580322265625e-05, "iteration": 24}