{"optimization_overhead": 0.14745879173278809, "runtime": 4.674672842025757, "incumbent": [0.3950086048604234, 0.09854731014322761, 0.767337374414978, 127.13765480984821, 1.8068147074208722, 10760.354349609152], "incumbents_value": -5.369895181933239, "time_func_eval": 1.0251998901367188e-05, "iteration": 33}