{"incumbent": [136.79028007525662, 0.00040043320834992754, 0.007817625910178488, 267.0469980485823, 0.45754509975485474, 0.11486344006504984, 0.9626547054402488, 10.620751904665614], "iteration": 34, "time_func_eval": 0.019414663314819336, "optimization_overhead": 0.16443800926208496, "incumbents_value": 0.6406371406371407, "runtime": 7.619394063949585}