{"incumbent": [136.79028007525662, 0.00040043320834992754, 0.007817625910178488, 267.0469980485823, 0.45754509975485474, 0.11486344006504984, 0.9626547054402488, 10.620751904665614], "iteration": 41, "time_func_eval": 0.029817819595336914, "optimization_overhead": 0.22144818305969238, "incumbents_value": 0.6406371406371407, "runtime": 9.528334856033325}