{"incumbent": [136.79028007525662, 0.00040043320834992754, 0.007817625910178488, 267.0469980485823, 0.45754509975485474, 0.11486344006504984, 0.9626547054402488, 10.620751904665614], "iteration": 26, "time_func_eval": 0.018712282180786133, "optimization_overhead": 0.17850494384765625, "incumbents_value": 0.6406371406371407, "runtime": 5.828158617019653}