{"runtime": 1.8884809017181396, "optimization_overhead": 0.1680459976196289, "incumbent": [146.5420033914829, 6.012974302563806e-05, 0.023447220973726028, 241.13381626323252, 0.01621104405960412, 0.8888921757918474, 0.7466798047107867, 14.195648746722187], "time_func_eval": 0.022724628448486328, "incumbents_value": 0.05701009677532065, "iteration": 6}