{"runtime": 28.087106943130493, "optimization_overhead": 0.2348015308380127, "incumbent": [139.90515081381596, 1e-05, 0.1, 258.8326128766179, 0.01, 0.10607587153239112, 0.999, 14.694466007452125], "time_func_eval": 0.17262697219848633, "incumbents_value": 0.0350681073113126, "iteration": 75}