{"incumbents_value": 0.9999929824561403, "time_func_eval": 423.1011583805084, "optimization_overhead": 0.29735422134399414, "incumbent": [129.67407361010078, 0.0015062048600008244, 0.03562375899558796, 297.7095866696018, 0.0760961433806452, 0.8071904561912143, 0.8656363383014359, 13.982020553790296], "runtime": 7253.70104932785, "iteration": 44}