{"incumbents_value": 0.9999453462316227, "time_func_eval": 28.20711374282837, "optimization_overhead": 0.38263583183288574, "incumbent": [141.70175870788546, 0.009678552435713078, 0.009910626858803749, 123.92129976422187, 0.8744327137694696, 0.2178709980195477, 0.704698320559441, 7.64179811657333], "runtime": 11831.974712133408, "iteration": 86}