{"optimization_overhead": 0.24674201011657715, "incumbent": [136.41127513047442, 1e-05, 0.0001, 152.35845953965514, 0.8614257330471184, 0.2133231207489345, 0.8920538361916006, 13.136855482318685], "iteration": 97, "incumbents_value": 0.5687291627863662, "time_func_eval": 14.599381685256958, "runtime": 862.3730471134186}