{"iteration": 6, "incumbents_value": 0.9953488372093023, "incumbent": [2.7885517434225866, 0.004061845283215881, 0.0024027464247769305, 100.32799110989319, 0.8108036205819475, 0.14503202923374792, 0.8661763788582831, 13.976391975591337], "time_func_eval": 5.166303396224976, "runtime": 10.183483362197876, "optimization_overhead": 0.1868267059326172}