{"incumbents_value": 0.8103492884864165, "time_func_eval": 0.22079849243164062, "optimization_overhead": 0.20296216011047363, "incumbent": [52.38232504648663, 0.0051127290843069875, 0.08750447023149512, 287.5216029373197, 0.48322301397621126, 0.8908648392479899, 0.41127427825423835, 9.667928004107493], "runtime": 8.018324136734009, "iteration": 16}