{"runtime": 3.416245460510254, "optimization_overhead": 0.18113398551940918, "incumbent": [84.38966108815063, 0.0001988307982425589, 0.0004076371045875777, 258.3793371270651, 0.27350574058148636, 0.2531204572866892, 0.9733606706670963, 6.287850787881287], "time_func_eval": 0.029278993606567383, "incumbents_value": 0.0, "iteration": 16}