{"runtime": 302.8740828037262, "optimization_overhead": 0.24458694458007812, "incumbent": [140.06647396635384, 0.0037856287520864527, 0.0032729317955191312, 288.5606981491865, 0.12124774937891576, 0.3553145744960041, 0.8807296112812971, 10.74671648288495], "time_func_eval": 0.19991469383239746, "incumbents_value": 0.6026130683935924, "iteration": 75}