{"runtime": 361.16458201408386, "optimization_overhead": 0.3985903263092041, "incumbent": [57.18700657599883, 0.009847099763665145, 0.0069497853249256706, 298.6326686158542, 0.8966114694237202, 0.2334422375778993, 0.9471259812221513, 8.052428268741949], "time_func_eval": 0.35884642601013184, "incumbents_value": 0.5913473245813401, "iteration": 94}