{"incumbents_value": 0.5674983908867393, "time_func_eval": 7.761425018310547, "optimization_overhead": 0.17612266540527344, "incumbent": [121.42209962742778, 0.002453975051117562, 0.007409305645419237, 70.27961788115192, 0.423044006344287, 0.852452767690157, 0.9640535628887441, 13.334692665844848], "runtime": 258.43635606765747, "iteration": 50}