{"incumbents_value": 0.5674983908867393, "time_func_eval": 0.6596508026123047, "optimization_overhead": 0.30612850189208984, "incumbent": [121.42209962742778, 0.002453975051117562, 0.007409305645419237, 70.27961788115192, 0.423044006344287, 0.852452767690157, 0.9640535628887441, 13.334692665844848], "runtime": 498.73092555999756, "iteration": 93}