{"incumbents_value": 0.6013656032946093, "time_func_eval": 0.5346519947052002, "optimization_overhead": 0.23617839813232422, "incumbent": [137.76456674284637, 9.562000788957596e-05, 0.0028580789221536187, 225.95968853954832, 0.5899295321160307, 0.3060380322293493, 0.30229487725830934, 14.864538533098974], "runtime": 122.22605895996094, "iteration": 21}