{"incumbents_value": 0.5674983908867393, "time_func_eval": 1.7647957801818848, "optimization_overhead": 0.1944446563720703, "incumbent": [121.42209962742778, 0.002453975051117562, 0.007409305645419237, 70.27961788115192, 0.423044006344287, 0.852452767690157, 0.9640535628887441, 13.334692665844848], "runtime": 212.08474826812744, "iteration": 41}