{"incumbents_value": 0.110183596867933, "time_func_eval": 14.949646711349487, "optimization_overhead": 0.2197887897491455, "incumbent": [98.28964411054547, 0.01, 0.1, 214.12278252466172, 0.01880870753654082, 0.09, 0.12036176536685014, 6.755428874667296], "runtime": 350.069531917572, "iteration": 14}