{"incumbents_value": 0.07259061419700075, "time_func_eval": 9.483360052108765, "optimization_overhead": 0.2487020492553711, "incumbent": [148.55443227227676, 0.0018740336877974802, 0.004329801853638493, 180.46544230612852, 0.846228382923743, 0.3978087741617642, 0.9351146751536812, 13.655272831331565], "runtime": 1808.649537563324, "iteration": 72}