{"incumbents_value": 0.373752895510749, "time_func_eval": 1.0383930206298828, "optimization_overhead": 0.18223333358764648, "incumbent": [133.29046065357574, 0.000783810172419351, 0.005741683544595631, 163.28188249062393, 0.7511673648977806, 0.8085825146641115, 0.9106434508502347, 11.654889743412252], "runtime": 205.88511753082275, "iteration": 46}