{"incumbents_value": 0.3740402806503712, "time_func_eval": 1.443493127822876, "optimization_overhead": 0.17081165313720703, "incumbent": [99.5194772018994, 0.008717544381388873, 0.0035099125052551693, 295.64120703890364, 0.4897009925146323, 0.10922153580975244, 0.9634552075302985, 10.25034314000688], "runtime": 181.15642523765564, "iteration": 40}