{"incumbents_value": 0.405848712690818, "time_func_eval": 0.6421160697937012, "optimization_overhead": 0.24664807319641113, "incumbent": [76.20603623859677, 0.008740644946680025, 0.09858190796892036, 283.6893813737044, 0.06927823976492607, 0.8373205945952449, 0.7864367773225959, 11.649402713827477], "runtime": 15.472017526626587, "iteration": 21}