{"incumbents_value": 0.0739657531015614, "time_func_eval": 0.010370731353759766, "optimization_overhead": 0.18440651893615723, "incumbent": [144.91738693733902, 0.0018689379089627156, 0.007416687246432709, 127.01034609436338, 0.09413092873239252, 0.8812548093353241, 0.9298926899430364, 10.333221438140583], "runtime": 11.566271543502808, "iteration": 41}