{"incumbent": [146.52432083493528, 0.008106600114610818, 0.004521564555469886, 143.83172520549743, 0.07692161797700693, 0.7880193308688533, 0.9563818048696267, 10.673697283376534], "iteration": 37, "time_func_eval": 1.7158305644989014, "optimization_overhead": 0.24166393280029297, "incumbents_value": 0.5356235987465222, "runtime": 51.42618155479431}