{"incumbent": [788.9512021074338, 41.67569984783985, 124354.44932095316, 61.01487115401107, 0.13046552724532307, 0.7655282518991642, 1531.5759061895171, 4556.414651748028, 6789.34047599028, 2606.799640296102], "time_func_eval": 1.4781951904296875e-05, "iteration": 41, "optimization_overhead": 0.10675597190856934, "runtime": 5.53577995300293, "incumbents_value": -2353145.336409406}