{"incumbent": [140.40822205540817, 0.003070256828676422, 0.05070543902568612, 297.69895489801206, 0.8768408039973407, 0.8369899319783192, 0.9670011742771237, 11.814658798610864], "time_func_eval": 0.500542163848877, "optimization_overhead": 0.22809600830078125, "runtime": 336.4783446788788, "iteration": 73, "incumbents_value": 0.4380545882618022}