{"incumbent": [140.40822205540817, 0.003070256828676422, 0.05070543902568612, 297.69895489801206, 0.8768408039973407, 0.8369899319783192, 0.9670011742771237, 11.814658798610864], "time_func_eval": 0.28600597381591797, "optimization_overhead": 0.22246670722961426, "runtime": 243.97782015800476, "iteration": 52, "incumbents_value": 0.4380545882618022}