{"incumbent": [140.40822205540817, 0.003070256828676422, 0.05070543902568612, 297.69895489801206, 0.8768408039973407, 0.8369899319783192, 0.9670011742771237, 11.814658798610864], "time_func_eval": 5.547551870346069, "optimization_overhead": 0.20040369033813477, "runtime": 151.62497091293335, "iteration": 34, "incumbents_value": 0.4380545882618022}