{"incumbent": [140.40822205540817, 0.003070256828676422, 0.05070543902568612, 297.69895489801206, 0.8768408039973407, 0.8369899319783192, 0.9670011742771237, 11.814658798610864], "time_func_eval": 0.5220520496368408, "optimization_overhead": 0.2392566204071045, "runtime": 226.53064632415771, "iteration": 45, "incumbents_value": 0.4380545882618022}