{"incumbent": [12.43427642545121, 0.006462914995902475, 0.06778091864823266, 78.30047039177217, 0.8744813537485795, 0.2644079306954455, 0.9829231769029279, 6.463080339002848], "time_func_eval": 0.5417001247406006, "optimization_overhead": 0.270709753036499, "runtime": 32.843077421188354, "iteration": 10, "incumbents_value": 0.4726056234342654}