{"incumbent": [140.40822205540817, 0.003070256828676422, 0.05070543902568612, 297.69895489801206, 0.8768408039973407, 0.8369899319783192, 0.9670011742771237, 11.814658798610864], "time_func_eval": 4.388366222381592, "optimization_overhead": 0.21751880645751953, "runtime": 142.85417342185974, "iteration": 30, "incumbents_value": 0.4380545882618022}