{"incumbent": [140.40822205540817, 0.003070256828676422, 0.05070543902568612, 297.69895489801206, 0.8768408039973407, 0.8369899319783192, 0.9670011742771237, 11.814658798610864], "time_func_eval": 1.246535062789917, "optimization_overhead": 0.2237105369567871, "runtime": 235.40697383880615, "iteration": 50, "incumbents_value": 0.4380545882618022}