{"incumbent": [140.40822205540817, 0.003070256828676422, 0.05070543902568612, 297.69895489801206, 0.8768408039973407, 0.8369899319783192, 0.9670011742771237, 11.814658798610864], "time_func_eval": 2.847609043121338, "optimization_overhead": 0.19861078262329102, "runtime": 256.34804582595825, "iteration": 56, "incumbents_value": 0.4380545882618022}