{"incumbent": [138.0133757735902, 0.0009347221102180687, 0.02339402997977176, 266.0887264985257, 0.07273650610015826, 0.8327137577559491, 0.9624161662513034, 12.589344673743216], "time_func_eval": 1.2068040370941162, "optimization_overhead": 0.27906060218811035, "runtime": 425.3834595680237, "iteration": 94, "incumbents_value": 0.433732975335659}