{"incumbents_value": 1.0, "time_func_eval": 0.38155317306518555, "optimization_overhead": 0.00010959307352701823, "incumbent": [86.42586354678616, 0.004910812305282096, 0.021627670502532156, 224.63946351728356, 0.48860960558900113, 0.14928885580021223, 0.15249223190371547, 5.048532438350104], "runtime": 1.4155170917510986, "iteration": 2}