{"optimization_overhead": 0.2695300579071045, "runtime": 4.954687833786011, "incumbent": [40.35220320326248, 0.009761177950963864, 0.005461822887691666, 97.61146867768593, 0.7699082762119827, 0.802440667389412, 0.6014661216520459, 12.370326085919912], "incumbents_value": 0.07755396420418048, "time_func_eval": 0.7408552169799805, "iteration": 9}