{"incumbents_value": 0.013335643097057481, "time_func_eval": 41.514142751693726, "optimization_overhead": 0.2665090560913086, "incumbent": [46.1284788649284, 0.002019165763171045, 0.007970805358024297, 298.25094273385133, 0.7605319176752358, 0.13053389210683594, 0.39226964205247383, 12.464895495300638], "runtime": 2266.7392094135284, "iteration": 81}