{"incumbents_value": 0.8200972992377938, "time_func_eval": 77.9039056301117, "optimization_overhead": 0.1677227020263672, "incumbent": [143.8833415436745, 0.00027250122816540446, 0.016626131232273314, 266.060847292077, 0.8668341499124429, 0.3249310253056109, 0.11757095717672826, 5.526976803791916], "runtime": 102.37667393684387, "iteration": 6}