{"runtime": 991.7336831092834, "optimization_overhead": 0.23080730438232422, "incumbent": [142.70724138470547, 0.000307404611364637, 0.006957977645315333, 273.7398281331924, 0.2969580343967503, 0.3187559971120903, 0.8195427156270136, 10.940682400601371], "time_func_eval": 9.911811590194702, "incumbents_value": 0.08067694880273524, "iteration": 89}