{"runtime": 969.1112506389618, "optimization_overhead": 0.2566978931427002, "incumbent": [142.70724138470547, 0.000307404611364637, 0.006957977645315333, 273.7398281331924, 0.2969580343967503, 0.3187559971120903, 0.8195427156270136, 10.940682400601371], "time_func_eval": 3.1442794799804688, "incumbents_value": 0.08067694880273524, "iteration": 86}