{"runtime": 532.82976603508, "optimization_overhead": 0.2963566780090332, "incumbent": [147.72327089656005, 0.006145437344093741, 0.003312706200110773, 292.25637488808707, 0.5414308359578466, 0.17357934927049345, 0.22278013497040228, 14.820025524982348], "time_func_eval": 1.944155216217041, "incumbents_value": 0.09758338653231513, "iteration": 48}