{"runtime": 129.97079277038574, "optimization_overhead": 0.5979242324829102, "iteration": 48, "incumbent": [120.78733130770631, 9.13834809594043e-05, 0.003700903648634395, 207.86525823574976, 0.03688187525904374, 0.6158516750695785, 0.8936132797766081, 14.566163756020137], "incumbents_value": 0.45730706075533656, "time_func_eval": 0.07008051872253418}