{"runtime": 209.92057585716248, "optimization_overhead": 0.6844296455383301, "iteration": 82, "incumbent": [11.386826499623796, 0.00021416192135437846, 0.053880568707236044, 293.8124542499041, 0.7116336211604519, 0.8732297742932618, 0.9123084731795479, 6.782436238848115], "incumbents_value": 0.4121784345922276, "time_func_eval": 0.21662187576293945}