{"runtime": 144.04596996307373, "optimization_overhead": 0.567025899887085, "iteration": 56, "incumbent": [11.386826499623796, 0.00021416192135437846, 0.053880568707236044, 293.8124542499041, 0.7116336211604519, 0.8732297742932618, 0.9123084731795479, 6.782436238848115], "incumbents_value": 0.4121784345922276, "time_func_eval": 0.32077884674072266}