{"runtime": 2.0800557136535645, "optimization_overhead": 0.004444519678751628, "iteration": 0, "incumbent": [123.46113247802305, 0.00905833720149197, 0.015719380231800598, 80.00454783868128, 0.8288071040909384, 0.43396751137483014, 0.36808096538132656, 5.452339863413593], "incumbents_value": 0.5446612774198981, "time_func_eval": 2.065878391265869}