{"incumbent": [146.5420033914829, 6.012974302563806e-05, 0.023447220973726028, 241.13381626323252, 0.01621104405960412, 0.8888921757918474, 0.7466798047107867, 14.195648746722187], "iteration": 11, "time_func_eval": 0.5311319828033447, "optimization_overhead": 0.22411227226257324, "incumbents_value": 0.18077440442912507, "runtime": 7.7571306228637695}