{"runtime": 38.2993597984314, "optimization_overhead": 0.21321988105773926, "incumbent": [31.420722338262156, 0.0010845534751749663, 0.007823927673324191, 82.85829851070335, 0.8651930667011829, 0.3680283961174531, 0.22737310568438618, 5.206057195411388], "time_func_eval": 0.07256507873535156, "incumbents_value": 0.9743589743589743, "iteration": 72}