{"runtime": 16.029574632644653, "optimization_overhead": 0.19810914993286133, "incumbent": [36.0474635786424, 0.0049415213096096556, 0.006388888434849968, 104.19501452851216, 0.26409504910737397, 0.8358719322709064, 0.9760235156750199, 11.989611592967115], "time_func_eval": 0.06005096435546875, "incumbents_value": 0.9814814814814815, "iteration": 33}