{"runtime": 3.1438865661621094, "optimization_overhead": 0.17419862747192383, "incumbent": [36.0474635786424, 0.0049415213096096556, 0.006388888434849968, 104.19501452851216, 0.26409504910737397, 0.8358719322709064, 0.9760235156750199, 11.989611592967115], "time_func_eval": 0.04230380058288574, "incumbents_value": 0.9814814814814815, "iteration": 8}