{"incumbents_value": 0.06453080514475307, "time_func_eval": 28.26168656349182, "optimization_overhead": 0.2384028434753418, "incumbent": [135.3359601517546, 1e-05, 0.0001, 234.7215745242638, 0.9, 0.6741468070290604, 0.793499873666855, 9.583279825323595], "runtime": 604.6801772117615, "iteration": 94}