{"incumbents_value": 0.1583437329918036, "time_func_eval": 1.9894745349884033, "optimization_overhead": 0.3180506229400635, "incumbent": [93.49225122034821, 0.01, 0.0001, 209.46907104062163, 0.06867817235728649, 0.8932476048090504, 0.4236618217718272, 14.468617637651754], "runtime": 191.87703490257263, "iteration": 50}