{"time_func_eval": 0.5196118354797363, "runtime": 41.792600870132446, "incumbents_value": 0.05332405838507859, "iteration": 18, "incumbent": [131.26048508595483, 0.001278951573171541, 0.015402657222346666, 291.912218706188, 0.18210879250030879, 0.8799706247489779, 0.9212364124684518, 12.566168635376284], "optimization_overhead": 0.20944547653198242}