{"runtime": 383.24345874786377, "incumbent": [145.87379746409874, 0.001209643426910167, 0.0028851216241708643, 236.85963263264628, 0.8834701304807435, 0.39833837905373104, 0.939748931068301, 12.428727502788423], "optimization_overhead": 0.4377439022064209, "time_func_eval": 0.7535145282745361, "iteration": 49, "incumbents_value": 0.17786191268194051}