{"runtime": 283.84145522117615, "incumbent": [145.87379746409874, 0.001209643426910167, 0.0028851216241708643, 236.85963263264628, 0.8834701304807435, 0.39833837905373104, 0.939748931068301, 12.428727502788423], "optimization_overhead": 0.394305944442749, "time_func_eval": 8.147506713867188, "iteration": 34, "incumbents_value": 0.17786191268194051}