{"incumbents_value": 0.02935943646931438, "time_func_eval": 2.71767258644104, "optimization_overhead": 0.3044905662536621, "incumbent": [148.81828631652272, 0.0022137321593165217, 0.0013258082265388792, 284.4772110798047, 0.6416724580831985, 0.1543132212110337, 0.30334934361850474, 8.000579435928941], "runtime": 130.5746841430664, "iteration": 41}