{"incumbents_value": 0.02404089781463392, "time_func_eval": 2.681605100631714, "optimization_overhead": 0.2933025360107422, "incumbent": [35.37434260301684, 0.0012021857746247159, 0.002238070933803907, 274.45075050614645, 0.6929864052704474, 0.8648006370562062, 0.9697510951884335, 5.393206356680488], "runtime": 200.79733633995056, "iteration": 63}