{"runtime": 11.131550073623657, "optimization_overhead": 0.23175048828125, "incumbent": [137.27596763173645, 0.0011826114430488373, 0.007870931238178268, 142.79006046875486, 0.757388002368944, 0.8704074709620091, 0.9936569925871345, 8.37157207886928], "time_func_eval": 0.15120482444763184, "incumbents_value": 0.6950473047961443, "iteration": 15}