{"runtime": 55.12754702568054, "optimization_overhead": 0.22711610794067383, "incumbent": [19.012638599966298, 0.000758320490537981, 0.004689884069352882, 284.55865907217014, 0.06914711064165917, 0.7978841928603836, 0.6792369412654434, 14.61589143981608], "time_func_eval": 0.09754443168640137, "incumbents_value": 0.6092367917805461, "iteration": 91}