{"runtime": 6.48080039024353, "optimization_overhead": 0.20721960067749023, "incumbent": [95.22505986251304, 0.0004319280802901007, 0.002878719600207483, 132.87976078400757, 0.02550270736398294, 0.8527157987021635, 0.13814059143845475, 11.532185123723258], "time_func_eval": 0.11744856834411621, "incumbents_value": 0.713562515915457, "iteration": 12}