{"incumbents_value": 0.14345301757066464, "time_func_eval": 0.09434008598327637, "optimization_overhead": 0.19672656059265137, "incumbent": [70.65449224491081, 0.00969201949769224, 0.0041537245806717, 294.9430621293618, 0.06919614581565571, 0.8966264253964359, 0.7331515594490515, 7.062881561921246], "runtime": 8.315877199172974, "iteration": 26}