{"incumbents_value": 0.14345301757066464, "time_func_eval": 0.04515671730041504, "optimization_overhead": 0.21483874320983887, "incumbent": [70.65449224491081, 0.00969201949769224, 0.0041537245806717, 294.9430621293618, 0.06919614581565571, 0.8966264253964359, 0.7331515594490515, 7.062881561921246], "runtime": 14.820262908935547, "iteration": 44}