{"runtime": 17.664376735687256, "optimization_overhead": 0.24827218055725098, "incumbent": [141.3499323737678, 0.002271599107801884, 0.002723913135317353, 209.07581845259025, 0.03197492359015392, 0.27028789383688095, 0.10354983362648272, 14.869216001981542], "time_func_eval": 0.3016469478607178, "incumbents_value": 0.0, "iteration": 35}