{"time_func_eval": 0.8608920574188232, "incumbent": [143.21458269499902, 0.001772005961258976, 0.00342916068636984, 263.34927175940555, 0.16243940486713304, 0.28626109036490044, 0.9887667855793614, 9.177389347268399], "runtime": 142.6451916694641, "optimization_overhead": 0.243546724319458, "iteration": 10, "incumbents_value": 0.581681438406171}