{"optimization_overhead": 0.2282571792602539, "runtime": 22.44231915473938, "incumbent": [139.9583797258729, 0.01, 0.0001, 54.998195917491735, 0.9, 0.9, 0.5437023850477186, 14.74531456839896], "incumbents_value": 0.6222828751985723, "time_func_eval": 0.24469995498657227, "iteration": 41}