{"optimization_overhead": 0.2389359474182129, "runtime": 44.46058011054993, "incumbent": [139.9583797258729, 0.01, 0.0001, 54.998195917491735, 0.9, 0.9, 0.5437023850477186, 14.74531456839896], "incumbents_value": 0.6222828751985723, "time_func_eval": 1.5012578964233398, "iteration": 81}