{"optimization_overhead": 0.26088976860046387, "runtime": 39.482609272003174, "incumbent": [139.9583797258729, 0.01, 0.0001, 54.998195917491735, 0.9, 0.9, 0.5437023850477186, 14.74531456839896], "incumbents_value": 0.6222828751985723, "time_func_eval": 0.14313983917236328, "iteration": 73}