{"optimization_overhead": 0.24557018280029297, "runtime": 17.615082263946533, "incumbent": [139.9583797258729, 0.01, 0.0001, 54.998195917491735, 0.9, 0.9, 0.5437023850477186, 14.74531456839896], "incumbents_value": 0.6222828751985723, "time_func_eval": 0.11447715759277344, "iteration": 32}