{"incumbent": [44.737076239472835, 0.00967874459487056, 0.001369537029375061, 187.15007550637148, 0.08248937703719825, 0.2281028704559309, 0.42704500279579427, 9.17503215887743], "iteration": 20, "time_func_eval": 14.379591941833496, "optimization_overhead": 0.21078944206237793, "incumbents_value": 0.01727384576988722, "runtime": 158.41412162780762}