{"incumbent": [136.97966578394886, 0.007037160853328184, 0.001539994884707083, 237.91074137843162, 0.7212415216298268, 0.6777701751923377, 0.9050023554501941, 6.66475487239012], "iteration": 65, "time_func_eval": 1.2168314456939697, "optimization_overhead": 0.2180929183959961, "incumbents_value": 0.017219051016787668, "runtime": 788.8287129402161}