{"incumbent": [136.97966578394886, 0.007037160853328184, 0.001539994884707083, 237.91074137843162, 0.7212415216298268, 0.6777701751923377, 0.9050023554501941, 6.66475487239012], "iteration": 37, "time_func_eval": 23.4458110332489, "optimization_overhead": 0.23166871070861816, "incumbents_value": 0.017219051016787668, "runtime": 369.84672570228577}