{"incumbent": [44.737076239472835, 0.00967874459487056, 0.001369537029375061, 187.15007550637148, 0.08248937703719825, 0.2281028704559309, 0.42704500279579427, 9.17503215887743], "iteration": 31, "time_func_eval": 0.5898621082305908, "optimization_overhead": 0.2033247947692871, "incumbents_value": 0.01727384576988722, "runtime": 242.89808344841003}