{"runtime": 552.891610622406, "incumbent": [35.56498379614116, 0.0003576310197205502, 0.00612921261740799, 59.90520600396455, 0.7267517321607846, 0.10292289558862044, 0.23529839394953672, 10.511231253733744], "optimization_overhead": 0.4886467456817627, "time_func_eval": 2.8891708850860596, "iteration": 69, "incumbents_value": 0.1893332853044486}