{"runtime": 47.08869528770447, "incumbent": [61.96374370001368, 0.0015939871552593506, 0.0071678397512353435, 63.54285723999646, 0.7954174632902173, 0.8682885018548654, 0.9746107307282732, 14.025814418516564], "optimization_overhead": 0.3124825954437256, "time_func_eval": 7.846293210983276, "iteration": 21, "incumbents_value": 0.23694919321572272}