{"runtime": 689.7747807502747, "incumbent": [35.56498379614116, 0.0003576310197205502, 0.00612921261740799, 59.90520600396455, 0.7267517321607846, 0.10292289558862044, 0.23529839394953672, 10.511231253733744], "optimization_overhead": 0.2921638488769531, "time_func_eval": 9.817255735397339, "iteration": 75, "incumbents_value": 0.1893332853044486}