{"runtime": 1.2247233390808105, "incumbent": [61.96374370001368, 0.0015939871552593506, 0.0071678397512353435, 63.54285723999646, 0.7954174632902173, 0.8682885018548654, 0.9746107307282732, 14.025814418516564], "optimization_overhead": 0.0032253265380859375, "time_func_eval": 1.0311615467071533, "iteration": 1, "incumbents_value": 0.23694919321572272}