{"runtime": 699.3016028404236, "incumbent": [35.56498379614116, 0.0003576310197205502, 0.00612921261740799, 59.90520600396455, 0.7267517321607846, 0.10292289558862044, 0.23529839394953672, 10.511231253733744], "optimization_overhead": 0.44896531105041504, "time_func_eval": 7.785157918930054, "iteration": 77, "incumbents_value": 0.1893332853044486}