{"runtime": 25.452200412750244, "optimization_overhead": 0.2543454170227051, "incumbent": [135.13780314989123, 0.0094684918053211, 0.0022927709739310035, 253.75328582075622, 0.7437878378566022, 0.13366957447106148, 0.9640637798622376, 7.544244471744851], "time_func_eval": 0.19599294662475586, "incumbents_value": 0.6122630621602534, "iteration": 52}