{"runtime": 2.5781404972076416, "optimization_overhead": 0.18547534942626953, "incumbent": [136.41354581837516, 0.00901115123293559, 0.012791544823746288, 138.96151762219026, 0.03263392440959213, 0.15892401336471712, 0.8314387061315656, 14.39995813320165], "time_func_eval": 0.04417061805725098, "incumbents_value": 0.7015395008177487, "iteration": 6}