{"runtime": 1.2080423831939697, "optimization_overhead": 0.001185019810994466, "incumbent": [123.46113247802305, 0.00905833720149197, 0.015719380231800598, 80.00454783868128, 0.8288071040909384, 0.43396751137483014, 0.36808096538132656, 5.452339863413593], "time_func_eval": 0.3855316638946533, "incumbents_value": 0.7186960603762684, "iteration": 2}