{"incumbents_value": 0.22054928979066912, "time_func_eval": 0.10335111618041992, "optimization_overhead": 0.24091649055480957, "incumbent": [91.1420456327725, 0.008477450635069265, 0.08706279417525846, 162.32003087355645, 0.7346318343798934, 0.8348478562795988, 0.1878639515596485, 7.084937448842664], "runtime": 17.89279532432556, "iteration": 27}