{"runtime": 4.98116660118103, "optimization_overhead": 0.16664648056030273, "incumbent": [141.14061685924617, 0.0021081406652346947, 0.03153392517514243, 96.11090329472572, 0.16976408438193347, 0.8854791910692253, 0.9759815847425993, 7.864545223974875], "time_func_eval": 0.5512804985046387, "incumbents_value": 0.777252292753102, "iteration": 11}