{"runtime": 33.700546979904175, "optimization_overhead": 0.21495461463928223, "incumbent": [143.55724581865562, 0.0010779614543494859, 0.004738826736840227, 271.9147384825684, 0.19627556292997572, 0.8388225501143076, 0.44372588977990574, 5.331337195596662], "time_func_eval": 1.1145222187042236, "incumbents_value": 0.6129012818337041, "iteration": 64}