{"runtime": 28.994311332702637, "optimization_overhead": 0.20714640617370605, "incumbent": [149.738449452407, 0.0005085572799504506, 0.0005215492719324139, 92.70130283422057, 0.11300212953795694, 0.13164716932602677, 0.9161919727375225, 8.643020007116794], "time_func_eval": 0.20334410667419434, "incumbents_value": 0.6622390561975773, "iteration": 56}