{"incumbents_value": 0.02587861511814804, "time_func_eval": 0.711514949798584, "optimization_overhead": 0.2754333019256592, "incumbent": [49.78674571329904, 0.00010344424578927285, 0.005101720333788676, 280.17943089936153, 0.5295642265642474, 0.7623245990097536, 0.9530443632490553, 14.22982616589197], "runtime": 48.5261664390564, "iteration": 37}