{"incumbents_value": 0.9735449735449735, "time_func_eval": 0.16711759567260742, "optimization_overhead": 0.23661398887634277, "incumbent": [21.878444073069605, 0.009627345624003927, 0.014995846042345275, 112.83740788886, 0.8756372532079346, 0.8195856630605727, 0.8678080855186917, 13.518951679548444], "runtime": 42.523138999938965, "iteration": 61}