{"runtime": 445.47271966934204, "optimization_overhead": 0.24991869926452637, "incumbent": [48.23783330112991, 0.004097811158952488, 0.0010715993593667515, 271.10353961378894, 0.07278251910576511, 0.6882232757275651, 0.5216519585703441, 5.737943067561636], "time_func_eval": 0.638364315032959, "incumbents_value": 0.9670213496949691, "iteration": 59}