{"runtime": 150.75944256782532, "optimization_overhead": 0.3611898422241211, "incumbent": [134.19977868239482, 0.0031932727130992784, 0.0004102901778337564, 272.7871947843063, 0.8289877622380046, 0.12347449975232656, 0.7191723294758715, 11.699207909420018], "time_func_eval": 9.630720376968384, "incumbents_value": 0.978388180144367, "iteration": 22}