{"incumbent": [67.33303356266943, 0.0001840631565683786, 0.01041653717829726, 80.3781349623935, 0.1902727090620599, 0.655464758097286, 0.9880132165532101, 14.818512386624702], "iteration": 41, "time_func_eval": 0.22161340713500977, "optimization_overhead": 0.18944740295410156, "incumbents_value": 0.7995025118275374, "runtime": 11.350891590118408}