{"incumbent": [67.33303356266943, 0.0001840631565683786, 0.01041653717829726, 80.3781349623935, 0.1902727090620599, 0.655464758097286, 0.9880132165532101, 14.818512386624702], "iteration": 53, "time_func_eval": 0.11407637596130371, "optimization_overhead": 0.18770670890808105, "incumbents_value": 0.7995025118275374, "runtime": 15.04305911064148}