{"incumbent": [67.33303356266943, 0.0001840631565683786, 0.01041653717829726, 80.3781349623935, 0.1902727090620599, 0.655464758097286, 0.9880132165532101, 14.818512386624702], "iteration": 87, "time_func_eval": 0.1208641529083252, "optimization_overhead": 0.19537663459777832, "incumbents_value": 0.7995025118275374, "runtime": 26.258847951889038}