{"incumbent": [123.64880274681326, 0.0029729131343400952, 0.0024190827252279275, 90.89910239311504, 0.8977737607698539, 0.09411005194516728, 0.5027323140716614, 14.723295969334991], "iteration": 3, "time_func_eval": 0.04485917091369629, "optimization_overhead": 0.1704862117767334, "incumbents_value": 0.8084815321477428, "runtime": 0.882972240447998}