{"incumbent": [67.33303356266943, 0.0001840631565683786, 0.01041653717829726, 80.3781349623935, 0.1902727090620599, 0.655464758097286, 0.9880132165532101, 14.818512386624702], "iteration": 71, "time_func_eval": 0.12750625610351562, "optimization_overhead": 0.19234132766723633, "incumbents_value": 0.7995025118275374, "runtime": 20.410313606262207}