{"incumbents_value": 0.0, "time_func_eval": 0.0338747501373291, "optimization_overhead": 0.33212971687316895, "incumbent": [149.01498565785568, 0.0027783324657105098, 0.011991124827256103, 277.11519950837976, 0.6835415548502478, 0.8417873984004597, 0.9294490140716123, 12.462823456252096], "runtime": 23.26879072189331, "iteration": 75}