{"time_func_eval": 0.011678218841552734, "runtime": 21.19491219520569, "incumbents_value": 0.3551495016611296, "iteration": 79, "incumbent": [148.99863384619906, 0.005556000004094435, 0.02893590311679494, 148.1940019941017, 0.1371716853800897, 0.8197137771334712, 0.8961827061694654, 14.599165365364932], "optimization_overhead": 0.17403483390808105}