{"time_func_eval": 0.10063576698303223, "runtime": 8.158421754837036, "incumbents_value": 0.4007936507936508, "iteration": 35, "incumbent": [59.64436924759489, 0.004678525743062339, 0.05025966658581157, 297.207358591372, 0.6794096100830893, 0.8676106977997105, 0.9739774734746732, 14.940594750786714], "optimization_overhead": 0.24521422386169434}