{"optimization_overhead": 0.19311094284057617, "runtime": 28.976802110671997, "incumbent": [66.59226478030342, 0.0020587118508552, 0.011143293143416217, 275.7014992457183, 0.876335727900669, 0.8927479178846196, 0.9478574296120668, 14.591415294517082], "incumbents_value": 0.21052428331288897, "time_func_eval": 0.5208492279052734, "iteration": 87}