{"optimization_overhead": 0.18201613426208496, "runtime": 4.219926118850708, "incumbent": [37.19177116844091, 0.00017023070420048856, 0.01432464378415881, 217.98651753102493, 0.24271128683115453, 0.8440501198555279, 0.9615651506270662, 14.662005070193691], "incumbents_value": 0.24273209478860613, "time_func_eval": 0.1047511100769043, "iteration": 13}