{"incumbents_value": 0.2187819259593453, "time_func_eval": 0.3796718120574951, "optimization_overhead": 0.19448351860046387, "incumbent": [148.33222780539325, 0.0003310458023053529, 0.09273604224610113, 278.29664231994894, 0.21194499926540308, 0.14445753912513634, 0.8810551146056863, 6.099327834612871], "runtime": 15.181820154190063, "iteration": 30}