{"incumbents_value": 0.2528042625136724, "time_func_eval": 1.7363009452819824, "optimization_overhead": 0.2026681900024414, "incumbent": [145.1845194407476, 0.00392285180856369, 0.008017527824771315, 284.853803079841, 0.6308518812752888, 0.1471776906421248, 0.20130041612976396, 12.575235961338267], "runtime": 2.34405779838562, "iteration": 3}