{"incumbents_value": 0.21561467300260406, "time_func_eval": 0.08454370498657227, "optimization_overhead": 0.33321523666381836, "incumbent": [146.40214018601569, 0.0021143730802247597, 0.0825894347366237, 52.133906311187204, 0.7034224132444811, 0.16611558256773334, 0.5399718047064022, 14.692127770959475], "runtime": 50.82297158241272, "iteration": 76}