{"optimization_overhead": 0.2628769874572754, "runtime": 32.92965602874756, "incumbent": [123.92192367953766, 0.008900264677253382, 0.00414795320322128, 238.29950099897385, 0.029958235012179923, 0.2358390469006655, 0.841875141077986, 11.342945141988375], "incumbents_value": 0.6300187722416257, "time_func_eval": 0.49743080139160156, "iteration": 45}