{"optimization_overhead": 0.2606661319732666, "runtime": 4.699489116668701, "incumbent": [145.2147380557892, 0.007603646949011783, 0.006715184037750127, 54.52278366559844, 0.12734435986410367, 0.5886843036639229, 0.1080142630127518, 14.333113235030558], "incumbents_value": 0.7171727166987831, "time_func_eval": 0.3118748664855957, "iteration": 8}