{"optimization_overhead": 0.4172089099884033, "runtime": 42.08638787269592, "incumbent": [142.7454099838161, 0.0019050079904821995, 0.009977850212555563, 118.90062003131567, 0.5345399617918578, 0.14541339014692722, 0.998113385694716, 5.244771051431511], "incumbents_value": 0.5958747330896663, "time_func_eval": 0.1626911163330078, "iteration": 56}