{"incumbents_value": 0.0938500456296466, "time_func_eval": 0.7412714958190918, "optimization_overhead": 0.2469773292541504, "incumbent": [60.33815514609844, 0.00922110583459188, 0.01999038956360425, 103.02901316776277, 0.12177714117824096, 0.10559915843396736, 0.9652196440670626, 12.299961885967862], "runtime": 22.814033269882202, "iteration": 15}