{"runtime": 160.61300349235535, "optimization_overhead": 0.28627753257751465, "incumbent": [147.69418244487926, 4.327502494992416e-05, 0.002378736177681324, 215.47739541355978, 0.7936443026905788, 0.20353481514485466, 0.1787904589217198, 14.643985875486276], "time_func_eval": 0.10591673851013184, "incumbents_value": 0.7754466006959113, "iteration": 76}