{"runtime": 68.8708176612854, "optimization_overhead": 0.20270156860351562, "incumbent": [128.323869452983, 0.0011307421069859144, 0.0006947902185883407, 161.34523066683101, 0.12464070716393767, 0.20930108926612223, 0.13516688787720949, 5.224041783071099], "time_func_eval": 8.574156522750854, "incumbents_value": 0.7807876540285922, "iteration": 32}