{"incumbents_value": 0.5880190933324828, "time_func_eval": 6.798853158950806, "optimization_overhead": 0.20918917655944824, "incumbent": [146.6500747005582, 0.0011547875972721666, 0.00655573665135776, 155.29544069958396, 0.5377809133139209, 0.11591699514270086, 0.9660450282100341, 12.38545297717547], "runtime": 164.3329713344574, "iteration": 43}