{"incumbents_value": 0.5769537693237262, "time_func_eval": 1.0657508373260498, "optimization_overhead": 0.37652111053466797, "incumbent": [146.94127718212835, 0.007912111035670539, 0.0016598275171127493, 227.9919305068273, 0.7825541914514548, 0.24044406065431317, 0.7371671488023867, 6.002670476687629], "runtime": 224.22599935531616, "iteration": 52}