{"incumbents_value": 0.6625165586061947, "time_func_eval": 7.139995336532593, "optimization_overhead": 0.1477963924407959, "incumbent": [97.50538535653354, 0.00022311591916781903, 0.005783041756745453, 290.9859748760696, 0.7478066767025959, 0.5823211856999408, 0.3204960292192446, 5.904593856740171], "runtime": 11.346598148345947, "iteration": 4}