{"incumbents_value": 0.5880190933324828, "time_func_eval": 1.1962041854858398, "optimization_overhead": 0.20949482917785645, "incumbent": [146.6500747005582, 0.0011547875972721666, 0.00655573665135776, 155.29544069958396, 0.5377809133139209, 0.11591699514270086, 0.9660450282100341, 12.38545297717547], "runtime": 114.6260871887207, "iteration": 33}