{"incumbents_value": 0.42477886376022533, "time_func_eval": 9.949275732040405, "optimization_overhead": 0.27246880531311035, "incumbent": [139.03244868551653, 0.00045965310314856, 0.016655238309332427, 193.52966313404374, 0.6593343198029213, 0.8801486462478368, 0.931766019285654, 13.37700459578395], "runtime": 863.8809988498688, "iteration": 89}