{"incumbents_value": 0.4888748755158723, "time_func_eval": 22.631826877593994, "optimization_overhead": 0.19945192337036133, "incumbent": [146.70241839394205, 0.007088742472913255, 0.00469555814061702, 297.2691107496097, 0.05803965709269265, 0.26731407122100925, 0.8265111005455941, 5.554911114608655], "runtime": 52.99502110481262, "iteration": 4}