{"incumbents_value": 0.766113691599015, "time_func_eval": 12.5067138671875, "optimization_overhead": 0.2674679756164551, "incumbent": [31.712785909196192, 0.007809557881297303, 0.0010598989217314664, 118.29763010245229, 0.8417648074654658, 0.6843979115991249, 0.12629314225436772, 10.80084066247137], "runtime": 202.04126453399658, "iteration": 57}