{"incumbent": [10.890571119476908, 0.0008696327347302486, 0.01090013011499432, 94.45556223167634, 0.04051751350961685, 0.4190598125458921, 0.7200017439377066, 14.80220706224795], "iteration": 98, "time_func_eval": 0.03787946701049805, "optimization_overhead": 0.19568467140197754, "incumbents_value": 0.7819967266775777, "runtime": 32.791577100753784}