{"incumbent": [10.890571119476908, 0.0008696327347302486, 0.01090013011499432, 94.45556223167634, 0.04051751350961685, 0.4190598125458921, 0.7200017439377066, 14.80220706224795], "iteration": 74, "time_func_eval": 0.1891777515411377, "optimization_overhead": 0.19188952445983887, "incumbents_value": 0.7819967266775777, "runtime": 24.325266122817993}