{"incumbents_value": 0.20787056081173727, "time_func_eval": 0.040808677673339844, "optimization_overhead": 0.18587636947631836, "incumbent": [139.86500578911455, 0.008200225674300992, 0.019406636058035668, 109.40969547754085, 0.1637379192454917, 0.4391308796631421, 0.9166912484165953, 11.037326054775804], "runtime": 0.781033992767334, "iteration": 4}