{"incumbents_value": 0.17302489177489178, "time_func_eval": 0.038793087005615234, "optimization_overhead": 0.2688589096069336, "incumbent": [137.55259752017972, 0.0010927870566580962, 0.002363800284062763, 224.953702880533, 0.8990626607076363, 0.44840838909841507, 0.10584891128046706, 5.06744579489096], "runtime": 19.801263332366943, "iteration": 44}