{"time_func_eval": 0.8039531707763672, "optimization_overhead": 0.2909548282623291, "incumbent": [132.92479587039105, 1.3713045301848338e-05, 0.011418572874554426, 187.4081924556453, 0.5688770331475117, 0.8820272166379276, 0.7412437751124196, 14.924323512945923], "incumbents_value": 0.9938271604938271, "runtime": 61.16573619842529, "iteration": 47}