{"incumbents_value": 0.5545430959862473, "time_func_eval": 0.08125805854797363, "optimization_overhead": 0.27665138244628906, "incumbent": [126.565974508938, 0.0008461500480626294, 0.004019855855200743, 150.289566276595, 0.04567512247291002, 0.892204145868332, 0.8928877274686682, 14.373111505049685], "runtime": 107.57078552246094, "iteration": 48}