{"incumbents_value": 0.553581560283688, "time_func_eval": 0.10715413093566895, "optimization_overhead": 0.2600886821746826, "incumbent": [127.8194842422425, 0.009409865349380073, 0.008555483320805373, 294.24402651858367, 0.862791346993338, 0.37337139985719314, 0.8698698440666466, 13.518047292458906], "runtime": 243.8904869556427, "iteration": 88}