{"incumbents_value": 0.7833104116730192, "time_func_eval": 1.3973703384399414, "optimization_overhead": 0.00016760826110839844, "incumbent": [145.16217137122572, 0.001238182505108894, 0.05044075781650821, 104.61581568808238, 0.34974131743977765, 0.636159776750945, 0.7110624874830849, 6.459244170045215], "runtime": 1.5983412265777588, "iteration": 1}