{"incumbents_value": 0.6022057116336614, "time_func_eval": 1.9573357105255127, "optimization_overhead": 0.2883760929107666, "incumbent": [5.5478750175078755, 4.806428496781153e-05, 0.0034890660854740106, 162.6671414414568, 0.8370887810336094, 0.6994259506718513, 0.9335738956894396, 14.658516728461471], "runtime": 38.9479193687439, "iteration": 24}