{"incumbent": [51.09480323302283, 0.0003766819084431581, 0.006404182523343615, 267.0217344863405, 0.7753185095948018, 0.8669810480860118, 0.9132822106966327, 8.41908427749475], "iteration": 52, "time_func_eval": 0.10166358947753906, "optimization_overhead": 0.20685887336730957, "incumbents_value": 0.07377450980392153, "runtime": 15.449994325637817}