{"incumbent": [27.754265447640798, 0.002506449036049671, 0.055607627929250183, 53.50201164254002, 0.22388228893453438, 0.8900161986907705, 0.9806648276056626, 5.847965831096374], "iteration": 63, "time_func_eval": 0.06646251678466797, "optimization_overhead": 0.1916506290435791, "incumbents_value": 0.1860439068100357, "runtime": 14.423967123031616}