{"incumbents_value": 0.1729764612761444, "time_func_eval": 5.048060655593872, "optimization_overhead": 0.2488558292388916, "incumbent": [146.9402812629455, 0.009764147809265596, 0.002054971256920339, 236.8143569684218, 0.5886804186327325, 0.8818262229318852, 0.474376369813195, 5.441139728004936], "runtime": 32.48284602165222, "iteration": 20}