{"incumbents_value": 0.07996513212798795, "time_func_eval": 0.2550511360168457, "optimization_overhead": 0.2564420700073242, "incumbent": [147.07590236064743, 1e-05, 0.0001, 236.79030251818398, 0.48463386532228, 0.9, 0.6302699487175879, 5.48970669455836], "runtime": 121.41287136077881, "iteration": 35}