{"incumbents_value": 0.07996513212798795, "time_func_eval": 19.34572196006775, "optimization_overhead": 0.3826155662536621, "incumbent": [147.07590236064743, 1e-05, 0.0001, 236.79030251818398, 0.48463386532228, 0.9, 0.6302699487175879, 5.48970669455836], "runtime": 207.74032330513, "iteration": 59}