{"incumbents_value": 0.07996513212798795, "time_func_eval": 11.715430498123169, "optimization_overhead": 0.2920970916748047, "incumbent": [147.07590236064743, 1e-05, 0.0001, 236.79030251818398, 0.48463386532228, 0.9, 0.6302699487175879, 5.48970669455836], "runtime": 101.0274646282196, "iteration": 26}