{"incumbents_value": 0.5181511651073902, "time_func_eval": 0.9153554439544678, "optimization_overhead": 0.24946212768554688, "incumbent": [129.2578364710764, 0.006340086129501582, 0.0032081143733646103, 70.18859970661701, 0.02207848973777267, 0.8782891428690034, 0.8727878135958623, 9.56630380843892], "runtime": 282.80586981773376, "iteration": 64}