{"incumbents_value": 0.9875, "time_func_eval": 1.222533941268921, "optimization_overhead": 0.24765515327453613, "incumbent": [44.3319362972942, 0.007631474468307692, 0.03255844320698455, 187.11416195908683, 0.2987632276233943, 0.11701267364045718, 0.21171071483177678, 7.404005851180385], "runtime": 42.69330954551697, "iteration": 39}