{"incumbents_value": 0.9875, "time_func_eval": 0.7627964019775391, "optimization_overhead": 0.23802518844604492, "incumbent": [44.3319362972942, 0.007631474468307692, 0.03255844320698455, 187.11416195908683, 0.2987632276233943, 0.11701267364045718, 0.21171071483177678, 7.404005851180385], "runtime": 28.868072986602783, "iteration": 26}