{"incumbents_value": 0.1159281894576013, "time_func_eval": 0.24288153648376465, "optimization_overhead": 8.670488993326823e-05, "incumbent": [51.96385975130341, 0.002069344491934202, 0.0018945443126281772, 186.3794454029623, 0.4305800552693845, 0.20426447261124855, 0.8133345552910219, 13.050373953808304], "runtime": 0.3532838821411133, "iteration": 1}