{"incumbents_value": 0.043500052502303155, "time_func_eval": 0.2881922721862793, "optimization_overhead": 0.30252981185913086, "incumbent": [15.253449177765221, 1e-05, 0.1, 291.18661469327805, 0.01, 0.9, 0.999, 5.753434132003775], "runtime": 4.5519349575042725, "iteration": 14}