{"incumbents_value": 0.1159281894576013, "time_func_eval": 0.05968308448791504, "optimization_overhead": 0.18267369270324707, "incumbent": [51.96385975130341, 0.002069344491934202, 0.0018945443126281772, 186.3794454029623, 0.4305800552693845, 0.20426447261124855, 0.8133345552910219, 13.050373953808304], "runtime": 0.6603999137878418, "iteration": 3}