{"incumbents_value": 0.029491175645494194, "time_func_eval": 2.134249687194824, "optimization_overhead": 0.25969934463500977, "incumbent": [128.96123508364906, 0.0001614169248058432, 0.0021384143012024067, 299.5678294005756, 0.03435536881882779, 0.36450430911585174, 0.805840604287832, 10.729460426665465], "runtime": 175.64440631866455, "iteration": 80}