{"incumbents_value": 0.029491175645494194, "time_func_eval": 2.8284037113189697, "optimization_overhead": 0.21546292304992676, "incumbent": [128.96123508364906, 0.0001614169248058432, 0.0021384143012024067, 299.5678294005756, 0.03435536881882779, 0.36450430911585174, 0.805840604287832, 10.729460426665465], "runtime": 142.8220841884613, "iteration": 60}