{"runtime": 0.024923086166381836, "incumbents_value": -231.58155163431556, "iteration": 2, "incumbent": [38.75885190486844, 0.20558078287257575, 3.0819170021196016, 6.606412085470371, 1.872733173185918, 3.5517396070739844, 33.424108730888996, 1.099886290051328, 31.14258521948791, 1.4822274401847388, 2.637224319672256, 2.2582720636242395], "time_func_eval": 1.811981201171875e-05, "optimization_overhead": 4.776318868001302e-05}