{"runtime": 39.78951382637024, "incumbents_value": -7713.419677877801, "iteration": 85, "incumbent": [43.448640819296386, 0.11790461440049033, 1.893846662550001, 14.747240046777517, 1.2887076106844388, 1.0072821567254824, 38.95277011764933, 2.707672157128482, 7.791899342443192, 1.2841217103769609, 3.0, 2.6237323218516306], "time_func_eval": 1.5020370483398438e-05, "optimization_overhead": 0.5782425403594971}