{"incumbents_value": 0.1705966836401619, "time_func_eval": 0.14733052253723145, "optimization_overhead": 0.2008669376373291, "incumbent": [109.72571935092661, 0.00951039451817044, 0.013906604566175302, 54.54149926365324, 0.8830425837864003, 0.7505122322340565, 0.8988981356836836, 12.051669273468677], "runtime": 9.84066128730774, "iteration": 39}