{"time_func_eval": 36.91204500198364, "incumbent": [149.03854713281396, 0.0006198273943071553, 0.0858816044238186, 79.76935532611621, 0.6331815078628167, 0.8966555514778802, 0.9015613856909283, 6.975960861951878], "runtime": 2759.5938370227814, "optimization_overhead": 0.18038225173950195, "iteration": 26, "incumbents_value": 0.9999969017034435}