{"incumbents_value": 0.6967120181405895, "time_func_eval": 0.017493724822998047, "optimization_overhead": 0.26795482635498047, "incumbent": [44.55156373111168, 0.01, 0.1, 263.88540841054737, 0.01, 0.7608420520110352, 0.999, 14.688089771401156], "runtime": 7.934836387634277, "iteration": 33}