{"incumbents_value": 0.779959595959596, "time_func_eval": 0.015319585800170898, "optimization_overhead": 0.2169628143310547, "incumbent": [2.17142633110255, 0.00952063540761392, 0.02257537654630723, 83.48135261703369, 0.7094002175220222, 0.12737378426610252, 0.1284488683859323, 8.624139358263928], "runtime": 2.5326550006866455, "iteration": 12}