{"incumbents_value": 0.567076923076923, "time_func_eval": 0.18457484245300293, "optimization_overhead": 0.2462902069091797, "incumbent": [47.33181743042911, 0.003200459547824261, 0.01659228893963866, 299.1554504473869, 0.05358431687102712, 0.580166147671453, 0.31090283024189275, 14.65863803866213], "runtime": 27.913244247436523, "iteration": 89}