{"incumbents_value": 0.57125, "time_func_eval": 0.016379356384277344, "optimization_overhead": 0.294863224029541, "incumbent": [138.9034556415667, 0.001852367973121312, 0.0045542429741962185, 294.9015047007057, 0.8004236303276901, 0.5215135315005371, 0.615782227308208, 13.342462513126119], "runtime": 18.620885848999023, "iteration": 65}