{"incumbents_value": 0.44906891283702877, "time_func_eval": 0.1184225082397461, "optimization_overhead": 0.19309282302856445, "incumbent": [48.376035818235835, 0.00047525735309122404, 0.0017936414110211252, 53.57449194664289, 0.04879962888402105, 0.2547276274610395, 0.6907840394141896, 12.486780996259547], "runtime": 4.9565722942352295, "iteration": 24}