{"incumbents_value": 0.578992516544004, "time_func_eval": 9.546519756317139, "optimization_overhead": 0.2495424747467041, "incumbent": [146.06044179230437, 1e-05, 0.0001, 268.20983552153103, 0.6454623935858161, 0.9, 0.49073501134718994, 14.465710774447112], "runtime": 169.37186241149902, "iteration": 37}