{"incumbents_value": 0.8582895219612046, "iteration": 3, "runtime": 81.05742597579956, "incumbent": [132.72927611959017, 0.00970999619264636, 0.09339562122074588, 232.6426991800471, 0.8243502428012311, 0.35335451971465837, 0.2374232755206973, 5.388016736051911], "optimization_overhead": 0.29842543601989746, "time_func_eval": 62.70203614234924}