{"incumbents_value": 0.5037837244267173, "iteration": 85, "runtime": 872.2454736232758, "incumbent": [132.60240558915078, 0.01, 0.0001, 232.45887290769755, 0.5146455201677071, 0.09, 0.0999, 5.141585849332277], "optimization_overhead": 0.38405299186706543, "time_func_eval": 0.6544432640075684}