{"incumbents_value": 0.5037837244267173, "iteration": 94, "runtime": 968.7289946079254, "incumbent": [132.60240558915078, 0.01, 0.0001, 232.45887290769755, 0.5146455201677071, 0.09, 0.0999, 5.141585849332277], "optimization_overhead": 0.32220935821533203, "time_func_eval": 0.4329071044921875}