{"time_func_eval": 0.1166229248046875, "runtime": 5.975966453552246, "incumbents_value": 0.17647058823529405, "iteration": 22, "incumbent": [38.38739432589247, 0.009810733812114484, 0.00781729186554093, 286.606545939987, 0.030434417099332513, 0.5892557115134505, 0.9475415937680094, 14.142578497701724], "optimization_overhead": 0.16734576225280762}