{"time_func_eval": 0.01966381072998047, "runtime": 2.617793083190918, "incumbents_value": 0.2857142857142857, "iteration": 9, "incumbent": [132.18125812642884, 0.008802137257911737, 0.008068823986069696, 279.58458079207446, 0.8701633294165996, 0.8937801523293218, 0.8385250459647665, 7.862164733425374], "optimization_overhead": 0.23206806182861328}