{"time_func_eval": 0.03314852714538574, "runtime": 16.535970449447632, "incumbents_value": 0.0, "iteration": 55, "incumbent": [38.49439642230066, 0.01, 0.040376543429720045, 286.57341990419104, 0.01060406089245191, 0.5022637744200188, 0.7184014776154666, 14.034627253840045], "optimization_overhead": 0.23523521423339844}