{"time_func_eval": 0.010214567184448242, "runtime": 26.0144305229187, "incumbents_value": 0.0, "iteration": 84, "incumbent": [38.49439642230066, 0.01, 0.040376543429720045, 286.57341990419104, 0.01060406089245191, 0.5022637744200188, 0.7184014776154666, 14.034627253840045], "optimization_overhead": 0.23546862602233887}