{"time_func_eval": 0.10404777526855469, "runtime": 21.988159894943237, "incumbents_value": 0.0, "iteration": 71, "incumbent": [38.49439642230066, 0.01, 0.040376543429720045, 286.57341990419104, 0.01060406089245191, 0.5022637744200188, 0.7184014776154666, 14.034627253840045], "optimization_overhead": 0.21229839324951172}