{"runtime": 13.065437316894531, "optimization_overhead": 0.24005341529846191, "incumbent": [123.05165883079005, 0.002471116145279429, 0.001813113716528237, 180.47077755795175, 0.7109281333889148, 0.39411372414094725, 0.759332018405428, 8.983662802391969], "time_func_eval": 0.09298539161682129, "incumbents_value": 0.0, "iteration": 50}