{"runtime": 1.7678043842315674, "optimization_overhead": 0.2642066478729248, "incumbent": [123.05165883079005, 0.002471116145279429, 0.001813113716528237, 180.47077755795175, 0.7109281333889148, 0.39411372414094725, 0.759332018405428, 8.983662802391969], "time_func_eval": 0.02487039566040039, "incumbents_value": 0.0, "iteration": 9}