{"optimization_overhead": 0.42420101165771484, "runtime": 42.309288024902344, "incumbent": [146.5420033914829, 6.012974302563806e-05, 0.023447220973726028, 241.13381626323252, 0.01621104405960412, 0.8888921757918474, 0.7466798047107867, 14.195648746722187], "incumbents_value": 0.10369140937450005, "time_func_eval": 0.20450186729431152, "iteration": 56}