{"optimization_overhead": 0.24178624153137207, "runtime": 69.0907518863678, "incumbent": [146.5420033914829, 6.012974302563806e-05, 0.023447220973726028, 241.13381626323252, 0.01621104405960412, 0.8888921757918474, 0.7466798047107867, 14.195648746722187], "incumbents_value": 0.10369140937450005, "time_func_eval": 0.26534390449523926, "iteration": 95}