{"optimization_overhead": 0.23729705810546875, "runtime": 60.122313022613525, "incumbent": [146.5420033914829, 6.012974302563806e-05, 0.023447220973726028, 241.13381626323252, 0.01621104405960412, 0.8888921757918474, 0.7466798047107867, 14.195648746722187], "incumbents_value": 0.10369140937450005, "time_func_eval": 0.08223795890808105, "iteration": 80}