{"runtime": 43177.12237286568, "optimization_overhead": 0.44555187225341797, "iteration": 47, "incumbent": [146.82787151460946, 0.005224118537913549, 0.0014805373468107597, 249.46833297169988, 0.49650392899252915, 0.350742361512401, 0.960304693734919, 6.231758508244526], "incumbents_value": 0.015404266892241392, "time_func_eval": 169.31725525856018}