{"runtime": 26.892152309417725, "optimization_overhead": 0.19388175010681152, "incumbent": [11.749117088524793, 0.0002933082190873467, 0.030181934835339742, 297.12389460481415, 0.5523731659191734, 0.755661117967563, 0.6580660554162738, 7.808914894504343], "time_func_eval": 0.016697168350219727, "incumbents_value": 0.0, "iteration": 91}