{"runtime": 13.423898696899414, "optimization_overhead": 0.2391667366027832, "incumbent": [11.749117088524793, 0.0002933082190873467, 0.030181934835339742, 297.12389460481415, 0.5523731659191734, 0.755661117967563, 0.6580660554162738, 7.808914894504343], "time_func_eval": 0.07361435890197754, "incumbents_value": 0.0, "iteration": 50}