{"incumbents_value": 0.44892742275288333, "iteration": 81, "runtime": 364.3077619075775, "incumbent": [142.47329803958456, 0.00044506328275053896, 0.0009867280367809933, 297.37006492347075, 0.292258152211151, 0.5514097965332073, 0.24868857254878174, 13.514474897443549], "optimization_overhead": 0.21753263473510742, "time_func_eval": 1.733750343322754}