{"incumbents_value": 0.4288163801823408, "iteration": 91, "runtime": 397.2323594093323, "incumbent": [142.74093857145553, 1e-05, 0.0001, 297.3870242634145, 0.42758419430966565, 0.4394074883827468, 0.0999, 13.489165263175034], "optimization_overhead": 0.3070042133331299, "time_func_eval": 0.6284778118133545}