{"incumbents_value": 0.4288163801823408, "iteration": 96, "runtime": 426.06197714805603, "incumbent": [142.74093857145553, 1e-05, 0.0001, 297.3870242634145, 0.42758419430966565, 0.4394074883827468, 0.0999, 13.489165263175034], "optimization_overhead": 0.29503726959228516, "time_func_eval": 0.2129197120666504}