{"incumbents_value": 0.4288163801823408, "iteration": 98, "runtime": 428.355441570282, "incumbent": [142.74093857145553, 1e-05, 0.0001, 297.3870242634145, 0.42758419430966565, 0.4394074883827468, 0.0999, 13.489165263175034], "optimization_overhead": 0.2418837547302246, "time_func_eval": 1.5156514644622803}