{"incumbents_value": 0.49369175615445493, "iteration": 50, "runtime": 208.71524715423584, "incumbent": [140.00532578339073, 0.01, 0.0001, 289.87356066334166, 0.8628016352974343, 0.12155920780035581, 0.0999, 14.233021413564437], "optimization_overhead": 0.22176337242126465, "time_func_eval": 0.4152028560638428}