{"incumbents_value": 0.038742647910900985, "time_func_eval": 3.671107769012451, "optimization_overhead": 0.18777704238891602, "incumbent": [101.826053653788, 0.0006448399454601644, 0.004969587794052967, 216.04706024271104, 0.8618575323659301, 0.8778121626905194, 0.7368539232923912, 13.794011587852507], "runtime": 12.02309536933899, "iteration": 5}