{"time_func_eval": 0.5233900547027588, "runtime": 215.59014201164246, "incumbents_value": 0.13644985180380187, "iteration": 68, "incumbent": [2.282735571653175, 0.00536705026797731, 0.014602857007700022, 113.54933651642544, 0.3649853527497529, 0.5889013959660988, 0.9844787283883085, 14.886327265867571], "optimization_overhead": 0.22878432273864746}