{"time_func_eval": 8.706192970275879, "runtime": 301.8302307128906, "incumbents_value": 0.1341038210155857, "iteration": 93, "incumbent": [4.1104909806605265, 0.009561222366590343, 0.09518624501213996, 89.51561590697153, 0.08398486163997118, 0.807326024374603, 0.553174481605413, 10.515306936863375], "optimization_overhead": 0.2081906795501709}