{"time_func_eval": 0.6431763172149658, "runtime": 74.76270461082458, "incumbents_value": 0.14546407273942297, "iteration": 17, "incumbent": [123.22612450471586, 0.01, 0.0001, 283.0282437637707, 0.9, 0.8836894414595939, 0.999, 13.11232904898535], "optimization_overhead": 0.18291425704956055}