{"time_func_eval": 0.6188321113586426, "runtime": 32.1831169128418, "incumbents_value": 0.14546407273942297, "iteration": 5, "incumbent": [123.22612450471586, 0.01, 0.0001, 283.0282437637707, 0.9, 0.8836894414595939, 0.999, 13.11232904898535], "optimization_overhead": 0.17202377319335938}