{"time_func_eval": 4.139171361923218, "runtime": 243.08315896987915, "incumbents_value": 0.1341038210155857, "iteration": 76, "incumbent": [4.1104909806605265, 0.009561222366590343, 0.09518624501213996, 89.51561590697153, 0.08398486163997118, 0.807326024374603, 0.553174481605413, 10.515306936863375], "optimization_overhead": 0.31310534477233887}