{"incumbents_value": 0.9510063202496188, "time_func_eval": 0.09105610847473145, "optimization_overhead": 0.3278493881225586, "incumbent": [149.4120249752874, 0.00041087609634674294, 0.0022917025673957307, 65.69239032875765, 0.8633163106968652, 0.7100897017940064, 0.9398692819842743, 13.807204750207841], "runtime": 91.56602358818054, "iteration": 82}