{"incumbents_value": 0.9721950171821306, "time_func_eval": 2.318732976913452, "optimization_overhead": 0.1940455436706543, "incumbent": [110.94198646690039, 0.0001762519280840997, 0.0037484172898137207, 88.75268590440761, 0.3528219472405832, 0.48202065640614344, 0.2518033057802061, 5.772796101147675], "runtime": 43.15451765060425, "iteration": 45}