{"runtime": 0.9178900718688965, "optimization_overhead": 0.0016392866770426433, "incumbent": [3.352698531132576, 0.009854922604500278, 0.009339380482922866, 196.88892076735732, 0.20821951286789545, 0.1632599930319541, 0.10015286011781685, 11.587048861908855], "time_func_eval": 0.9124281406402588, "incumbents_value": 0.7362303245923936, "iteration": 0}