{"runtime": 278.9625084400177, "optimization_overhead": 0.21944212913513184, "incumbent": [130.36685456708022, 0.005935614750834055, 0.005095750039624706, 285.5761421638091, 0.18643809362450556, 0.646553164554925, 0.7555548323031959, 5.592116361972659], "time_func_eval": 5.962205648422241, "incumbents_value": 0.2646112373213724, "iteration": 79}