{"runtime": 125.67239236831665, "optimization_overhead": 0.23597979545593262, "incumbent": [147.37947977599927, 0.0009191406061526796, 0.004290451618539022, 229.74676091567693, 0.8848169431354733, 0.893960145511332, 0.9114814651688105, 5.571755177134512], "time_func_eval": 0.24418115615844727, "incumbents_value": 0.3009856915246244, "iteration": 28}