{"runtime": 75.98247933387756, "optimization_overhead": 0.17548608779907227, "incumbent": [127.87249014413378, 0.0005993251484627423, 0.0017468071394446932, 168.1855258199476, 0.5381844580164485, 0.17054485781748263, 0.308855785933844, 14.156419617466867], "time_func_eval": 0.890772819519043, "incumbents_value": 0.3490656936157738, "iteration": 18}