{"incumbents_value": 0.5587840776591693, "time_func_eval": 1.1717944145202637, "optimization_overhead": 0.2531123161315918, "incumbent": [139.32087713145276, 0.0008830845814377862, 0.0036858819998886352, 268.33491950667985, 0.8283514698165686, 0.8073129038069751, 0.6737887752328956, 9.163454566512947], "runtime": 275.2361273765564, "iteration": 57}