{"incumbents_value": 0.9625466380884338, "time_func_eval": 0.17714786529541016, "optimization_overhead": 0.17420721054077148, "incumbent": [10.276065568306793, 0.0001975177092230656, 0.0049787275826885715, 290.20065578121194, 0.3308183537664366, 0.8201993791652256, 0.3908687786246126, 14.750074906827562], "runtime": 6.261023044586182, "iteration": 8}