{"incumbents_value": 0.021183883572670092, "time_func_eval": 1.032789945602417, "optimization_overhead": 0.3309497833251953, "incumbent": [136.12946282058434, 0.00022909585428067375, 0.002903040756734221, 225.61474459304742, 0.1160805899611521, 0.28792227041046803, 0.9677999883070837, 5.635129430852218], "runtime": 211.96109008789062, "iteration": 87}