{"incumbents_value": 0.021183883572670092, "time_func_eval": 1.5949642658233643, "optimization_overhead": 0.3907930850982666, "incumbent": [136.12946282058434, 0.00022909585428067375, 0.002903040756734221, 225.61474459304742, 0.1160805899611521, 0.28792227041046803, 0.9677999883070837, 5.635129430852218], "runtime": 160.62435603141785, "iteration": 68}