{"incumbents_value": 0.572711887475281, "time_func_eval": 0.08464789390563965, "optimization_overhead": 0.2391042709350586, "incumbent": [135.36374707665405, 0.008636460110604541, 0.013522868926565876, 172.82057010807557, 0.2042592157216596, 0.8836158260741803, 0.9943767437681386, 5.23087237458359], "runtime": 107.74217510223389, "iteration": 18}