{"incumbents_value": 0.08629871952369783, "time_func_eval": 1.4297614097595215, "optimization_overhead": 0.3111386299133301, "incumbent": [145.2922967709483, 0.0017191253359578338, 0.013974551789430155, 284.9343309684884, 0.07399665981943152, 0.7624688326569735, 0.6513885418128862, 14.141204106639973], "runtime": 67.98397850990295, "iteration": 85}