{"incumbents_value": 0.7136869613472816, "iteration": 51, "runtime": 155.58089208602905, "incumbent": [118.6274884960599, 0.009355415194937456, 0.003903227770612579, 123.43047765251661, 0.8587581279910386, 0.3839289289815885, 0.8674647500248885, 5.0276449064060635], "optimization_overhead": 0.28940892219543457, "time_func_eval": 0.4655332565307617}