{"incumbents_value": 0.7136869613472816, "iteration": 40, "runtime": 126.29108738899231, "incumbent": [118.6274884960599, 0.009355415194937456, 0.003903227770612579, 123.43047765251661, 0.8587581279910386, 0.3839289289815885, 0.8674647500248885, 5.0276449064060635], "optimization_overhead": 0.31304073333740234, "time_func_eval": 0.8613991737365723}