{"incumbents_value": 0.9721950171821306, "time_func_eval": 1.2713549137115479, "optimization_overhead": 0.16591215133666992, "incumbent": [110.94198646690039, 0.0001762519280840997, 0.0037484172898137207, 88.75268590440761, 0.3528219472405832, 0.48202065640614344, 0.2518033057802061, 5.772796101147675], "runtime": 28.173861980438232, "iteration": 31}