{"incumbents_value": 0.9510063202496188, "time_func_eval": 2.8596203327178955, "optimization_overhead": 0.36434149742126465, "incumbent": [149.4120249752874, 0.00041087609634674294, 0.0022917025673957307, 65.69239032875765, 0.8633163106968652, 0.7100897017940064, 0.9398692819842743, 13.807204750207841], "runtime": 80.4260766506195, "iteration": 73}