{"incumbents_value": 0.09363493594984007, "time_func_eval": 18.67335820198059, "optimization_overhead": 0.20833635330200195, "incumbent": [146.5463275697209, 0.008939914440675609, 0.001724302747091141, 274.6100393630504, 0.728695719753467, 0.3155784441420275, 0.32293657611473625, 6.911136233375394], "runtime": 357.591210603714, "iteration": 17}