{"incumbents_value": 0.07276401905988039, "time_func_eval": 2.7124578952789307, "optimization_overhead": 0.22632217407226562, "incumbent": [145.44281708516073, 6.681761644456574e-05, 0.0024088963584674794, 217.091748903913, 0.24666940030030943, 0.32723333620064116, 0.8900612361396097, 11.819563592556664], "runtime": 662.1595678329468, "iteration": 38}