{"incumbents_value": 0.06504183406017394, "time_func_eval": 1.483886957168579, "optimization_overhead": 0.20199346542358398, "incumbent": [146.28840575993553, 0.008591121371705666, 0.006904793361172103, 247.40316088077807, 0.850056901997211, 0.6774205097919637, 0.9363567873298724, 8.256765656176439], "runtime": 50.99513244628906, "iteration": 19}