{"incumbents_value": 0.06315815498203248, "time_func_eval": 5.353278875350952, "optimization_overhead": 0.23262500762939453, "incumbent": [132.45926235466655, 0.006162377863747972, 0.01786865945760104, 55.5614893518165, 0.4230342450523711, 0.11718325933868093, 0.7303568403857014, 14.502002622168863], "runtime": 219.84610319137573, "iteration": 68}