{"optimization_overhead": 0.1551053524017334, "incumbents_value": 0.24285714285714288, "iteration": 7, "incumbent": [134.05182621336357, 0.009771534673662494, 0.007792448514449449, 222.3126350989291, 0.01776144200394961, 0.5757064094992663, 0.974796766100779, 14.444668923603999], "runtime": 1.4601447582244873, "time_func_eval": 0.02202129364013672}