{"runtime": 9.117730617523193, "optimization_overhead": 0.17933130264282227, "incumbent": [143.43617242552006, 0.009134801095836496, 0.06104730250540398, 215.29554699544235, 0.8142487906650621, 0.8040679901187585, 0.44851672720974517, 8.168697287554643], "time_func_eval": 0.15234923362731934, "incumbents_value": 0.0569430569430569, "iteration": 27}