{"runtime": 25.383068561553955, "optimization_overhead": 0.23034977912902832, "incumbent": [28.980210209582317, 0.008753876455160469, 0.021975630578180735, 276.24153814583985, 0.10893887820732205, 0.26063333312347853, 0.7512485800290243, 14.506209948100675], "time_func_eval": 0.149383544921875, "incumbents_value": 0.03027065527065531, "iteration": 70}