{"runtime": 15.014963388442993, "optimization_overhead": 0.2099297046661377, "incumbent": [123.24079151636077, 0.009983643039168823, 0.017448734612945455, 144.63093431321, 0.18843126015077322, 0.1290350412099337, 0.9440623194332857, 13.495254892696176], "time_func_eval": 0.1092982292175293, "incumbents_value": 0.0302708785467406, "iteration": 43}