{"incumbents_value": 0.4129596457182664, "time_func_eval": 0.8162784576416016, "optimization_overhead": 0.44852566719055176, "incumbent": [28.010441626169722, 0.0027902614688977184, 0.08529996483225907, 293.3172926601993, 0.21619525192422923, 0.8820231960910082, 0.8849137857972402, 14.624701445388137], "runtime": 82.79738974571228, "iteration": 67}