{"incumbents_value": 0.8099447513812155, "time_func_eval": 0.14607524871826172, "optimization_overhead": 0.21520519256591797, "incumbent": [143.44075629636933, 0.0074162006292761455, 0.00039423227341026015, 249.25697427728676, 0.863232599590221, 0.12558521893122326, 0.9545755739775241, 8.486355782998283], "runtime": 12.438849210739136, "iteration": 37}