{"incumbents_value": 0.7495150247242297, "time_func_eval": 0.15178370475769043, "optimization_overhead": 0.20924997329711914, "incumbent": [56.73080240236313, 0.01, 0.0001, 255.43036034807585, 0.01, 0.9, 0.0999, 6.752300845987444], "runtime": 27.13335657119751, "iteration": 75}