{"incumbents_value": 0.06819804657999884, "time_func_eval": 0.7622215747833252, "optimization_overhead": 0.23711776733398438, "incumbent": [145.7456185748161, 0.0002247037060818095, 0.009144180289823247, 201.09685482656556, 0.6602416609595414, 0.8961173663095752, 0.8416650025563923, 14.603463928396419], "runtime": 80.95048666000366, "iteration": 48}