{"incumbents_value": 0.06819804657999884, "time_func_eval": 3.9457225799560547, "optimization_overhead": 0.2738454341888428, "incumbent": [145.7456185748161, 0.0002247037060818095, 0.009144180289823247, 201.09685482656556, 0.6602416609595414, 0.8961173663095752, 0.8416650025563923, 14.603463928396419], "runtime": 115.34670448303223, "iteration": 69}