{"incumbent": [20.739714560007226, 0.0016086327201915377, 0.006703192542849765, 87.5195044678214, 0.3326853319294633, 0.11446617809766818, 0.9563421661658544, 7.960599268018153], "iteration": 10, "time_func_eval": 0.043381690979003906, "optimization_overhead": 0.4053192138671875, "incumbents_value": 0.21756383712905458, "runtime": 2.1354520320892334}