{"incumbent": [132.0294482008311, 0.00943044112836805, 0.0022099641375326368, 213.24223170031817, 0.017221989009631466, 0.44657205813897205, 0.9518430841013411, 5.706665015696234], "iteration": 29, "time_func_eval": 0.8383500576019287, "optimization_overhead": 0.1632835865020752, "incumbents_value": 0.3851183128667647, "runtime": 60.71363854408264}