{"incumbent": [136.96378306102483, 0.009814800911559425, 0.000907466822533985, 294.4579177849773, 0.8871591293483847, 0.3532368824764309, 0.49052067509309455, 8.155612201744653], "iteration": 14, "time_func_eval": 0.2497692108154297, "optimization_overhead": 0.17536187171936035, "incumbents_value": 0.3879783987958989, "runtime": 24.21912932395935}