{"incumbents_value": 0.6412713711277322, "time_func_eval": 2.753589630126953, "optimization_overhead": 0.31881165504455566, "incumbent": [50.28878526452016, 0.01, 0.0001, 284.3306468600733, 0.9, 0.79793439129119, 0.502274515217624, 6.278833445379965], "runtime": 26.031806230545044, "iteration": 16}