{"incumbents_value": 0.5900600227991983, "time_func_eval": 2.135883331298828, "optimization_overhead": 0.25382542610168457, "incumbent": [147.0617434113116, 0.01, 0.0001, 299.48719863108767, 0.14040627264489947, 0.8171874313598888, 0.8765698683871188, 7.677052952403722], "runtime": 188.36244082450867, "iteration": 42}