{"incumbents_value": 0.6695978610792819, "time_func_eval": 0.3548154830932617, "optimization_overhead": 0.00015616416931152344, "incumbent": [10.749235195390648, 0.006865211318781455, 0.02864838436170358, 98.05804543245588, 0.3640462510016445, 0.8434559561215271, 0.880967463486155, 9.627944404769606], "runtime": 1.4740209579467773, "iteration": 2}