{"incumbents_value": 0.5900600227991983, "time_func_eval": 43.098121643066406, "optimization_overhead": 0.2065119743347168, "incumbent": [147.0617434113116, 0.01, 0.0001, 299.48719863108767, 0.14040627264489947, 0.8171874313598888, 0.8765698683871188, 7.677052952403722], "runtime": 106.62777209281921, "iteration": 22}