{"incumbents_value": 0.024598835557572696, "time_func_eval": 0.6081101894378662, "optimization_overhead": 0.25225830078125, "incumbent": [39.475528949225925, 0.00970372734236308, 0.03185122225238033, 263.1228371444113, 0.10253190919681754, 0.8717462284572176, 0.7112012217414678, 14.812941867838642], "runtime": 80.31854009628296, "iteration": 65}