{"incumbents_value": 0.032568280804145644, "time_func_eval": 0.6615753173828125, "optimization_overhead": 0.1679222583770752, "incumbent": [60.96453783043181, 0.00034920644089589056, 0.005751930383840095, 298.49412379631707, 0.027411852032975824, 0.8239353445864257, 0.553806294889204, 6.080441199350405], "runtime": 28.745550394058228, "iteration": 25}