{"incumbents_value": 0.05786855473279484, "time_func_eval": 0.26679396629333496, "optimization_overhead": 0.20990347862243652, "incumbent": [20.330938143756324, 0.00013972927856662246, 0.018005393304465784, 263.80959913202616, 0.719836539226137, 0.09375044413511069, 0.9299308430721626, 8.938058726814006], "runtime": 6.2787697315216064, "iteration": 6}