{"time_func_eval": 0.4825093746185303, "runtime": 42.778995513916016, "incumbents_value": 0.15032028566948907, "iteration": 10, "incumbent": [123.22612450471586, 0.01, 0.0001, 283.0282437637707, 0.9, 0.8836894414595939, 0.999, 13.11232904898535], "optimization_overhead": 0.21628212928771973}