{"time_func_eval": 0.6988675594329834, "runtime": 292.0800578594208, "incumbents_value": 0.12800796927945424, "iteration": 94, "incumbent": [6.3376312680944755, 0.0003612887897447749, 0.0009762553230629517, 58.75628013397997, 0.43741039889356453, 0.8950502103490859, 0.8498194590785818, 6.075947173999239], "optimization_overhead": 0.3542332649230957}