{"time_func_eval": 0.5973594188690186, "runtime": 113.00799369812012, "incumbents_value": 0.14165108335227472, "iteration": 31, "incumbent": [8.615073067635667, 0.0035571737395247143, 0.0018496904688997478, 55.84603386821503, 0.12558735616157468, 0.8114014116997772, 0.2137333668415583, 5.625717282870946], "optimization_overhead": 0.19196653366088867}