{"runtime": 22.710445880889893, "time_func_eval": 0.0863645076751709, "incumbents_value": 0.09579418307684429, "iteration": 28, "optimization_overhead": 0.17418766021728516, "incumbent": [148.28946558455257, 0.007842328663254464, 0.006287791532360109, 204.656045072011, 0.8825703654063166, 0.7375622928913698, 0.9225286766970502, 14.746545144163285]}