{"runtime": 5.06511378288269, "time_func_eval": 0.44304323196411133, "incumbents_value": 0.11170933734939759, "iteration": 9, "optimization_overhead": 0.20858144760131836, "incumbent": [143.57005855989456, 0.008793997668862292, 0.015870158419295472, 284.11860694956744, 0.08573756620786016, 0.30663425008643597, 0.8782121433258014, 12.367645114549592]}