{"runtime": 74.08971738815308, "time_func_eval": 0.2228376865386963, "incumbents_value": 0.06352989828599576, "iteration": 99, "optimization_overhead": 0.2542603015899658, "incumbent": [107.69760043550153, 0.006498782856090558, 0.019359755019714982, 224.08013463684088, 0.8050307400734878, 0.887631978080892, 0.7145714672971263, 13.945034220596437]}