{"runtime": 71.90407276153564, "time_func_eval": 0.19815611839294434, "incumbents_value": 0.06352989828599576, "iteration": 95, "optimization_overhead": 0.220473051071167, "incumbent": [107.69760043550153, 0.006498782856090558, 0.019359755019714982, 224.08013463684088, 0.8050307400734878, 0.887631978080892, 0.7145714672971263, 13.945034220596437]}