{"runtime": 54.3967547416687, "time_func_eval": 0.03468608856201172, "incumbents_value": 0.06352989828599576, "iteration": 71, "optimization_overhead": 0.21403837203979492, "incumbent": [107.69760043550153, 0.006498782856090558, 0.019359755019714982, 224.08013463684088, 0.8050307400734878, 0.887631978080892, 0.7145714672971263, 13.945034220596437]}