{"optimization_overhead": 0.17583417892456055, "runtime": 5.270415782928467, "incumbent": [146.0789765067102, 0.0012919177576715174, 0.01705471119916544, 275.0155914574884, 0.6396963893658231, 0.8779147948493566, 0.9953168139659698, 5.952666359829478], "incumbents_value": 0.1376110469190991, "time_func_eval": 0.10645699501037598, "iteration": 16}