{"optimization_overhead": 0.18903493881225586, "runtime": 34.51347994804382, "incumbent": [41.259746444416216, 0.009754498107450355, 0.06078471908853284, 184.50625248347723, 0.8450444710710463, 0.8724748623699438, 0.7282617822009142, 14.60305522470332], "incumbents_value": 0.11236456537798567, "time_func_eval": 0.3569662570953369, "iteration": 99}