{"incumbents_value": 0.0, "time_func_eval": 1.1380174160003662, "optimization_overhead": 0.2662625312805176, "incumbent": [73.4850822066196, 0.009363627927917624, 0.015196389386891856, 189.78392966219383, 0.4586758305181285, 0.434079987923949, 0.7871534527483913, 14.202815812717262], "runtime": 81.22664141654968, "iteration": 79}