{"incumbents_value": 0.6780626780626781, "time_func_eval": 0.03620457649230957, "optimization_overhead": 0.24007201194763184, "incumbent": [5.691858590352286, 0.007519158206003235, 0.01664121340131771, 120.0295207746314, 0.8903657052830325, 0.24598613796726237, 0.8828527047074483, 6.5943515250325095], "runtime": 8.448081493377686, "iteration": 36}