{"incumbents_value": 0.7697435897435898, "time_func_eval": 0.03249239921569824, "optimization_overhead": 0.15122270584106445, "incumbent": [62.55138075434464, 0.007900230770833953, 0.0010646930363293053, 54.4238871358438, 0.18548515691591186, 0.24077362080462777, 0.984557278651139, 11.711208069634061], "runtime": 1.4624159336090088, "iteration": 8}