{"incumbents_value": 0.21394557823129257, "time_func_eval": 0.029936790466308594, "optimization_overhead": 0.16873979568481445, "incumbent": [18.062824072551404, 0.0059489915641213285, 0.07690235953005928, 290.85799305466884, 0.36928935618524306, 0.8124700425067821, 0.9168472887866924, 14.391442086195404], "runtime": 4.016223192214966, "iteration": 17}