{"incumbents_value": 0.55478471234038, "time_func_eval": 3.9080820083618164, "optimization_overhead": 0.29918766021728516, "incumbent": [146.86135048834421, 0.003052964735193603, 0.00044704317736778793, 190.0926538661245, 0.11211752146370374, 0.8298439314464799, 0.8366105385549346, 9.355165733244643], "runtime": 191.43689608573914, "iteration": 59}