{"incumbents_value": 0.07680006462942934, "time_func_eval": 13.156351089477539, "optimization_overhead": 0.2559049129486084, "incumbent": [144.07332621924417, 0.0061401960212610195, 0.006264155274634304, 103.19458903534554, 0.8012745036440762, 0.243559432912968, 0.960437040868385, 14.550531115359346], "runtime": 1353.9843561649323, "iteration": 55}