{"runtime": 22.89229655265808, "optimization_overhead": 0.19080376625061035, "incumbent": [136.0196405521218, 0.00756732160859423, 0.0028951831086377914, 52.22186114048484, 0.09610998876257293, 0.36775699493097647, 0.3979592829913748, 13.425137776089489], "time_func_eval": 0.13523292541503906, "incumbents_value": 0.46403335883030783, "iteration": 48}