{"runtime": 56.75730109214783, "time_func_eval": 0.5713930130004883, "incumbents_value": 0.13424741140312846, "iteration": 77, "optimization_overhead": 0.246199369430542, "incumbent": [133.35692586289872, 0.0007710877603497842, 0.013924021749313753, 234.80319495845143, 0.8527299629557269, 0.4969403856687349, 0.804865796687717, 10.19362461206882]}