{"incumbents_value": 0.7111695906432749, "time_func_eval": 0.010691165924072266, "optimization_overhead": 0.21155691146850586, "incumbent": [6.778017347516266, 0.003954001870866593, 0.004473069685303328, 80.04140591396379, 0.2583297919441411, 0.6942099637762821, 0.12372902943824703, 14.940531364759435], "runtime": 3.3346874713897705, "iteration": 16}