{"incumbents_value": 0.01667708984782157, "time_func_eval": 0.015324592590332031, "optimization_overhead": 0.22704529762268066, "incumbent": [37.62531250744662, 0.01, 0.06586207192076048, 285.3300745972685, 0.31658914717789444, 0.9, 0.999, 12.97438676222207], "runtime": 22.790525913238525, "iteration": 78}