{"runtime": 9.22577953338623, "optimization_overhead": 0.19884514808654785, "incumbent": [75.57270598287548, 0.0032072481960808445, 0.09509008157002505, 52.744191751165246, 0.8009246342020421, 0.7657268323923354, 0.9914944567828897, 11.312596157230715], "time_func_eval": 0.07852363586425781, "incumbents_value": 0.0, "iteration": 41}