{"runtime": 16.240599632263184, "optimization_overhead": 0.23315715789794922, "incumbent": [75.57270598287548, 0.0032072481960808445, 0.09509008157002505, 52.744191751165246, 0.8009246342020421, 0.7657268323923354, 0.9914944567828897, 11.312596157230715], "time_func_eval": 0.02205348014831543, "incumbents_value": 0.0, "iteration": 67}