{"optimization_overhead": 0.19292616844177246, "runtime": 26.82582402229309, "incumbent": [137.88173789058436, 0.005443470540761927, 0.04657850829159498, 266.6871448917983, 0.2115294174759823, 0.5419002395758458, 0.9055552056560626, 14.972720100868191], "incumbents_value": 0.13792016806722684, "time_func_eval": 0.03931593894958496, "iteration": 80}