{"optimization_overhead": 0.2587547302246094, "runtime": 32.15801405906677, "incumbent": [137.88173789058436, 0.005443470540761927, 0.04657850829159498, 266.6871448917983, 0.2115294174759823, 0.5419002395758458, 0.9055552056560626, 14.972720100868191], "incumbents_value": 0.13792016806722684, "time_func_eval": 0.4602029323577881, "iteration": 94}