{"incumbents_value": 0.867413054563998, "time_func_eval": 1.1218509674072266, "optimization_overhead": 0.20186781883239746, "incumbent": [132.34269394899508, 0.003520987831587256, 0.002167538036886127, 52.75717876200668, 0.012919767648193192, 0.8735246676813998, 0.19582658760893562, 5.5662097656344125], "runtime": 7.895352840423584, "iteration": 10}