{"runtime": 3.1518566608428955, "optimization_overhead": 0.22316193580627441, "incumbent": [146.50216249269047, 0.01, 0.1, 241.05542902903875, 0.012175941194584268, 0.8514292018883602, 0.9366421414760677, 14.359597710757797], "time_func_eval": 0.029279470443725586, "incumbents_value": 0.0569430569430569, "iteration": 10}