{"runtime": 27.26462697982788, "optimization_overhead": 0.2505171298980713, "incumbent": [26.553073442413726, 0.00016703136305898806, 0.06811794898680319, 283.8842677137335, 0.5467973189155706, 0.8074950402017776, 0.41909393759827435, 14.518028846791292], "time_func_eval": 0.09841322898864746, "incumbents_value": 0.01566433566433567, "iteration": 73}