{"runtime": 126.9367163181305, "time_func_eval": 0.05368804931640625, "incumbents_value": 0.8884880528144286, "iteration": 78, "optimization_overhead": 0.21508026123046875, "incumbent": [39.066791927944706, 0.00828518665415171, 0.0025012464563571204, 258.4490284356806, 0.06289487176815849, 0.2021759646170654, 0.808212341701401, 11.779167131396315]}