{"runtime": 58.43044853210449, "time_func_eval": 2.0467329025268555, "incumbents_value": 0.907750835243186, "iteration": 34, "optimization_overhead": 0.1868448257446289, "incumbent": [126.59509679524065, 0.0011169202826845127, 0.0019842791572819447, 283.6317301956133, 0.8426922738542794, 0.8884330392665631, 0.5816967403012685, 14.677452985676855]}