{"incumbents_value": 0.4672042678792291, "iteration": 88, "runtime": 449.57708835601807, "incumbent": [149.39924155285, 0.01, 0.0001, 290.1317356724689, 0.4258598155580766, 0.09, 0.17916204319078705, 15.0], "optimization_overhead": 0.27045321464538574, "time_func_eval": 5.396244287490845}