{"incumbents_value": 0.4672042678792291, "iteration": 81, "runtime": 412.39846444129944, "incumbent": [149.39924155285, 0.01, 0.0001, 290.1317356724689, 0.4258598155580766, 0.09, 0.17916204319078705, 15.0], "optimization_overhead": 0.23769855499267578, "time_func_eval": 0.40464282035827637}