{"incumbents_value": 0.4672042678792291, "iteration": 76, "runtime": 403.3317928314209, "incumbent": [149.39924155285, 0.01, 0.0001, 290.1317356724689, 0.4258598155580766, 0.09, 0.17916204319078705, 15.0], "optimization_overhead": 0.20050930976867676, "time_func_eval": 2.4107606410980225}