{"incumbents_value": 0.811142061281337, "time_func_eval": 0.1901235580444336, "optimization_overhead": 0.19964289665222168, "incumbent": [66.42740949007985, 0.003739361051753878, 0.0015426013473048969, 203.48751299242952, 0.022577379307487523, 0.2622279367255831, 0.832184873102163, 10.928082484803511], "runtime": 6.9902637004852295, "iteration": 21}