{"incumbents_value": 0.811142061281337, "time_func_eval": 0.055213212966918945, "optimization_overhead": 0.22476792335510254, "incumbent": [66.42740949007985, 0.003739361051753878, 0.0015426013473048969, 203.48751299242952, 0.022577379307487523, 0.2622279367255831, 0.832184873102163, 10.928082484803511], "runtime": 8.796855449676514, "iteration": 26}