{"runtime": 1801.9422862529755, "optimization_overhead": 0.6008071899414062, "iteration": 93, "incumbent": [11.822663256695547, 0.008315518607556758, 0.004312094828507276, 228.33959173071446, 0.030910447074054846, 0.7088628156409276, 0.4763523829211541, 13.750686463469693], "incumbents_value": 0.0, "time_func_eval": 0.7095212936401367}