{"runtime": 432.84688210487366, "optimization_overhead": 0.2600429058074951, "iteration": 31, "incumbent": [11.822663256695547, 0.008315518607556758, 0.004312094828507276, 228.33959173071446, 0.030910447074054846, 0.7088628156409276, 0.4763523829211541, 13.750686463469693], "incumbents_value": 0.0, "time_func_eval": 2.5205862522125244}