{"runtime": 1663.6579236984253, "optimization_overhead": 0.6449332237243652, "iteration": 88, "incumbent": [11.822663256695547, 0.008315518607556758, 0.004312094828507276, 228.33959173071446, 0.030910447074054846, 0.7088628156409276, 0.4763523829211541, 13.750686463469693], "incumbents_value": 0.0, "time_func_eval": 43.80629086494446}