{"runtime": 44.609153032302856, "optimization_overhead": 0.29886579513549805, "iteration": 3, "incumbent": [75.0967258831215, 0.005084025156473648, 0.009658469557990955, 191.72376591981188, 0.4641619781237092, 0.567252652407908, 0.43512835107441344, 11.746268778156342], "incumbents_value": 0.0035022741536816504, "time_func_eval": 4.545438528060913}