{"incumbents_value": 0.1842798405376499, "time_func_eval": 0.8098571300506592, "optimization_overhead": 0.2791628837585449, "incumbent": [3.7812968655320036, 0.007761195168488272, 0.0036941253385562676, 276.40510844793766, 0.729765566292267, 0.7536939459078701, 0.7776995803726221, 12.435868022930824], "runtime": 49.82677984237671, "iteration": 20}