{"incumbents_value": 0.16421274806563635, "time_func_eval": 0.13660144805908203, "optimization_overhead": 0.27420663833618164, "incumbent": [136.58689248039522, 0.005276111626352012, 0.013556025200296676, 290.19996253524516, 0.8118030083147606, 0.7531255630593483, 0.8676254431820234, 14.830569562768332], "runtime": 271.1238307952881, "iteration": 69}