{"incumbent": [669.6847475412246, 53.13008944807798, 37630.37340135562, 43.60396217660149, 1.0, 0.35801336247110105, 3297.8304880171445, 10970.873754428529, 28037.264156169906, 696.0422882381531], "time_func_eval": 1.7404556274414062e-05, "iteration": 42, "optimization_overhead": 0.23960399627685547, "runtime": 5.98000168800354, "incumbents_value": -1796551.7801721084}