{"incumbent": [669.7221906113432, 53.35382787004668, 37630.30301333013, 43.64681357345978, 0.8272410511242618, 0.066, 3297.6900984748668, 10970.864185023805, 28037.256577460954, 695.9890249849904], "time_func_eval": 2.1219253540039062e-05, "iteration": 5, "optimization_overhead": 0.07684636116027832, "runtime": 0.3282163143157959, "incumbents_value": -1784272.66754915}