{"incumbent": [669.6847475412246, 53.13008944807798, 37630.37340135562, 43.60396217660149, 1.0, 0.35801336247110105, 3297.8304880171445, 10970.873754428529, 28037.264156169906, 696.0422882381531], "time_func_eval": 1.7881393432617188e-05, "iteration": 39, "optimization_overhead": 0.28614377975463867, "runtime": 5.10749077796936, "incumbents_value": -1796551.7801721084}