{"runtime": 32.85559916496277, "incumbents_value": -3214987.368154524, "iteration": 84, "incumbent": [933.7100537747921, 817.6476652884544, 0.7692998644882842], "time_func_eval": 1.4543533325195312e-05, "optimization_overhead": 0.46579957008361816}