{"runtime": 17.500786542892456, "incumbents_value": -3214987.368154524, "iteration": 49, "incumbent": [933.7100537747921, 817.6476652884544, 0.7692998644882842], "time_func_eval": 1.4066696166992188e-05, "optimization_overhead": 0.3734428882598877}