{"runtime": 25.403338193893433, "incumbents_value": -3214987.368154524, "iteration": 68, "incumbent": [933.7100537747921, 817.6476652884544, 0.7692998644882842], "time_func_eval": 2.0265579223632812e-05, "optimization_overhead": 0.32261037826538086}