{"runtime": 5.748138427734375, "incumbents_value": -3214987.368154524, "iteration": 18, "incumbent": [933.7100537747921, 817.6476652884544, 0.7692998644882842], "time_func_eval": 1.5497207641601562e-05, "optimization_overhead": 0.33048558235168457}