{"runtime": 5.40485405921936, "incumbents_value": -3214987.368154524, "iteration": 17, "incumbent": [933.7100537747921, 817.6476652884544, 0.7692998644882842], "time_func_eval": 1.4781951904296875e-05, "optimization_overhead": 0.26027679443359375}