{"runtime": 89.85940718650818, "optimization_overhead": 0.3268251419067383, "iteration": 38, "incumbent": [21.123825206881836, 0.01, 0.1, 298.5889525580256, 0.5385134759411563, 0.9, 0.999, 11.665048586481133], "incumbents_value": 0.44742537156330264, "time_func_eval": 0.34592199325561523}