{"runtime": 275.22092509269714, "optimization_overhead": 0.30147242546081543, "iteration": 95, "incumbent": [144.0768827833996, 0.00920263241972389, 0.00709802652021048, 297.46082199084896, 0.6252531646725329, 0.356961745789087, 0.11714339979055424, 12.625242332101761], "incumbents_value": 0.4041050903119868, "time_func_eval": 0.12386703491210938}