{"time_func_eval": 7.555050849914551, "runtime": 331.4489641189575, "incumbents_value": 0.03212294070069377, "iteration": 66, "incumbent": [148.0153412824199, 0.005746784352292254, 0.03988223415727852, 167.58853415421015, 0.04539277437036238, 0.8776829976267113, 0.9522216887862976, 14.235991197840988], "optimization_overhead": 0.22395801544189453}