{"time_func_eval": 8.570552110671997, "runtime": 483.58446979522705, "incumbents_value": 0.03212294070069377, "iteration": 97, "incumbent": [148.0153412824199, 0.005746784352292254, 0.03988223415727852, 167.58853415421015, 0.04539277437036238, 0.8776829976267113, 0.9522216887862976, 14.235991197840988], "optimization_overhead": 0.22420477867126465}