{"time_func_eval": 1.7564542293548584, "incumbent": [58.182983328690426, 0.008282347831361336, 0.05340269399522639, 198.26646130177568, 0.18202394461281862, 0.874674297972105, 0.6646514984123417, 9.82846208699187], "runtime": 1.757392168045044, "optimization_overhead": 9.23474629720052e-05, "iteration": 0, "incumbents_value": 0.7175645672859085}