{"time_func_eval": 0.5583374500274658, "incumbent": [108.79989637840697, 0.001465562307242631, 0.004672191485561796, 298.0180626079701, 0.7911930073637844, 0.4494729849405886, 0.3738608951068396, 6.7769333320493965], "runtime": 103.9315869808197, "optimization_overhead": 0.6586828231811523, "iteration": 53, "incumbents_value": 0.0}