{"time_func_eval": 0.2808525562286377, "incumbent": [118.34701018871388, 0.01, 0.0001, 141.4468774713687, 0.1296804628891668, 0.09, 0.9923837959929465, 7.622141306609386], "runtime": 13.569610357284546, "optimization_overhead": 0.20139575004577637, "iteration": 12, "incumbents_value": 0.03112339727647284}