{"iteration": 39, "incumbents_value": 0.8003205128205129, "incumbent": [44.657304802422104, 0.0013640120056437489, 0.01727106998706564, 94.14765218478021, 0.6089899319946928, 0.7009932973894066, 0.5363823281554256, 6.368073133618738], "time_func_eval": 13.50097942352295, "runtime": 758.961311340332, "optimization_overhead": 0.20282649993896484}