{"optimization_overhead": 0.25260210037231445, "runtime": 58.40941500663757, "incumbent": [111.09002427008139, 0.009871991960395527, 0.01163251297769615, 274.03841716611055, 0.3653558155994265, 0.7949095512393531, 0.8199185839591668, 8.661349911668676], "incumbents_value": 0.08784255561738907, "time_func_eval": 0.21457695960998535, "iteration": 66}