{"incumbents_value": 0.6273563186856013, "iteration": 98, "runtime": 458.85369634628296, "incumbent": [138.25477381381552, 1e-05, 0.0001, 290.4167585271358, 0.3460835460946281, 0.9, 0.999, 5.375017932080324], "optimization_overhead": 0.4183349609375, "time_func_eval": 2.1497130393981934}