{"incumbents_value": 0.6273563186856013, "iteration": 57, "runtime": 246.66881799697876, "incumbent": [138.25477381381552, 1e-05, 0.0001, 290.4167585271358, 0.3460835460946281, 0.9, 0.999, 5.375017932080324], "optimization_overhead": 0.33342862129211426, "time_func_eval": 0.14289021492004395}