{"incumbents_value": 0.7879682893673577, "iteration": 14, "runtime": 58.65631914138794, "incumbent": [138.42304752510168, 2.2152757208039896e-05, 0.006595001743207457, 290.39566695653764, 0.0830615764095702, 0.7210587414786771, 0.5654989127467661, 5.351600626445022], "optimization_overhead": 0.23453426361083984, "time_func_eval": 20.11331796646118}