{"incumbents_value": 0.6273563186856013, "iteration": 42, "runtime": 197.15434432029724, "incumbent": [138.25477381381552, 1e-05, 0.0001, 290.4167585271358, 0.3460835460946281, 0.9, 0.999, 5.375017932080324], "optimization_overhead": 0.34862565994262695, "time_func_eval": 5.732651948928833}