{"incumbents_value": 0.7879682893673577, "iteration": 19, "runtime": 66.39225816726685, "incumbent": [138.42304752510168, 2.2152757208039896e-05, 0.006595001743207457, 290.39566695653764, 0.0830615764095702, 0.7210587414786771, 0.5654989127467661, 5.351600626445022], "optimization_overhead": 0.16611194610595703, "time_func_eval": 2.926517963409424}