{"incumbents_value": 0.6273563186856013, "iteration": 73, "runtime": 298.6015257835388, "incumbent": [138.25477381381552, 1e-05, 0.0001, 290.4167585271358, 0.3460835460946281, 0.9, 0.999, 5.375017932080324], "optimization_overhead": 0.21213769912719727, "time_func_eval": 2.433208465576172}