{"incumbents_value": 0.6273563186856013, "iteration": 84, "runtime": 380.38436579704285, "incumbent": [138.25477381381552, 1e-05, 0.0001, 290.4167585271358, 0.3460835460946281, 0.9, 0.999, 5.375017932080324], "optimization_overhead": 0.4192945957183838, "time_func_eval": 0.17610669136047363}