{"incumbents_value": 0.33057598039215685, "time_func_eval": 0.07051753997802734, "optimization_overhead": 0.20354056358337402, "incumbent": [149.5592463707694, 0.0014473422778607885, 0.017379354555366794, 56.46122096388635, 0.8455008393312575, 0.8593050163812124, 0.9811775339859777, 14.271576779738757], "runtime": 10.126287460327148, "iteration": 19}