{"optimization_overhead": 0.22638201713562012, "runtime": 21.586413145065308, "incumbent": [122.29438778839895, 0.005428657751075876, 0.03429170562752855, 256.5057264840427, 0.8960856834368134, 0.3229398825988884, 0.8969824004127671, 14.861475615869553], "incumbents_value": 0.2666666666666666, "time_func_eval": 0.009134054183959961, "iteration": 82}