{"optimization_overhead": 0.23325610160827637, "runtime": 17.001032829284668, "incumbent": [122.29438778839895, 0.005428657751075876, 0.03429170562752855, 256.5057264840427, 0.8960856834368134, 0.3229398825988884, 0.8969824004127671, 14.861475615869553], "incumbents_value": 0.2666666666666666, "time_func_eval": 0.025267839431762695, "iteration": 65}