{"iteration": 15, "incumbents_value": 0.029716487839899552, "incumbent": [149.66449077039238, 0.007342184059527068, 0.005169772385548041, 280.75650157377083, 0.8298356652360552, 0.7863707122437655, 0.9306865640686941, 6.2175714953746875], "time_func_eval": 109.11385226249695, "runtime": 279.4263195991516, "optimization_overhead": 0.17299771308898926}