{"optimization_overhead": 0.2476658821105957, "runtime": 5.327805280685425, "incumbent": [90.39262360011328, 0.0009919795256818473, 0.03469402226563877, 284.0630281919066, 0.5805060670208677, 0.6906249229666668, 0.9621477297339682, 14.606952770765032], "incumbents_value": 0.0, "time_func_eval": 0.0664219856262207, "iteration": 17}