{"optimization_overhead": 0.2430729866027832, "runtime": 5.951354265213013, "incumbent": [90.39262360011328, 0.0009919795256818473, 0.03469402226563877, 284.0630281919066, 0.5805060670208677, 0.6906249229666668, 0.9621477297339682, 14.606952770765032], "incumbents_value": 0.0, "time_func_eval": 0.08041977882385254, "iteration": 19}