{"optimization_overhead": 0.001425345738728841, "runtime": 0.19057822227478027, "incumbent": [104.73387169623068, 0.006101210418373154, 0.005869166667620027, 277.11916645637666, 0.050551104490187244, 0.534006053131861, 0.9852241192184028, 6.133938756725103], "incumbents_value": 0.11302982731554156, "time_func_eval": 0.18572402000427246, "iteration": 0}