{"time_func_eval": 0.11648106575012207, "runtime": 9.00297474861145, "incumbents_value": 0.3939393939393939, "iteration": 27, "incumbent": [8.808507717682406, 0.0070228411765344174, 0.01512647057993566, 90.25385182863845, 0.5065125717126491, 0.8726274673065453, 0.7404049228922847, 5.817963297619194], "optimization_overhead": 0.21298837661743164}