{"time_func_eval": 0.015265226364135742, "runtime": 2.217766284942627, "incumbents_value": 0.39960474308300387, "iteration": 7, "incumbent": [52.82486412770699, 0.0005144410831619512, 0.017829444631737842, 77.87198142329115, 0.031998146327328406, 0.10109375780827709, 0.8396619176366621, 7.11059526639551], "optimization_overhead": 0.22768568992614746}