{"time_func_eval": 0.0745229721069336, "runtime": 31.270641565322876, "incumbents_value": 0.32597802197802195, "iteration": 79, "incumbent": [134.38548604055592, 0.008203076268490907, 0.0036485501363118524, 299.416072760092, 0.36340579472179113, 0.093918454302828, 0.11747238407858004, 14.90094459062293], "optimization_overhead": 0.2329874038696289}