{"incumbent": [112.39408937743866, -71.61149638643221, -1054.0858920646588, -216.57579544225655, 231.45898752350644, 47.46720221545377, -134.21342093688696, 203.00763346895786, -525.5510752093144, 130.68663089579343, -45.420997712923, -62.481766715232915, -73.46174089566316, -130.53086643936902, -736.8689400296712, 33.64283969323958, -40.3878472463324, -11.221008421905864, 17.748862500855637, 150.6014233333383, -215.94175980489308, 109.89698005027424, -591.1971743960205, 45.99680832760298, -153.9404486123879, 72.20142170738416, -543.359891156631, -224.701802970541, -287.06702488041816, 106.46824354683355, -135.28219061088527, 188.9992157969334, -1249.1019909768331, 227.558994584257, -169.10859976441256, 9.331678454566799, -222.99765137233362, 135.5660003818847, -533.9502083023438, 58.00650839572472, -69.07219003638161, 10.665811901864274, -72.2183245244191, -154.29389374232588, -343.9893389767419, 288.9598037903546, -269.4283460653852, -11.268782524735258, -4.171621633849327, -259.1383415822124, -324.61599769769373, -272.0759290342522, -36.87622078494536, 25.56070926184512, 7.956533566150199, -140.92007476249, -653.3599888189823, 379.0336780850814, -389.0228282145609, -41.57331593070402, -49.054445051676026, 17.9656050240976, -942.7226981783845, -222.38914545287625, 117.64372448025887, 10.036870815137874, -194.2280784988779, -41.56712102638832, -972.3033287742651, 68.954682596044, 34.87575461503923, 7.804932169714405, 44.303039145064986, 78.30922552608592, -805.7557590140209, -363.01852216593005, -84.52659358767528, -21.16651938500474, -150.70680955577538, -8.10515891541867, -709.7911951778387, -75.739296759882, -6.766278815000447, -58.34974839108193, -224.27029685355416, 167.01145132139698, -568.80565965133, -178.42249741512563, 90.34471556148051, -10.010879400978354], "time_func_eval": 1.52587890625e-05, "iteration": 8, "optimization_overhead": 2.8068060874938965, "runtime": 16.74304986000061, "incumbents_value": -43746.22624061291}