{"runtime": 50.588810443878174, "optimization_overhead": 0.2332143783569336, "incumbent": [3.267137568954516, 0.00957435251370949, 0.006826699005243782, 127.12284717163698, 0.011101134126781122, 0.31349857001225, 0.8845760745842145, 11.258260818095252], "time_func_eval": 0.06673574447631836, "incumbents_value": 0.9744174265450861, "iteration": 90}