{"runtime": 35.274643898010254, "optimization_overhead": 0.31058454513549805, "incumbent": [3.778502198429557, 4.057727645947352e-05, 0.005951472887957596, 287.1607896965657, 0.6338871788227817, 0.14078134839769504, 0.8306053470076021, 5.7504467318717705], "time_func_eval": 0.04439496994018555, "incumbents_value": 0.9761904761904762, "iteration": 66}