{"incumbents_value": 0.5042043665860758, "time_func_eval": 5.741203308105469, "optimization_overhead": 0.26124143600463867, "incumbent": [81.73597950391482, 0.00964714637310488, 0.002254289014875884, 291.76663058165826, 0.7886785283963913, 0.4606367731015487, 0.9397494519655504, 14.383600274951194], "runtime": 318.3731062412262, "iteration": 63}