{"incumbents_value": 0.0, "time_func_eval": 0.1440119743347168, "optimization_overhead": 0.20451831817626953, "incumbent": [136.49657765498074, 1e-05, 0.0001, 272.3763656918759, 0.9, 0.9, 0.4683143151443866, 14.88531481730305], "runtime": 13.976721048355103, "iteration": 53}