{"incumbents_value": 0.1777777777777777, "time_func_eval": 0.028877735137939453, "optimization_overhead": 0.1590557098388672, "incumbent": [136.38639566646174, 0.001781998209170956, 0.01000923215486308, 272.14225101481486, 0.7984624835285672, 0.8048075550203052, 0.2880256997106784, 14.87993360899414], "runtime": 7.38244104385376, "iteration": 31}