{"incumbents_value": 0.0617824931688119, "time_func_eval": 9.764246463775635, "optimization_overhead": 0.27182912826538086, "incumbent": [122.2820569078801, 0.008089706858242637, 0.007326962176322828, 252.0536444805097, 0.8165954034059749, 0.15120796314073104, 0.8795194147964348, 6.375440302174475], "runtime": 1068.3930735588074, "iteration": 57}