{"incumbent": [724.2357359104043, 552.0, 84088.27612052762, 463.6191145142267, 0.052000000000000005, 1.0, 2449.703617006194, 247.59308767358445, 35499.0, 2177.9058817978785], "time_func_eval": 1.0967254638671875e-05, "iteration": 69, "optimization_overhead": 1.7546117305755615, "runtime": 116.86524415016174, "incumbents_value": -2009658.566181042}