{"incumbent": [724.2357359104043, 552.0, 84088.27612052762, 463.6191145142267, 0.052000000000000005, 1.0, 2449.703617006194, 247.59308767358445, 35499.0, 2177.9058817978785], "time_func_eval": 1.7404556274414062e-05, "iteration": 84, "optimization_overhead": 1.8071463108062744, "runtime": 145.34299564361572, "incumbents_value": -2009658.566181042}