{"incumbents_value": 0.06944444444444442, "time_func_eval": 0.021518945693969727, "optimization_overhead": 0.35130929946899414, "incumbent": [78.70029745646508, 0.009711160242038787, 0.010955331808829589, 293.3125587997879, 0.10376771724535484, 0.8395106972725687, 0.31691223589172185, 5.040311780766553], "runtime": 34.9471390247345, "iteration": 73}