{"runtime": 160.40850567817688, "optimization_overhead": 0.23119068145751953, "incumbent": [20.746729626694897, 0.0007652432609046699, 0.004917106038606952, 247.15203197996215, 0.05039564447877692, 0.8404032259769437, 0.9013614969153021, 8.130739209021549], "time_func_eval": 0.7484176158905029, "incumbents_value": 0.7234256279919735, "iteration": 89}