{"runtime": 13.932290077209473, "optimization_overhead": 0.15775704383850098, "incumbent": [114.01855445324253, 0.009031222181541863, 0.004192914245901553, 108.1756848960097, 0.1412221714972429, 0.8789342123173587, 0.9458095672354377, 13.208114713960219], "time_func_eval": 0.05309319496154785, "incumbents_value": 0.843394089112527, "iteration": 3}