{"runtime": 25.841851472854614, "optimization_overhead": 0.2158222198486328, "incumbent": [114.01855445324253, 0.009031222181541863, 0.004192914245901553, 108.1756848960097, 0.1412221714972429, 0.8789342123173587, 0.9458095672354377, 13.208114713960219], "time_func_eval": 6.888561248779297, "incumbents_value": 0.843394089112527, "iteration": 9}