{"incumbents_value": 0.08085904865401727, "time_func_eval": 4.0335774421691895, "optimization_overhead": 0.22071480751037598, "incumbent": [144.1362095361127, 0.0005960391583745189, 0.004271134677957352, 86.85600974872341, 0.81391905241142, 0.6029996908923764, 0.965507603733756, 13.89993811620666], "runtime": 29.763794660568237, "iteration": 7}