{"incumbents_value": 0.2699697953635882, "iteration": 19, "runtime": 13.742484331130981, "incumbent": [123.05165883079005, 0.002471116145279429, 0.001813113716528237, 180.47077755795175, 0.7109281333889148, 0.39411372414094725, 0.759332018405428, 8.983662802391969], "optimization_overhead": 0.22310805320739746, "time_func_eval": 0.1300199031829834}