{"incumbents_value": 0.2699697953635882, "iteration": 10, "runtime": 4.806241035461426, "incumbent": [123.05165883079005, 0.002471116145279429, 0.001813113716528237, 180.47077755795175, 0.7109281333889148, 0.39411372414094725, 0.759332018405428, 8.983662802391969], "optimization_overhead": 0.2397160530090332, "time_func_eval": 0.041506052017211914}