{"incumbents_value": 0.2699697953635882, "iteration": 14, "runtime": 7.3164753913879395, "incumbent": [123.05165883079005, 0.002471116145279429, 0.001813113716528237, 180.47077755795175, 0.7109281333889148, 0.39411372414094725, 0.759332018405428, 8.983662802391969], "optimization_overhead": 0.26241445541381836, "time_func_eval": 0.8670535087585449}