{"incumbents_value": 0.24729368103516713, "iteration": 98, "runtime": 69.78262782096863, "incumbent": [5.717116174311506, 0.009257607090682352, 0.09472726356559487, 61.55587984770262, 0.049495292051028865, 0.6175201688301392, 0.3325355555826994, 5.957796964400179], "optimization_overhead": 0.28069281578063965, "time_func_eval": 0.25860023498535156}