{"incumbent": [97.54959284538361, 0.0041674991449498315, 0.004743540871653023, 296.89461719283645, 0.5969536775420906, 0.8833646480133889, 0.9415590321964241, 14.804610938114829], "iteration": 44, "time_func_eval": 0.12379288673400879, "optimization_overhead": 0.30060696601867676, "incumbents_value": 0.07265745007680502, "runtime": 13.227219104766846}