{"optimization_overhead": 0.2342531681060791, "runtime": 7.278131008148193, "incumbent": [131.62151458322882, 0.0038495027993582388, 0.09621635309923025, 60.95119387484397, 0.8063113225864535, 0.8687036894855922, 0.8660834726863775, 8.859107886914495], "incumbents_value": 0.2925809822361547, "time_func_eval": 0.013154029846191406, "iteration": 27}