{"optimization_overhead": 0.3189878463745117, "runtime": 25.36461114883423, "incumbent": [146.90503076513275, 5.661594038899057e-05, 0.00768152418581469, 294.19122679557046, 0.7665713113537526, 0.7264715179297723, 0.410925007370345, 13.848682247426844], "incumbents_value": 0.261437908496732, "time_func_eval": 0.029280900955200195, "iteration": 85}