{"incumbents_value": 0.6461490528507428, "time_func_eval": 0.12781810760498047, "optimization_overhead": 0.3049612045288086, "incumbent": [19.064101422933152, 0.01, 0.0001, 150.47267321349042, 0.06660744657517953, 0.13733855598421013, 0.1095228072509481, 5.62329228756739], "runtime": 24.457260370254517, "iteration": 48}