{"incumbents_value": 0.6734086862450785, "time_func_eval": 0.679898738861084, "optimization_overhead": 0.16418838500976562, "incumbent": [19.067545724857297, 0.00017255596455580688, 0.0004411830055936475, 150.45404314475064, 0.2216102684529308, 0.1752084717781645, 0.3194797150094165, 5.612500111831302], "runtime": 14.019438982009888, "iteration": 29}