{"incumbents_value": 0.001203384949952091, "time_func_eval": 6.4519407749176025, "optimization_overhead": 0.25722837448120117, "incumbent": [121.0012532610435, 0.002859912249446077, 0.002503241701307858, 288.79079014346235, 0.024448347164542653, 0.2023027972141409, 0.10868644219384013, 13.651980020069882], "runtime": 925.647073507309, "iteration": 96}