{"incumbents_value": 0.9757641353106227, "time_func_eval": 28.942261934280396, "optimization_overhead": 0.2781529426574707, "incumbent": [147.86689388518826, 0.00980549092770461, 0.001678270781220889, 294.38563013814615, 0.7086738307045345, 0.7112277578703946, 0.846196583185293, 13.229227012695937], "runtime": 493.2051565647125, "iteration": 51}