{"incumbents_value": 0.9757641353106227, "time_func_eval": 1.5428473949432373, "optimization_overhead": 0.24573922157287598, "incumbent": [147.86689388518826, 0.00980549092770461, 0.001678270781220889, 294.38563013814615, 0.7086738307045345, 0.7112277578703946, 0.846196583185293, 13.229227012695937], "runtime": 444.34262228012085, "iteration": 44}