{"iteration": 41, "runtime": 746.631017446518, "time_func_eval": 2.3394384384155273, "incumbent": [116.84989643999857, 0.009133144574042434, 0.000345539581303722, 297.60135339644944, 0.24737517463358683, 0.12251932735908697, 0.36232836287026454, 12.196980002817114], "incumbents_value": 0.9841156162813514, "optimization_overhead": 0.18886995315551758}