{"incumbents_value": 0.8059808192940097, "time_func_eval": 0.151839017868042, "optimization_overhead": 0.2599666118621826, "incumbent": [37.818064881242094, 0.00944542765169222, 0.009043130155807055, 72.27984181523229, 0.5742702061057522, 0.10718965570918161, 0.14361252277831793, 14.494932267701156], "runtime": 39.959224224090576, "iteration": 81}