{"incumbents_value": 0.7864184022272837, "time_func_eval": 4.545462131500244, "optimization_overhead": 0.2521698474884033, "incumbent": [124.66063748482405, 0.0006884628458833712, 0.0025448822074917686, 241.61312666181868, 0.014757282072363098, 0.4263490740422645, 0.16633352101484736, 5.109200747904468], "runtime": 255.79487586021423, "iteration": 65}