{"time_func_eval": 1.2703359127044678, "runtime": 49.15908885002136, "incumbent": [10.643778272997091, 0.0036342630252318023, 0.0822023613554278, 56.283686983334476, 0.7735539826936612, 0.4427764361687021, 0.18921245580396226, 5.8012518642862645], "iteration": 64, "optimization_overhead": 0.2452404499053955, "incumbents_value": 0.21607382867705938}