{"time_func_eval": 0.061379432678222656, "runtime": 22.04413628578186, "incumbent": [133.29469088621747, 0.0018923386721899345, 0.0775458187553309, 274.63452611270714, 0.09212328616918693, 0.09291798241528304, 0.14139299268242614, 14.112838223195602], "iteration": 31, "optimization_overhead": 0.18131160736083984, "incumbents_value": 0.24974839139899996}