{"incumbents_value": 0.49920273245971725, "time_func_eval": 12.01373028755188, "optimization_overhead": 0.29610419273376465, "incumbent": [96.10217503096982, 1e-05, 0.0001, 52.72119468116618, 0.6446133016534876, 0.9, 0.7583909802446903, 14.784099584749528], "runtime": 718.0233254432678, "iteration": 82}