{"incumbents_value": 0.6221223968213287, "time_func_eval": 13.23747706413269, "optimization_overhead": 0.19003081321716309, "incumbent": [138.50594229223597, 1e-05, 0.0001, 63.973798251180646, 0.09895879693146148, 0.09060107366081857, 0.0999, 5.402787107212147], "runtime": 664.2143404483795, "iteration": 78}