{"incumbents_value": 0.6221223968213287, "time_func_eval": 0.2749295234680176, "optimization_overhead": 0.2556023597717285, "incumbent": [138.50594229223597, 1e-05, 0.0001, 63.973798251180646, 0.09895879693146148, 0.09060107366081857, 0.0999, 5.402787107212147], "runtime": 635.5896673202515, "iteration": 72}