{"incumbents_value": 0.4597138744770183, "time_func_eval": 13.342531204223633, "optimization_overhead": 0.26703596115112305, "incumbent": [96.02442050460127, 0.00553778254800584, 0.0001, 52.62511590328204, 0.4953588234570301, 0.8854604813431284, 0.9288690569660147, 14.648969656701508], "runtime": 746.961362361908, "iteration": 84}