{"incumbents_value": 0.9223662437948152, "time_func_eval": 5.9751341342926025, "optimization_overhead": 0.21724963188171387, "incumbent": [22.91041677843263, 0.0021119399955032486, 0.022556787478477877, 127.96746825676051, 0.4580400668257566, 0.7976854512508944, 0.29658655124867167, 10.031155791906544], "runtime": 227.24751353263855, "iteration": 22}