{"incumbents_value": 0.9223662437948152, "time_func_eval": 0.21163582801818848, "optimization_overhead": 0.4478003978729248, "incumbent": [22.91041677843263, 0.0021119399955032486, 0.022556787478477877, 127.96746825676051, 0.4580400668257566, 0.7976854512508944, 0.29658655124867167, 10.031155791906544], "runtime": 6.524048328399658, "iteration": 4}