{"incumbents_value": 0.6221223968213287, "time_func_eval": 16.73530125617981, "optimization_overhead": 0.24125075340270996, "incumbent": [138.50594229223597, 1e-05, 0.0001, 63.973798251180646, 0.09895879693146148, 0.09060107366081857, 0.0999, 5.402787107212147], "runtime": 547.4901340007782, "iteration": 64}