{"incumbents_value": 0.8014308041119109, "time_func_eval": 0.09692525863647461, "optimization_overhead": 0.3195924758911133, "incumbent": [3.4067336595712567, 0.0021944901918300296, 0.0005215216501611372, 54.265052036535764, 0.7789141527716448, 0.8188676470976696, 0.13003459969062234, 7.329670585034855], "runtime": 38.59086799621582, "iteration": 47}