{"incumbents_value": 0.2813342629893837, "time_func_eval": 0.7190988063812256, "optimization_overhead": 0.41478705406188965, "incumbent": [79.93807519590642, 0.005878398570656209, 0.003443257991053212, 239.86359970191486, 0.5967845067418904, 0.12158875975291017, 0.6431926147861492, 14.403762394581094], "runtime": 121.85001111030579, "iteration": 90}