{"incumbents_value": 0.2930610932503751, "time_func_eval": 0.4341402053833008, "optimization_overhead": 0.2268218994140625, "incumbent": [129.7860037715343, 0.006208117317650053, 0.011539844123896938, 98.52901882720829, 0.7388126973678623, 0.22451181601472797, 0.20960319021300916, 5.123670589390804], "runtime": 59.04563593864441, "iteration": 52}