{"incumbents_value": 0.4972622779519331, "time_func_eval": 0.09640312194824219, "optimization_overhead": 0.32944655418395996, "incumbent": [15.095366527834335, 0.005498122897589938, 0.009982029348189432, 299.9805344505894, 0.8884904963884506, 0.6818759873510969, 0.9234138508935722, 8.330328676690536], "runtime": 10.006107807159424, "iteration": 40}