{"incumbents_value": 0.626120857699805, "time_func_eval": 0.028003215789794922, "optimization_overhead": 0.22877955436706543, "incumbent": [78.0086124911092, 0.008950551936859516, 0.004420209057675034, 251.04327268231194, 0.8140895174497031, 0.48006440432001185, 0.9340722588239566, 5.3600875546703275], "runtime": 4.723398923873901, "iteration": 22}