{"optimization_overhead": 0.24855804443359375, "runtime": 17.83460307121277, "incumbent": [26.46702371040297, 0.001517112529286668, 0.006112375168459963, 216.95616619204517, 0.7340926806470971, 0.7319074244391629, 0.9704081056417909, 10.462976896715585], "incumbents_value": 0.524843512465418, "time_func_eval": 0.09811186790466309, "iteration": 57}