{"optimization_overhead": 0.19798517227172852, "runtime": 21.009580850601196, "incumbent": [140.69869882061113, 0.006947924147136649, 0.028141969802609527, 246.03841307794386, 0.3619860951856589, 0.6544527469804536, 0.46810143804836274, 14.997385309363036], "incumbents_value": 0.11966421568627439, "time_func_eval": 0.08140683174133301, "iteration": 66}