{"optimization_overhead": 0.207719087600708, "runtime": 28.95769691467285, "incumbent": [140.69869882061113, 0.006947924147136649, 0.028141969802609527, 246.03841307794386, 0.3619860951856589, 0.6544527469804536, 0.46810143804836274, 14.997385309363036], "incumbents_value": 0.11966421568627439, "time_func_eval": 0.18254828453063965, "iteration": 92}