{"optimization_overhead": 0.1769711971282959, "runtime": 12.36492109298706, "incumbent": [96.94241441640247, 0.004454827154941014, 0.019936196402173985, 290.05147377546314, 0.12358859092632701, 0.8657014362775933, 0.9608634089797603, 12.215321237747595], "incumbents_value": 0.12297978717334257, "time_func_eval": 0.3832418918609619, "iteration": 39}