{"optimization_overhead": 0.0012707710266113281, "runtime": 0.7706599235534668, "incumbent": [96.94241441640247, 0.004454827154941014, 0.019936196402173985, 290.05147377546314, 0.12358859092632701, 0.8657014362775933, 0.9608634089797603, 12.215321237747595], "incumbents_value": 0.12297978717334257, "time_func_eval": 0.2510719299316406, "iteration": 2}