{"time_func_eval": 0.30832958221435547, "runtime": 0.8692474365234375, "incumbents_value": 0.8017711026885339, "iteration": 2, "incumbent": [22.266590640167983, 0.00010243884310011134, 0.005536048174433457, 95.76741582128687, 0.8684331000873313, 0.7629709108378805, 0.9447388329382851, 5.0858256897219], "optimization_overhead": 0.03177801767985026}