{"time_func_eval": 0.08801507949829102, "runtime": 53.57745409011841, "incumbents_value": 0.788495592829145, "iteration": 97, "incumbent": [22.17470394593032, 0.01, 0.0001, 95.95058001335143, 0.6698278878962327, 0.8978107126134325, 0.999, 5.133912770096165], "optimization_overhead": 0.3508450984954834}