{"runtime": 3.2949609756469727, "optimization_overhead": 0.1770029067993164, "incumbent": [145.78675803759373, 0.002021812597817686, 0.007388869349592582, 233.4037391132868, 0.1110090437156709, 0.8254618268771728, 0.8562314382262237, 8.176592969236264], "time_func_eval": 0.15886497497558594, "incumbents_value": 0.37258407833120477, "iteration": 14}