{"runtime": 14.541374921798706, "iteration": 39, "time_func_eval": 0.027030467987060547, "incumbent": [121.34707465848504, 0.00917746229394467, 0.008896703009697205, 86.47379226068551, 0.8138383523635339, 0.8525947621320773, 0.8985063205361128, 12.246509383827322], "incumbents_value": 0.19487179487179496, "optimization_overhead": 0.3685431480407715}