{"incumbent": [131.80189516106995, 0.000806709184806339, 0.0006447359547030159, 283.78861616567036, 0.1564350480927358, 0.5831167258717876, 0.6331727080649759, 10.952193936369909], "iteration": 75, "time_func_eval": 0.8608646392822266, "optimization_overhead": 0.311725378036499, "incumbents_value": 0.018904052212668, "runtime": 732.6129004955292}