{"incumbent": [131.80189516106995, 0.000806709184806339, 0.0006447359547030159, 283.78861616567036, 0.1564350480927358, 0.5831167258717876, 0.6331727080649759, 10.952193936369909], "iteration": 82, "time_func_eval": 13.791930198669434, "optimization_overhead": 0.224837064743042, "incumbents_value": 0.018904052212668, "runtime": 951.3603525161743}