{"incumbent": [103.40996072605363, 0.007244501169694265, 0.0044698716752770516, 293.9178853937449, 0.025188850510629156, 0.7119466002109144, 0.9703389070036398, 7.274021419827287], "iteration": 10, "time_func_eval": 1.4486346244812012, "optimization_overhead": 0.17163562774658203, "incumbents_value": 0.026433673540702807, "runtime": 50.685943365097046}