{"optimization_overhead": 0.2972543239593506, "runtime": 38.62484407424927, "incumbent": [126.1269140272948, 0.009652810013685053, 0.00958264196358746, 61.01407225872356, 0.10172528129345519, 0.13286995742328578, 0.4891420299525472, 14.587780968215213], "incumbents_value": 0.9509803921568627, "time_func_eval": 0.13842511177062988, "iteration": 88}