{"optimization_overhead": 0.2704041004180908, "runtime": 6.590834856033325, "incumbent": [36.0474635786424, 0.0049415213096096556, 0.006388888434849968, 104.19501452851216, 0.26409504910737397, 0.8358719322709064, 0.9760235156750199, 11.989611592967115], "incumbents_value": 0.9838709677419355, "time_func_eval": 0.07056212425231934, "iteration": 16}