{"optimization_overhead": 0.297210693359375, "runtime": 8.13736867904663, "incumbent": [9.915538936440486, 0.008283568391550892, 0.0071701711841568, 111.37826748903552, 0.8849458016681555, 0.312868341856815, 0.9837493727868606, 6.2892804267377915], "incumbents_value": 0.9811320754716981, "time_func_eval": 0.11892580986022949, "iteration": 20}