{"incumbent": [123.05165883079005, 0.002471116145279429, 0.001813113716528237, 180.47077755795175, 0.7109281333889148, 0.39411372414094725, 0.759332018405428, 8.983662802391969], "iteration": 27, "time_func_eval": 0.3135082721710205, "optimization_overhead": 0.2190711498260498, "incumbents_value": 0.10205955452664395, "runtime": 103.11426162719727}