{"incumbents_value": 0.0, "time_func_eval": 0.1235647201538086, "optimization_overhead": 0.2231278419494629, "incumbent": [9.514644281437791, 0.009917920990311907, 0.03476911142318642, 289.7696430751138, 0.13008326004236204, 0.7309602107265067, 0.7089043401267562, 14.047014658231447], "runtime": 11.002627849578857, "iteration": 40}