{"incumbents_value": 0.04977036963869019, "time_func_eval": 2.215275526046753, "optimization_overhead": 0.290163516998291, "incumbent": [128.98247544524486, 0.004735425924582372, 0.01765401201771122, 67.50614970199935, 0.8835301047776142, 0.8461697230422752, 0.8934426630983857, 5.008197233645686], "runtime": 88.63517045974731, "iteration": 22}