{"incumbents_value": 0.7198135198135198, "time_func_eval": 0.011299848556518555, "optimization_overhead": 0.2283017635345459, "incumbent": [38.80971999946335, 0.00933390528091092, 0.051001375477208885, 51.9995019392004, 0.3403732903013468, 0.8195209327151838, 0.9728953239543414, 14.918039686680025], "runtime": 31.913408756256104, "iteration": 79}