{"incumbents_value": 0.6896940418679549, "time_func_eval": 0.09675216674804688, "optimization_overhead": 0.302626371383667, "incumbent": [9.6814284871988, 0.009851975770836695, 0.012620008107079436, 191.69685974016983, 0.4896354225652969, 0.7152860412477218, 0.536315059467683, 14.182407725258436], "runtime": 38.259159326553345, "iteration": 93}