{"incumbents_value": 0.7437468671679198, "time_func_eval": 0.0368189811706543, "optimization_overhead": 0.24233460426330566, "incumbent": [16.867178091961513, 0.009850083547907286, 0.0024114286391590327, 253.68033610327646, 0.3278434032672597, 0.13007158969967525, 0.704827715163025, 6.601970948822961], "runtime": 12.469234704971313, "iteration": 39}