{"incumbents_value": 0.1811625449570371, "iteration": 37, "runtime": 1142.6458983421326, "incumbent": [134.51579967894116, 0.0052762734477520565, 0.0014456369195189496, 292.13484527690366, 0.34146311853664324, 0.8938340880735899, 0.8465888242239332, 5.523549078079888], "optimization_overhead": 0.39717888832092285, "time_func_eval": 59.262988328933716}