{"incumbents_value": 0.22676995072553718, "iteration": 16, "runtime": 407.4423739910126, "incumbent": [136.15391012562307, 0.01, 0.0001, 292.88210864790807, 0.01, 0.4502274771479521, 0.7614217327650566, 5.008983477640615], "optimization_overhead": 0.28531622886657715, "time_func_eval": 62.51089644432068}