{"incumbents_value": 0.16892035672023142, "iteration": 80, "runtime": 2879.822088956833, "incumbent": [136.80453518413262, 0.005388469811041441, 0.0010311536016940307, 251.2084323986776, 0.29518585636839717, 0.23387085323111492, 0.6337389080519078, 7.130561026116753], "optimization_overhead": 0.4036736488342285, "time_func_eval": 18.669804573059082}