{"incumbents_value": 0.2704290128936695, "time_func_eval": 2.5542964935302734, "optimization_overhead": 0.1939985752105713, "incumbent": [130.1259590027345, 1e-05, 0.0001, 287.8419762684871, 0.01, 0.22952692596972527, 0.4116321978211733, 11.111562397851282], "runtime": 136.9762418270111, "iteration": 43}