{"incumbents_value": 0.12263074358762194, "time_func_eval": 5.107788324356079, "optimization_overhead": 0.23532891273498535, "incumbent": [143.38628146706023, 0.0005674045792327803, 0.005182794039527308, 259.6605518537711, 0.7965948168927999, 0.5042678132120256, 0.19397066772233224, 14.04239828427513], "runtime": 498.6864309310913, "iteration": 95}