{"runtime": 2236.5837383270264, "optimization_overhead": 0.6519782543182373, "iteration": 86, "incumbent": [142.80791531216352, 0.009604718371537091, 0.0020779759447706325, 257.3340457898556, 0.8502650966516785, 0.5671791145336857, 0.4474906174667964, 14.57812572842342], "incumbents_value": 0.0, "time_func_eval": 27.412591457366943}