{"incumbents_value": 0.0, "time_func_eval": 0.03905749320983887, "optimization_overhead": 0.27672529220581055, "incumbent": [7.249628390424333, 0.006875949148562705, 0.06923119341651851, 134.91999858145985, 0.45073183032012865, 0.6470066465550417, 0.2651531462637174, 14.99923810562935], "runtime": 24.3180091381073, "iteration": 82}