{"incumbent": [145.43273878517644, 0.008070769432854353, 0.01327176036670309, 263.14407986235625, 0.04769708258781556, 0.5327986023838907, 0.7299720266230525, 14.779605642897133], "iteration": 38, "time_func_eval": 0.33584165573120117, "optimization_overhead": 0.18859052658081055, "incumbents_value": 0.03787821610945641, "runtime": 33.59494090080261}