{"incumbent": [135.2586122885016, 0.009699420765893857, 0.002145263756309257, 133.53071501910944, 0.12334964527863555, 0.7648808273060935, 0.7484608130548398, 11.88052566060658], "iteration": 25, "time_func_eval": 0.33893847465515137, "optimization_overhead": 0.18500065803527832, "incumbents_value": 0.03821264739574537, "runtime": 20.453341960906982}