{"runtime": 7.058220148086548, "time_func_eval": 1.5855791568756104, "incumbents_value": 0.9856333115325921, "iteration": 9, "optimization_overhead": 0.1717357635498047, "incumbent": [149.9215731863723, 0.00939698753217503, 0.009171414072219037, 141.78516402900385, 0.8593419823881568, 0.21986000325380317, 0.18010273794493978, 6.931063105124436]}