{"incumbents_value": 0.811142061281337, "time_func_eval": 0.0649104118347168, "optimization_overhead": 0.17101597785949707, "incumbent": [125.45098109910083, 0.002238977200835681, 0.06172146068640935, 115.24445948419299, 0.03731568708770805, 0.8466460486624068, 0.21529280684099622, 11.755811106781545], "runtime": 4.274879693984985, "iteration": 14}