{"runtime": 15.776664733886719, "optimization_overhead": 0.211029052734375, "incumbent": [21.98916426662824, 0.004213620029141741, 0.09253265825800645, 99.06391823356057, 0.2981009117364039, 0.886781290729625, 0.808471063354581, 11.7644032244454], "time_func_eval": 0.019016265869140625, "incumbents_value": 0.0, "iteration": 62}