{"runtime": 24.144678831100464, "optimization_overhead": 0.26166415214538574, "incumbent": [21.98916426662824, 0.004213620029141741, 0.09253265825800645, 99.06391823356057, 0.2981009117364039, 0.886781290729625, 0.808471063354581, 11.7644032244454], "time_func_eval": 0.028666973114013672, "incumbents_value": 0.0, "iteration": 91}