{"incumbents_value": 0.01817969592477886, "time_func_eval": 4.732037305831909, "optimization_overhead": 0.3166346549987793, "incumbent": [116.5995213922607, 0.009316196848912175, 0.005043877755719023, 262.87074427310466, 0.4638938862737339, 0.4604771362073514, 0.6263349476552251, 14.794558676360314], "runtime": 229.97728610038757, "iteration": 79}