{"incumbents_value": 0.04564493932836178, "time_func_eval": 0.3942146301269531, "optimization_overhead": 0.23357248306274414, "incumbent": [147.41286451722394, 0.0029966203068209347, 0.01027082854825793, 67.8581691763618, 0.401619023539469, 0.8254945047065514, 0.9646239441457151, 5.9335934275481215], "runtime": 13.753888368606567, "iteration": 12}