{"incumbents_value": 0.19649638821853388, "time_func_eval": 0.2788279056549072, "optimization_overhead": 0.1903374195098877, "incumbent": [80.72926187642548, 0.008664549981810033, 0.051470982651165634, 227.7538674463015, 0.07300573285515298, 0.7710326603155828, 0.789298790128217, 5.14301298154952], "runtime": 2.182835102081299, "iteration": 8}