{"incumbents_value": 0.28228315246570823, "time_func_eval": 0.0743553638458252, "optimization_overhead": 0.00012699762980143228, "incumbent": [74.81532096947663, 0.0030245790381447975, 0.08287156600325855, 241.9907110114561, 0.12226482084420785, 0.7401865857030708, 0.5752126840858454, 11.421887995918123], "runtime": 0.07530665397644043, "iteration": 0}