{"incumbents_value": 0.5810488794359763, "time_func_eval": 0.06847167015075684, "optimization_overhead": 0.1723790168762207, "incumbent": [144.47465110305262, 0.008811192161301412, 0.01349290021572246, 243.57817149320093, 0.8038609026653413, 0.12441139200093745, 0.5717464496438504, 14.47571806438413], "runtime": 5.784261226654053, "iteration": 23}