{"incumbents_value": 0.42539682539682544, "time_func_eval": 0.04240107536315918, "optimization_overhead": 0.2201993465423584, "incumbent": [9.465724124015438, 3.686018841007102e-05, 0.016897098265781063, 297.7058078245059, 0.8792393176113946, 0.7011029187137132, 0.8366388808225091, 10.773534863418497], "runtime": 25.34738564491272, "iteration": 85}