{"incumbents_value": 0.6695665445665446, "time_func_eval": 0.033356666564941406, "optimization_overhead": 0.00013931592305501303, "incumbent": [139.56537216664918, 0.0019455268804809554, 0.02545226182051444, 237.33904843913695, 0.8757034541492674, 0.43958264220103765, 0.5424290515047029, 7.558134758557307], "runtime": 0.12850570678710938, "iteration": 1}