{"incumbents_value": 0.13999725764431648, "time_func_eval": 0.09745240211486816, "optimization_overhead": 0.18356919288635254, "incumbent": [135.43245607438283, 0.009308528344359628, 0.009066894648450239, 240.48882637771715, 0.7557219226358584, 0.6842603775574444, 0.8561047144270517, 14.014150896889007], "runtime": 17.00348210334778, "iteration": 42}