{"incumbents_value": 0.17302489177489178, "time_func_eval": 0.0678403377532959, "optimization_overhead": 0.20575428009033203, "incumbent": [136.52657180733513, 0.0025500885674233378, 0.007797061262891986, 69.57309688808684, 0.4345762160658644, 0.10927719590381237, 0.15050523974734792, 13.544480120589109], "runtime": 4.356936931610107, "iteration": 13}