{"incumbent": [91.10301819229996, 0.004618151224519472, 0.008189573235577072, 186.36166600522662, 0.32133197765493327, 0.5035270216763851, 0.5356738329477825, 14.410577398174166], "iteration": 94, "time_func_eval": 0.41321635246276855, "optimization_overhead": 0.19805264472961426, "incumbents_value": 0.02797344411890923, "runtime": 77.08927965164185}