{"incumbent": [143.3748357912992, 0.0037931900948984486, 0.002871011710187218, 63.05968937543645, 0.022766207807715873, 0.7236008677151741, 0.8056609727003557, 14.019313844811677], "iteration": 24, "time_func_eval": 0.9010355472564697, "optimization_overhead": 0.1846158504486084, "incumbents_value": 0.04876100047523424, "runtime": 20.971593618392944}