{"incumbent": [117.31914419792973, 0.0016535038495989701, 0.006382534747760294, 243.5816048674054, 0.14020135462647412, 0.1754667046959218, 0.8702146161138015, 14.753646149395243], "iteration": 60, "time_func_eval": 1.2556064128875732, "optimization_overhead": 0.18845868110656738, "incumbents_value": 0.03897876121816868, "runtime": 52.3975555896759}