{"incumbents_value": 0.5702444990377534, "iteration": 21, "runtime": 87.73037266731262, "incumbent": [149.60086638913387, 1e-05, 0.0001, 241.21810168687637, 0.01, 0.6704243375871728, 0.1283147049011557, 8.046808854253516], "optimization_overhead": 0.2148449420928955, "time_func_eval": 1.0886032581329346}