{"incumbents_value": 0.5702444990377534, "iteration": 83, "runtime": 755.2845277786255, "incumbent": [149.60086638913387, 1e-05, 0.0001, 241.21810168687637, 0.01, 0.6704243375871728, 0.1283147049011557, 8.046808854253516], "optimization_overhead": 0.3963906764984131, "time_func_eval": 0.5204942226409912}