{"runtime": 245.8611261844635, "optimization_overhead": 0.48133420944213867, "iteration": 63, "incumbent": [115.24352251422549, 0.009586436918420036, 0.0037090277791776488, 293.07524256732756, 0.8999999288242387, 0.5128085743354031, 0.5620323930818532, 12.151263265763587], "incumbents_value": 0.43842364532019695, "time_func_eval": 4.947235345840454}