{"incumbents_value": 0.027753560981075842, "time_func_eval": 2.8130273818969727, "optimization_overhead": 0.25312304496765137, "incumbent": [149.8564445124101, 0.01, 0.0043930361223464085, 201.34908542226836, 0.8849738637132103, 0.8424383658544954, 0.9524363218760693, 12.109822516636113], "runtime": 59.37209939956665, "iteration": 19}