{"time_func_eval": 0.375640869140625, "optimization_overhead": 0.45352864265441895, "incumbent": [120.93077791712396, 0.003547671953043821, 0.011017027617793055, 298.35847883638814, 0.8227709600009895, 0.7070814803921991, 0.8886987908030143, 14.406700509281599], "incumbents_value": 0.9465935216666052, "runtime": 27.33985996246338, "iteration": 22}