{"runtime": 16.033318281173706, "optimization_overhead": 0.23901939392089844, "incumbent": [80.5074367571137, 0.00467738766819318, 0.004150849969602318, 221.91931296123965, 0.17157492192649856, 0.5322599693211433, 0.9199584325547764, 14.452739223663666], "time_func_eval": 0.32248425483703613, "incumbents_value": 0.032376353804925206, "iteration": 47}