{"runtime": 11.550016641616821, "optimization_overhead": 0.1951906681060791, "incumbent": [138.39068486743744, 0.009904030916870659, 0.04074319815656465, 181.8375306265791, 0.4708066029824772, 0.31734079224295664, 0.9801585678193436, 14.97010480577593], "time_func_eval": 0.15356087684631348, "incumbents_value": 0.04403004403004396, "iteration": 36}