{"runtime": 25.68395757675171, "optimization_overhead": 0.27192115783691406, "incumbent": [80.5074367571137, 0.00467738766819318, 0.004150849969602318, 221.91931296123965, 0.17157492192649856, 0.5322599693211433, 0.9199584325547764, 14.452739223663666], "time_func_eval": 0.1609654426574707, "incumbents_value": 0.032376353804925206, "iteration": 71}