{"incumbents_value": 0.03341687552213879, "time_func_eval": 0.009981155395507812, "optimization_overhead": 0.21594882011413574, "incumbent": [127.61295245529172, 0.008428263131517937, 0.003537449637554181, 183.77659462324172, 0.010130087530199668, 0.8925390023232114, 0.7020774695147538, 8.80811778245108], "runtime": 20.83717703819275, "iteration": 76}