{"incumbents_value": 0.050031269543464596, "time_func_eval": 0.027534008026123047, "optimization_overhead": 0.18287253379821777, "incumbent": [24.39885791331983, 0.005204280973591745, 0.0739465601750267, 260.51722557104955, 0.7657935137890673, 0.8481322576227582, 0.9014891646427492, 9.444692454326937], "runtime": 9.49059510231018, "iteration": 39}