{"incumbents_value": 0.04708973205967082, "time_func_eval": 57.41782259941101, "optimization_overhead": 0.1882171630859375, "incumbent": [123.13772607798207, 0.008941954349474424, 0.004086928812249687, 268.6155127985163, 0.866703199585299, 0.7638551742114191, 0.2239546514097114, 6.468908951861271], "runtime": 521.2281954288483, "iteration": 16}