{"incumbents_value": 0.009351155094969976, "time_func_eval": 4.554160833358765, "optimization_overhead": 0.25864434242248535, "incumbent": [145.69580038672854, 0.00026595845311914903, 0.0017020067285538876, 291.48398288264224, 0.2285087731049182, 0.296083002044699, 0.961810910677659, 10.436930016574559], "runtime": 2160.713814973831, "iteration": 61}