{"incumbents_value": 0.13059587471352185, "time_func_eval": 0.05117917060852051, "optimization_overhead": 0.17698907852172852, "incumbent": [81.56788681691711, 0.008383112504719008, 0.08013475085387071, 254.9432484339108, 0.11134298208559187, 0.7786321562667974, 0.9806533377621457, 6.136641818910693], "runtime": 26.846372842788696, "iteration": 75}