{"incumbent": [13.315466654118373, 0.0071082799062598245, 0.026520304427259785, 271.60031337018654, 0.02273218228833824, 0.5555078125542025, 0.979643537639675, 14.91345790850633], "iteration": 71, "time_func_eval": 0.9473538398742676, "optimization_overhead": 0.20622730255126953, "incumbents_value": 0.21914749056839922, "runtime": 43.89513444900513}