{"incumbent": [146.5420033914829, 6.012974302563806e-05, 0.023447220973726028, 241.13381626323252, 0.01621104405960412, 0.8888921757918474, 0.7466798047107867, 14.195648746722187], "iteration": 4, "time_func_eval": 0.30777907371520996, "optimization_overhead": 0.16973638534545898, "incumbents_value": 0.22803873954800358, "runtime": 2.8609120845794678}