{"incumbent": [136.86090702680627, 0.0015241830888144813, 0.00549359823484472, 63.04951822464834, 0.015993480137741718, 0.18966510837511316, 0.9439122615746683, 7.0107267984428105], "iteration": 48, "time_func_eval": 0.022527217864990234, "optimization_overhead": 0.1901688575744629, "incumbents_value": 0.6634615384615385, "runtime": 12.106622219085693}