{"incumbent": [18.83876210116536, 0.00742666984534432, 0.008449008895571344, 61.12753690530671, 0.8071344304418567, 0.8817340497755916, 0.9866315671021634, 11.664450094371391], "iteration": 80, "time_func_eval": 0.017253637313842773, "optimization_overhead": 0.19464373588562012, "incumbents_value": 0.6466251885369532, "runtime": 20.58080506324768}