{"incumbent": [18.83876210116536, 0.00742666984534432, 0.008449008895571344, 61.12753690530671, 0.8071344304418567, 0.8817340497755916, 0.9866315671021634, 11.664450094371391], "iteration": 54, "time_func_eval": 0.05486893653869629, "optimization_overhead": 0.19107699394226074, "incumbents_value": 0.6466251885369532, "runtime": 13.665555477142334}