{"optimization_overhead": 0.22779273986816406, "runtime": 7.452627897262573, "incumbent": [146.49838478484514, 1e-05, 0.1, 241.06644605926752, 0.01, 0.9, 0.6248248360003505, 14.29020158560229], "incumbents_value": 0.38095238095238093, "time_func_eval": 0.028702974319458008, "iteration": 29}