{"optimization_overhead": 0.2446458339691162, "runtime": 23.686359882354736, "incumbent": [114.6728575783074, 0.0021159849953686456, 0.09955699412067534, 242.1322756962285, 0.8571629706355395, 0.7918110372275468, 0.33400378754254556, 6.571407113668107], "incumbents_value": 0.23894862604540013, "time_func_eval": 0.015748023986816406, "iteration": 88}