{"optimization_overhead": 0.2210831642150879, "runtime": 7.694955825805664, "incumbent": [146.49838478484514, 1e-05, 0.1, 241.06644605926752, 0.01, 0.9, 0.6248248360003505, 14.29020158560229], "incumbents_value": 0.38095238095238093, "time_func_eval": 0.01986980438232422, "iteration": 30}