{"incumbents_value": 0.6883759359924417, "time_func_eval": 0.5954799652099609, "optimization_overhead": 0.0001544952392578125, "incumbent": [23.803974616396154, 0.00674449076387183, 0.0075460761365460215, 63.87949220588587, 0.2822938499958627, 0.5444606349226091, 0.6193744128625711, 9.211008764603136], "runtime": 0.5966289043426514, "iteration": 0}