{"incumbent": [132.52189087121744, 0.009789112629191857, 0.007620158505466909, 92.71632303475991, 0.025491816456342548, 0.1666108923329061, 0.9150533766694146, 13.62516284473566], "iteration": 52, "time_func_eval": 0.1343069076538086, "optimization_overhead": 0.20983529090881348, "incumbents_value": 0.7724790931187826, "runtime": 60.253119230270386}