{"incumbent": [132.52189087121744, 0.009789112629191857, 0.007620158505466909, 92.71632303475991, 0.025491816456342548, 0.1666108923329061, 0.9150533766694146, 13.62516284473566], "iteration": 91, "time_func_eval": 3.7565412521362305, "optimization_overhead": 0.22062301635742188, "incumbents_value": 0.7724790931187826, "runtime": 100.42389678955078}