{"incumbent": [132.52189087121744, 0.009789112629191857, 0.007620158505466909, 92.71632303475991, 0.025491816456342548, 0.1666108923329061, 0.9150533766694146, 13.62516284473566], "iteration": 66, "time_func_eval": 0.3721652030944824, "optimization_overhead": 0.19582867622375488, "incumbents_value": 0.7724790931187826, "runtime": 69.35850667953491}