{"runtime": 88.70448708534241, "optimization_overhead": 0.18191814422607422, "incumbent": [143.77052312349196, 0.009913916542732468, 0.005025213951208964, 89.77468117427807, 0.35929893349832936, 0.3095548937366218, 0.9170512159041857, 14.513281219611745], "time_func_eval": 4.548255681991577, "incumbents_value": 0.5786218565753746, "iteration": 27}