{"runtime": 27.772741317749023, "optimization_overhead": 0.2191178798675537, "incumbent": [144.62764229898778, 0.0014978207133547262, 0.010035098957906568, 291.6770082601645, 0.036204700818165375, 0.18802574303931696, 0.9544609182525886, 7.592677944895314], "time_func_eval": 3.6295230388641357, "incumbents_value": 0.6161818725547272, "iteration": 8}