{"runtime": 259.68757224082947, "optimization_overhead": 0.36546945571899414, "incumbent": [143.77052312349196, 0.009913916542732468, 0.005025213951208964, 89.77468117427807, 0.35929893349832936, 0.3095548937366218, 0.9170512159041857, 14.513281219611745], "time_func_eval": 0.3411216735839844, "incumbents_value": 0.5786218565753746, "iteration": 79}