{"incumbents_value": 0.7966743166766436, "time_func_eval": 37.30015683174133, "optimization_overhead": 0.1792612075805664, "incumbent": [136.59270848567587, 0.002028330676492593, 0.004673724468555532, 293.80200681791916, 0.7104212699214792, 0.19915866256313486, 0.8923079797726662, 14.062301660500344], "runtime": 175.95500087738037, "iteration": 32}