{"incumbents_value": 0.7966743166766436, "time_func_eval": 1.16684889793396, "optimization_overhead": 0.21593427658081055, "incumbent": [136.59270848567587, 0.002028330676492593, 0.004673724468555532, 293.80200681791916, 0.7104212699214792, 0.19915866256313486, 0.8923079797726662, 14.062301660500344], "runtime": 132.14596796035767, "iteration": 25}