{"incumbents_value": 0.7869033984991523, "time_func_eval": 1.2532222270965576, "optimization_overhead": 0.24821734428405762, "incumbent": [136.61678786907407, 0.01, 0.0001, 293.93469541321303, 0.43933084041042497, 0.09871027059776424, 0.999, 14.083496424740622], "runtime": 375.57448410987854, "iteration": 91}