{"incumbents_value": 0.0, "time_func_eval": 0.20867037773132324, "optimization_overhead": 0.21215367317199707, "incumbent": [132.65364008195996, 0.009357391174404471, 0.005735262461935054, 275.94547079167603, 0.5873272485502371, 0.13068468495668245, 0.33639587669475246, 14.525085101396659], "runtime": 52.902573347091675, "iteration": 50}