{"runtime": 40.00511884689331, "iteration": 85, "time_func_eval": 0.09152865409851074, "incumbent": [125.47273059099052, 0.009231177526248897, 0.03445105946974283, 59.94974221891548, 0.11094542518980051, 0.8535516307338921, 0.9285252441813807, 14.875245635090815], "incumbents_value": 0.19487179487179496, "optimization_overhead": 0.4416806697845459}