{"runtime": 6.164216995239258, "iteration": 18, "time_func_eval": 0.06197929382324219, "incumbent": [141.2843342541445, 0.0004182178848397379, 0.01892903078871381, 80.55073353676684, 0.6938306292329965, 0.872437406131548, 0.9443367582972592, 11.242990374235763], "incumbents_value": 0.33971902937420184, "optimization_overhead": 0.34763121604919434}