{"runtime": 0.9540872573852539, "iteration": 4, "time_func_eval": 0.020489215850830078, "incumbent": [104.73387169623068, 0.006101210418373154, 0.005869166667620027, 277.11916645637666, 0.050551104490187244, 0.534006053131861, 0.9852241192184028, 6.133938756725103], "incumbents_value": 0.39583333333333337, "optimization_overhead": 0.2284245491027832}