{"runtime": 43.453120470047, "iteration": 90, "time_func_eval": 0.0939931869506836, "incumbent": [125.5914253540751, 0.01, 0.04484780132784941, 59.97438424367478, 0.28939895808427624, 0.8870859618013617, 0.9448552559489446, 14.880535156532272], "incumbents_value": 0.18357487922705307, "optimization_overhead": 0.47476649284362793}