{"runtime": 36.56716728210449, "iteration": 80, "time_func_eval": 0.10787558555603027, "incumbent": [125.47273059099052, 0.009231177526248897, 0.03445105946974283, 59.94974221891548, 0.11094542518980051, 0.8535516307338921, 0.9285252441813807, 14.875245635090815], "incumbents_value": 0.19487179487179496, "optimization_overhead": 0.63680100440979}