{"incumbents_value": 0.6972222222222222, "time_func_eval": 0.01952338218688965, "optimization_overhead": 0.3060939311981201, "incumbent": [3.699359950691657, 0.00244176425037106, 0.004688440528403544, 96.89397937318299, 0.2621407932773978, 0.17901987583324028, 0.8461388244279703, 5.165581512570984], "runtime": 15.731827735900879, "iteration": 55}