{"iteration": 46, "incumbents_value": 0.5572398851134963, "incumbent": [124.99793312502908, 0.007473361331535308, 0.003621749375316803, 69.69503103637774, 0.07431648106379392, 0.8206074782519114, 0.7799330462747973, 12.967937660606202], "time_func_eval": 1.1268761157989502, "runtime": 174.15208196640015, "optimization_overhead": 0.2597217559814453}