{"runtime": 28.905577898025513, "time_func_eval": 12.816179037094116, "incumbents_value": 0.20120579786490156, "iteration": 6, "optimization_overhead": 0.198106050491333, "incumbent": [64.65043766145293, 0.00885688178451692, 0.007959004118052289, 270.9168500177209, 0.06988227163009014, 0.3904246284735976, 0.9898187564278446, 5.814773303784204]}