{"runtime": 848.1730959415436, "time_func_eval": 10.676519870758057, "incumbents_value": 0.0005938215755346699, "iteration": 75, "optimization_overhead": 0.27906155586242676, "incumbent": [148.96454652720976, 0.0011424139006524399, 0.0026623243931713876, 211.35160884014013, 0.6481186799557642, 0.8148886015357298, 0.7169359907630769, 12.41982149081635]}