{"incumbent": [121.61986565514776, 0.009040297618652635, 0.047450219183099475, 294.9620953431619, 0.8832479818716367, 0.8974991033716573, 0.8653632094819391, 14.07761599262624], "iteration": 73, "time_func_eval": 0.27315568923950195, "optimization_overhead": 0.23396921157836914, "incumbents_value": 0.8003402835696414, "runtime": 49.64174795150757}