{"incumbent": [121.61986565514776, 0.009040297618652635, 0.047450219183099475, 294.9620953431619, 0.8832479818716367, 0.8974991033716573, 0.8653632094819391, 14.07761599262624], "iteration": 94, "time_func_eval": 0.21958231925964355, "optimization_overhead": 0.2360696792602539, "incumbents_value": 0.8003402835696414, "runtime": 66.50717687606812}