{"incumbents_value": 0.49754356692621426, "time_func_eval": 0.0467989444732666, "optimization_overhead": 0.17067790031433105, "incumbent": [148.3516628294829, 0.009204747526119827, 0.025923360407119365, 63.85431725968061, 0.8453169000125875, 0.23075352369968882, 0.548443217157249, 14.68155838279143], "runtime": 14.959479093551636, "iteration": 60}