{"runtime": 198.00893783569336, "optimization_overhead": 0.5340158939361572, "iteration": 70, "incumbent": [21.0918943155323, 1e-05, 0.1, 298.5795709298746, 0.8275743601581096, 0.8681693435526253, 0.999, 11.50568019139145], "incumbents_value": 0.3904960939443698, "time_func_eval": 0.11098933219909668}