{"incumbents_value": 0.0, "time_func_eval": 0.1360483169555664, "optimization_overhead": 0.2725026607513428, "incumbent": [141.2640256482921, 0.009192063908025174, 0.0021052612317883617, 52.47784112432783, 0.8824873996856609, 0.20526794130050668, 0.8774926839280555, 7.283877468248134], "runtime": 23.4081392288208, "iteration": 37}