{"incumbents_value": 0.16185376951439556, "time_func_eval": 0.3144087791442871, "optimization_overhead": 0.22516655921936035, "incumbent": [147.40201651523876, 0.008144313000224437, 0.019251664789475202, 194.91077579692347, 0.021639430645838793, 0.569184838209307, 0.9746551928138504, 10.34441657832402], "runtime": 44.68421816825867, "iteration": 57}