{"incumbents_value": 0.4029693486590038, "time_func_eval": 1.2214195728302002, "optimization_overhead": 0.26306629180908203, "incumbent": [148.30685548292328, 0.005277956112539285, 0.06261257235209251, 272.8692619883308, 0.01, 0.8593880224057068, 0.8804927123719404, 14.353305214635041], "runtime": 77.67740035057068, "iteration": 66}