{"incumbents_value": 0.4138309965896173, "time_func_eval": 3.130146026611328, "optimization_overhead": 0.19149446487426758, "incumbent": [148.48713331317788, 0.007675017932944649, 0.017069667858407366, 272.9120687742335, 0.043043042485227605, 0.866982570189818, 0.9149690927497659, 14.488746342893794], "runtime": 15.231610298156738, "iteration": 7}