{"incumbents_value": 0.4138309965896173, "time_func_eval": 0.18596220016479492, "optimization_overhead": 0.23338556289672852, "incumbent": [148.48713331317788, 0.007675017932944649, 0.017069667858407366, 272.9120687742335, 0.043043042485227605, 0.866982570189818, 0.9149690927497659, 14.488746342893794], "runtime": 18.908185958862305, "iteration": 12}