{"incumbents_value": 0.04997011117824046, "time_func_eval": 70.66644024848938, "optimization_overhead": 0.23266243934631348, "incumbent": [148.49321093853882, 0.01, 0.0001, 74.30918106424362, 0.8972034790302778, 0.09, 0.16584144471778153, 6.327431108285862], "runtime": 336.13903307914734, "iteration": 12}