{"incumbent": [123.83637801180838, 0.0027256565897571475, 0.005955395688190649, 87.5661794688881, 0.050527487734321565, 0.8778081258374163, 0.7273455393490201, 8.41333030874731], "iteration": 58, "time_func_eval": 0.36010074615478516, "optimization_overhead": 0.18811559677124023, "incumbents_value": 0.36382419188158366, "runtime": 113.5990641117096}