{"incumbent": [148.68699063730097, 0.008790346454144164, 0.0029704259384393744, 247.2557996456652, 0.7956425550628285, 0.8378753508809617, 0.4288326230345281, 12.152555071014824], "iteration": 18, "time_func_eval": 2.610395908355713, "optimization_overhead": 0.16385841369628906, "incumbents_value": 0.3713809403313765, "runtime": 41.08383083343506}