{"incumbents_value": 0.8961213971494946, "time_func_eval": 0.034398555755615234, "optimization_overhead": 0.27799534797668457, "incumbent": [86.48027486088529, 0.0043506201594433165, 0.0162387543708463, 278.5394074333133, 0.4031991886461722, 0.7664821435414102, 0.7715477490240343, 13.419975716759064], "runtime": 41.597996950149536, "iteration": 64}