{"incumbents_value": 0.8961213971494946, "time_func_eval": 0.8736443519592285, "optimization_overhead": 0.20783209800720215, "incumbent": [86.48027486088529, 0.0043506201594433165, 0.0162387543708463, 278.5394074333133, 0.4031991886461722, 0.7664821435414102, 0.7715477490240343, 13.419975716759064], "runtime": 17.162375926971436, "iteration": 30}