{"incumbents_value": 0.26023271871474685, "iteration": 14, "runtime": 8.380582332611084, "incumbent": [123.05165883079005, 0.002471116145279429, 0.001813113716528237, 180.47077755795175, 0.7109281333889148, 0.39411372414094725, 0.759332018405428, 8.983662802391969], "optimization_overhead": 0.2402176856994629, "time_func_eval": 0.49611926078796387}