{"incumbents_value": 0.254716268374805, "iteration": 93, "runtime": 58.65279769897461, "incumbent": [11.943192714305962, 1e-05, 0.1, 108.61622422128532, 0.9, 0.5009568584095635, 0.999, 5.4990858999244265], "optimization_overhead": 0.33361339569091797, "time_func_eval": 0.2379469871520996}