{"incumbents_value": 0.14465245075841404, "time_func_eval": 1.9725627899169922, "optimization_overhead": 0.22276806831359863, "incumbent": [119.46055962891792, 0.009423030714808997, 0.0835095825461401, 71.2724307105246, 0.2858333355198068, 0.6697355407857705, 0.7608719605731744, 7.998221686690703], "runtime": 31.596716165542603, "iteration": 6}