{"time_func_eval": 0.028142929077148438, "runtime": 38.00688409805298, "incumbents_value": 0.9653144016227181, "iteration": 45, "incumbent": [139.71474454910074, 0.0095476557008103, 0.07113707262520436, 284.21197844067797, 0.5851292876648441, 0.14127866330235367, 0.9676565023607008, 14.839859203372955], "optimization_overhead": 0.21725225448608398}