{"runtime": 3.6224353313446045, "optimization_overhead": 0.24547934532165527, "incumbent": [143.3665155160625, 0.008835603646589077, 0.03633430632793227, 290.629209760305, 0.1433165489369091, 0.8345630952164181, 0.8741947305998198, 6.483908919464913], "time_func_eval": 0.11884737014770508, "incumbents_value": 0.0, "iteration": 16}