{"runtime": 24.539799213409424, "optimization_overhead": 0.21320319175720215, "incumbent": [143.3665155160625, 0.008835603646589077, 0.03633430632793227, 290.629209760305, 0.1433165489369091, 0.8345630952164181, 0.8741947305998198, 6.483908919464913], "time_func_eval": 0.04363822937011719, "incumbents_value": 0.0, "iteration": 86}