{"time_func_eval": 0.018093109130859375, "incumbent": [122.94655954883233, 0.0024731422739076784, 0.0024045358926807208, 224.67775502561602, 0.4043495165856022, 0.8691997185809153, 0.9793780633084365, 10.59562888942448], "runtime": 15.06694746017456, "optimization_overhead": 0.23549628257751465, "iteration": 34, "incumbents_value": 0.13040313040313045}