{"time_func_eval": 0.06795477867126465, "incumbent": [122.94655954883233, 0.0024731422739076784, 0.0024045358926807208, 224.67775502561602, 0.4043495165856022, 0.8691997185809153, 0.9793780633084365, 10.59562888942448], "runtime": 16.88805842399597, "optimization_overhead": 0.2729990482330322, "iteration": 38, "incumbents_value": 0.13040313040313045}