{"incumbents_value": 0.1699952291866046, "time_func_eval": 4.142328500747681, "optimization_overhead": 0.20073843002319336, "incumbent": [143.67225091784766, 0.0002452726413274682, 0.016885736505008037, 86.80836423429568, 0.6050459813218526, 0.6506072649601079, 0.8445093165379132, 5.2354036316727735], "runtime": 636.789745092392, "iteration": 78}