{"incumbents_value": 0.1699952291866046, "time_func_eval": 2.543968439102173, "optimization_overhead": 0.22295475006103516, "incumbent": [143.67225091784766, 0.0002452726413274682, 0.016885736505008037, 86.80836423429568, 0.6050459813218526, 0.6506072649601079, 0.8445093165379132, 5.2354036316727735], "runtime": 519.9835803508759, "iteration": 60}