{"time_func_eval": 0.35112714767456055, "incumbent": [8.047761490765478, 0.005809661167744343, 0.017230835074615394, 208.91823489973922, 0.8832945659518907, 0.8866807378853206, 0.9766498230949333, 14.589260024243547], "runtime": 38.922794818878174, "optimization_overhead": 0.3109915256500244, "iteration": 12, "incumbents_value": 0.803833776462624}