{"time_func_eval": 0.46914100646972656, "incumbent": [111.77056180010861, 0.00019533941847548657, 0.0011506064787341987, 200.83333296362952, 0.15670188372765084, 0.7281446342821458, 0.5404832008762797, 14.808241022880024], "runtime": 282.4319372177124, "optimization_overhead": 0.38550257682800293, "iteration": 55, "incumbents_value": 0.750911817087637}