{"time_func_eval": 1.5679478645324707, "incumbent": [50.62270862242322, 0.0012845311821971293, 0.0012380645709119391, 59.53726601154351, 0.0259952091296186, 0.10346507523992034, 0.8991549313704034, 14.7426083922794], "runtime": 28.978647232055664, "optimization_overhead": 0.2695775032043457, "iteration": 6, "incumbents_value": 0.8291982410302245}