{"incumbents_value": 0.4568045481088959, "time_func_eval": 0.25147199630737305, "optimization_overhead": 0.21962261199951172, "incumbent": [116.27271698855266, 0.009667692834076458, 0.022543400040128597, 142.2332906875978, 0.8561802733461535, 0.795712431343856, 0.920741288609259, 7.415426983256303], "runtime": 15.456175088882446, "iteration": 35}