{"incumbents_value": 0.4568045481088959, "time_func_eval": 0.14210891723632812, "optimization_overhead": 0.29675817489624023, "incumbent": [116.27271698855266, 0.009667692834076458, 0.022543400040128597, 142.2332906875978, 0.8561802733461535, 0.795712431343856, 0.920741288609259, 7.415426983256303], "runtime": 42.964426040649414, "iteration": 85}