{"incumbents_value": 0.37254734929153543, "time_func_eval": 0.017616748809814453, "optimization_overhead": 0.25034451484680176, "incumbent": [149.14437414305172, 0.008309933367768545, 0.013307899288555544, 279.70679308268654, 0.6675658330773854, 0.879667325977458, 0.8800269400539085, 14.366226101438652], "runtime": 17.549179792404175, "iteration": 59}