{"incumbents_value": 0.40367387746197736, "time_func_eval": 1.1330657005310059, "optimization_overhead": 0.24763822555541992, "incumbent": [130.24791650007063, 0.01, 0.0001, 270.1869228332585, 0.7327122963070007, 0.9, 0.9151922864409243, 13.403168160611285], "runtime": 38.82285666465759, "iteration": 40}