{"runtime": 77.5125343799591, "incumbent": [130.88596950356578, 0.0032624523707169483, 0.004449589038299465, 221.36644122152885, 0.8274255873058717, 0.0984936748170139, 0.47474976028014676, 5.967355904712409], "optimization_overhead": 0.33629822731018066, "time_func_eval": 13.352869749069214, "iteration": 20, "incumbents_value": 0.1962497768941226}