{"time_func_eval": 1.070664644241333, "runtime": 105.84434914588928, "incumbents_value": 0.08553236114908047, "iteration": 71, "incumbent": [25.425991163103856, 0.004847627915545575, 0.0036796374413238008, 218.3142794799617, 0.6638403964254908, 0.8974899706810013, 0.915058897658506, 14.846037392235932], "optimization_overhead": 0.39507317543029785}