{"time_func_eval": 1.4874026775360107, "runtime": 8.933236598968506, "incumbents_value": 0.25288720405676446, "iteration": 8, "incumbent": [75.0967258831215, 0.005084025156473648, 0.009658469557990955, 191.72376591981188, 0.4641619781237092, 0.567252652407908, 0.43512835107441344, 11.746268778156342], "optimization_overhead": 0.2204124927520752}