{"time_func_eval": 0.08852028846740723, "runtime": 120.59554839134216, "incumbents_value": 0.08553236114908047, "iteration": 82, "incumbent": [25.425991163103856, 0.004847627915545575, 0.0036796374413238008, 218.3142794799617, 0.6638403964254908, 0.8974899706810013, 0.915058897658506, 14.846037392235932], "optimization_overhead": 0.21460604667663574}