{"time_func_eval": 4.524475812911987, "runtime": 38.80137825012207, "incumbents_value": 0.12894867442132063, "iteration": 22, "incumbent": [36.61519084944029, 0.004068906294691854, 0.0005485586539796351, 270.0034152360355, 0.08882979796276631, 0.5835605055383141, 0.5639799043760626, 13.4838097244004], "optimization_overhead": 0.1968686580657959}