{"incumbents_value": 0.5186975744943871, "time_func_eval": 6.751465082168579, "optimization_overhead": 0.00010101000467936198, "incumbent": [74.54064614389797, 0.00828785358296735, 0.03353869801452035, 182.63513936298543, 0.5052786224328425, 0.2292584111182412, 0.12158407368094121, 6.273172757895977], "runtime": 6.752356052398682, "iteration": 0}