{"incumbents_value": 0.44033855265984256, "time_func_eval": 6.0648534297943115, "optimization_overhead": 0.1710071563720703, "incumbent": [131.82494994682116, 0.0022711134807947117, 0.02974173043221487, 158.64279962217756, 0.05644621096726108, 0.17085134815009292, 0.9324076599400523, 14.794684791492722], "runtime": 120.57796311378479, "iteration": 15}