{"incumbents_value": 0.2001430209821342, "time_func_eval": 0.08820605278015137, "optimization_overhead": 0.24209070205688477, "incumbent": [146.25184748602442, 0.01, 0.0001, 73.95696871786453, 0.8938346200867078, 0.09, 0.0999, 14.770442243525656], "runtime": 79.70978212356567, "iteration": 25}