{"incumbent": [36.28942775865148, 0.0005707367614776403, 0.0073754034145575515, 82.88694015920515, 0.04674401873098015, 0.8831091127180285, 0.9670113365837939, 11.007064649856854], "iteration": 32, "time_func_eval": 0.050028085708618164, "optimization_overhead": 0.19173765182495117, "incumbents_value": 0.3876293089599847, "runtime": 10.871070623397827}