{"incumbent": [81.68441700607845, 0.002332224550936016, 0.005570397448711753, 69.79453354325537, 0.7119314182647742, 0.7418848742094692, 0.9811820282520606, 14.839842934282391], "iteration": 23, "time_func_eval": 0.3291819095611572, "optimization_overhead": 0.18738603591918945, "incumbents_value": 0.4355996308337793, "runtime": 8.18471097946167}