{"incumbent": [36.28942775865148, 0.0005707367614776403, 0.0073754034145575515, 82.88694015920515, 0.04674401873098015, 0.8831091127180285, 0.9670113365837939, 11.007064649856854], "iteration": 65, "time_func_eval": 0.14901185035705566, "optimization_overhead": 0.2681705951690674, "incumbents_value": 0.3876293089599847, "runtime": 23.728484869003296}