{"runtime": 1.660721778869629, "optimization_overhead": 0.17054963111877441, "incumbent": [43.49528452353337, 0.00944866741317639, 0.004676615142838862, 115.26769959146958, 0.039212098784083514, 0.7936699832888556, 0.5065758157912609, 5.068411180894822], "time_func_eval": 0.13640284538269043, "incumbents_value": 0.0, "iteration": 8}