{"incumbents_value": 0.02814764831343175, "time_func_eval": 0.7776973247528076, "optimization_overhead": 0.18459200859069824, "incumbent": [27.985373059514238, 0.01, 0.0001, 127.01117783714382, 0.03086855589414183, 0.46404174030289647, 0.0999, 13.837218915677767], "runtime": 63.83845806121826, "iteration": 27}