{"incumbents_value": 0.06944444444444442, "time_func_eval": 0.09067630767822266, "optimization_overhead": 0.19309592247009277, "incumbent": [78.70029745646508, 0.009711160242038787, 0.010955331808829589, 293.3125587997879, 0.10376771724535484, 0.8395106972725687, 0.31691223589172185, 5.040311780766553], "runtime": 20.577966690063477, "iteration": 44}