{"incumbents_value": 0.05360469064668849, "time_func_eval": 2.6179771423339844, "optimization_overhead": 0.26546144485473633, "incumbent": [141.09626858706844, 0.0032831968542819086, 0.007428741746694964, 98.12354763070849, 0.3935162250112734, 0.760282277834267, 0.333792644702127, 10.20208685185378], "runtime": 205.53007626533508, "iteration": 55}