{"incumbents_value": 0.05360469064668849, "time_func_eval": 7.24131441116333, "optimization_overhead": 0.17565631866455078, "incumbent": [141.09626858706844, 0.0032831968542819086, 0.007428741746694964, 98.12354763070849, 0.3935162250112734, 0.760282277834267, 0.333792644702127, 10.20208685185378], "runtime": 45.594210624694824, "iteration": 14}