{"time_func_eval": 0.021828174591064453, "runtime": 35.642460346221924, "incumbents_value": 0.9653144016227181, "iteration": 52, "incumbent": [15.651143458303595, 0.00039823071690825895, 0.015605764646137247, 79.97951817117882, 0.08245686690094906, 0.23118732054111568, 0.7344485305775383, 5.821394705190938], "optimization_overhead": 0.26851773262023926}