{"time_func_eval": 0.4206717014312744, "runtime": 17.64546537399292, "incumbents_value": 0.9755686347216095, "iteration": 24, "incumbent": [144.8348077810922, 0.01, 0.0001, 296.1586938698643, 0.06711639205145768, 0.6393441283507035, 0.0999, 9.992602067543853], "optimization_overhead": 0.19114899635314941}