{"time_func_eval": 0.05518507957458496, "runtime": 10.609490394592285, "incumbents_value": 0.9755686347216095, "iteration": 16, "incumbent": [144.8348077810922, 0.01, 0.0001, 296.1586938698643, 0.06711639205145768, 0.6393441283507035, 0.0999, 9.992602067543853], "optimization_overhead": 0.1710503101348877}