{"incumbents_value": 0.10101131450435386, "time_func_eval": 0.4478168487548828, "optimization_overhead": 0.16441130638122559, "incumbent": [145.31069636976517, 0.0003125678743126341, 0.0012512433087682913, 285.31399706243104, 0.18678145765421894, 0.769312490714961, 0.6878788244522422, 7.498701315210594], "runtime": 19.386423349380493, "iteration": 11}