{"runtime": 63.31340479850769, "iteration": 14, "time_func_eval": 6.812088489532471, "incumbent": [35.54965351207789, 0.00739263547559771, 0.003514023904065843, 296.59101441551843, 0.7405655847503104, 0.39241571166546374, 0.10379957172341593, 5.276989131990348], "incumbents_value": 0.0566985289766484, "optimization_overhead": 0.4009246826171875}