{"runtime": 779.9604983329773, "iteration": 99, "time_func_eval": 23.3896267414093, "incumbent": [145.57849504866851, 0.00018468705735800208, 0.007165210923906992, 287.9146120202189, 0.17182475673529213, 0.2333764002646278, 0.8948623050995261, 14.072244291965156], "incumbents_value": 0.041409992769626314, "optimization_overhead": 0.45454931259155273}