{"incumbents_value": 0.0, "time_func_eval": 0.03633379936218262, "optimization_overhead": 0.22386741638183594, "incumbent": [8.934601243721223, 0.00024412335299248483, 0.005847084214364367, 86.59735973624944, 0.2857539242732531, 0.6882284775892238, 0.6656325291604374, 10.645224539905067], "runtime": 15.981207370758057, "iteration": 60}