{"iteration": 61, "incumbents_value": 0.5208075903466287, "incumbent": [114.01855445324253, 0.009031222181541863, 0.004192914245901553, 108.1756848960097, 0.1412221714972429, 0.8789342123173587, 0.9458095672354377, 13.208114713960219], "time_func_eval": 5.458316802978516, "runtime": 112.93242478370667, "optimization_overhead": 0.3249812126159668}