{"iteration": 12, "incumbents_value": 0.5790664761442128, "incumbent": [8.335674598273846, 0.00990449963466209, 0.02230221898851374, 285.3098516134542, 0.7077850108059602, 0.889670734750128, 0.9576081949805144, 14.548011259714215], "time_func_eval": 1.0382754802703857, "runtime": 22.161476373672485, "optimization_overhead": 0.19515681266784668}