{"runtime": 357.689329624176, "optimization_overhead": 0.2236495018005371, "incumbent": [125.66224491129097, 0.0013267810254255616, 0.012121704342457266, 241.56343436164033, 0.39198794509728774, 0.13394070770101268, 0.48386227157169603, 6.324444777156324], "time_func_eval": 1.201338768005371, "incumbents_value": 0.09433770283976484, "iteration": 41}