{"incumbents_value": 0.48222459045383403, "time_func_eval": 0.4264862537384033, "optimization_overhead": 0.23389816284179688, "incumbent": [124.79335229046855, 0.0006720838219564784, 0.04767809827965683, 83.40648442197697, 0.10605060235639344, 0.1748474892780197, 0.7293828815546691, 5.034195028682159], "runtime": 90.97618079185486, "iteration": 9}