{"incumbents_value": 0.46276416902556916, "time_func_eval": 0.6470947265625, "optimization_overhead": 0.3399782180786133, "incumbent": [17.60485744417145, 0.004997689540359428, 0.014156083664425992, 297.5975959961015, 0.03456170535755357, 0.5375228566272473, 0.3639862450950406, 14.620177367066285], "runtime": 535.1561448574066, "iteration": 70}