{"optimization_overhead": 0.2479240894317627, "runtime": 5.939526081085205, "incumbent": [19.522555950780625, 0.0018944971542566328, 0.0204309118598739, 270.7385977787937, 0.8500721683247385, 0.8646943942364113, 0.2962686665804237, 14.971654792580694], "incumbents_value": 0.261437908496732, "time_func_eval": 0.06105804443359375, "iteration": 21}