{"incumbents_value": 0.8086222909708868, "time_func_eval": 0.028107881546020508, "optimization_overhead": 0.19624805450439453, "incumbent": [4.70859002255845, 0.007002127436863506, 0.004271704126740732, 115.99385367306829, 0.7641881232284972, 0.10950707607363337, 0.11353849599721813, 14.618867671313645], "runtime": 5.3655006885528564, "iteration": 6}