{"incumbents_value": 0.6736772486772487, "time_func_eval": 0.02359175682067871, "optimization_overhead": 0.2816040515899658, "incumbent": [70.56309538776337, 0.009905651374385128, 0.0008473997065285361, 226.7547651924817, 0.01490123435428864, 0.3252789651635865, 0.21457857704039385, 5.365687172401888], "runtime": 15.076655626296997, "iteration": 56}