{"incumbent": [11.273046994171752, 0.007874848385151645, 0.0536698282825192, 101.91342157289193, 0.566366684966815, 0.8759199701335699, 0.9938124899881199, 6.343768070483858], "iteration": 99, "time_func_eval": 0.04241228103637695, "optimization_overhead": 0.20493292808532715, "incumbents_value": 0.07286743449731559, "runtime": 27.981216192245483}