{"time_func_eval": 0.19921660423278809, "runtime": 216.4734787940979, "incumbents_value": 0.1359562843458093, "iteration": 67, "incumbent": [6.722434564690262, 0.005152138432342001, 0.06038653085315343, 252.76754796110674, 0.895342231024364, 0.6156412726671463, 0.16924723848742046, 14.940676007337508], "optimization_overhead": 0.219085693359375}