{"incumbent": [8.154574974351094, 0.009938865899624338, 0.0016966686833905578, 60.29521472705239, 0.8736939784035215, 0.32985926527477394, 0.10526757353538874, 5.793846031525296], "runtime": 19.635732650756836, "iteration": 55, "time_func_eval": 0.11016440391540527, "incumbents_value": 0.7044611528822056, "optimization_overhead": 0.37610650062561035}