{"incumbent": [21.044611841388043, 0.009249248149649458, 0.019495634870814647, 298.4924916428687, 0.6349432773061957, 0.8744596266999805, 0.8658667027580259, 11.53666377945266], "runtime": 6.644286870956421, "iteration": 21, "time_func_eval": 0.019681453704833984, "incumbents_value": 0.7560606060606061, "optimization_overhead": 0.24585437774658203}