{"incumbent": [8.154574974351094, 0.009938865899624338, 0.0016966686833905578, 60.29521472705239, 0.8736939784035215, 0.32985926527477394, 0.10526757353538874, 5.793846031525296], "runtime": 35.00357413291931, "iteration": 89, "time_func_eval": 0.009538412094116211, "incumbents_value": 0.7044611528822056, "optimization_overhead": 0.3847815990447998}