{"incumbents_value": 0.08629871952369783, "time_func_eval": 0.1735389232635498, "optimization_overhead": 0.16792535781860352, "incumbent": [145.2922967709483, 0.0017191253359578338, 0.013974551789430155, 284.9343309684884, 0.07399665981943152, 0.7624688326569735, 0.6513885418128862, 14.141204106639973], "runtime": 39.07073640823364, "iteration": 50}