{"incumbents_value": 0.1530868894455082, "time_func_eval": 0.2366466522216797, "optimization_overhead": 0.21535158157348633, "incumbent": [124.53114818941651, 0.005364638257392278, 0.0035494000203080745, 296.8804982463954, 0.5354414021297714, 0.2795820056092927, 0.54373055457957, 6.352520523811805], "runtime": 80.61139869689941, "iteration": 29}