{"incumbents_value": 0.20799301498476286, "time_func_eval": 0.30037379264831543, "optimization_overhead": 0.19222521781921387, "incumbent": [52.99198780157483, 0.004218889049248546, 0.0005582178815200117, 251.80857488639165, 0.2893684614083942, 0.8204526745877445, 0.9419995617852672, 12.797265678502024], "runtime": 20.240440845489502, "iteration": 6}