{"incumbents_value": 0.0722220284541315, "time_func_eval": 22.43167209625244, "optimization_overhead": 0.31722450256347656, "incumbent": [130.92856591373496, 1e-05, 0.0001, 289.0797121588765, 0.9, 0.9, 0.7867564214807846, 12.029258440779689], "runtime": 364.41274094581604, "iteration": 62}