{"incumbents_value": 0.13346662475882753, "time_func_eval": 0.07651782035827637, "optimization_overhead": 0.2533755302429199, "incumbent": [146.10786959244894, 0.01, 0.0001, 74.1826527572504, 0.9, 0.34151536966198226, 0.0999, 14.594776594570508], "runtime": 134.1809413433075, "iteration": 37}