{"incumbents_value": 0.013773381557916298, "time_func_eval": 56.76254367828369, "optimization_overhead": 0.33777284622192383, "incumbent": [138.47304964866544, 0.0006710204536902623, 0.0014187826316922824, 273.3813867709471, 0.746290782522935, 0.14155028769278571, 0.11078538644836348, 8.85514369839684], "runtime": 1126.5753207206726, "iteration": 36}