{"incumbents_value": 0.011452070474344933, "time_func_eval": 40.9981575012207, "optimization_overhead": 0.28806543350219727, "incumbent": [82.6246637170542, 0.006330103490014289, 0.0005506648624149638, 206.28247885276502, 0.03949668556537186, 0.2710803043422129, 0.8277481235774323, 9.402443895667297], "runtime": 2060.7751824855804, "iteration": 71}