{"incumbents_value": 0.4473849149753586, "time_func_eval": 20.502345085144043, "optimization_overhead": 0.00014209747314453125, "incumbent": [110.84253943978962, 0.007562997225603329, 0.012187232814967277, 88.53916664537203, 0.24415311006890425, 0.31183962461696196, 0.31036388685849214, 13.709033925650884], "runtime": 20.503536701202393, "iteration": 0}