{"incumbents_value": 0.011452070474344933, "time_func_eval": 57.459203243255615, "optimization_overhead": 0.2255256175994873, "incumbent": [82.6246637170542, 0.006330103490014289, 0.0005506648624149638, 206.28247885276502, 0.03949668556537186, 0.2710803043422129, 0.8277481235774323, 9.402443895667297], "runtime": 1936.0063648223877, "iteration": 68}