{"incumbents_value": 0.08062617702448205, "iteration": 55, "runtime": 48.781954288482666, "incumbent": [96.94241441640247, 0.004454827154941014, 0.019936196402173985, 290.05147377546314, 0.12358859092632701, 0.8657014362775933, 0.9608634089797603, 12.215321237747595], "optimization_overhead": 0.34360408782958984, "time_func_eval": 0.12752008438110352}