{"incumbents_value": 0.344011544011544, "time_func_eval": 0.04015207290649414, "optimization_overhead": 0.166611909866333, "incumbent": [129.8222747469107, 0.003384906017666014, 0.09788132906696341, 124.98154437989713, 0.03566859577582756, 0.5142652877518817, 0.8234840236376474, 14.83003931076858], "runtime": 13.111627101898193, "iteration": 25}