{"incumbents_value": 0.48997269560305057, "time_func_eval": 0.016364574432373047, "optimization_overhead": 0.16020894050598145, "incumbent": [61.5526396507711, 0.000482006238017789, 0.03502299762339009, 131.22249916686172, 0.38521390236444186, 0.882268198137376, 0.9835576185608422, 13.232757759785391], "runtime": 14.347656965255737, "iteration": 54}