{"incumbents_value": 0.4929152148664343, "time_func_eval": 0.009252548217773438, "optimization_overhead": 0.16187024116516113, "incumbent": [22.43539494285172, 6.274502589377375e-05, 0.028137015497631337, 277.5769597977767, 0.64843428270188, 0.869369222328843, 0.9945961750357953, 12.49032098867112], "runtime": 5.139134407043457, "iteration": 22}