{"incumbents_value": 0.10983012530788483, "time_func_eval": 1.0255379676818848, "optimization_overhead": 0.26566243171691895, "incumbent": [122.23959233639569, 0.008406202967459878, 0.011410053717955077, 271.80771554469453, 0.8179415785546922, 0.8187541707420887, 0.9600370742402761, 11.112953156605306], "runtime": 268.6814205646515, "iteration": 73}