{"incumbents_value": 0.10983012530788483, "time_func_eval": 2.005005359649658, "optimization_overhead": 0.38379669189453125, "incumbent": [122.23959233639569, 0.008406202967459878, 0.011410053717955077, 271.80771554469453, 0.8179415785546922, 0.8187541707420887, 0.9600370742402761, 11.112953156605306], "runtime": 182.64778900146484, "iteration": 43}