{"incumbent": [23.860717270633018, 0.0007076239899560353, 0.011840070677522047, 71.68716361276071, 0.8866916711006245, 0.5958093840772284, 0.27208204410457887, 5.7657963366907925], "iteration": 70, "time_func_eval": 0.07363724708557129, "optimization_overhead": 0.1922130584716797, "incumbents_value": 0.8022470375303077, "runtime": 20.76363229751587}