{"incumbent": [38.083545686904536, 0.009486303792566578, 0.0002862184201343039, 110.64278217311869, 0.10781562189044605, 0.17252107123309848, 0.21887139583813414, 5.092228693478934], "iteration": 96, "time_func_eval": 0.07641291618347168, "optimization_overhead": 0.19475579261779785, "incumbents_value": 0.7705660623451154, "runtime": 29.10505747795105}