{"time_func_eval": 0.04118466377258301, "runtime": 13.472422122955322, "incumbents_value": 0.12692307692307692, "iteration": 49, "incumbent": [39.93176371501216, 0.0007413555128247014, 0.01737882142649348, 289.16035687662566, 0.47125388140281127, 0.31322217256218554, 0.9380915690799064, 8.918243112991401], "optimization_overhead": 0.24965429306030273}