{"time_func_eval": 0.05221676826477051, "runtime": 27.944831132888794, "incumbents_value": 0.12692307692307692, "iteration": 96, "incumbent": [39.93176371501216, 0.0007413555128247014, 0.01737882142649348, 289.16035687662566, 0.47125388140281127, 0.31322217256218554, 0.9380915690799064, 8.918243112991401], "optimization_overhead": 0.18072795867919922}