{"incumbents_value": 0.8577165806081468, "time_func_eval": 0.7210550308227539, "optimization_overhead": 0.19833016395568848, "incumbent": [122.12214400795608, 0.005291272293665001, 0.03952151780391078, 147.2088119897885, 0.15141264959145745, 0.43744399310725957, 0.7205458807933341, 13.850270683276175], "runtime": 340.0511062145233, "iteration": 29}