{"time_func_eval": 0.5579912662506104, "incumbents_value": 0.2719523672987666, "runtime": 98.34270453453064, "iteration": 73, "incumbent": [149.15882800031943, 0.0005772817217146297, 0.01695588601422308, 268.5656334081259, 0.30471790100491963, 0.8162875547264049, 0.9858782168942555, 9.186783831593022], "optimization_overhead": 0.30295252799987793}