{"time_func_eval": 0.9804995059967041, "incumbents_value": 0.2719523672987666, "runtime": 70.18627190589905, "iteration": 48, "incumbent": [149.15882800031943, 0.0005772817217146297, 0.01695588601422308, 268.5656334081259, 0.30471790100491963, 0.8162875547264049, 0.9858782168942555, 9.186783831593022], "optimization_overhead": 0.26540184020996094}