{"time_func_eval": 1.0242350101470947, "incumbents_value": 0.2719523672987666, "runtime": 37.198426246643066, "iteration": 27, "incumbent": [149.15882800031943, 0.0005772817217146297, 0.01695588601422308, 268.5656334081259, 0.30471790100491963, 0.8162875547264049, 0.9858782168942555, 9.186783831593022], "optimization_overhead": 0.1786642074584961}