{"incumbent": [138.45869646806332, 0.01, 0.0001, 290.34008276280946, 0.1113912216445627, 0.5079179175644715, 0.43920981846938023, 5.325375678940139], "iteration": 17, "time_func_eval": 0.2932779788970947, "optimization_overhead": 0.19411277770996094, "incumbents_value": 0.5913337408618458, "runtime": 33.46279311180115}