{"incumbent": [144.37036140017554, 0.007979782377939393, 0.00944723466095201, 135.2194712625116, 0.8307738777697538, 0.5352742239329161, 0.9905424162390889, 5.207954251138245], "iteration": 59, "time_func_eval": 0.3904590606689453, "optimization_overhead": 0.2565028667449951, "incumbents_value": 0.5670356568963186, "runtime": 88.2464165687561}