{"incumbent": [38.17220320266828, 5.891831581976027e-05, 0.003138416254571717, 105.52093726491313, 0.1926965283509937, 0.7056227903133118, 0.9015356645869763, 14.398936356539807], "iteration": 85, "time_func_eval": 1.9393200874328613, "optimization_overhead": 0.3134937286376953, "incumbents_value": 0.5350812813467689, "runtime": 120.19675183296204}