{"incumbent": [138.42304752510168, 2.2152757208039896e-05, 0.006595001743207457, 290.39566695653764, 0.0830615764095702, 0.7210587414786771, 0.5654989127467661, 5.351600626445022], "iteration": 2, "time_func_eval": 1.3357291221618652, "optimization_overhead": 0.0020792484283447266, "incumbents_value": 0.6381406630809616, "runtime": 4.045864582061768}