{"incumbent": [38.17220320266828, 5.891831581976027e-05, 0.003138416254571717, 105.52093726491313, 0.1926965283509937, 0.7056227903133118, 0.9015356645869763, 14.398936356539807], "iteration": 83, "time_func_eval": 0.09036111831665039, "optimization_overhead": 0.23692727088928223, "incumbents_value": 0.5350812813467689, "runtime": 117.37706971168518}