{"incumbent": [138.45869646806332, 0.01, 0.0001, 290.34008276280946, 0.1113912216445627, 0.5079179175644715, 0.43920981846938023, 5.325375678940139], "iteration": 23, "time_func_eval": 1.8683357238769531, "optimization_overhead": 0.1763150691986084, "incumbents_value": 0.5913337408618458, "runtime": 44.03516125679016}