{"incumbents_value": 0.0, "time_func_eval": 0.11614513397216797, "optimization_overhead": 0.19479990005493164, "incumbent": [141.2640256482921, 0.009192063908025174, 0.0021052612317883617, 52.47784112432783, 0.8824873996856609, 0.20526794130050668, 0.8774926839280555, 7.283877468248134], "runtime": 20.82073211669922, "iteration": 34}