{"incumbent": [145.3404007788971, 0.004260042021969594, 0.011750187807163312, 92.06435764368688, 0.13462187794019487, 0.2786941120788242, 0.943483496552794, 13.185613034950874], "iteration": 96, "time_func_eval": 1.423731803894043, "optimization_overhead": 0.19746112823486328, "incumbents_value": 0.36226340673600954, "runtime": 205.3260657787323}