{"incumbent": [149.78028328001648, 0.006065328990420666, 0.003280688873380965, 269.9238625917875, 0.7724509553472616, 0.12647802549495726, 0.8300318945371278, 12.04002443258969], "iteration": 14, "time_func_eval": 2.631892681121826, "optimization_overhead": 0.1658344268798828, "incumbents_value": 0.3783519006670517, "runtime": 28.641528367996216}