{"incumbent": [149.78028328001648, 0.006065328990420666, 0.003280688873380965, 269.9238625917875, 0.7724509553472616, 0.12647802549495726, 0.8300318945371278, 12.04002443258969], "iteration": 20, "time_func_eval": 2.3646159172058105, "optimization_overhead": 0.18070745468139648, "incumbents_value": 0.3783519006670517, "runtime": 36.406110525131226}