{"incumbents_value": 0.8577165806081468, "time_func_eval": 6.143809795379639, "optimization_overhead": 0.18763256072998047, "incumbent": [31.51076122518422, 0.008969450693802405, 0.03215520661713944, 288.83844631450074, 0.8088286111530336, 0.33442598086707387, 0.8823009673542963, 10.369506359508131], "runtime": 998.8755717277527, "iteration": 68}