{"incumbents_value": 0.538998758093289, "time_func_eval": 4.431617259979248, "optimization_overhead": 0.25081753730773926, "incumbent": [142.78856653784575, 0.004589896111641233, 0.007533563318631649, 242.22795226107257, 0.8516755447683453, 0.6738905928641284, 0.842013691635188, 12.460037730919424], "runtime": 390.2867388725281, "iteration": 97}