{"incumbents_value": 0.5656908012396632, "time_func_eval": 0.08482241630554199, "optimization_overhead": 0.30754995346069336, "incumbent": [124.68203479282468, 0.0035044864876266507, 0.0074991255373422685, 152.61250255730553, 0.42055556954642853, 0.42909588790673836, 0.6195504515157423, 8.790194838489052], "runtime": 127.87266421318054, "iteration": 49}