{"incumbents_value": 0.5656908012396632, "time_func_eval": 1.8097915649414062, "optimization_overhead": 0.24235320091247559, "incumbent": [124.68203479282468, 0.0035044864876266507, 0.0074991255373422685, 152.61250255730553, 0.42055556954642853, 0.42909588790673836, 0.6195504515157423, 8.790194838489052], "runtime": 130.51311349868774, "iteration": 51}