{"incumbents_value": 0.09999999999999998, "time_func_eval": 0.022072553634643555, "optimization_overhead": 0.23819518089294434, "incumbent": [26.79571765627315, 0.00028202942974663703, 0.0009398590159379166, 157.01367905803653, 0.780098804621593, 0.11019013457351237, 0.5212252397918233, 14.630016357395736], "runtime": 9.27795958518982, "iteration": 42}