{"incumbents_value": 0.09999999999999998, "time_func_eval": 0.0063169002532958984, "optimization_overhead": 0.17798256874084473, "incumbent": [26.79571765627315, 0.00028202942974663703, 0.0009398590159379166, 157.01367905803653, 0.780098804621593, 0.11019013457351237, 0.5212252397918233, 14.630016357395736], "runtime": 5.27715802192688, "iteration": 26}