{"runtime": 15.93561053276062, "optimization_overhead": 0.19736123085021973, "incumbent": [9.916410166299935, 0.00010735632057040204, 0.013390933962777157, 180.94175508738772, 0.35158937513147087, 0.8973166504357547, 0.984388287035757, 5.5089025913191], "time_func_eval": 0.009800195693969727, "incumbents_value": 0.36676089199982054, "iteration": 61}