{"runtime": 24.85908079147339, "optimization_overhead": 0.21842050552368164, "incumbent": [9.916410166299935, 0.00010735632057040204, 0.013390933962777157, 180.94175508738772, 0.35158937513147087, 0.8973166504357547, 0.984388287035757, 5.5089025913191], "time_func_eval": 0.010148286819458008, "incumbents_value": 0.36676089199982054, "iteration": 90}