{"incumbents_value": 0.3238555596450333, "time_func_eval": 0.08463478088378906, "optimization_overhead": 0.17366957664489746, "incumbent": [20.43771251273542, 0.009936344410895668, 0.005154382003020354, 276.84035562731094, 0.33390487844118305, 0.509433123509729, 0.3959995052626753, 11.611081056086313], "runtime": 50.081380128860474, "iteration": 81}