{"incumbents_value": 0.3238555596450333, "time_func_eval": 0.2746291160583496, "optimization_overhead": 0.48389720916748047, "incumbent": [20.43771251273542, 0.009936344410895668, 0.005154382003020354, 276.84035562731094, 0.33390487844118305, 0.509433123509729, 0.3959995052626753, 11.611081056086313], "runtime": 52.30300831794739, "iteration": 85}