{"time_func_eval": 0.1017458438873291, "runtime": 20.589763879776, "incumbents_value": 0.12973921963151458, "iteration": 63, "incumbent": [14.057182178323504, 0.008183380293847577, 0.09740496456029611, 79.08873059460896, 0.8733856831705653, 0.2773395475682899, 0.9169363914318462, 7.9164738278537765], "optimization_overhead": 0.2265925407409668}