{"incumbents_value": 0.21076508004574046, "time_func_eval": 0.06354737281799316, "optimization_overhead": 0.1840505599975586, "incumbent": [24.662065954709202, 0.00013865611872592454, 0.021534463234374107, 272.9232312580655, 0.8648609490138355, 0.2699757389069246, 0.10941337033771449, 14.566583387822243], "runtime": 14.948938369750977, "iteration": 27}