{"incumbents_value": 0.09959196188499453, "time_func_eval": 0.20701026916503906, "optimization_overhead": 0.20001482963562012, "incumbent": [122.13991075836536, 0.01, 0.1, 299.58699793623754, 0.31834703735618625, 0.9, 0.839118121728275, 14.910033920606416], "runtime": 31.599629640579224, "iteration": 62}