{"incumbents_value": 0.09959196188499453, "time_func_eval": 0.2651705741882324, "optimization_overhead": 0.24771904945373535, "incumbent": [122.13991075836536, 0.01, 0.1, 299.58699793623754, 0.31834703735618625, 0.9, 0.839118121728275, 14.910033920606416], "runtime": 22.928208589553833, "iteration": 44}