{"incumbent": [8.452265779129984, 0.008131913410559655, 0.004718039017983768, 95.699716560399, 0.8803870338606851, 0.3638519247626072, 0.6531002490451068, 5.13217134764703], "iteration": 67, "time_func_eval": 0.016949892044067383, "optimization_overhead": 0.19153332710266113, "incumbents_value": 0.20695549661066914, "runtime": 15.046975135803223}