{"incumbents_value": 0.8069240181104588, "time_func_eval": 0.1372971534729004, "optimization_overhead": 0.2529120445251465, "incumbent": [57.80489598323112, 0.00428232874209292, 0.03300796176548932, 71.92766220709872, 0.21348068409693463, 0.6246795199064308, 0.9176363387708574, 9.399939270198393], "runtime": 36.22493886947632, "iteration": 6}