{"incumbents_value": 0.7944149701057561, "time_func_eval": 0.3625316619873047, "optimization_overhead": 0.22699856758117676, "incumbent": [25.67671761336789, 0.008713309405317777, 0.01456453156312099, 285.05136154728274, 0.6758900082193315, 0.8281327208670222, 0.6963428572771704, 14.997667540750502], "runtime": 64.82678532600403, "iteration": 20}