{"incumbents_value": 0.01455951987078341, "time_func_eval": 54.01552772521973, "optimization_overhead": 0.21281886100769043, "incumbent": [122.9587376914686, 0.006926056166115564, 0.0015516579914965924, 264.9675335300477, 0.8789759121408602, 0.5932015777589864, 0.4338456470136311, 7.182310893173075], "runtime": 855.4050097465515, "iteration": 36}