{"incumbents_value": 0.9999971069900184, "time_func_eval": 39.85765242576599, "optimization_overhead": 0.16888666152954102, "incumbent": [149.62223277482744, 0.005735709499001841, 0.021997131901289796, 70.00690440762673, 0.8843815098058609, 0.8487611630719929, 0.9108471450999691, 5.9159343748325135], "runtime": 2639.1926198005676, "iteration": 18}