{"incumbents_value": 0.9999971069900184, "time_func_eval": 137.43720316886902, "optimization_overhead": 0.15667176246643066, "incumbent": [149.62223277482744, 0.005735709499001841, 0.021997131901289796, 70.00690440762673, 0.8843815098058609, 0.8487611630719929, 0.9108471450999691, 5.9159343748325135], "runtime": 3540.3835604190826, "iteration": 30}