{"incumbent": [137.03823956196342, 0.0012581574403933468, 0.013121676893914967, 254.0439745071234, 0.04867316896525068, 0.3065048032543644, 0.8235983607106643, 14.423371305036685], "iteration": 35, "time_func_eval": 0.08272290229797363, "optimization_overhead": 0.18824148178100586, "incumbents_value": 0.020561891274100574, "runtime": 32.58446168899536}