{"incumbent": [88.5110739547932, 0.0015689063901417315, 0.002800331919339931, 193.19394239661187, 0.07696860210325861, 0.09963411423537355, 0.2944425896825323, 14.110635707892365], "iteration": 61, "time_func_eval": 1.2179181575775146, "optimization_overhead": 0.18881988525390625, "incumbents_value": 0.0031828404940821287, "runtime": 54.51038432121277}