{"incumbent": [88.5110739547932, 0.0015689063901417315, 0.002800331919339931, 193.19394239661187, 0.07696860210325861, 0.09963411423537355, 0.2944425896825323, 14.110635707892365], "iteration": 45, "time_func_eval": 0.2356734275817871, "optimization_overhead": 0.1873009204864502, "incumbents_value": 0.0031828404940821287, "runtime": 42.29871940612793}