{"runtime": 143.46950578689575, "optimization_overhead": 0.6251809597015381, "iteration": 69, "incumbent": [96.94241441640247, 0.004454827154941014, 0.019936196402173985, 290.05147377546314, 0.12358859092632701, 0.8657014362775933, 0.9608634089797603, 12.215321237747595], "incumbents_value": 0.016473396043397814, "time_func_eval": 1.2599644660949707}