{"runtime": 123.01154112815857, "optimization_overhead": 0.5574870109558105, "iteration": 56, "incumbent": [96.94241441640247, 0.004454827154941014, 0.019936196402173985, 290.05147377546314, 0.12358859092632701, 0.8657014362775933, 0.9608634089797603, 12.215321237747595], "incumbents_value": 0.016473396043397814, "time_func_eval": 1.027146577835083}