{"runtime": 160.638653755188, "optimization_overhead": 0.4371006488800049, "iteration": 75, "incumbent": [96.94241441640247, 0.004454827154941014, 0.019936196402173985, 290.05147377546314, 0.12358859092632701, 0.8657014362775933, 0.9608634089797603, 12.215321237747595], "incumbents_value": 0.016473396043397814, "time_func_eval": 1.046781301498413}