{"incumbent": [142.6145344713304, 0.0021040943837884124, 0.0008127513987036143, 65.23092794926056, 0.09794128372467187, 0.14606155048645464, 0.9418491392491748, 14.169400528479812], "iteration": 37, "time_func_eval": 1.9266867637634277, "optimization_overhead": 0.19936156272888184, "incumbents_value": 0.7869778141316244, "runtime": 53.736324310302734}