{"incumbent": [138.42304752510168, 2.2152757208039896e-05, 0.006595001743207457, 290.39566695653764, 0.0830615764095702, 0.7210587414786771, 0.5654989127467661, 5.351600626445022], "iteration": 11, "time_func_eval": 0.4497087001800537, "optimization_overhead": 0.19426465034484863, "incumbents_value": 0.8351331549821905, "runtime": 16.71191382408142}