{"incumbents_value": 0.6297385620915033, "time_func_eval": 0.13337206840515137, "optimization_overhead": 0.21122241020202637, "incumbent": [110.42168914517542, 0.001709936369950218, 0.006701476879905916, 299.559540520754, 0.7019828068872893, 0.8272592073529285, 0.8341658059540967, 14.370007014979786], "runtime": 23.058913230895996, "iteration": 81}