{"incumbents_value": 0.6774114774114774, "time_func_eval": 0.0077593326568603516, "optimization_overhead": 0.15767765045166016, "incumbent": [4.098046075000896, 0.000248485523147054, 0.01834626838187857, 289.2493673539372, 0.2749440370530191, 0.7950135668561121, 0.6989214915233084, 14.656687492322195], "runtime": 6.344104766845703, "iteration": 28}