{"runtime": 294.8670287132263, "iteration": 28, "time_func_eval": 0.33617591857910156, "incumbent": [147.34523217300583, 0.003950227004644759, 0.010440439443666065, 217.93989099617272, 0.5112788126618326, 0.7472363513336507, 0.9914848965276908, 13.63574078698182], "incumbents_value": 0.04401991869997235, "optimization_overhead": 0.41698741912841797}