{"incumbents_value": 0.0719696969696969, "time_func_eval": 0.014325141906738281, "optimization_overhead": 0.3066365718841553, "incumbent": [130.98107807219165, 0.007521966328825068, 0.013480552099662197, 180.6053961588095, 0.7028094263830664, 0.8771244370876167, 0.8626913381793847, 6.930492430714819], "runtime": 20.468810319900513, "iteration": 65}