{"incumbents_value": 0.8054533960806349, "time_func_eval": 0.08908224105834961, "optimization_overhead": 0.2171332836151123, "incumbent": [144.2214036696258, 0.0019479818142494063, 0.0024262140059408757, 53.99495012035858, 0.7618271854283942, 0.1317222622142273, 0.6750171641514214, 13.163379775103882], "runtime": 29.889765977859497, "iteration": 87}