{"incumbents_value": 0.8097777777777777, "time_func_eval": 0.13921618461608887, "optimization_overhead": 0.23427200317382812, "incumbent": [106.12772977772899, 0.0031996647771133585, 0.0115538364699644, 70.43519174748218, 0.12562712071653936, 0.12267857997398518, 0.9155161921212953, 8.10025446532627], "runtime": 12.705328941345215, "iteration": 39}