{"optimization_overhead": 3.298123677571615e-05, "runtime": 0.00016117095947265625, "incumbent": [0.25605179754301866, 1.5709094998008153, 0.7244349749598635, 159.9327786581518, 1.7988622566189814, 4309.7649840052], "incumbents_value": -4.664635217536615, "time_func_eval": 1.4781951904296875e-05, "iteration": 0}