{"optimization_overhead": 0.17713689804077148, "runtime": 9.984308958053589, "incumbent": [144.18600299327176, 0.0009963052345772312, 0.036179943236642295, 274.8311073895091, 0.7922482680322925, 0.7028336531475174, 0.8927556903827732, 10.20391229177796], "incumbents_value": 0.1456477017036324, "time_func_eval": 0.22379803657531738, "iteration": 29}