{"optimization_overhead": 0.18538999557495117, "runtime": 14.267513036727905, "incumbent": [109.14823565446272, 0.0026740511202536883, 0.013507731488772089, 140.1473257573291, 0.8998639988564882, 0.6862929257200239, 0.9344372154601728, 13.284010568364346], "incumbents_value": 0.13418169862358575, "time_func_eval": 0.03611898422241211, "iteration": 43}