{"optimization_overhead": 0.0013176600138346355, "runtime": 0.5398252010345459, "incumbent": [96.74679613257788, 0.0003132135065538735, 0.028286175513458953, 278.9658459084187, 0.20500388326662117, 0.8644419028395228, 0.8266633730707613, 12.532395276744811], "incumbents_value": 0.15112709553168668, "time_func_eval": 0.2731480598449707, "iteration": 1}