{"runtime": 73.42392921447754, "incumbent": [148.00084331112208, 0.005273768251250366, 0.015321922831026706, 236.3016572152479, 0.026448784394820415, 0.15260830550921906, 0.5863414637779469, 14.027582011548365], "optimization_overhead": 0.3948838710784912, "time_func_eval": 0.814586877822876, "iteration": 82, "incumbents_value": 0.0444444444444444}