{"runtime": 6.523173809051514, "incumbent": [144.41924590748295, 0.006916655821412458, 0.09741106657795227, 86.84963286890105, 0.8582141049731147, 0.7069309541750755, 0.45819044337264614, 14.180624354252515], "optimization_overhead": 0.40157127380371094, "time_func_eval": 0.16837334632873535, "iteration": 8, "incumbents_value": 0.09839743589743588}