{"incumbents_value": 0.8749746579360937, "time_func_eval": 0.10704946517944336, "optimization_overhead": 0.28780317306518555, "incumbent": [144.291832108193, 0.0015113821011871363, 0.005643829152935298, 286.97555274216904, 0.641749843302167, 0.12102448520894518, 0.7616965433245815, 13.355106477805197], "runtime": 123.38021206855774, "iteration": 97}