{"time_func_eval": 0.8091974258422852, "incumbents_value": 0.01529599728237685, "runtime": 107.72172498703003, "iteration": 91, "incumbent": [3.352698531132576, 0.009854922604500278, 0.009339380482922866, 196.88892076735732, 0.20821951286789545, 0.1632599930319541, 0.10015286011781685, 11.587048861908855], "optimization_overhead": 0.19180774688720703}