{"incumbents_value": 0.137620317992876, "time_func_eval": 1.1246840953826904, "optimization_overhead": 0.29009461402893066, "incumbent": [142.4266315520605, 0.002873298865617511, 0.09160975136219374, 117.60229837004988, 0.7857197138916682, 0.8624458817232509, 0.9316021924272538, 5.200823747506157], "runtime": 361.43265318870544, "iteration": 77}