{"runtime": 528.9251654148102, "iteration": 52, "time_func_eval": 0.6487982273101807, "incumbent": [137.52895112761632, 0.00420122161554118, 0.007910427629123487, 210.9313300542897, 0.8079395938163895, 0.3471481708128906, 0.7798788903803964, 13.335075795771926], "incumbents_value": 0.040600690384390736, "optimization_overhead": 0.4648709297180176}