{"time_func_eval": 8.756715297698975, "incumbents_value": 0.1587032927482397, "runtime": 24.317455768585205, "iteration": 9, "incumbent": [132.88023076677476, 0.00587007398409865, 0.0011389962622608287, 266.2738512910287, 0.29669534599952374, 0.18912921675092248, 0.9479452159520474, 7.6168643084591805], "optimization_overhead": 0.20820045471191406}