{"incumbents_value": 0.8449126391788706, "time_func_eval": 0.08988285064697266, "optimization_overhead": 0.20284295082092285, "incumbent": [128.850393549274, 0.002928148941865827, 0.035740979369276976, 139.30705339144757, 0.8355936839134079, 0.11404709297791119, 0.1990556142228555, 5.17564938418052], "runtime": 62.83371305465698, "iteration": 17}