{"incumbents_value": 0.8237126680392668, "time_func_eval": 1.1349246501922607, "optimization_overhead": 0.21595430374145508, "incumbent": [43.998363148356546, 0.009489832061039002, 0.0010468267354540749, 69.6403159039033, 0.03403004465665555, 0.15725530983133612, 0.9297695113910402, 11.45634418523795], "runtime": 74.08902907371521, "iteration": 28}