{"incumbents_value": 0.8237126680392668, "time_func_eval": 2.5302016735076904, "optimization_overhead": 0.19832229614257812, "incumbent": [43.998363148356546, 0.009489832061039002, 0.0010468267354540749, 69.6403159039033, 0.03403004465665555, 0.15725530983133612, 0.9297695113910402, 11.45634418523795], "runtime": 132.5496621131897, "iteration": 43}