{"incumbents_value": 0.7703645968726767, "time_func_eval": 0.09281063079833984, "optimization_overhead": 0.2978372573852539, "incumbent": [101.14770481462179, 0.0009286645065363002, 0.004800379197080243, 297.62279352614144, 0.34378246974746207, 0.23517340170731982, 0.18703213218846396, 13.947697698357121], "runtime": 225.78536891937256, "iteration": 74}