{"runtime": 314.6369481086731, "optimization_overhead": 0.24607205390930176, "incumbent": [142.90897488468187, 0.004665756012160925, 0.0072846860998595315, 67.65096658526991, 0.07208137337171937, 0.6551045629132775, 0.9672183343304969, 9.072941103958357], "time_func_eval": 3.781867265701294, "incumbents_value": 0.5836240897561125, "iteration": 88}