{"runtime": 339.9461598396301, "optimization_overhead": 0.28482604026794434, "incumbent": [142.90897488468187, 0.004665756012160925, 0.0072846860998595315, 67.65096658526991, 0.07208137337171937, 0.6551045629132775, 0.9672183343304969, 9.072941103958357], "time_func_eval": 0.3126034736633301, "incumbents_value": 0.5836240897561125, "iteration": 99}