{"incumbents_value": 0.6440260387494381, "time_func_eval": 0.17995071411132812, "optimization_overhead": 0.21326470375061035, "incumbent": [134.76759225476093, 0.009258509921549134, 0.01322169274000288, 299.05869405451676, 0.054676247972349636, 0.3813277675955856, 0.4578124999084397, 8.2223503730219], "runtime": 17.589131832122803, "iteration": 4}