{"incumbents_value": 0.563967053024945, "time_func_eval": 25.473573684692383, "optimization_overhead": 0.3526599407196045, "incumbent": [87.3814352406054, 0.009423997591527582, 0.00415547582174089, 293.49426645922506, 0.09864810604013845, 0.5396422990089489, 0.7564593441572126, 14.796432084000156], "runtime": 549.0865805149078, "iteration": 75}