{"incumbents_value": 0.5951895259418086, "time_func_eval": 0.68674635887146, "optimization_overhead": 0.21608781814575195, "incumbent": [79.29869698189347, 0.008638048552920831, 0.004159793165025254, 50.277770818696816, 0.05668699827774992, 0.3751738560269615, 0.21627987888114775, 7.011804807200614], "runtime": 207.68749856948853, "iteration": 26}