{"incumbents_value": 0.02551019808592958, "time_func_eval": 4.1045002937316895, "optimization_overhead": 0.26897382736206055, "incumbent": [80.90282659058639, 0.008908510287575005, 0.0002435464250970682, 180.53049924437866, 0.5011612979612801, 0.8801317813643161, 0.9802128475523465, 14.518234422081873], "runtime": 134.91376566886902, "iteration": 77}