{"incumbents_value": 0.02551019808592958, "time_func_eval": 2.5630459785461426, "optimization_overhead": 0.32389187812805176, "incumbent": [80.90282659058639, 0.008908510287575005, 0.0002435464250970682, 180.53049924437866, 0.5011612979612801, 0.8801317813643161, 0.9802128475523465, 14.518234422081873], "runtime": 96.40220618247986, "iteration": 58}