{"incumbents_value": 0.02551019808592958, "time_func_eval": 0.41625308990478516, "optimization_overhead": 0.20862102508544922, "incumbent": [80.90282659058639, 0.008908510287575005, 0.0002435464250970682, 180.53049924437866, 0.5011612979612801, 0.8801317813643161, 0.9802128475523465, 14.518234422081873], "runtime": 130.51930332183838, "iteration": 76}