{"runtime": 126.58580493927002, "optimization_overhead": 0.2739250659942627, "incumbent": [144.47209883252992, 0.00041335539187255254, 0.0019467067563498424, 214.16925751361427, 0.08555730227948817, 0.14057589409818966, 0.9038220967362549, 12.084097537053566], "time_func_eval": 0.10457777976989746, "incumbents_value": 0.5556408797876374, "iteration": 64}