{"incumbents_value": 0.8093680738288581, "time_func_eval": 0.12084412574768066, "optimization_overhead": 0.17922496795654297, "incumbent": [140.30285006541624, 0.009210591087124322, 0.010464690698444804, 148.0603461868747, 0.8679939102751777, 0.8640495763745674, 0.9404569431175012, 14.49599378892368], "runtime": 21.595591068267822, "iteration": 16}