{"incumbents_value": 0.8048340843916428, "time_func_eval": 2.1245458126068115, "optimization_overhead": 0.18450641632080078, "incumbent": [69.89941716752857, 0.00860771923961799, 0.020306998684220853, 204.58770549865244, 0.07540683029099285, 0.6540825905748794, 0.1952989901832033, 10.333955053945147], "runtime": 21.89563512802124, "iteration": 32}