{"incumbents_value": 0.1682838622850371, "time_func_eval": 13.656409502029419, "optimization_overhead": 0.3029286861419678, "incumbent": [110.88452138864788, 0.01, 0.1, 254.1409320870948, 0.9, 0.9, 0.999, 14.62658538053732], "runtime": 735.625212430954, "iteration": 76}