{"incumbents_value": 0.1682838622850371, "time_func_eval": 8.635836601257324, "optimization_overhead": 0.2806978225708008, "incumbent": [110.88452138864788, 0.01, 0.1, 254.1409320870948, 0.9, 0.9, 0.999, 14.62658538053732], "runtime": 901.5852372646332, "iteration": 92}