{"incumbents_value": 0.06596234029030801, "time_func_eval": 0.28789496421813965, "optimization_overhead": 0.3420567512512207, "incumbent": [141.8864461267938, 0.0021665038055085632, 0.02879920495089577, 286.53442717259236, 0.7105368789205541, 0.25388901079270565, 0.9863439548553802, 14.731359113365212], "runtime": 178.138986825943, "iteration": 40}