{"incumbents_value": 0.07619740433951283, "time_func_eval": 0.3567676544189453, "optimization_overhead": 0.22465229034423828, "incumbent": [116.21943822595021, 0.005928193147950738, 0.016756484550643852, 232.77740907732237, 0.8379106549390549, 0.09322903786310882, 0.2973012195124118, 12.817963616699807], "runtime": 109.12539386749268, "iteration": 32}