{"incumbents_value": 0.10972115341533417, "time_func_eval": 9.615598917007446, "optimization_overhead": 0.0001647472381591797, "incumbent": [137.8896264346112, 0.003499714528908791, 0.09732241214792174, 138.6195990032947, 0.7410125832915812, 0.16129416352417086, 0.9402475772339401, 8.966938348511281], "runtime": 10.855956554412842, "iteration": 1}