{"runtime": 309.3544490337372, "iteration": 51, "time_func_eval": 7.449846506118774, "incumbent": [87.85502507191755, 0.00928332445892707, 0.014800238766518061, 80.27481252102068, 0.7934853830354809, 0.1264750552840313, 0.9887813948612103, 5.398657240354843], "incumbents_value": 0.04528498625903654, "optimization_overhead": 0.47541022300720215}