{"incumbents_value": 0.01667708984782157, "time_func_eval": 0.034613609313964844, "optimization_overhead": 0.20734357833862305, "incumbent": [14.482369061152875, 0.007622739431102533, 0.025734689993133667, 252.21392061245524, 0.09016466082137069, 0.4811496033129732, 0.8460873772958722, 14.624353334202025], "runtime": 9.690382957458496, "iteration": 38}