{"incumbent": [149.27490309650324, 0.0004926477650182038, 0.05115749835738621, 224.42068360409502, 0.1578690189486729, 0.463184860798881, 0.9706898368094699, 14.768789401094686], "iteration": 77, "time_func_eval": 0.03439784049987793, "optimization_overhead": 0.19109773635864258, "incumbents_value": 0.632350385576192, "runtime": 20.212514877319336}