{"incumbent": [129.4434268686806, 0.00022517858549284578, 0.04081799902760061, 135.931328061042, 0.19183330826669226, 0.1296419528303647, 0.9424514279275391, 6.686296324971365], "iteration": 35, "time_func_eval": 0.010141134262084961, "optimization_overhead": 0.19135785102844238, "incumbents_value": 0.6368201754385965, "runtime": 8.969275951385498}