{"incumbent": [129.4434268686806, 0.00022517858549284578, 0.04081799902760061, 135.931328061042, 0.19183330826669226, 0.1296419528303647, 0.9424514279275391, 6.686296324971365], "iteration": 14, "time_func_eval": 0.006630659103393555, "optimization_overhead": 0.1629624366760254, "incumbents_value": 0.6368201754385965, "runtime": 2.7252542972564697}