{"incumbents_value": 0.06500542884638916, "time_func_eval": 0.14285588264465332, "optimization_overhead": 0.1972637176513672, "incumbent": [145.18856363808723, 0.009897804025560765, 0.014334809544866574, 96.49465989375534, 0.16188730335857854, 0.8575183078532722, 0.8884167900306447, 10.096038267466504], "runtime": 8.63503909111023, "iteration": 25}