{"optimization_overhead": 0.24563908576965332, "runtime": 71.56106328964233, "incumbent": [82.59886728475213, 0.004368566566656135, 0.0009923282406384014, 283.4479466524076, 0.4419250911889381, 0.817000900147304, 0.9294355308443881, 14.406999302365268], "incumbents_value": 0.03637624408361728, "time_func_eval": 0.2379298210144043, "iteration": 96}