{"optimization_overhead": 0.2803487777709961, "runtime": 49.27784490585327, "incumbent": [104.73387169623068, 0.006101210418373154, 0.005869166667620027, 277.11916645637666, 0.050551104490187244, 0.534006053131861, 0.9852241192184028, 6.133938756725103], "incumbents_value": 0.2971834250941756, "iteration": 60, "time_func_eval": 3.3670170307159424}