{"incumbents_value": 0.9887719298245614, "time_func_eval": 4.310608148574829, "optimization_overhead": 0.29408907890319824, "incumbent": [22.257240502224967, 0.009609931185263912, 0.00674123300522803, 62.00701841041324, 0.18170233182114773, 0.6353759851908919, 0.7396377207259232, 14.290289003992836], "runtime": 130.96201062202454, "iteration": 93}