{"incumbents_value": 0.9887788778877887, "time_func_eval": 0.18575716018676758, "optimization_overhead": 0.2147989273071289, "incumbent": [141.95461362953014, 0.004304224481320865, 0.0007189493706177783, 283.40811409469876, 0.6286171641886745, 0.8075031640328703, 0.997355806256962, 14.648698288545473], "runtime": 37.94669461250305, "iteration": 27}