{"incumbents_value": 0.9887719298245614, "time_func_eval": 0.33473920822143555, "optimization_overhead": 0.23619389533996582, "incumbent": [22.257240502224967, 0.009609931185263912, 0.00674123300522803, 62.00701841041324, 0.18170233182114773, 0.6353759851908919, 0.7396377207259232, 14.290289003992836], "runtime": 109.16580891609192, "iteration": 81}