{"incumbents_value": 0.9887719298245614, "time_func_eval": 1.3742640018463135, "optimization_overhead": 0.36614322662353516, "incumbent": [22.257240502224967, 0.009609931185263912, 0.00674123300522803, 62.00701841041324, 0.18170233182114773, 0.6353759851908919, 0.7396377207259232, 14.290289003992836], "runtime": 64.86160802841187, "iteration": 46}