{"incumbent": [39.92033971533591, 0.0031291875133964363, 0.006235431706373981, 71.6407190809955, 0.08370739435620897, 0.5374735214917846, 0.1257043762781462, 12.978678397273427], "iteration": 16, "time_func_eval": 0.01229405403137207, "optimization_overhead": 0.2186877727508545, "incumbents_value": 0.727124183006536, "runtime": 3.554727554321289}