{"incumbent": [40.39627953932241, 0.009696680658232901, 0.013630046890544732, 75.8142916444876, 0.7002440767260917, 0.6112300416788341, 0.9439247505609233, 5.539847056360322], "iteration": 85, "time_func_eval": 0.0789029598236084, "optimization_overhead": 0.2529115676879883, "incumbents_value": 0.6449494949494949, "runtime": 21.83198070526123}