{"incumbent": [107.95068477024584, 0.007805388749642807, 0.007920754830583184, 75.67583729334969, 0.08167764167388261, 0.7999065610778957, 0.9411121978834462, 6.945552780207814], "iteration": 5, "time_func_eval": 0.030588865280151367, "optimization_overhead": 0.16677188873291016, "incumbents_value": 0.7752525252525252, "runtime": 0.8991777896881104}