{"incumbent": [40.39627953932241, 0.009696680658232901, 0.013630046890544732, 75.8142916444876, 0.7002440767260917, 0.6112300416788341, 0.9439247505609233, 5.539847056360322], "iteration": 49, "time_func_eval": 0.010099649429321289, "optimization_overhead": 0.19211030006408691, "incumbents_value": 0.6449494949494949, "runtime": 11.70916199684143}