{"incumbent": [119.62365877819921, 0.009719716704642781, 0.01679217298836425, 152.99905812872635, 0.6825053576125045, 0.8792434049313935, 0.9477035414067766, 13.051151077366095], "iteration": 25, "time_func_eval": 0.18215537071228027, "optimization_overhead": 0.17242765426635742, "incumbents_value": 0.07286743449731559, "runtime": 6.681643486022949}