{"incumbent": [95.254216566701, 0.007749922537253324, 0.007102947469395855, 53.47810712257668, 0.5474055451155482, 0.8908146450011308, 0.9408874779479725, 9.073715126103403], "iteration": 8, "time_func_eval": 0.04440784454345703, "optimization_overhead": 0.2584044933319092, "incumbents_value": 0.07407407407407407, "runtime": 1.6964261531829834}