{"incumbents_value": 0.45288045288045287, "time_func_eval": 0.02058577537536621, "optimization_overhead": 0.19766688346862793, "incumbent": [127.65786654635396, 0.01, 0.0001, 266.0059354808953, 0.9, 0.09, 0.0999, 13.425927183203484], "runtime": 7.583047866821289, "iteration": 34}