{"incumbents_value": 0.45288045288045287, "time_func_eval": 0.0744483470916748, "optimization_overhead": 0.2746143341064453, "incumbent": [127.65786654635396, 0.01, 0.0001, 266.0059354808953, 0.9, 0.09, 0.0999, 13.425927183203484], "runtime": 17.380655527114868, "iteration": 67}