{"time_func_eval": 0.5735917091369629, "runtime": 1.9848337173461914, "incumbent": [130.7032310983885, 0.00834273380947805, 0.0636473891164783, 258.89313444546843, 0.2636665050479673, 0.6716065892230934, 0.8605055103319705, 13.73739944671539], "iteration": 4, "optimization_overhead": 0.26708531379699707, "incumbents_value": 0.26030908198860503}