{"incumbents_value": 0.7329772079772079, "time_func_eval": 0.013332128524780273, "optimization_overhead": 0.17274785041809082, "incumbent": [146.3165796411939, 0.008733095814771342, 0.0021079321626440695, 104.9976785625671, 0.18628889695982145, 0.8575193958507388, 0.9490793719790037, 8.9504382086372], "runtime": 7.874021530151367, "iteration": 31}