{"incumbents_value": 0.7329772079772079, "time_func_eval": 0.03331255912780762, "optimization_overhead": 0.27647948265075684, "incumbent": [146.3165796411939, 0.008733095814771342, 0.0021079321626440695, 104.9976785625671, 0.18628889695982145, 0.8575193958507388, 0.9490793719790037, 8.9504382086372], "runtime": 13.082420825958252, "iteration": 47}