{"incumbents_value": 0.18700870646766166, "time_func_eval": 0.023516178131103516, "optimization_overhead": 0.1557633876800537, "incumbent": [15.746994579890668, 0.009919822870560561, 0.088169180769088, 143.11675192448286, 0.6645270493065054, 0.7385482876970306, 0.9688309336048793, 9.561342145287831], "runtime": 1.107410192489624, "iteration": 6}