{"incumbents_value": 0.13689415313961872, "time_func_eval": 0.09655237197875977, "optimization_overhead": 0.1951279640197754, "incumbent": [40.87692809756189, 1e-05, 0.0001, 284.8606938665017, 0.8921640178952885, 0.9, 0.999, 5.547424649100698], "runtime": 172.29401087760925, "iteration": 35}