{"incumbent": [143.43617242552006, 0.009134801095836496, 0.06104730250540398, 215.29554699544235, 0.8142487906650621, 0.8040679901187585, 0.44851672720974517, 8.168697287554643], "iteration": 40, "time_func_eval": 13.922908544540405, "optimization_overhead": 0.20220041275024414, "incumbents_value": 0.8338013103356063, "runtime": 192.73992681503296}