{"optimization_overhead": 0.24522709846496582, "runtime": 27.131407260894775, "incumbent": [146.5420033914829, 6.012974302563806e-05, 0.023447220973726028, 241.13381626323252, 0.01621104405960412, 0.8888921757918474, 0.7466798047107867, 14.195648746722187], "incumbents_value": 0.11468159511005327, "time_func_eval": 0.604334831237793, "iteration": 38}