{"optimization_overhead": 0.23210716247558594, "runtime": 43.21383190155029, "incumbent": [146.5420033914829, 6.012974302563806e-05, 0.023447220973726028, 241.13381626323252, 0.01621104405960412, 0.8888921757918474, 0.7466798047107867, 14.195648746722187], "incumbents_value": 0.11468159511005327, "time_func_eval": 0.4403109550476074, "iteration": 64}