{"incumbent": [123.05165883079005, 0.002471116145279429, 0.001813113716528237, 180.47077755795175, 0.7109281333889148, 0.39411372414094725, 0.759332018405428, 8.983662802391969], "iteration": 9, "time_func_eval": 2.4270179271698, "optimization_overhead": 0.1876518726348877, "incumbents_value": 0.11047934462381981, "runtime": 27.936022758483887}