{"incumbent": [141.29892081028, 0.008436690805732196, 0.05472660959436753, 299.9474018832227, 0.17337909508485708, 0.7405455608777779, 0.6969297536142127, 13.316427156058195], "iteration": 46, "time_func_eval": 3.9461190700531006, "optimization_overhead": 0.19351482391357422, "incumbents_value": 0.10420780090857107, "runtime": 195.82858228683472}