{"incumbent": [141.29892081028, 0.008436690805732196, 0.05472660959436753, 299.9474018832227, 0.17337909508485708, 0.7405455608777779, 0.6969297536142127, 13.316427156058195], "iteration": 32, "time_func_eval": 0.27156686782836914, "optimization_overhead": 0.17563438415527344, "incumbents_value": 0.10420780090857107, "runtime": 128.7191243171692}