{"incumbent": [123.05165883079005, 0.002471116145279429, 0.001813113716528237, 180.47077755795175, 0.7109281333889148, 0.39411372414094725, 0.759332018405428, 8.983662802391969], "iteration": 4, "time_func_eval": 0.4447174072265625, "optimization_overhead": 0.177168607711792, "incumbents_value": 0.11047934462381981, "runtime": 16.975993633270264}