{"incumbents_value": 0.7209691937404474, "time_func_eval": 10.063339233398438, "optimization_overhead": 0.3011178970336914, "incumbent": [128.02053189999003, 5.239638735027544e-05, 0.005655386709504879, 261.2712711265292, 0.6112510626798607, 0.12901654396820925, 0.8912956764713508, 11.817832233811323], "runtime": 149.06450295448303, "iteration": 42}