{"incumbents_value": 0.9729835246349653, "time_func_eval": 0.250002384185791, "optimization_overhead": 0.0001621246337890625, "incumbent": [2.9559610390871276, 0.004417910637287872, 0.07233527346814224, 248.0150921120029, 0.11191574099364757, 0.35614656593190086, 0.7798605611660635, 14.428452840814744], "runtime": 0.2512030601501465, "iteration": 0}