{"incumbents_value": 0.1682838622850371, "time_func_eval": 0.29847240447998047, "optimization_overhead": 0.26999831199645996, "incumbent": [110.88452138864788, 0.01, 0.1, 254.1409320870948, 0.9, 0.9, 0.999, 14.62658538053732], "runtime": 620.304361820221, "iteration": 66}