{"incumbents_value": 0.37094382878803545, "time_func_eval": 0.09976029396057129, "optimization_overhead": 0.25907015800476074, "incumbent": [136.84131597173294, 1e-05, 0.0001, 290.53535710172036, 0.9, 0.2740376661898857, 0.9235750766535553, 14.725767697765287], "runtime": 85.88503050804138, "iteration": 64}