{"incumbents_value": 0.03250795911796123, "time_func_eval": 11.737357378005981, "optimization_overhead": 0.3999361991882324, "incumbent": [139.65374861153447, 0.0035188627803493695, 0.0343752530662929, 175.9341013053854, 0.03354334654967976, 0.8838126065581123, 0.9406181763591229, 12.876648921857896], "runtime": 734.982773065567, "iteration": 70}