{"incumbents_value": 0.06137061196092941, "time_func_eval": 7.062460422515869, "optimization_overhead": 0.21357393264770508, "incumbent": [124.27084591934046, 0.00043341487846841506, 0.023092267485452327, 209.54433610910706, 0.028065761057547975, 0.8503285785969129, 0.9796610815817565, 7.33124125568014], "runtime": 430.7569148540497, "iteration": 42}