{"time_func_eval": 49.23419666290283, "incumbents_value": 0.02103994184407243, "runtime": 186.13642954826355, "iteration": 6, "incumbent": [146.11995048400595, 4.2624281401824095e-05, 0.0055349559822537074, 275.43542285187993, 0.7962393254181195, 0.09331711142666638, 0.4250550514987852, 8.859273851537042], "optimization_overhead": 0.19982695579528809}