{"time_func_eval": 54.37271523475647, "incumbents_value": 0.020279939527232838, "runtime": 1853.8707332611084, "iteration": 62, "incumbent": [112.21615738435058, 0.009643885656701202, 0.003930735998178395, 255.5057272871329, 0.11066308529160618, 0.14555489087105222, 0.4058121776162177, 9.888100697249323], "optimization_overhead": 0.6486732959747314}