{"incumbents_value": 0.23362749379278613, "time_func_eval": 0.29172587394714355, "optimization_overhead": 0.2901785373687744, "incumbent": [20.3368214387037, 0.00128254776865829, 0.09116777716563193, 111.75948994718442, 0.8442938799778287, 0.781815205461661, 0.9842731328907418, 6.076781554039706], "runtime": 9.888855218887329, "iteration": 18}