{"incumbents_value": 0.9249945805332755, "time_func_eval": 2.3419408798217773, "optimization_overhead": 0.1263563632965088, "incumbent": [138.66139997447425, 0.002022390458029183, 0.04307319414252066, 232.57663989246697, 0.49131817795349325, 0.3231328208226719, 0.5044093719712577, 12.71213081221918], "runtime": 15.716240406036377, "iteration": 6}