{"incumbents_value": 0.445261779166527, "time_func_eval": 10.143059253692627, "optimization_overhead": 0.28162717819213867, "incumbent": [149.20849360164513, 0.00039607715987193903, 0.01007766476800008, 289.7508585345796, 0.12431118534525992, 0.7774332837698481, 0.8963685104109761, 6.892796823369228], "runtime": 785.422212600708, "iteration": 89}