{"incumbents_value": 0.2259900185026018, "time_func_eval": 2.722273111343384, "optimization_overhead": 0.19541668891906738, "incumbent": [132.6242879397357, 0.01, 0.0001, 244.86062012708797, 0.4025756030632217, 0.6220928642853945, 0.11240666753148115, 9.38313572939527], "runtime": 137.15124201774597, "iteration": 10}