{"incumbents_value": 0.17438545944961914, "time_func_eval": 38.24669575691223, "optimization_overhead": 0.31552791595458984, "incumbent": [140.79048097717217, 0.008650358843254598, 0.0012260386973508939, 166.65943195295455, 0.30130121330385434, 0.32942719277019183, 0.9439923098590404, 14.361759537534294], "runtime": 1960.9599368572235, "iteration": 93}