{"incumbents_value": 0.2259900185026018, "time_func_eval": 2.6269772052764893, "optimization_overhead": 0.16298127174377441, "incumbent": [132.6242879397357, 0.01, 0.0001, 244.86062012708797, 0.4025756030632217, 0.6220928642853945, 0.11240666753148115, 9.38313572939527], "runtime": 164.45340847969055, "iteration": 14}