{"incumbents_value": 0.17438545944961914, "time_func_eval": 69.3350567817688, "optimization_overhead": 0.2692577838897705, "incumbent": [140.79048097717217, 0.008650358843254598, 0.0012260386973508939, 166.65943195295455, 0.30130121330385434, 0.32942719277019183, 0.9439923098590404, 14.361759537534294], "runtime": 1417.0764138698578, "iteration": 66}