{"incumbents_value": 0.12883681896002963, "time_func_eval": 1.4163763523101807, "optimization_overhead": 0.21755218505859375, "incumbent": [93.05226943101766, 0.006907237537705052, 0.06285853759083615, 70.36214005318062, 0.892396110049284, 0.8916954368291229, 0.7988995023345915, 14.955857062472601], "runtime": 440.39456510543823, "iteration": 69}