{"incumbents_value": 0.12883681896002963, "time_func_eval": 6.217013835906982, "optimization_overhead": 0.23949742317199707, "incumbent": [93.05226943101766, 0.006907237537705052, 0.06285853759083615, 70.36214005318062, 0.892396110049284, 0.8916954368291229, 0.7988995023345915, 14.955857062472601], "runtime": 105.87052798271179, "iteration": 17}