{"incumbents_value": 0.19786449899507408, "time_func_eval": 0.8085336685180664, "optimization_overhead": 0.3325929641723633, "incumbent": [122.0355534306372, 0.008443747450829802, 0.010677181967968092, 65.12977104940353, 0.8892625138002982, 0.8128017323939603, 0.8745221273023819, 14.768721701273977], "runtime": 372.16534328460693, "iteration": 83}