{"incumbents_value": 0.9587443946188341, "time_func_eval": 0.10952997207641602, "optimization_overhead": 9.004275004069011e-05, "incumbent": [42.40095475241214, 0.0008892444817941522, 0.06885027102966237, 127.83851611036829, 0.8479459165723948, 0.7677154642168135, 0.6445498734765438, 5.52346576966795], "runtime": 1.8153800964355469, "iteration": 1}