{"incumbents_value": 0.7202380952380952, "time_func_eval": 0.015929222106933594, "optimization_overhead": 0.2267608642578125, "incumbent": [10.84733561972257, 0.009737800973427226, 0.004622224719228588, 80.5056831377959, 0.870508799047947, 0.15474290971199095, 0.1323809126331294, 14.32951088743142], "runtime": 3.0337157249450684, "iteration": 13}