{"optimization_overhead": 0.15412402153015137, "runtime": 2.3603992462158203, "incumbent": [94.72245776737697, 2.268422421210621, 3.65910656003542, 97.2360619286847, 91.16541324913078, 3.2297023953496375, 4.223634426091655, 27.284588104413004, 98.23178966402672], "incumbents_value": 0.6529914529914529, "time_func_eval": 0.009749174118041992, "iteration": 16}