{"optimization_overhead": 0.15891480445861816, "runtime": 1.834867000579834, "incumbent": [86.37488049393414, 9.712132484646745, 11.927080013820184, 100.22296453650068, 97.70238887315483, 87.1326440445978, 88.96137912204149, 94.70493913104684, 39.89506094505296], "incumbents_value": 0.6896717661423544, "time_func_eval": 0.00942683219909668, "iteration": 13}