{"optimization_overhead": 0.17250299453735352, "runtime": 4.526915073394775, "incumbent": [7.970810346755548, 7.490389267796603, 5.718201183316903, 93.1451422219228, 98.2086449032743, 17.545023604956516, 18.10513140180172, 96.97174872614656, 98.19092785053047], "incumbents_value": 0.6112573099415204, "time_func_eval": 0.01052713394165039, "iteration": 25}