{"optimization_overhead": 0.0002266565958658854, "runtime": 0.009584188461303711, "incumbent": [19.66426776659368, 94.29434842899812, 50.05020098510565, 36.260614433635666, 75.40516394327854, 46.3465040800497, 68.27312834863301, 41.90025774385519, 3.751761225704815], "incumbents_value": 0.7661782661782662, "time_func_eval": 0.008865833282470703, "iteration": 0}