{"incumbents_value": 0.5746195339736495, "time_func_eval": 0.12316131591796875, "optimization_overhead": 0.22703886032104492, "incumbent": [144.74686081147192, 0.009870346057078188, 0.008896047409328943, 281.15801793597655, 0.09357510946574121, 0.3376130566240638, 0.9978657761162172, 12.803759627326382], "runtime": 108.98577785491943, "iteration": 95}