{"incumbents_value": 0.726794293876491, "time_func_eval": 0.5744454860687256, "optimization_overhead": 0.1489264965057373, "incumbent": [97.6765386057559, 0.005437332613722391, 0.03301155331507114, 201.05439656224246, 0.8595133296043418, 0.8613536245347526, 0.5344867145594034, 6.772214146018531], "runtime": 8.352895736694336, "iteration": 4}