{"incumbents_value": 0.5923968600428182, "time_func_eval": 8.032746076583862, "optimization_overhead": 0.21275067329406738, "incumbent": [146.07384025055435, 0.0009747111325367528, 0.0028652364118507442, 271.05510873011815, 0.2318621907748053, 0.16961493958895119, 0.9191101112394957, 14.4719548669697], "runtime": 452.7328197956085, "iteration": 55}