{"incumbents_value": 0.653738031324789, "time_func_eval": 8.790007591247559, "optimization_overhead": 0.22055530548095703, "incumbent": [132.15061655853464, 0.009978605253174755, 0.005928375376513615, 68.4083583235616, 0.5553440743525685, 0.12736139548833064, 0.29381987637955187, 6.003963594140702], "runtime": 40.61891269683838, "iteration": 8}