{"runtime": 14.866753339767456, "optimization_overhead": 0.35584282875061035, "iteration": 6, "incumbent": [143.08721683688225, 0.007559815181915754, 0.04406645408749552, 145.90668266874962, 0.03417944318849332, 0.8715096683674287, 0.9055447880805381, 5.0740401836853275], "incumbents_value": 0.46458675424192664, "time_func_eval": 2.797347068786621}