{"runtime": 136.32769203186035, "optimization_overhead": 0.3510465621948242, "iteration": 50, "incumbent": [30.48766804545636, 0.000477294612763024, 0.005574685983206037, 241.01803483448913, 0.15029561337121275, 0.5788681327407778, 0.9877061852894561, 14.804914994743157], "incumbents_value": 0.44269293924466335, "time_func_eval": 0.21314311027526855}