{"runtime": 86.67682576179504, "optimization_overhead": 0.4411451816558838, "iteration": 28, "incumbent": [30.48766804545636, 0.000477294612763024, 0.005574685983206037, 241.01803483448913, 0.15029561337121275, 0.5788681327407778, 0.9877061852894561, 14.804914994743157], "incumbents_value": 0.44269293924466335, "time_func_eval": 1.4297025203704834}