{"incumbents_value": 0.7299019607843138, "time_func_eval": 0.033866167068481445, "optimization_overhead": 0.32453250885009766, "incumbent": [117.84097506034917, 0.0024433027334965552, 0.017036625359393695, 292.3006017779652, 0.5511873789446124, 0.1403609236191506, 0.15586133010006642, 6.717360179559729], "runtime": 11.982932329177856, "iteration": 44}