{"optimization_overhead": 0.16585302352905273, "runtime": 3.661417007446289, "incumbent": [44.10365649621773, 43.02207426881344, 76.27610991276347, 64.59030313644949, 100.80923634353852, 98.06066164153643, 98.69928532228364, 20.223257057217445, 9.972297183480322], "incumbents_value": 0.6896396975344343, "time_func_eval": 0.009050846099853516, "iteration": 22}