{"optimization_overhead": 0.14882516860961914, "runtime": 2.698561906814575, "incumbent": [83.18033177000612, 42.97379937776931, 8.262740640986486, 93.00535412849445, 11.372335787563353, 18.826729699185453, 98.15036794871953, 44.74210888156955, 96.14629859165896], "incumbents_value": 0.6747035858877963, "time_func_eval": 0.009234189987182617, "iteration": 18}