{"incumbents_value": 0.6946969696969697, "time_func_eval": 0.03605198860168457, "optimization_overhead": 0.34623146057128906, "incumbent": [119.56064826909348, 0.00019593257067129858, 0.0103468144603666, 92.69688704425062, 0.677819956448309, 0.8203782757338027, 0.36801880874068355, 5.24703180422625], "runtime": 29.298892974853516, "iteration": 96}