{"incumbent": [159.69861030654545, 15.97053268029687, -296.18441556312155, -249.57977534189823, 246.65845854652787, -34.7188249845383, -64.66839298273504, 153.84132144009874, 39.101648219058234, 58.66183106895926, 62.75231265817706, -65.76660519180012, 48.914699161694955, -84.74577839735969, -6.948906018693606, 535.070831180348, -138.9418614788571, 25.491588032147902, -90.18165046906375, -37.101937062047, -674.2826245881018, -304.774560243673, -315.41729735056265, 56.03930968975784, 51.71164733029809, -194.2470447618282, -502.2378220148969, -538.356180888318, 15.219044709461514, 85.85400132346936, -73.2481714427816, -17.32732245231412, -211.58119578352807, -46.683482199200625, -57.98770837418127, 38.27031856034871, -235.15536984293468, 57.58060776742656, -804.6616736819324, -212.02809877220835, 22.696574541201016, -51.74589572556041, 45.63420435182695, -223.14553018087275, -552.7334989408685, -5.398002520697219, -25.6550711485105, 10.513153734113999, -79.60489814576403, -80.68105926379985, -867.1637436197799, 93.10626968800602, -294.67506906922426, 72.88794010253201, -63.64629040189345, -5.21334916619918, -1118.855761288853, 17.796429661830302, -25.741744240561616, -10.30427949376633, -46.02304123078352, 76.02675960892918, -45.25728026013144, -47.21217159028629, 111.23508630069057, -57.547765508845096, -163.0075985043531, 47.304554792232196, -705.5616792158996, 70.37303782042466, -105.87481407430455, -43.56838623460738, -47.90721362243886, 143.83903305290016, -1140.504330540326, -59.47428543526502, -16.28741615271825, -26.55329542211129, -43.35554836387274, 162.33748079288617, -101.11586687217527, 310.92021920334344, 85.3395073922544, 8.170846985337093, -56.221725712330795, 29.79540591816506, -525.6630819109038, 313.056520092278, -132.65403727823414, 17.957975181095634], "time_func_eval": 1.52587890625e-05, "iteration": 1, "optimization_overhead": 3.822644551595052e-05, "runtime": 0.03797459602355957, "incumbents_value": 102644.93196347817}