{"runtime": 249.61466217041016, "optimization_overhead": 0.36553168296813965, "incumbent": [135.2876024947193, 1e-05, 0.0001, 295.71396892297287, 0.01, 0.5054115511401795, 0.7175572008042026, 14.863344792445561], "time_func_eval": 0.6893320083618164, "incumbents_value": 0.986184755938395, "iteration": 35}