{"runtime": 112.79299259185791, "optimization_overhead": 0.18387413024902344, "incumbent": [135.28991720386895, 0.008983089447342505, 0.002524349406738609, 295.7828442941737, 0.10268656016505735, 0.801374476479148, 0.6906504719313816, 14.86478131562218], "time_func_eval": 10.419966220855713, "incumbents_value": 0.9896797823549479, "iteration": 22}