{"runtime": 417.7913763523102, "optimization_overhead": 0.2505152225494385, "incumbent": [28.757252328738353, 0.005779288008338921, 0.0013304459054944732, 257.74299417900147, 0.12651658352298564, 0.11141925494123425, 0.9887169760326887, 13.571918365696611], "time_func_eval": 15.696385622024536, "incumbents_value": 0.9783504686644997, "iteration": 68}