{"runtime": 437.84226655960083, "optimization_overhead": 0.2847440242767334, "incumbent": [28.757252328738353, 0.005779288008338921, 0.0013304459054944732, 257.74299417900147, 0.12651658352298564, 0.11141925494123425, 0.9887169760326887, 13.571918365696611], "time_func_eval": 7.824268817901611, "incumbents_value": 0.9783504686644997, "iteration": 72}