{"runtime": 33.43912434577942, "optimization_overhead": 0.19071674346923828, "incumbent": [142.87884395973452, 0.0009511506230143696, 0.07871206777130035, 71.26434192480303, 0.06765975166625172, 0.16234295417259426, 0.4904285236596944, 13.937807020388727], "time_func_eval": 10.127009630203247, "incumbents_value": 0.9966550705532808, "iteration": 9}