{"incumbents_value": 0.4946236559139785, "time_func_eval": 0.02175736427307129, "optimization_overhead": 0.32348084449768066, "incumbent": [28.137709788305557, 0.009975213246983439, 0.09817147511027181, 269.922890491664, 0.0975915614786504, 0.5608300755543195, 0.8819110759115252, 14.11657964988663], "runtime": 20.705374240875244, "iteration": 69}