{"incumbents_value": 0.4946236559139785, "time_func_eval": 0.034778594970703125, "optimization_overhead": 0.18050694465637207, "incumbent": [28.137709788305557, 0.009975213246983439, 0.09817147511027181, 269.922890491664, 0.0975915614786504, 0.5608300755543195, 0.8819110759115252, 14.11657964988663], "runtime": 15.330130815505981, "iteration": 52}