{"incumbents_value": 0.4946236559139785, "time_func_eval": 0.04507279396057129, "optimization_overhead": 0.34285759925842285, "incumbent": [28.137709788305557, 0.009975213246983439, 0.09817147511027181, 269.922890491664, 0.0975915614786504, 0.5608300755543195, 0.8819110759115252, 14.11657964988663], "runtime": 21.2277410030365, "iteration": 70}