{"runtime": 111.63273859024048, "incumbent": [61.96374370001368, 0.0015939871552593506, 0.0071678397512353435, 63.54285723999646, 0.7954174632902173, 0.8682885018548654, 0.9746107307282732, 14.025814418516564], "optimization_overhead": 0.28085827827453613, "time_func_eval": 1.0358929634094238, "iteration": 22, "incumbents_value": 0.20827058553023092}