{"runtime": 446.2732346057892, "incumbent": [140.19989696590167, 0.0015909887674155408, 0.017672642981076382, 277.5237655629487, 0.8458726960767265, 0.801633094684071, 0.9505103257347852, 11.96798012507095], "optimization_overhead": 0.4793694019317627, "time_func_eval": 10.769862174987793, "iteration": 36, "incumbents_value": 0.177779108361394}