{"runtime": 105.45800399780273, "incumbent": [146.52432083493528, 0.008106600114610818, 0.004521564555469886, 143.83172520549743, 0.07692161797700693, 0.7880193308688533, 0.9563818048696267, 10.673697283376534], "optimization_overhead": 0.21050453186035156, "time_func_eval": 0.4754946231842041, "iteration": 10, "incumbents_value": 0.17809740297738585}