{"optimization_overhead": 0.2677760124206543, "runtime": 59.773946046829224, "incumbent": [149.0704721877405, 0.0008312077951741008, 0.00829916269591847, 59.16755728539717, 0.07598764068495464, 0.4994995873525332, 0.8395551325266465, 11.964221986588544], "incumbents_value": 0.04072406612422763, "time_func_eval": 0.3738579750061035, "iteration": 82}