{"optimization_overhead": 0.23314499855041504, "runtime": 24.98256206512451, "incumbent": [149.0704721877405, 0.0008312077951741008, 0.00829916269591847, 59.16755728539717, 0.07598764068495464, 0.4994995873525332, 0.8395551325266465, 11.964221986588544], "incumbents_value": 0.04072406612422763, "time_func_eval": 1.2903077602386475, "iteration": 33}