{"optimization_overhead": 0.24961519241333008, "runtime": 54.37217998504639, "incumbent": [149.0704721877405, 0.0008312077951741008, 0.00829916269591847, 59.16755728539717, 0.07598764068495464, 0.4994995873525332, 0.8395551325266465, 11.964221986588544], "incumbents_value": 0.04072406612422763, "time_func_eval": 0.6084580421447754, "iteration": 74}