{"incumbents_value": 0.9820624435577473, "time_func_eval": 2.6584842205047607, "optimization_overhead": 0.23229265213012695, "incumbent": [125.81192183588111, 1e-05, 0.0001, 259.40959621882644, 0.8741313977821112, 0.09, 0.0999, 5.480212810897943], "runtime": 1002.5910758972168, "iteration": 90}