{"incumbents_value": 0.9984065659388849, "time_func_eval": 3.5616559982299805, "optimization_overhead": 0.18765830993652344, "incumbent": [125.63094837934904, 0.008274344388746, 0.09955064018897336, 259.3325192843455, 0.7287244273284497, 0.17640438739385755, 0.10509869461198353, 5.4286392115108235], "runtime": 91.20395398139954, "iteration": 6}