{"incumbents_value": 0.9820624435577473, "time_func_eval": 2.862508773803711, "optimization_overhead": 0.27687883377075195, "incumbent": [125.81192183588111, 1e-05, 0.0001, 259.40959621882644, 0.8741313977821112, 0.09, 0.0999, 5.480212810897943], "runtime": 737.4670321941376, "iteration": 64}