{"incumbents_value": 0.9820624435577473, "time_func_eval": 15.9646475315094, "optimization_overhead": 0.2038583755493164, "incumbent": [125.81192183588111, 1e-05, 0.0001, 259.40959621882644, 0.8741313977821112, 0.09, 0.0999, 5.480212810897943], "runtime": 402.6028869152069, "iteration": 26}