{"runtime": 2707.978681564331, "optimization_overhead": 0.36361050605773926, "iteration": 65, "incumbent": [146.82787151460946, 0.005224118537913549, 0.0014805373468107597, 249.46833297169988, 0.49650392899252915, 0.350742361512401, 0.960304693734919, 6.231758508244526], "incumbents_value": 0.014484621410448706, "time_func_eval": 18.94913125038147}