{"runtime": 2349.4772255420685, "optimization_overhead": 0.28622961044311523, "iteration": 53, "incumbent": [146.82787151460946, 0.005224118537913549, 0.0014805373468107597, 249.46833297169988, 0.49650392899252915, 0.350742361512401, 0.960304693734919, 6.231758508244526], "incumbents_value": 0.014484621410448706, "time_func_eval": 95.95130038261414}