{"runtime": 23.20749044418335, "optimization_overhead": 0.24606704711914062, "incumbent": [12.591959808599121, 0.0004634434155388793, 0.00876902930284504, 165.95236428286023, 0.7361562587274351, 0.8360369413260132, 0.9404186543178455, 10.903635604976394], "time_func_eval": 0.7593810558319092, "incumbents_value": 0.0, "iteration": 44}