{"incumbent": [26.62905085244725, 0.007017208302719999, 0.0007372753380312023, 241.0625691647382, 0.7560436401972013, 0.4868871925062743, 0.1525484116657113, 7.467760025171387], "iteration": 10, "time_func_eval": 9.545663595199585, "optimization_overhead": 0.17207884788513184, "incumbents_value": 0.039498520864102105, "runtime": 51.73978924751282}