{"incumbent": [71.4636753764958, 0.0006167683001605406, 0.002599415159915817, 112.36174487311328, 0.8669243859199516, 0.3131877104734049, 0.5172980480715367, 6.159074261190222], "iteration": 94, "time_func_eval": 32.408244371414185, "optimization_overhead": 0.2714061737060547, "incumbents_value": 0.015576283842390626, "runtime": 864.9640707969666}