{"incumbent": [59.78905033537679, 0.008601847450897955, 0.000873674834345801, 294.5451891481727, 0.7068746097220683, 0.0967635209599071, 0.6088003705557394, 14.490027027395827], "iteration": 53, "time_func_eval": 7.954557657241821, "optimization_overhead": 0.31520795822143555, "incumbents_value": 0.02525227973464883, "runtime": 483.22546792030334}