{"incumbents_value": 0.034554784052457044, "time_func_eval": 11.57505178451538, "optimization_overhead": 0.2124643325805664, "incumbent": [39.715977433829956, 0.006602488908436967, 0.0053601234188495215, 220.44393591309216, 0.6534437769612917, 0.8829556583243421, 0.9218499249630228, 8.495875142565106], "runtime": 103.55303716659546, "iteration": 13}