{"incumbents_value": 0.07007255740672003, "time_func_eval": 12.780755281448364, "optimization_overhead": 0.19011902809143066, "incumbent": [142.02834435547473, 0.009986196746089178, 0.09488804419852616, 55.06188961743187, 0.8475180168734168, 0.30537365927356674, 0.4078233396537067, 5.083152574248793], "runtime": 30.653685331344604, "iteration": 3}