{"incumbents_value": 0.020480539473353043, "time_func_eval": 9.286872863769531, "optimization_overhead": 0.2764589786529541, "incumbent": [107.20001896237599, 0.0011060536077393969, 0.000678902209522166, 278.16681965870634, 0.8337648892774651, 0.42384290664786584, 0.2581884039061888, 10.460432953024373], "runtime": 1306.4842824935913, "iteration": 72}