{"incumbents_value": 0.020480539473353043, "time_func_eval": 156.38720321655273, "optimization_overhead": 0.21452617645263672, "incumbent": [107.20001896237599, 0.0011060536077393969, 0.000678902209522166, 278.16681965870634, 0.8337648892774651, 0.42384290664786584, 0.2581884039061888, 10.460432953024373], "runtime": 390.3435025215149, "iteration": 10}