{"incumbents_value": 0.1785714285714285, "time_func_eval": 0.030216217041015625, "optimization_overhead": 0.20497441291809082, "incumbent": [62.13153751262058, 0.008135257864532229, 0.006122912434135588, 278.82399141723204, 0.8247898726053531, 0.44712235257538313, 0.9118952598479954, 14.623713054213145], "runtime": 8.497899770736694, "iteration": 29}