{"incumbents_value": 0.0, "time_func_eval": 0.6049647331237793, "optimization_overhead": 0.28119874000549316, "incumbent": [141.97072108394826, 0.004714260508821562, 0.019948326958616182, 51.544302170530145, 0.5813940420252719, 0.2639033758176883, 0.48498976792139875, 14.734192710152884], "runtime": 46.90644145011902, "iteration": 44}