{"incumbents_value": 0.038142852692894746, "time_func_eval": 0.04186606407165527, "optimization_overhead": 0.27327442169189453, "incumbent": [95.96726005769594, 0.004779102771038255, 0.028393238413804922, 296.65209931950636, 0.588368097162905, 0.9, 0.9108574778346704, 13.334333160327201], "runtime": 28.946351766586304, "iteration": 92}