{"incumbents_value": 0.0739657531015614, "time_func_eval": 0.11362266540527344, "optimization_overhead": 0.1833662986755371, "incumbent": [144.91738693733902, 0.0018689379089627156, 0.007416687246432709, 127.01034609436338, 0.09413092873239252, 0.8812548093353241, 0.9298926899430364, 10.333221438140583], "runtime": 4.327759504318237, "iteration": 16}