{"incumbents_value": 0.07342995169082123, "time_func_eval": 0.1882779598236084, "optimization_overhead": 0.21407866477966309, "incumbent": [96.02842551354338, 0.009816610517371357, 0.03737655473302816, 296.5209161982784, 0.8380474410004274, 0.8948137060001167, 0.9729999579547055, 13.322168505041374], "runtime": 18.06989073753357, "iteration": 60}