{"time_func_eval": 0.37682199478149414, "incumbent": [84.80815368096819, 0.00994729504368414, 0.06273772635725244, 150.0365381442418, 0.16157524802088827, 0.5206412795812585, 0.552689036198299, 14.546785115616904], "runtime": 10.46540904045105, "optimization_overhead": 0.18598127365112305, "iteration": 3, "incumbents_value": 0.19215604832746902}