{"time_func_eval": 0.37541890144348145, "incumbent": [44.26978682793371, 0.0057302318386850916, 0.009185945015793342, 290.8378002348294, 0.7257672887732203, 0.2872177485705848, 0.8647043002686229, 14.212348149377291], "runtime": 268.48219990730286, "optimization_overhead": 0.21936511993408203, "iteration": 82, "incumbents_value": 0.02531199490574576}