{"time_func_eval": 1.3729746341705322, "incumbent": [97.38304426379904, 0.003538051998070374, 0.009131273207516841, 275.82977270629567, 0.7306548783750197, 0.8877396742970788, 0.9809381019622818, 11.318355844453311], "runtime": 84.7689118385315, "optimization_overhead": 0.22706079483032227, "iteration": 30, "incumbents_value": 0.026575961243525348}