{"incumbents_value": 0.16246416843550215, "iteration": 70, "runtime": 1157.393850326538, "incumbent": [131.4451855911633, 0.006096324677841225, 0.001265631537335888, 295.2412606927353, 0.4969835030970867, 0.16595599925776391, 0.4000444710526128, 10.98604199441171], "optimization_overhead": 0.2025620937347412, "time_func_eval": 46.760565519332886}