{"incumbents_value": 0.16246416843550215, "iteration": 84, "runtime": 1309.7452237606049, "incumbent": [131.4451855911633, 0.006096324677841225, 0.001265631537335888, 295.2412606927353, 0.4969835030970867, 0.16595599925776391, 0.4000444710526128, 10.98604199441171], "optimization_overhead": 0.25675201416015625, "time_func_eval": 3.3969273567199707}