{"runtime": 194.66643929481506, "optimization_overhead": 0.27512168884277344, "incumbent": [53.87798400248657, 0.008632782262041156, 0.0029267113808400355, 209.67870056690674, 0.19573828341293903, 0.21661368571731354, 0.8891065168844378, 14.04324359313263], "time_func_eval": 1.6402711868286133, "incumbents_value": 0.5364425058998907, "iteration": 84}