{"runtime": 208.76171565055847, "optimization_overhead": 0.22404193878173828, "incumbent": [53.87798400248657, 0.008632782262041156, 0.0029267113808400355, 209.67870056690674, 0.19573828341293903, 0.21661368571731354, 0.8891065168844378, 14.04324359313263], "time_func_eval": 0.5319530963897705, "incumbents_value": 0.5364425058998907, "iteration": 88}