{"runtime": 89.42873477935791, "optimization_overhead": 0.18636441230773926, "incumbent": [46.46909397679684, 0.00943333746302178, 0.0007269892462108138, 272.52348071741324, 0.7145697690639708, 0.5104704509945911, 0.9683444667859945, 14.926094698138876], "time_func_eval": 3.261615514755249, "incumbents_value": 0.575196253763818, "iteration": 30}