{"incumbent": [32.16099947072503, 0.0001917786986189304, 0.09315210958262926, 50.263731550632194, 0.08012254051142118, 0.7603974561073401, 0.6937174758794219, 5.125282216533007], "iteration": 36, "time_func_eval": 6.188136577606201, "optimization_overhead": 0.2971687316894531, "incumbents_value": 0.8337346174424827, "runtime": 220.11045718193054}