{"incumbent": [32.16099947072503, 0.0001917786986189304, 0.09315210958262926, 50.263731550632194, 0.08012254051142118, 0.7603974561073401, 0.6937174758794219, 5.125282216533007], "iteration": 80, "time_func_eval": 13.814987897872925, "optimization_overhead": 0.2380812168121338, "incumbents_value": 0.8337346174424827, "runtime": 579.5492761135101}