{"runtime": 46.3703830242157, "optimization_overhead": 0.4532902240753174, "iteration": 27, "incumbent": [143.550822071039, 0.008423018003813213, 0.0033507625133295453, 100.09412392992633, 0.22238158410174233, 0.7867258578854072, 0.9146331916541812, 5.1691225879282445], "incumbents_value": 0.017113590695366443, "time_func_eval": 0.9954774379730225}