{"runtime": 76.28205275535583, "optimization_overhead": 0.40233492851257324, "iteration": 8, "incumbent": [143.3991963005842, 0.009424937166163992, 0.006157732415891764, 88.34436409721337, 0.07948843739509232, 0.7189253793786327, 0.8216521921246771, 6.4851940614729555], "incumbents_value": 0.009412992265941278, "time_func_eval": 1.2106637954711914}