{"runtime": 659.3874459266663, "optimization_overhead": 0.21345210075378418, "incumbent": [17.623970531959028, 0.002017298647529819, 0.0017864665105404934, 295.5456412619683, 0.7834510100914557, 0.19422104248018854, 0.8484603194710703, 12.524100673646721], "time_func_eval": 0.22925448417663574, "incumbents_value": 0.9802831494187643, "iteration": 91}