{"runtime": 148.91752743721008, "optimization_overhead": 0.20357775688171387, "incumbent": [107.30202464203397, 0.0005833255109535057, 0.0007623436762542135, 65.04148454077922, 0.8236700427679841, 0.28940880188075224, 0.9140615106266551, 12.345590439558116], "time_func_eval": 6.242910146713257, "incumbents_value": 0.9927014457382715, "iteration": 19}