{"runtime": 401.92972016334534, "optimization_overhead": 0.29616427421569824, "incumbent": [137.83544656888537, 0.00018590501684420132, 0.0008347915652018252, 122.04844922077694, 0.8701936317417314, 0.3004695220151603, 0.2568748066053821, 14.769991325277038], "time_func_eval": 21.47875666618347, "incumbents_value": 0.9822975023869248, "iteration": 62}