{"incumbents_value": 0.954273850306239, "time_func_eval": 1.187607765197754, "optimization_overhead": 0.2117605209350586, "incumbent": [122.8681074259514, 0.00968286158553307, 0.015032889540753722, 225.89337476376684, 0.4086921132283759, 0.7996278366429732, 0.5522531948034556, 6.724015037386428], "runtime": 5.889049053192139, "iteration": 8}