{"incumbents_value": 0.04898389786000468, "time_func_eval": 0.1705338954925537, "optimization_overhead": 0.22977137565612793, "incumbent": [12.113440392544433, 0.00929206055529875, 0.05474083116515262, 243.9471867002291, 0.2629484044733152, 0.44067991093132053, 0.5586599699842669, 10.42950820349213], "runtime": 29.185779809951782, "iteration": 31}