{"incumbents_value": 0.04523539821736389, "time_func_eval": 3.1708178520202637, "optimization_overhead": 0.258211612701416, "incumbent": [130.2380542416047, 0.001296701317385763, 0.006088210817412328, 176.3445854452616, 0.8328263476405742, 0.13167884139910443, 0.18477792368743406, 7.014334570281354], "runtime": 38.14099168777466, "iteration": 42}