{"time_func_eval": 0.10788273811340332, "runtime": 14.497512817382812, "incumbents_value": 0.15947467166979357, "iteration": 48, "incumbent": [123.58715953012239, 0.007756527639001311, 0.00921405881441185, 198.27653537629183, 0.29199269214370005, 0.12186523230107077, 0.17401288473649462, 14.821487031397847], "optimization_overhead": 0.185211181640625}