{"time_func_eval": 0.11508822441101074, "runtime": 19.327173471450806, "incumbents_value": 0.15947467166979357, "iteration": 63, "incumbent": [123.58715953012239, 0.007756527639001311, 0.00921405881441185, 198.27653537629183, 0.29199269214370005, 0.12186523230107077, 0.17401288473649462, 14.821487031397847], "optimization_overhead": 0.2042086124420166}