{"time_func_eval": 0.024742841720581055, "runtime": 5.8872785568237305, "incumbents_value": 0.20137585991244533, "iteration": 21, "incumbent": [14.041085283343014, 0.0019122405429280688, 0.027493939414846118, 256.6909652148106, 0.1015083426263767, 0.8642803005942716, 0.9987957038793006, 12.774064906368912], "optimization_overhead": 0.23490142822265625}