{"incumbents_value": 0.19588063726450466, "time_func_eval": 7.1586689949035645, "optimization_overhead": 0.24190306663513184, "incumbent": [143.6893871948984, 0.0071893169106806935, 0.0010543630635006592, 50.966957995215125, 0.853954127825066, 0.1121802367993453, 0.8677892122448174, 14.697905923070657], "runtime": 2420.862221956253, "iteration": 86}