{"runtime": 22.186129093170166, "time_func_eval": 0.05035805702209473, "iteration": 52, "optimization_overhead": 0.2378087043762207, "incumbents_value": 0.7856238361266294, "incumbent": [8.282777997238028, 0.002978133114651313, 0.00184288950663699, 60.246420941354444, 0.23787994089558964, 0.8590308726746205, 0.6369136692838446, 5.323386944139534]}