{"runtime": 19.011998176574707, "time_func_eval": 0.09752249717712402, "iteration": 45, "optimization_overhead": 0.18602228164672852, "incumbents_value": 0.7856238361266294, "incumbent": [8.282777997238028, 0.002978133114651313, 0.00184288950663699, 60.246420941354444, 0.23787994089558964, 0.8590308726746205, 0.6369136692838446, 5.323386944139534]}