{"runtime": 43.755630016326904, "time_func_eval": 0.05667591094970703, "iteration": 96, "optimization_overhead": 0.2407822608947754, "incumbents_value": 0.7689402697495183, "incumbent": [22.266590640167983, 0.00010243884310011134, 0.005536048174433457, 95.76741582128687, 0.8684331000873313, 0.7629709108378805, 0.9447388329382851, 5.0858256897219]}