{"incumbents_value": 0.025587400365623347, "time_func_eval": 1.768904447555542, "optimization_overhead": 0.2663114070892334, "incumbent": [95.08999085206868, 0.009373371324990195, 0.004139417455800928, 97.12390008309167, 0.10283298798425086, 0.601061615286407, 0.8825890402625018, 13.147749910745308], "runtime": 105.61732888221741, "iteration": 50}