{"runtime": 127.22400069236755, "incumbent": [141.04262274745017, 0.00987119040935035, 0.0052592172687012835, 260.79583970695455, 0.6799666550822566, 0.8509365370017777, 0.9075632494803881, 7.404148643939591], "optimization_overhead": 0.5532455444335938, "time_func_eval": 1.1296613216400146, "iteration": 67, "incumbents_value": 0.29046916256645394}