{"optimization_overhead": 0.17593598365783691, "runtime": 124.62201070785522, "incumbent": [100.171428157843, 0.0030141287848601604, 0.020532249347956846, 299.9157523982998, 0.8625128974822656, 0.7073907327653103, 0.9709469741138236, 14.751784883866724], "incumbents_value": 0.06182111775689281, "time_func_eval": 1.6028521060943604, "iteration": 86}