{"optimization_overhead": 0.24823808670043945, "runtime": 50.42915368080139, "incumbent": [133.35692586289872, 0.0007710877603497842, 0.013924021749313753, 234.80319495845143, 0.8527299629557269, 0.4969403856687349, 0.804865796687717, 10.19362461206882], "incumbents_value": 0.08366106591444877, "time_func_eval": 3.0346639156341553, "iteration": 34}