{"incumbents_value": 0.9999966448666879, "time_func_eval": 106.56139898300171, "optimization_overhead": 0.27975010871887207, "incumbent": [23.447550242066125, 0.0011743092555704612, 0.09322053642558761, 272.3949471371666, 0.0693408490137057, 0.11771493038878507, 0.14699762370068425, 8.764619220178613], "runtime": 10629.73281955719, "iteration": 84}