{"incumbents_value": 0.9999974399934464, "time_func_eval": 102.30427122116089, "optimization_overhead": 0.18183684349060059, "incumbent": [37.73536194333452, 0.0013994506856787596, 0.04955618163251003, 181.80663307145034, 0.7888588064849206, 0.6169726309179694, 0.1555275429230843, 9.090286686541013], "runtime": 1298.6633195877075, "iteration": 13}