{"time_func_eval": 7.900324106216431, "runtime": 360.2988567352295, "incumbents_value": 0.08122296772712956, "iteration": 66, "incumbent": [37.857987801689795, 0.007293813282425497, 0.04999179559493801, 177.71393547747795, 0.019433761594891324, 0.8690341948634172, 0.9494994643381848, 11.090023944369051], "optimization_overhead": 0.26131558418273926}