{"time_func_eval": 11.404287338256836, "runtime": 521.6055979728699, "incumbents_value": 0.06548017706860931, "iteration": 89, "incumbent": [149.60631736573458, 0.00021769052351615053, 0.021095576730062793, 106.43022496594469, 0.5840455501942958, 0.8903528115489869, 0.6773211292775831, 13.515737222924466], "optimization_overhead": 0.20496439933776855}