{"time_func_eval": 2.4051477909088135, "runtime": 176.04032850265503, "incumbents_value": 0.08122296772712956, "iteration": 38, "incumbent": [37.857987801689795, 0.007293813282425497, 0.04999179559493801, 177.71393547747795, 0.019433761594891324, 0.8690341948634172, 0.9494994643381848, 11.090023944369051], "optimization_overhead": 0.1993255615234375}