{"time_func_eval": 1.7144625186920166, "runtime": 97.26270651817322, "incumbents_value": 0.08122296772712956, "iteration": 26, "incumbent": [37.857987801689795, 0.007293813282425497, 0.04999179559493801, 177.71393547747795, 0.019433761594891324, 0.8690341948634172, 0.9494994643381848, 11.090023944369051], "optimization_overhead": 0.19005918502807617}