{"incumbents_value": 0.0, "time_func_eval": 0.10411334037780762, "optimization_overhead": 0.2210836410522461, "incumbent": [12.311304343826636, 0.009247611180110119, 0.04737884469793804, 287.8208311850487, 0.25025483171446194, 0.41289135770484053, 0.6627104399008849, 6.328583277439337], "runtime": 15.388688325881958, "iteration": 55}