{"runtime": 13.20478105545044, "optimization_overhead": 0.26209449768066406, "incumbent": [137.6863809498215, 0.006250725686874294, 0.09381539113533542, 249.59489401096673, 0.19831490215770364, 0.7880200003585383, 0.8739520951354547, 14.851108888648293], "time_func_eval": 0.012392282485961914, "incumbents_value": 0.0, "iteration": 52}