{"runtime": 14.567304134368896, "optimization_overhead": 0.209885835647583, "incumbent": [137.6863809498215, 0.006250725686874294, 0.09381539113533542, 249.59489401096673, 0.19831490215770364, 0.7880200003585383, 0.8739520951354547, 14.851108888648293], "time_func_eval": 0.018510818481445312, "incumbents_value": 0.0, "iteration": 57}