{"runtime": 12.685694694519043, "optimization_overhead": 0.2822253704071045, "incumbent": [137.6863809498215, 0.006250725686874294, 0.09381539113533542, 249.59489401096673, 0.19831490215770364, 0.7880200003585383, 0.8739520951354547, 14.851108888648293], "time_func_eval": 0.16145730018615723, "incumbents_value": 0.0, "iteration": 50}