{"runtime": 1.4576075077056885, "optimization_overhead": 0.16867351531982422, "incumbent": [38.37606037046049, 0.004585537511049621, 0.09743290878140452, 53.84801254877243, 0.32523043389598927, 0.831105118819468, 0.3271892851086762, 14.590160198603993], "time_func_eval": 0.06334853172302246, "incumbents_value": 0.024691358024691357, "iteration": 8}