{"incumbents_value": 0.19139636530940896, "time_func_eval": 0.05559349060058594, "optimization_overhead": 0.19921493530273438, "incumbent": [142.30622038534864, 0.006447728323959291, 0.019831945313946713, 299.76487775172103, 0.07069162262210715, 0.26176833231781377, 0.9083446241125389, 13.706583821269417], "runtime": 13.176284790039062, "iteration": 46}