{"incumbents_value": 0.1777777777777777, "time_func_eval": 0.0156707763671875, "optimization_overhead": 0.218095064163208, "incumbent": [142.93949243204227, 0.008932088316610177, 0.03012281450019611, 115.97926890376165, 0.64517845137662, 0.8492835516892449, 0.7804747240615026, 5.082927339313541], "runtime": 30.016719818115234, "iteration": 93}