{"incumbents_value": 0.20022246941045607, "time_func_eval": 0.05894160270690918, "optimization_overhead": 0.21477580070495605, "incumbent": [144.66935846529177, 0.004877184125198365, 0.0038025604810085806, 286.3605185218975, 0.791367407850542, 0.7034257602712011, 0.27959924771021066, 7.741649441919588], "runtime": 4.9438230991363525, "iteration": 19}