{"incumbents_value": 0.1777777777777777, "time_func_eval": 0.06345605850219727, "optimization_overhead": 0.2138659954071045, "incumbent": [142.93949243204227, 0.008932088316610177, 0.03012281450019611, 115.97926890376165, 0.64517845137662, 0.8492835516892449, 0.7804747240615026, 5.082927339313541], "runtime": 19.388210773468018, "iteration": 66}