{"runtime": 13.253082990646362, "optimization_overhead": 0.21762824058532715, "incumbent": [15.590680831328429, 0.0013625473927151664, 0.010689169535618244, 289.02675278737047, 0.09476650616152128, 0.6147425999976919, 0.12003344717055998, 5.199337434262569], "time_func_eval": 0.031389474868774414, "incumbents_value": 0.9777777777777777, "iteration": 25}