{"runtime": 38.13312530517578, "optimization_overhead": 0.20728206634521484, "incumbent": [15.590680831328429, 0.0013625473927151664, 0.010689169535618244, 289.02675278737047, 0.09476650616152128, 0.6147425999976919, 0.12003344717055998, 5.199337434262569], "time_func_eval": 0.10759663581848145, "incumbents_value": 0.9777777777777777, "iteration": 67}