{"runtime": 10.05506682395935, "optimization_overhead": 0.20134830474853516, "incumbent": [36.0474635786424, 0.0049415213096096556, 0.006388888434849968, 104.19501452851216, 0.26409504910737397, 0.8358719322709064, 0.9760235156750199, 11.989611592967115], "time_func_eval": 1.480086088180542, "incumbents_value": 0.9887005649717514, "iteration": 18}