{"incumbents_value": 0.13754512154512155, "time_func_eval": 1.4257433414459229, "optimization_overhead": 0.3515498638153076, "incumbent": [107.26789433850924, 0.0022937551889694974, 0.003151032651483196, 116.83503805065058, 0.09400801049542933, 0.14352051469677532, 0.9745548518539426, 14.951717250269335], "runtime": 279.825270652771, "iteration": 73}