{"incumbents_value": 0.9999958260898602, "time_func_eval": 51.54264807701111, "optimization_overhead": 0.2925097942352295, "incumbent": [135.2213743971098, 0.002979428563451775, 0.014534573126696447, 259.9719439652591, 0.12620132359558892, 0.15556667839158145, 0.2046610841414174, 8.10970776608259], "runtime": 7305.246284008026, "iteration": 65}