{"incumbent": [147.12010001173107, 0.0022345181325169393, 0.01177297933435827, 65.9722052378436, 0.8815281810843961, 0.303584822597445, 0.905043841089182, 5.02701662632046], "time_func_eval": 6.573643445968628, "optimization_overhead": 0.2704200744628906, "runtime": 449.16716027259827, "iteration": 90, "incumbents_value": 0.4313518695907973}