{"incumbent": [147.12010001173107, 0.0022345181325169393, 0.01177297933435827, 65.9722052378436, 0.8815281810843961, 0.303584822597445, 0.905043841089182, 5.02701662632046], "time_func_eval": 3.960151433944702, "optimization_overhead": 0.25057220458984375, "runtime": 426.41711950302124, "iteration": 84, "incumbents_value": 0.4313518695907973}