{"incumbent": [14.041085283343014, 0.0019122405429280688, 0.027493939414846118, 256.6909652148106, 0.1015083426263767, 0.8642803005942716, 0.9987957038793006, 12.774064906368912], "time_func_eval": 0.9050698280334473, "optimization_overhead": 0.0010254383087158203, "runtime": 5.97536563873291, "iteration": 2, "incumbents_value": 0.5240739871758493}