{"incumbents_value": 0.5937019969278035, "time_func_eval": 0.021067380905151367, "optimization_overhead": 0.22635626792907715, "incumbent": [109.04382872939294, 0.0014530581260565575, 0.00047116234763922623, 230.45590571509837, 0.19967455378028548, 0.6337154309776618, 0.8164448109326181, 14.326272766924129], "runtime": 16.64814519882202, "iteration": 60}