{"incumbents_value": 0.3346114989580131, "time_func_eval": 1.106717824935913, "optimization_overhead": 0.4322242736816406, "incumbent": [147.7336857684895, 0.008893341801484645, 0.008832998325022457, 91.76933596894293, 0.8908123359260911, 0.7634520148123204, 0.7516972161817603, 14.522210091530164], "runtime": 59.8061957359314, "iteration": 78}