{"incumbents_value": 0.6884713875097987, "time_func_eval": 0.04797792434692383, "optimization_overhead": 0.20618462562561035, "incumbent": [99.50260829800143, 0.009917151123267267, 0.002513009630423824, 262.681333987582, 0.8923712546602208, 0.8769225860952892, 0.23918891145669502, 10.884711755837712], "runtime": 4.3463380336761475, "iteration": 10}