{"incumbents_value": 0.23362749379278613, "time_func_eval": 0.4347705841064453, "optimization_overhead": 0.16974520683288574, "incumbent": [20.3368214387037, 0.00128254776865829, 0.09116777716563193, 111.75948994718442, 0.8442938799778287, 0.781815205461661, 0.9842731328907418, 6.076781554039706], "runtime": 2.6501691341400146, "iteration": 8}