{"iteration": 69, "incumbents_value": 0.0, "incumbent": [102.18860606977542, 0.00033976333894873814, 0.09479621540140448, 138.5576172012767, 0.22632462789791233, 0.701909068963609, 0.6871356281384071, 7.785726882635675], "time_func_eval": 0.019919872283935547, "runtime": 19.20361089706421, "optimization_overhead": 0.2671480178833008}