{"runtime": 4.290380954742432, "optimization_overhead": 0.23630356788635254, "incumbent": [88.90028445985624, 0.00941019468010796, 0.006230836465774464, 282.7499106517241, 0.23753251520981314, 0.7541610182705036, 0.1266737911651913, 5.553679672458189], "time_func_eval": 0.07820510864257812, "incumbents_value": 0.7497949079380108, "iteration": 10}