{"runtime": 2.3799991607666016, "optimization_overhead": 0.15109682083129883, "incumbent": [114.07022393085761, 0.002459346388060947, 0.08811209937984114, 50.95253547212673, 0.023972282352146428, 0.31330532701009844, 0.13468617590843734, 9.899319835735787], "time_func_eval": 0.15729212760925293, "incumbents_value": 0.782153406693284, "iteration": 5}