{"runtime": 20.679403066635132, "optimization_overhead": 0.22852277755737305, "incumbent": [134.59730106239542, 1e-05, 0.0001, 87.97157955173277, 0.01, 0.611741138859717, 0.999, 14.282623676293863], "time_func_eval": 0.19473052024841309, "incumbents_value": 0.6403489952084673, "iteration": 42}