{"runtime": 8.285303354263306, "optimization_overhead": 0.2409970760345459, "incumbent": [134.59730106239542, 1e-05, 0.0001, 87.97157955173277, 0.01, 0.611741138859717, 0.999, 14.282623676293863], "time_func_eval": 1.0337791442871094, "incumbents_value": 0.6403489952084673, "iteration": 16}