{"incumbents_value": 0.13969437423500497, "time_func_eval": 0.3021352291107178, "optimization_overhead": 0.2172536849975586, "incumbent": [136.8768155379308, 0.0038268956427396916, 0.010104050319920583, 262.93920735921984, 0.013882029466387875, 0.8475814749464845, 0.8392208527779778, 14.022184598026403], "runtime": 57.066725969314575, "iteration": 73}