{"incumbents_value": 0.22097458490818767, "time_func_eval": 1.1154346466064453, "optimization_overhead": 0.289478063583374, "incumbent": [135.99063205322807, 6.370448978418741e-05, 0.007637225830121152, 211.42735206215238, 0.8218854207773151, 0.8263250904299553, 0.8891499789596695, 7.545883482391496], "runtime": 31.237311363220215, "iteration": 44}