{"incumbent": [130.02939168972136, 0.0075720179426234015, 0.004950884529963355, 258.81787547178317, 0.8609245745534305, 0.8192364143138223, 0.900859486211972, 11.999386960200619], "iteration": 37, "time_func_eval": 0.08982276916503906, "optimization_overhead": 0.18678903579711914, "incumbents_value": 0.7760176178058538, "runtime": 56.81703758239746}