{"incumbent": [18.46848657696934, 0.00983614091057408, 0.007815689876312907, 241.400859142831, 0.6989939910333244, 0.09062507672532717, 0.964384662840724, 14.528908100858214], "iteration": 94, "time_func_eval": 0.8578073978424072, "optimization_overhead": 0.2675800323486328, "incumbents_value": 0.7541413729774876, "runtime": 126.39139676094055}