{"incumbents_value": 0.025639845268770056, "time_func_eval": 0.3818356990814209, "optimization_overhead": 0.5010290145874023, "incumbent": [109.94401486397241, 0.01, 0.0001, 252.12661503529398, 0.9, 0.5258253112474087, 0.5649037975217132, 6.592315224289692], "runtime": 161.6954789161682, "iteration": 96}