{"incumbents_value": 0.053039026375449105, "time_func_eval": 6.89472508430481, "optimization_overhead": 0.2026042938232422, "incumbent": [134.392889022405, 0.007841678217210114, 0.001985767081593628, 298.2992107522739, 0.21459912686133706, 0.09298978694665744, 0.30637409647337144, 9.273197205337036], "runtime": 19.305558443069458, "iteration": 11}