{"incumbents_value": 0.065176522517163, "time_func_eval": 1.6463899612426758, "optimization_overhead": 0.21213889122009277, "incumbent": [149.92327583836615, 0.008657132038559242, 0.03550697157599072, 271.95315758534207, 0.8716840075637363, 0.3873521372411157, 0.12686093677722624, 11.494245992053797], "runtime": 3.3027191162109375, "iteration": 3}