{"incumbents_value": 0.025639845268770056, "time_func_eval": 0.2955338954925537, "optimization_overhead": 0.18947768211364746, "incumbent": [109.94401486397241, 0.01, 0.0001, 252.12661503529398, 0.9, 0.5258253112474087, 0.5649037975217132, 6.592315224289692], "runtime": 75.55310487747192, "iteration": 58}