{"incumbents_value": 0.07538314176245209, "time_func_eval": 0.08013486862182617, "optimization_overhead": 0.0001671314239501953, "incumbent": [8.920001745016267, 0.007910333866437089, 0.02967508146029785, 147.97198500814116, 0.6328343834492564, 0.4662015195509643, 0.3586206540667547, 10.116020351704002], "runtime": 0.0873861312866211, "iteration": 0}