{"incumbents_value": 0.021018062397372694, "time_func_eval": 0.03145313262939453, "optimization_overhead": 0.19726300239562988, "incumbent": [13.008798015131449, 0.009517294428042828, 0.0073701056586448835, 219.87484478692645, 0.839864562784789, 0.4354747983287228, 0.45039894505190536, 5.113543222055909], "runtime": 15.005769491195679, "iteration": 53}