{"incumbents_value": 0.015552153319645323, "time_func_eval": 18.543131828308105, "optimization_overhead": 0.29552507400512695, "incumbent": [132.83788037901206, 0.007282083259638857, 0.0035982021942329388, 99.20163622478185, 0.1434554040529042, 0.14435759150950964, 0.4909772571725108, 14.752435419700124], "runtime": 572.1287150382996, "iteration": 34}