{"incumbents_value": 0.04757161456392145, "time_func_eval": 20.094569206237793, "optimization_overhead": 0.24709105491638184, "incumbent": [116.5007466339158, 0.001160441160237472, 0.005142582232142407, 83.26349357328911, 0.17086942988143997, 0.8377843067241112, 0.9332315576507626, 5.887277939699737], "runtime": 338.99364042282104, "iteration": 18}