{"incumbent": [43.49528452353337, 0.00944866741317639, 0.004676615142838862, 115.26769959146958, 0.039212098784083514, 0.7936699832888556, 0.5065758157912609, 5.068411180894822], "iteration": 17, "time_func_eval": 0.02373647689819336, "optimization_overhead": 0.20760321617126465, "incumbents_value": 0.3772741109727411, "runtime": 4.263151168823242}