{"incumbent": [142.98993534552807, 0.01, 0.1, 199.10395538153665, 0.01, 0.8949428434034853, 0.999, 7.087953575258676], "iteration": 99, "time_func_eval": 0.04293417930603027, "optimization_overhead": 0.24906039237976074, "incumbents_value": 0.33475296221775097, "runtime": 29.325472354888916}