{"incumbent": [142.98993534552807, 0.01, 0.1, 199.10395538153665, 0.01, 0.8949428434034853, 0.999, 7.087953575258676], "iteration": 48, "time_func_eval": 0.05554032325744629, "optimization_overhead": 0.19237709045410156, "incumbents_value": 0.33475296221775097, "runtime": 13.359134674072266}