{"incumbent": [143.12580888208902, 0.008724318722747777, 0.037014591638387336, 199.006175656171, 0.029431197349403568, 0.8611230651851838, 0.8150897399196152, 7.2512152223247925], "iteration": 36, "time_func_eval": 0.06833338737487793, "optimization_overhead": 0.21789121627807617, "incumbents_value": 0.3603519496376639, "runtime": 9.914222002029419}