{"incumbent": [142.98993534552807, 0.01, 0.1, 199.10395538153665, 0.01, 0.8949428434034853, 0.999, 7.087953575258676], "iteration": 96, "time_func_eval": 0.23446154594421387, "optimization_overhead": 0.256650447845459, "incumbents_value": 0.33475296221775097, "runtime": 28.27672004699707}