{"incumbent": [142.98993534552807, 0.01, 0.1, 199.10395538153665, 0.01, 0.8949428434034853, 0.999, 7.087953575258676], "iteration": 55, "time_func_eval": 0.024815797805786133, "optimization_overhead": 0.19228219985961914, "incumbents_value": 0.33475296221775097, "runtime": 15.63135290145874}