{"runtime": 417.63599038124084, "time_func_eval": 0.6158657073974609, "incumbents_value": 0.001188162952868832, "iteration": 42, "optimization_overhead": 0.23654770851135254, "incumbent": [100.41348545134217, 0.0014251236699884993, 0.0007403426438821186, 270.7865588092691, 0.3977417039503992, 0.32937307937956434, 0.9152031600688889, 12.748493207153832]}