{"incumbents_value": 0.662806976823811, "time_func_eval": 2.646939516067505, "optimization_overhead": 0.23382186889648438, "incumbent": [144.05500342990234, 0.008090068794167299, 0.005114437773158491, 295.0644313740986, 0.43422469108546274, 0.15347994735585702, 0.9785410318618323, 6.7917085015480385], "runtime": 29.513978719711304, "iteration": 26}