{"runtime": 197.92460417747498, "optimization_overhead": 0.2143404483795166, "incumbent": [128.8673895374296, 0.0042957412896589015, 0.00252425811554509, 263.1723633144452, 0.08178481114638177, 0.8172097274926159, 0.9788115482802074, 6.241492762286401], "time_func_eval": 0.4651505947113037, "incumbents_value": 0.5363427439170546, "iteration": 77}