{"runtime": 88.81423282623291, "optimization_overhead": 0.254230260848999, "incumbent": [143.442130069148, 0.002351751040398311, 0.002376187058445428, 86.27596020859085, 0.7247154739638002, 0.8867525032835051, 0.9840689810733635, 14.86605199987027], "time_func_eval": 2.008906364440918, "incumbents_value": 0.555260804708404, "iteration": 38}