{"runtime": 213.3848876953125, "optimization_overhead": 0.3163013458251953, "incumbent": [128.8673895374296, 0.0042957412896589015, 0.00252425811554509, 263.1723633144452, 0.08178481114638177, 0.8172097274926159, 0.9788115482802074, 6.241492762286401], "time_func_eval": 0.09161520004272461, "incumbents_value": 0.5363427439170546, "iteration": 81}