{"runtime": 242.8641746044159, "optimization_overhead": 0.3559243679046631, "incumbent": [128.8673895374296, 0.0042957412896589015, 0.00252425811554509, 263.1723633144452, 0.08178481114638177, 0.8172097274926159, 0.9788115482802074, 6.241492762286401], "time_func_eval": 0.6694791316986084, "incumbents_value": 0.5363427439170546, "iteration": 89}