{"runtime": 250.83251333236694, "optimization_overhead": 0.2498493194580078, "incumbent": [128.8673895374296, 0.0042957412896589015, 0.00252425811554509, 263.1723633144452, 0.08178481114638177, 0.8172097274926159, 0.9788115482802074, 6.241492762286401], "time_func_eval": 3.7338030338287354, "incumbents_value": 0.5363427439170546, "iteration": 91}