{"runtime": 16.675955057144165, "optimization_overhead": 0.2201521396636963, "incumbent": [143.442130069148, 0.002351751040398311, 0.002376187058445428, 86.27596020859085, 0.7247154739638002, 0.8867525032835051, 0.9840689810733635, 14.86605199987027], "time_func_eval": 4.257007360458374, "incumbents_value": 0.555260804708404, "iteration": 9}