{"runtime": 1.5174164772033691, "optimization_overhead": 0.0011369387308756511, "incumbent": [143.43617242552006, 0.009134801095836496, 0.06104730250540398, 215.29554699544235, 0.8142487906650621, 0.8040679901187585, 0.44851672720974517, 8.168697287554643], "time_func_eval": 1.513603687286377, "incumbents_value": 0.9239977728285078, "iteration": 0}