{"iteration": 3, "incumbents_value": 0.6278123860511188, "incumbent": [127.33793732274992, 0.00793153548836708, 0.015326662217309826, 119.3665871344782, 0.8523300552410358, 0.31512072875136843, 0.5615026457438943, 6.325085914488098], "time_func_eval": 2.6603145599365234, "runtime": 8.908464431762695, "optimization_overhead": 0.21846461296081543}