{"iteration": 22, "incumbents_value": 0.4350632170299382, "incumbent": [121.98519290157796, 0.008295704792356891, 0.00031833654847545327, 265.82099973939285, 0.5640576507434927, 0.8235661868812987, 0.8935427253546551, 12.338211421830026], "time_func_eval": 41.22326850891113, "runtime": 161.03790163993835, "optimization_overhead": 0.19539785385131836}