{"iteration": 26, "incumbents_value": 0.4350632170299382, "incumbent": [121.98519290157796, 0.008295704792356891, 0.00031833654847545327, 265.82099973939285, 0.5640576507434927, 0.8235661868812987, 0.8935427253546551, 12.338211421830026], "time_func_eval": 1.594736099243164, "runtime": 192.83927083015442, "optimization_overhead": 0.24898314476013184}