{"incumbent": [147.25633177783035, 0.009700214728096805, 0.0012915864614297017, 127.83183477795991, 0.6786208632311259, 0.8734685519897568, 0.7082729773746396, 5.231133944150358], "iteration": 97, "time_func_eval": 0.16648268699645996, "optimization_overhead": 0.19591379165649414, "incumbents_value": 0.7840867992766727, "runtime": 30.865824937820435}