{"time_func_eval": 0.11030030250549316, "runtime": 8.940310955047607, "incumbents_value": 0.15791248961980675, "iteration": 30, "incumbent": [11.084903166646866, 0.009287479540148268, 0.030003729942270515, 247.94134925631553, 0.6720725417446162, 0.10287651303882518, 0.21121287398554445, 8.168739133996741], "optimization_overhead": 0.19771552085876465}