{"time_func_eval": 0.08704876899719238, "runtime": 16.057701587677002, "incumbents_value": 0.13832030324567646, "iteration": 53, "incumbent": [11.243223964303521, 0.004593474384418596, 0.08593856656969784, 135.0578877160399, 0.8838562461365974, 0.2851437833980581, 0.8877104861932961, 5.197471256418904], "optimization_overhead": 0.2211465835571289}