{"incumbent": [58.00775159149392, 69.58436272383699, -299.15093058774636, -179.9587537016793, 256.46865424980837, -37.815342026072955, -62.697184169899195, -46.29289554796176, -868.8875353753436, 5.927065316280224, -96.0121765479934, -41.21329758336063, -6.040397665910485, 31.938714798586698, -105.58186276991754, 542.5533519090525, 0.8820173643572708, 33.86498277825274, 8.881420168678819, 158.29475882192347, -423.27575042727057, 77.78917893900129, -183.81555420844055, 2.1618178925246103, -211.28184990979042, 23.68366443829786, -632.8210721283135, -506.8628040539973, -10.13720596867086, 86.19497690696586, -205.11735409207185, -70.39042408129296, -805.8510496488742, -14.078717369634756, 120.5579623379879, 48.56523742556549, -153.77767717135117, -87.9779306682216, -821.2967432779342, -193.37071776439169, -109.56957857807443, -38.56360234811859, 9.311906370160834, 9.755219278957155, -835.782910926621, -215.7548704107848, -217.94709865020894, -52.49152039235743, -134.9935365454665, -217.51970793337688, -68.21854099203944, -36.41430061540492, -87.3831073873127, 20.332131835542167, 11.741601220139877, -9.43219012383232, -482.51621103054293, 274.03055278601425, -323.2062216689766, -27.858779611497763, -47.010413912365586, 79.53203045255624, -663.6187584573605, 179.0181729515453, 81.06190442788139, -38.29663712879446, -49.0171809414927, 161.18409849960452, -543.2020918208576, 221.66717443392085, -56.0693679169523, -11.95385545545449, 42.452649982159045, 142.82286522541474, -808.5620351221818, -26.104524200337455, 43.34849950223763, 2.36244547254795, -46.895981992602074, 166.70882740099867, -1010.9404862180143, 31.00418916385855, 31.62939582529092, -35.772582333693094, -95.28342192603121, 41.6812748262432, -684.1501247701738, 292.7594659458904, -101.54297580589413, -62.52882626195457], "time_func_eval": 1.4781951904296875e-05, "iteration": 24, "optimization_overhead": 38.051002979278564, "runtime": 995.2351758480072, "incumbents_value": -12922.34064251267}