{"incumbents_value": 0.02272182908284448, "time_func_eval": 11.251454591751099, "optimization_overhead": 0.2132406234741211, "incumbent": [139.93190728559244, 0.007015180037243632, 0.0004058631367077012, 170.389032844864, 0.40116085538140844, 0.8889799974921073, 0.8513472048455242, 12.12659952768341], "runtime": 934.6227071285248, "iteration": 77}