{"incumbents_value": 0.13417829594300168, "time_func_eval": 0.06456208229064941, "optimization_overhead": 0.16981720924377441, "incumbent": [140.98959616196487, 0.007878917543150631, 0.017032287128172507, 281.54903834826246, 0.891405571437586, 0.642237967525311, 0.2886170712039146, 5.790694379574649], "runtime": 16.184021472930908, "iteration": 48}