{"optimization_overhead": 0.23298096656799316, "runtime": 3.574702262878418, "incumbent": [5.544606144851918, 0.00045843748924383556, 0.03169699872778815, 131.6420845853076, 0.14609009494170297, 0.7207046137301488, 0.7896267558592303, 14.336500083587776], "incumbents_value": 0.5948846475162264, "iteration": 14, "time_func_eval": 0.1369173526763916}