{"optimization_overhead": 0.17360520362854004, "runtime": 6.043869495391846, "incumbent": [5.544606144851918, 0.00045843748924383556, 0.03169699872778815, 131.6420845853076, 0.14609009494170297, 0.7207046137301488, 0.7896267558592303, 14.336500083587776], "incumbents_value": 0.5948846475162264, "iteration": 24, "time_func_eval": 0.06133270263671875}