{"incumbents_value": 0.7998304877829636, "time_func_eval": 0.877526044845581, "optimization_overhead": 0.23334527015686035, "incumbent": [99.73232533908964, 0.0004037687882988543, 0.00037855251211299734, 196.6915588938513, 0.8399969457692344, 0.7478594643690814, 0.896547630574663, 6.0027970609089305], "runtime": 25.825143575668335, "iteration": 11}