{"incumbents_value": 0.6353032004635073, "iteration": 32, "runtime": 113.61357545852661, "incumbent": [8.950213377651984, 0.00945835815430692, 0.001277961376452909, 279.1523394843658, 0.25244119814958027, 0.8931517792343775, 0.9121936970216262, 10.02931250175882], "optimization_overhead": 0.22525262832641602, "time_func_eval": 1.1317007541656494}