{"incumbents_value": 0.6353032004635073, "iteration": 38, "runtime": 128.24605059623718, "incumbent": [8.950213377651984, 0.00945835815430692, 0.001277961376452909, 279.1523394843658, 0.25244119814958027, 0.8931517792343775, 0.9121936970216262, 10.02931250175882], "optimization_overhead": 0.18826937675476074, "time_func_eval": 0.4569675922393799}