{"incumbents_value": 0.5775034969349363, "iteration": 89, "runtime": 343.36832642555237, "incumbent": [149.70960748308934, 0.0018582384242800032, 0.0006019770398958291, 231.8511031938812, 0.7804155350113019, 0.16227458410579854, 0.9018997132220425, 9.150170500646512], "optimization_overhead": 0.22030401229858398, "time_func_eval": 1.0829980373382568}