{"incumbents_value": 0.8233628042845293, "iteration": 14, "runtime": 53.45613074302673, "incumbent": [130.06861459019962, 0.008588787816545906, 0.0042896238600098405, 111.48432180501973, 0.8395274767448277, 0.18806688080825967, 0.16229282491043118, 13.490844205872682], "optimization_overhead": 0.21905779838562012, "time_func_eval": 5.175161123275757}