{"incumbents_value": 0.03706414431769234, "time_func_eval": 2.852052927017212, "optimization_overhead": 0.1844158172607422, "incumbent": [135.2754779359727, 0.0025079225397069424, 0.0019446425035842124, 114.58441540022847, 0.4055995072214226, 0.09628559050481503, 0.31248640631426244, 7.15592713243844], "runtime": 86.22665023803711, "iteration": 27}