{"incumbents_value": 0.07020499169567496, "time_func_eval": 1.4123780727386475, "optimization_overhead": 0.19813060760498047, "incumbent": [103.6074166487757, 0.006040206044518191, 0.009081016807479244, 293.6158440722353, 0.7842476005712988, 0.4917291489607841, 0.20016153236165074, 13.528168881304243], "runtime": 32.427037715911865, "iteration": 11}