{"incumbents_value": 0.13219801510383322, "time_func_eval": 6.9522926807403564, "optimization_overhead": 0.21417808532714844, "incumbent": [72.88348839318002, 0.004852052254313016, 0.024876438849886752, 105.56961661492807, 0.6517130287459395, 0.829680684069122, 0.9919597624774288, 10.618916605544028], "runtime": 48.854665756225586, "iteration": 8}