{"incumbents_value": 0.13219801510383322, "time_func_eval": 7.595421552658081, "optimization_overhead": 0.00011603037516276042, "incumbent": [72.88348839318002, 0.004852052254313016, 0.024876438849886752, 105.56961661492807, 0.6517130287459395, 0.829680684069122, 0.9919597624774288, 10.618916605544028], "runtime": 12.708908557891846, "iteration": 2}