{"optimization_overhead": 0.21958017349243164, "runtime": 3.05686092376709, "incumbent": [101.13311751807882, 0.003938679704170033, 0.0053586194826593875, 78.44413534143148, 0.8226073531634049, 0.8531271774435338, 0.9156047536288767, 5.713042164063623], "incumbents_value": 0.07639547471299857, "time_func_eval": 0.5545248985290527, "iteration": 6}