{"optimization_overhead": 0.28891801834106445, "runtime": 7.248142719268799, "incumbent": [38.17220320266828, 5.891831581976027e-05, 0.003138416254571717, 105.52093726491313, 0.1926965283509937, 0.7056227903133118, 0.9015356645869763, 14.398936356539807], "incumbents_value": 0.05281708443875843, "time_func_eval": 0.49023890495300293, "iteration": 13}