{"optimization_overhead": 0.23146986961364746, "runtime": 62.785918951034546, "incumbent": [65.04120466835364, 0.001774599437398002, 0.00580014827922226, 264.82696510472556, 0.8048843366383626, 0.8719551269478714, 0.9511513727286377, 13.488398663840016], "incumbents_value": 0.03531593838070157, "time_func_eval": 0.4220571517944336, "iteration": 94}