{"incumbents_value": 0.4136288998357963, "incumbent": [9.819227005774025, 0.000833873547535408, 0.018125463044026038, 284.185016807048, 0.8018356442514989, 0.7889073298569473, 0.9892813766830143, 5.18314573106124], "iteration": 14, "optimization_overhead": 0.17037415504455566, "runtime": 14.227332353591919, "time_func_eval": 0.22238421440124512}