{"incumbents_value": 0.9500441871285861, "time_func_eval": 0.19194769859313965, "optimization_overhead": 0.20621061325073242, "incumbent": [5.563912569678427, 0.009276057022169002, 0.005360546714537864, 109.77369779552835, 0.7037124531450442, 0.0935299103959872, 0.31368210710126426, 14.279768507733575], "runtime": 5.067612409591675, "iteration": 8}