{"incumbents_value": 0.854065508717148, "time_func_eval": 2.5313966274261475, "optimization_overhead": 0.3038451671600342, "incumbent": [147.1233835771511, 0.008986252665310036, 0.011394917801268481, 298.5692136758022, 0.798596354884066, 0.6374398110099606, 0.7645271952310071, 14.447500963466096], "runtime": 87.4547369480133, "iteration": 75}