{"incumbents_value": 0.8652950228036733, "time_func_eval": 0.2550044059753418, "optimization_overhead": 0.26042890548706055, "incumbent": [148.3667963231552, 0.0001498454586699617, 0.013328663095941303, 121.87846373335648, 0.09137275754087541, 0.6446665477891323, 0.9033618966659059, 11.518704725755228], "runtime": 43.95027041435242, "iteration": 40}