{"incumbents_value": 0.8652950228036733, "time_func_eval": 0.8588545322418213, "optimization_overhead": 0.15744423866271973, "incumbent": [148.3667963231552, 0.0001498454586699617, 0.013328663095941303, 121.87846373335648, 0.09137275754087541, 0.6446665477891323, 0.9033618966659059, 11.518704725755228], "runtime": 36.34518766403198, "iteration": 32}