{"incumbents_value": 0.942099727246786, "time_func_eval": 0.7406785488128662, "optimization_overhead": 0.25690269470214844, "incumbent": [128.4198841637078, 0.007127917133429448, 0.009874271779659058, 280.1322399953849, 0.24825171931555867, 0.2916775987751744, 0.958374581935058, 14.48970402096839], "runtime": 20.02082872390747, "iteration": 20}