{"incumbents_value": 0.6337897742110669, "time_func_eval": 0.4898972511291504, "optimization_overhead": 0.31100964546203613, "incumbent": [62.88824614768047, 1e-05, 0.0001, 265.7124676923815, 0.44242411946294447, 0.09, 0.7887886330706576, 14.540392929185865], "runtime": 684.8086552619934, "iteration": 74}