{"incumbents_value": 0.412694075011106, "time_func_eval": 0.1775822639465332, "optimization_overhead": 0.2559163570404053, "incumbent": [135.56909172716084, 0.01, 0.0001, 294.3314106205537, 0.13527199059657713, 0.8661061708697134, 0.9827266224232537, 10.910566610082979], "runtime": 1004.4985570907593, "iteration": 98}