{"incumbents_value": 0.4757080281833459, "time_func_eval": 12.500170230865479, "optimization_overhead": 0.48219919204711914, "incumbent": [135.7653545845642, 0.01, 0.0001, 294.46502537876125, 0.4364343547263563, 0.6713339688252165, 0.8074386106545317, 10.831428148113217], "runtime": 862.9399657249451, "iteration": 84}