{"incumbents_value": 0.4644377935129085, "time_func_eval": 0.05081963539123535, "optimization_overhead": 0.17013311386108398, "incumbent": [140.36182880613137, 0.002797208830282781, 0.0183679667965187, 291.0767837447586, 0.8287776903767143, 0.10756856986626215, 0.9395842970356474, 9.842921957014354], "runtime": 19.672590970993042, "iteration": 30}