{"incumbents_value": 0.5111642743221692, "time_func_eval": 0.07419943809509277, "optimization_overhead": 0.16389131546020508, "incumbent": [11.499582230534182, 0.003304466190411138, 0.004389404436748955, 289.2654577728733, 0.8325027551056264, 0.32083759301084597, 0.8446389654981529, 6.093559701131827], "runtime": 1.5493388175964355, "iteration": 7}