{"runtime": 145.56420731544495, "optimization_overhead": 0.26296448707580566, "incumbent": [146.00081882815914, 0.0030247920610747604, 0.009894480508970464, 51.70545662459198, 0.36434346855477906, 0.8277687069759155, 0.8915055112639447, 7.0389288115142765], "time_func_eval": 1.5653064250946045, "incumbents_value": 0.5940218115365851, "iteration": 46}