{"runtime": 305.88117241859436, "optimization_overhead": 0.28032755851745605, "incumbent": [146.00081882815914, 0.0030247920610747604, 0.009894480508970464, 51.70545662459198, 0.36434346855477906, 0.8277687069759155, 0.8915055112639447, 7.0389288115142765], "time_func_eval": 3.854668617248535, "incumbents_value": 0.5940218115365851, "iteration": 96}