{"runtime": 92.97940349578857, "optimization_overhead": 0.20723581314086914, "incumbent": [130.26605805635197, 0.0039039213912030538, 0.002875591137780593, 93.11648079828925, 0.021007756429563727, 0.13071433453714126, 0.9260049866512078, 11.77552196559507], "time_func_eval": 8.840968132019043, "incumbents_value": 0.08877191524380879, "iteration": 15}