{"runtime": 220.65350103378296, "optimization_overhead": 0.24770522117614746, "incumbent": [130.26605805635197, 0.0039039213912030538, 0.002875591137780593, 93.11648079828925, 0.021007756429563727, 0.13071433453714126, 0.9260049866512078, 11.77552196559507], "time_func_eval": 4.118798732757568, "incumbents_value": 0.08877191524380879, "iteration": 40}