{"runtime": 291.6563341617584, "optimization_overhead": 0.24166655540466309, "incumbent": [130.26605805635197, 0.0039039213912030538, 0.002875591137780593, 93.11648079828925, 0.021007756429563727, 0.13071433453714126, 0.9260049866512078, 11.77552196559507], "time_func_eval": 4.701830148696899, "incumbents_value": 0.08877191524380879, "iteration": 50}