{"incumbent": [26.62905085244725, 0.007017208302719999, 0.0007372753380312023, 241.0625691647382, 0.7560436401972013, 0.4868871925062743, 0.1525484116657113, 7.467760025171387], "iteration": 0, "time_func_eval": 3.3730177879333496, "optimization_overhead": 0.0011676947275797527, "incumbents_value": 0.046575036692579896, "runtime": 3.3769478797912598}