{"incumbent": [112.47767852355435, 0.00020623885103385664, 0.003090392821743569, 192.56637547261857, 0.27444032389974576, 0.14821323646103277, 0.6012126958663795, 10.100187423955525], "iteration": 27, "time_func_eval": 20.30156707763672, "optimization_overhead": 0.20317578315734863, "incumbents_value": 0.017062828355447146, "runtime": 285.89928340911865}