{"runtime": 12.51972484588623, "optimization_overhead": 0.24756312370300293, "incumbent": [110.27256934660618, 0.009269267582727503, 0.004949115205540818, 289.24341160120696, 0.4351559129014841, 0.596388111084663, 0.24971815474338777, 13.8375137845099], "time_func_eval": 0.0320892333984375, "incumbents_value": 0.0, "iteration": 24}