{"runtime": 7.8316428661346436, "optimization_overhead": 0.19842839241027832, "incumbent": [110.27256934660618, 0.009269267582727503, 0.004949115205540818, 289.24341160120696, 0.4351559129014841, 0.596388111084663, 0.24971815474338777, 13.8375137845099], "time_func_eval": 0.0776216983795166, "incumbents_value": 0.0, "iteration": 15}