{"runtime": 39.32287955284119, "optimization_overhead": 0.24178504943847656, "incumbent": [110.27256934660618, 0.009269267582727503, 0.004949115205540818, 289.24341160120696, 0.4351559129014841, 0.596388111084663, 0.24971815474338777, 13.8375137845099], "time_func_eval": 0.03664660453796387, "incumbents_value": 0.0, "iteration": 59}