{"incumbents_value": 0.02130544045426641, "time_func_eval": 39.334407567977905, "optimization_overhead": 0.20622897148132324, "incumbent": [101.67349672959091, 0.00670554362265023, 0.0017345756192439768, 127.4501605395603, 0.8019507837077845, 0.4219460074904039, 0.5006779410670786, 13.542922295524605], "runtime": 702.6125144958496, "iteration": 39}