{"incumbents_value": 0.02617053446431683, "time_func_eval": 31.79623532295227, "optimization_overhead": 0.32701897621154785, "incumbent": [111.50602186851522, 0.003912684107607715, 0.009866181441528166, 86.26875745214068, 0.8784192821276482, 0.8157592893919424, 0.9737464280036136, 12.92825391436682], "runtime": 600.0156216621399, "iteration": 34}