{"incumbents_value": 0.01954702664984509, "time_func_eval": 12.119659662246704, "optimization_overhead": 0.18778586387634277, "incumbent": [126.3171572978105, 0.002040665165315946, 0.003328476343222034, 250.2951460088121, 0.8862212880959087, 0.20273697315946476, 0.5647454415076628, 12.652948869146924], "runtime": 1758.574651002884, "iteration": 98}