{"incumbents_value": 0.1472829709412925, "time_func_eval": 4.190495252609253, "optimization_overhead": 0.18835973739624023, "incumbent": [72.90594964604938, 0.005978341448900684, 0.04560010344230527, 122.04317608307974, 0.8724296521451502, 0.6022129632378557, 0.8733841265612453, 5.737074641994899], "runtime": 14.307474613189697, "iteration": 3}