{"incumbents_value": 0.0, "time_func_eval": 3.832366943359375, "optimization_overhead": 0.2498161792755127, "incumbent": [21.11849258555392, 0.007079842012161121, 0.004150083269471666, 297.98569512184986, 0.103075333276573, 0.8789792728008495, 0.8015434134022602, 14.05317280959301], "runtime": 441.81186532974243, "iteration": 66}