{"time_func_eval": 0.4181180000305176, "runtime": 36.94431829452515, "incumbents_value": 0.24421472747486472, "iteration": 24, "incumbent": [61.96374370001368, 0.0015939871552593506, 0.0071678397512353435, 63.54285723999646, 0.7954174632902173, 0.8682885018548654, 0.9746107307282732, 14.025814418516564], "optimization_overhead": 0.20746374130249023}