{"time_func_eval": 11.196361541748047, "runtime": 54.24270486831665, "incumbents_value": 0.145463995011329, "iteration": 28, "incumbent": [140.0131152155803, 0.0069428976534698485, 0.004911704561133781, 280.5429530572879, 0.40565248512132107, 0.4966319255081152, 0.81436750786033, 12.85988756824727], "optimization_overhead": 0.20252227783203125}