{"time_func_eval": 0.6832671165466309, "runtime": 193.49942708015442, "incumbents_value": 0.13605878009140004, "iteration": 96, "incumbent": [39.1501433041424, 0.000156781617324579, 0.004141720294941784, 110.58858279905522, 0.6166348788136589, 0.8979841525907795, 0.97126120163873, 14.489649760265946], "optimization_overhead": 0.3598520755767822}