{"incumbents_value": 0.5530940026542521, "time_func_eval": 10.056110858917236, "optimization_overhead": 0.29484128952026367, "incumbent": [132.08495625494425, 0.001937137977924105, 0.009779623429507727, 298.5426858336366, 0.1645041684614327, 0.6321775035529732, 0.995486062442142, 5.180206049924589], "runtime": 128.92834520339966, "iteration": 33}