{"incumbents_value": 0.5530940026542521, "time_func_eval": 0.08828330039978027, "optimization_overhead": 0.2961885929107666, "incumbent": [132.08495625494425, 0.001937137977924105, 0.009779623429507727, 298.5426858336366, 0.1645041684614327, 0.6321775035529732, 0.995486062442142, 5.180206049924589], "runtime": 191.51498246192932, "iteration": 42}