{"incumbents_value": 0.9721676029962547, "time_func_eval": 0.17335200309753418, "optimization_overhead": 0.1530165672302246, "incumbent": [40.10104158115958, 0.009884840603745131, 0.01021973133534527, 244.22811125589385, 0.04682866390483416, 0.25731613238591994, 0.23311381219961436, 13.452029480159378], "runtime": 27.301751852035522, "iteration": 30}