{"incumbents_value": 0.9808590102707749, "time_func_eval": 2.040048599243164, "optimization_overhead": 0.32660388946533203, "incumbent": [95.66663083218351, 0.00850455165925476, 0.007173453244678066, 290.394538835698, 0.7382571851659883, 0.8905836413018396, 0.746816599878989, 5.279101592047754], "runtime": 71.15362215042114, "iteration": 44}