{"incumbents_value": 0.4044419182350216, "time_func_eval": 1.669759750366211, "optimization_overhead": 0.36281800270080566, "incumbent": [142.01668850312936, 0.009574769375147518, 0.048502494663813504, 191.17342436846664, 0.07733893946916802, 0.8394056010895635, 0.6714078866509939, 10.760643768866181], "runtime": 161.23495626449585, "iteration": 98}