{"incumbents_value": 0.5459859373580956, "time_func_eval": 0.4153015613555908, "optimization_overhead": 0.2952427864074707, "incumbent": [6.9894688573600146, 0.0023467981669296543, 0.004220487957035808, 260.47796597039013, 0.7616139261641621, 0.40296197510404796, 0.976716204927063, 14.785875119544524], "runtime": 159.4625928401947, "iteration": 90}