{"incumbents_value": 0.5480631091636315, "time_func_eval": 2.8915674686431885, "optimization_overhead": 0.19095396995544434, "incumbent": [15.142937286352105, 0.008503939768782621, 0.009101399282492, 254.19276284245575, 0.08423334162269508, 0.7970613128282378, 0.8260439713308686, 13.988450119007204], "runtime": 87.37506699562073, "iteration": 46}