{"incumbent": [146.00064005807636, 0.009535526481807641, 0.0034328762029409757, 288.9888610444565, 0.3399927014666316, 0.5141595145565057, 0.9909343061379678, 14.430568183351152], "iteration": 91, "time_func_eval": 2.882608652114868, "optimization_overhead": 0.19688987731933594, "incumbents_value": 0.3703697939108983, "runtime": 183.0307333469391}