{"incumbent": [136.6569915548037, 0.0060220428050606735, 0.002929490214832266, 281.569262814334, 0.7666758025229232, 0.09297880701735409, 0.7419197536878105, 14.671539982147557], "iteration": 21, "time_func_eval": 6.407269477844238, "optimization_overhead": 0.18358993530273438, "incumbents_value": 0.3796464689158193, "runtime": 34.55696201324463}