{"incumbent": [136.6569915548037, 0.0060220428050606735, 0.002929490214832266, 281.569262814334, 0.7666758025229232, 0.09297880701735409, 0.7419197536878105, 14.671539982147557], "iteration": 27, "time_func_eval": 0.3154642581939697, "optimization_overhead": 0.18597745895385742, "incumbents_value": 0.3796464689158193, "runtime": 47.3899872303009}