{"incumbent": [146.00064005807636, 0.009535526481807641, 0.0034328762029409757, 288.9888610444565, 0.3399927014666316, 0.5141595145565057, 0.9909343061379678, 14.430568183351152], "iteration": 85, "time_func_eval": 2.0192065238952637, "optimization_overhead": 0.19656968116760254, "incumbents_value": 0.3703697939108983, "runtime": 174.25569486618042}