{"incumbents_value": 0.9999967170597988, "time_func_eval": 187.11882972717285, "optimization_overhead": 0.24657511711120605, "incumbent": [113.32365448501182, 0.002842215312213409, 0.0934757660395252, 295.7979515302099, 0.8921738239404473, 0.857318550023022, 0.744792490798204, 12.090320034352573], "runtime": 5954.629893779755, "iteration": 38}