{"runtime": 182.84148240089417, "iteration": 22, "time_func_eval": 5.233550310134888, "incumbent": [123.92192367953766, 0.008900264677253382, 0.00414795320322128, 238.29950099897385, 0.029958235012179923, 0.2358390469006655, 0.841875141077986, 11.342945141988375], "incumbents_value": 0.04096958662381489, "optimization_overhead": 0.27630019187927246}