{"runtime": 69.44493818283081, "iteration": 10, "time_func_eval": 1.8772258758544922, "incumbent": [148.54255891260343, 0.005117433988611019, 0.014054128733821912, 67.2416670187984, 0.11900420687184328, 0.13882779916539967, 0.33081327214383965, 10.33550281623738], "incumbents_value": 0.04845789674088752, "optimization_overhead": 0.3146939277648926}