{"runtime": 236.00801348686218, "iteration": 27, "time_func_eval": 7.187790632247925, "incumbent": [123.92192367953766, 0.008900264677253382, 0.00414795320322128, 238.29950099897385, 0.029958235012179923, 0.2358390469006655, 0.841875141077986, 11.342945141988375], "incumbents_value": 0.04096958662381489, "optimization_overhead": 0.2683272361755371}