{"incumbents_value": 0.6648395445134576, "time_func_eval": 0.026489734649658203, "optimization_overhead": 0.4207620620727539, "incumbent": [19.19641980534524, 0.0005146713597576015, 0.0037557466183178734, 159.4421898322517, 0.7917728613721926, 0.4093552385797361, 0.9191334288544243, 13.953074459284094], "runtime": 35.71286606788635, "iteration": 92}