{"incumbents_value": 0.7249402771141902, "time_func_eval": 0.018898963928222656, "optimization_overhead": 0.2223494052886963, "incumbent": [127.40977434007895, 0.01, 0.00023215006789552295, 185.672460462826, 0.01, 0.09, 0.999, 12.508185308077355], "runtime": 23.73414635658264, "iteration": 65}