{"incumbent": [20.77550032283856, 0.008793623562157241, 0.01968004044095962, 70.94479768761015, 0.04579550060724932, 0.1252080543927356, 0.7608887323425172, 14.11881619435828], "iteration": 51, "time_func_eval": 1.2926559448242188, "optimization_overhead": 0.25129270553588867, "incumbents_value": 0.7927736805628253, "runtime": 58.31761932373047}