{"incumbent": [112.22114780516247, 0.009841573139977603, 0.010070874688243161, 251.408219410503, 0.7580508866210711, 0.34477125966607625, 0.9582084597340913, 5.1769569559320106], "iteration": 85, "time_func_eval": 0.43960070610046387, "optimization_overhead": 0.19880318641662598, "incumbents_value": 0.7900233351976614, "runtime": 95.948725938797}