{"time_func_eval": 1.322925090789795, "runtime": 57.309147119522095, "incumbents_value": 0.14714974950277426, "iteration": 15, "incumbent": [8.486838770066983, 2.898133087774921e-05, 0.0004354610090052062, 270.30591171530085, 0.4348944808894897, 0.20522329104284576, 0.16326617640606483, 5.006275773761618], "optimization_overhead": 0.18857669830322266}