{"incumbents_value": 0.001203384949952091, "time_func_eval": 2.4990975856781006, "optimization_overhead": 0.25899791717529297, "incumbent": [144.50517314009275, 0.0009021097029354562, 0.00043307658354707146, 264.2269951529729, 0.46217757931119363, 0.7772470252638299, 0.9637457245857386, 9.847394988968404], "runtime": 332.8866231441498, "iteration": 36}