{"incumbents_value": 0.0339366515837104, "time_func_eval": 0.02378988265991211, "optimization_overhead": 0.2172994613647461, "incumbent": [148.96760955628795, 0.007923912144146264, 0.009221121049727174, 65.90236321268048, 0.8347316782437922, 0.6685190926188954, 0.17146586303017197, 14.520707958848606], "runtime": 31.886096000671387, "iteration": 61}