{"incumbents_value": 0.0339366515837104, "time_func_eval": 0.08800745010375977, "optimization_overhead": 0.237351655960083, "incumbent": [148.96760955628795, 0.007923912144146264, 0.009221121049727174, 65.90236321268048, 0.8347316782437922, 0.6685190926188954, 0.17146586303017197, 14.520707958848606], "runtime": 20.342596292495728, "iteration": 41}