{"optimization_overhead": 0.25165724754333496, "runtime": 9.884674787521362, "incumbent": [61.913574213247045, 0.0062411470611312475, 0.006220344038402442, 257.0303890171348, 0.08528709506528473, 0.6539173174820262, 0.9920044212056888, 14.7135844282928], "incumbents_value": 0.06247042858735308, "time_func_eval": 0.4254131317138672, "iteration": 17}