{"optimization_overhead": 0.22632789611816406, "runtime": 13.303910970687866, "incumbent": [121.49847334789204, 0.002798465594512827, 0.008292747060476191, 270.6905584970591, 0.8964527010155164, 0.8038508126137213, 0.9692692608140446, 14.475904537564674], "incumbents_value": 0.03319329454434661, "time_func_eval": 1.0332121849060059, "iteration": 22}