{"incumbents_value": 0.06799857303203538, "time_func_eval": 5.610309600830078, "optimization_overhead": 0.34337806701660156, "incumbent": [149.04661751368863, 0.0009006013634660301, 0.006690555227709654, 50.57973362416891, 0.4463708369880004, 0.103725755170347, 0.6829862842445203, 9.07328954964565], "runtime": 261.8525424003601, "iteration": 87}