{"incumbents_value": 0.06799857303203538, "time_func_eval": 3.551969051361084, "optimization_overhead": 0.2173600196838379, "incumbent": [149.04661751368863, 0.0009006013634660301, 0.006690555227709654, 50.57973362416891, 0.4463708369880004, 0.103725755170347, 0.6829862842445203, 9.07328954964565], "runtime": 211.44937825202942, "iteration": 72}