{"incumbents_value": 0.8577165806081468, "time_func_eval": 10.983862400054932, "optimization_overhead": 0.21422839164733887, "incumbent": [85.48061739883792, 0.005260172739431893, 0.01656966097727409, 129.24546020668535, 0.6641998905346636, 0.33189063407985486, 0.13158733145937135, 7.5188311224050235], "runtime": 993.2068223953247, "iteration": 57}