{"incumbents_value": 0.0, "time_func_eval": 0.031583547592163086, "optimization_overhead": 0.23925042152404785, "incumbent": [140.1110490666822, 0.0002758364556264235, 0.010587534712178543, 176.32007341098787, 0.715699798083407, 0.8195874432256501, 0.7769995227717332, 6.963818649741414], "runtime": 15.352107286453247, "iteration": 54}