{"incumbent": [11.429950981273667, 0.008278488122538114, 0.008418439812736232, 84.8101160810719, 0.7308659379115922, 0.7637846985225392, 0.10790636541665469, 6.694943104835003], "iteration": 9, "time_func_eval": 0.057539939880371094, "optimization_overhead": 0.16567063331604004, "incumbents_value": 0.7925714285714286, "runtime": 1.7803266048431396}