{"incumbent": [105.97484924835334, 0.00911502668568338, 0.03412896194864306, 89.12672996505248, 0.34334505848927754, 0.10703094575208892, 0.11294651157415778, 5.009975491604548], "iteration": 77, "time_func_eval": 0.9287369251251221, "optimization_overhead": 0.19177532196044922, "incumbents_value": 0.7799328161482262, "runtime": 23.199958086013794}