{"incumbent": [105.97484924835334, 0.00911502668568338, 0.03412896194864306, 89.12672996505248, 0.34334505848927754, 0.10703094575208892, 0.11294651157415778, 5.009975491604548], "iteration": 81, "time_func_eval": 0.06093716621398926, "optimization_overhead": 0.19391131401062012, "incumbents_value": 0.7799328161482262, "runtime": 25.006802320480347}