{"incumbent": [45.37535091441269, 0.009942375257591552, 0.08611735540015855, 176.2715647158126, 0.2153177889747442, 0.15069422812277333, 0.10338912452434952, 11.045388943698295], "iteration": 26, "time_func_eval": 0.697906494140625, "optimization_overhead": 0.21076226234436035, "incumbents_value": 0.04569688041084641, "runtime": 25.845492362976074}