{"incumbent": [142.2818085420708, 0.009459522745181187, 0.09924504069877182, 63.65982511414321, 0.8659936652728375, 0.12124923413093677, 0.22664710520547293, 13.792804178946279], "iteration": 47, "time_func_eval": 0.4872558116912842, "optimization_overhead": 0.18895244598388672, "incumbents_value": 0.04230842449525918, "runtime": 48.43639945983887}