{"optimization_overhead": 0.2504410743713379, "runtime": 5.3114800453186035, "incumbent": [141.02800998787546, 0.008847497563091998, 0.012399480569221702, 64.34165913517957, 0.10957879772599805, 0.1548638504809669, 0.6039237011569766, 5.026104486317586], "incumbents_value": 0.38095238095238093, "time_func_eval": 0.01705193519592285, "iteration": 21}