{"optimization_overhead": 0.256350040435791, "runtime": 14.303958892822266, "incumbent": [147.52158987030046, 0.008751055178359356, 0.030400783035049735, 286.1089613340371, 0.8651647992498511, 0.22934711587498158, 0.8078133700395957, 12.188116641011458], "incumbents_value": 0.261437908496732, "time_func_eval": 0.011801719665527344, "iteration": 51}