{"incumbents_value": 0.4972622779519331, "time_func_eval": 0.08610391616821289, "optimization_overhead": 0.2788712978363037, "incumbent": [15.095366527834335, 0.005498122897589938, 0.009982029348189432, 299.9805344505894, 0.8884904963884506, 0.6818759873510969, 0.9234138508935722, 8.330328676690536], "runtime": 9.569663763046265, "iteration": 39}