{"incumbents_value": 0.48917748917748927, "time_func_eval": 0.006716728210449219, "optimization_overhead": 0.2266387939453125, "incumbent": [136.27843297769448, 0.0024888192515318745, 0.012038620658801694, 287.7657071554445, 0.43851212475202744, 0.8171772649743017, 0.9765938108160511, 13.289457507152196], "runtime": 13.826891422271729, "iteration": 51}