{"incumbents_value": 0.48917748917748927, "time_func_eval": 0.20751523971557617, "optimization_overhead": 0.31003618240356445, "incumbent": [136.27843297769448, 0.0024888192515318745, 0.012038620658801694, 287.7657071554445, 0.43851212475202744, 0.8171772649743017, 0.9765938108160511, 13.289457507152196], "runtime": 19.73454236984253, "iteration": 70}