{"incumbents_value": 0.0732945760376772, "time_func_eval": 0.4060404300689697, "optimization_overhead": 0.5354821681976318, "incumbent": [110.63005303953942, 0.0007936852635374012, 0.00569433623095897, 248.31675431820824, 0.29150963711347194, 0.8828674827828136, 0.8990990955619218, 14.461071887540493], "runtime": 164.90426230430603, "iteration": 93}