{"incumbents_value": 0.08333329933073352, "time_func_eval": 0.6811652183532715, "optimization_overhead": 0.2135148048400879, "incumbent": [137.58576916739216, 0.004004446153341798, 0.0023262243365426705, 298.16418386782016, 0.8082482351829008, 0.46267515055318753, 0.9225648110906045, 13.3773344659503], "runtime": 45.05183291435242, "iteration": 27}