{"iteration": 21, "incumbents_value": 0.01623255635532328, "incumbent": [139.14111164991516, 1e-05, 0.0001, 286.07161438644584, 0.01, 0.41524603206612887, 0.17480951037242184, 13.479746458365113], "time_func_eval": 63.5569281578064, "runtime": 611.7838001251221, "optimization_overhead": 0.1977381706237793}