{"incumbents_value": 0.42083041958041956, "time_func_eval": 0.06075716018676758, "optimization_overhead": 8.88506571451823e-05, "incumbent": [83.5208781368759, 0.004875075585173336, 0.06968042983968568, 94.26627522711463, 0.47044491264511634, 0.3055695717365881, 0.10933128159674027, 12.124393614027895], "runtime": 0.061463117599487305, "iteration": 0}