{"incumbents_value": 0.06101390533138029, "time_func_eval": 0.19643282890319824, "optimization_overhead": 0.3058650493621826, "incumbent": [85.90145105847934, 0.007624284402780439, 0.05053343614775349, 281.63342012750854, 0.4167675561200676, 0.8496361696344463, 0.8380969018773402, 14.17525249936156], "runtime": 47.721055030822754, "iteration": 62}