{"incumbents_value": 0.07884326933252361, "time_func_eval": 0.26967906951904297, "optimization_overhead": 0.28661274909973145, "incumbent": [147.2470204807763, 0.008152153366091128, 0.03263554088676906, 273.3945974877371, 0.7501840611489852, 0.1674543310110715, 0.8135925009137097, 14.132708250393556], "runtime": 26.735066175460815, "iteration": 35}