{"incumbents_value": 0.07435861834899182, "time_func_eval": 0.010164976119995117, "optimization_overhead": 0.20471811294555664, "incumbent": [71.3672385920386, 0.002723030820192493, 0.09006107598033904, 58.4156469633401, 0.8086920932577754, 0.47585837614643633, 0.9737719471381827, 13.361704618132627], "runtime": 1.5803494453430176, "iteration": 8}