{"incumbents_value": 0.5873037145818414, "time_func_eval": 0.17760848999023438, "optimization_overhead": 0.212752103805542, "incumbent": [86.02471500768843, 0.003237809337286868, 0.003911442930189635, 79.9546353476978, 0.8730156885602856, 0.8644167700136312, 0.9597373177946644, 14.025749128341188], "runtime": 84.74199628829956, "iteration": 37}