{"incumbents_value": 0.5873037145818414, "time_func_eval": 1.344050645828247, "optimization_overhead": 0.1834707260131836, "incumbent": [86.02471500768843, 0.003237809337286868, 0.003911442930189635, 79.9546353476978, 0.8730156885602856, 0.8644167700136312, 0.9597373177946644, 14.025749128341188], "runtime": 86.28557705879211, "iteration": 38}