{"incumbents_value": 0.310928827852499, "time_func_eval": 7.311630487442017, "optimization_overhead": 0.20437836647033691, "incumbent": [105.13539843001003, 0.008756639169910964, 0.007290888183698055, 68.49958862829604, 0.15452765852159964, 0.7633791145674207, 0.9437155321922649, 7.806327508333074], "runtime": 368.6066269874573, "iteration": 88}