{"incumbent": [147.8999817516578, 0.0035254655150866536, 0.08738336396696242, 86.37549254695999, 0.7518288314051652, 0.09360532714642927, 0.16736513969668446, 14.268817514360299], "iteration": 11, "time_func_eval": 17.158527612686157, "optimization_overhead": 0.16611957550048828, "incumbents_value": 0.9999987044400136, "runtime": 577.4487082958221}