{"incumbent": [24.064876153073865, 0.008994220575574828, 0.0018913980264247004, 248.7819475190664, 0.2937984996557091, 0.15133575112992242, 0.19117252941795101, 7.13850082536063], "iteration": 14, "time_func_eval": 0.019740581512451172, "optimization_overhead": 0.19341254234313965, "incumbents_value": 0.6825563325563326, "runtime": 3.189239978790283}