{"incumbent": [93.57739846737356, 0.000534132997922196, 0.004875996038341439, 76.29176188922457, 0.7573389780221252, 0.23881594279832963, 0.812913024825917, 11.211994547074385], "iteration": 99, "time_func_eval": 0.012120723724365234, "optimization_overhead": 0.24186921119689941, "incumbents_value": 0.5711325711325712, "runtime": 26.96253514289856}