{"runtime": 1940.853042602539, "optimization_overhead": 0.6035223007202148, "iteration": 93, "incumbent": [149.46172501239437, 0.009424098761743932, 0.008121274957639913, 189.6117666768033, 0.6962999556067846, 0.36300652676368617, 0.9362217463618248, 14.819560765081818], "incumbents_value": 0.0, "time_func_eval": 12.117142677307129}