{"runtime": 1746.8041408061981, "optimization_overhead": 0.4676554203033447, "iteration": 84, "incumbent": [149.46172501239437, 0.009424098761743932, 0.008121274957639913, 189.6117666768033, 0.6962999556067846, 0.36300652676368617, 0.9362217463618248, 14.819560765081818], "incumbents_value": 0.0, "time_func_eval": 8.506595134735107}