{"runtime": 389.17873525619507, "optimization_overhead": 0.4845297336578369, "iteration": 21, "incumbent": [149.46172501239437, 0.009424098761743932, 0.008121274957639913, 189.6117666768033, 0.6962999556067846, 0.36300652676368617, 0.9362217463618248, 14.819560765081818], "incumbents_value": 0.0, "time_func_eval": 0.18142437934875488}