{"runtime": 11.733689069747925, "optimization_overhead": 0.011042356491088867, "iteration": 0, "incumbent": [75.57270598287548, 0.0032072481960808445, 0.09509008157002505, 52.744191751165246, 0.8009246342020421, 0.7657268323923354, 0.9914944567828897, 11.312596157230715], "incumbents_value": 0.7684054753977062, "time_func_eval": 11.699785947799683}