{"incumbent": [123.05165883079005, 0.002471116145279429, 0.001813113716528237, 180.47077755795175, 0.7109281333889148, 0.39411372414094725, 0.759332018405428, 8.983662802391969], "iteration": 18, "time_func_eval": 0.5303487777709961, "optimization_overhead": 0.17240428924560547, "incumbents_value": 0.10892558386047313, "runtime": 53.11594772338867}