{"incumbent": [123.05165883079005, 0.002471116145279429, 0.001813113716528237, 180.47077755795175, 0.7109281333889148, 0.39411372414094725, 0.759332018405428, 8.983662802391969], "iteration": 25, "time_func_eval": 0.7433130741119385, "optimization_overhead": 0.18222427368164062, "incumbents_value": 0.10892558386047313, "runtime": 85.5678277015686}