{"incumbent": [143.99294263858997, 0.009006033700262416, 0.012924878003072663, 272.0165898714678, 0.1529851307404578, 0.48120536488219734, 0.8837492066554251, 7.6559020905059825], "iteration": 67, "time_func_eval": 0.2797980308532715, "optimization_overhead": 0.21405792236328125, "incumbents_value": 0.09770901719608693, "runtime": 232.7547857761383}