{"incumbents_value": 0.9999974399934464, "time_func_eval": 35.81939101219177, "optimization_overhead": 0.1913144588470459, "incumbent": [4.002759653083864, 0.0012166377850026055, 0.026494808942920646, 98.18500513375474, 0.6151659392552652, 0.8475525959886312, 0.2922927711157835, 10.784116698131404], "runtime": 507.9066045284271, "iteration": 6}