{"optimization_overhead": 0.23822522163391113, "runtime": 18.475589990615845, "incumbent": [55.45208708732245, 0.007262138295695379, 0.0005433776863304995, 50.142332330039935, 0.8722530141850233, 0.5487750791518258, 0.8433534258598282, 14.295701071833124], "incumbents_value": 0.45499242033538057, "time_func_eval": 0.15172290802001953, "iteration": 36}