{"incumbents_value": 0.028058728401232136, "time_func_eval": 1.6334161758422852, "optimization_overhead": 0.18488121032714844, "incumbent": [141.45073122050226, 0.004467450330217244, 0.001119964546571639, 162.1880864161671, 0.3012641653659066, 0.7294404931855776, 0.35341978077899844, 6.993163632495243], "runtime": 58.22558784484863, "iteration": 33}