{"incumbents_value": 0.022544823345199916, "time_func_eval": 4.633071660995483, "optimization_overhead": 0.2506749629974365, "incumbent": [126.03459948054628, 2.0725773078588005e-05, 0.017204256199427, 170.998607613519, 0.8942347094874415, 0.8947064498919622, 0.8598716750760177, 12.832278127599883], "runtime": 154.31655931472778, "iteration": 71}