{"incumbents_value": 0.06764475496442368, "time_func_eval": 0.7340350151062012, "optimization_overhead": 0.20737504959106445, "incumbent": [146.4597688598674, 0.006440249177105664, 0.0001, 162.24244062216263, 0.10862149654994072, 0.5716977233113567, 0.958332310555204, 9.304510236193074], "runtime": 341.95811462402344, "iteration": 67}