{"incumbents_value": 0.14329455007206204, "time_func_eval": 8.590781450271606, "optimization_overhead": 0.34619712829589844, "incumbent": [121.45691490191594, 0.01, 0.0001, 190.8120493709952, 0.01, 0.7800316667546501, 0.0999, 11.720981536498003], "runtime": 102.53452515602112, "iteration": 38}