{"incumbents_value": 0.9944506104328524, "time_func_eval": 0.12376999855041504, "optimization_overhead": 0.00012199083964029948, "incumbent": [2.619788668914506, 0.0074874441499775705, 0.017587869928582144, 132.44263131149148, 0.6288229231637673, 0.16401371380964186, 0.46660288538566524, 5.946205598722603], "runtime": 0.12470030784606934, "iteration": 0}