{"incumbents_value": 0.8749746579360937, "time_func_eval": 9.728313446044922, "optimization_overhead": 0.2690572738647461, "incumbent": [144.291832108193, 0.0015113821011871363, 0.005643829152935298, 286.97555274216904, 0.641749843302167, 0.12102448520894518, 0.7616965433245815, 13.355106477805197], "runtime": 122.14342617988586, "iteration": 95}