{"incumbent": [166.59070681166162, 149.49457239067442, -891.4078331243022, -32.47247359253282, -37.384432952009576, 5.228917999157105, 51.644722835237985, 145.83154208893362, -1298.8085724527234, -132.81585228552274, 99.09910376129375, -53.27240477914972, -128.34024227314399, -73.26060726428388, -1022.7808531104292, 195.09485085058486, -239.28604761488208, 53.05429208180581, 28.61258088890628, 49.072320411501295, -316.31933748049664, -17.648198882472798, -507.3062901189066, -0.12682776774600057, -43.38651091082562, 20.233072501002255, -619.5106789702137, -247.53279385767098, -307.2408172498739, -52.13795530397152, -212.46310061317786, -56.47296048392131, -831.0980654787596, -168.4597315967434, -270.83606181012453, -60.04784325956842, -116.83711547029691, 64.22793536066987, -564.7905467997218, 340.24023322442883, 66.63989329714184, -12.447128065973452, -59.67671632397227, -93.77192591827495, -145.23026571041032, 109.0251689552374, -238.66638724771207, -53.81479282801479, -191.53205172848607, -112.01747009117696, -855.7729235344074, 323.1969023509606, 84.12424469103223, 39.719871006902295, -25.054285137908778, -186.509811605054, -190.0770061345852, -167.59879734050082, -377.7874726288744, 60.22782793461434, -166.3283436005422, 57.69669286723682, -703.0550189802332, 253.86053982374403, -78.8421993042465, -29.00550172294497, 17.39676130288194, 114.74471152596337, -1148.7588798108054, 106.77001438267791, -30.89098393865173, -8.727053426146568, -192.4578194929034, -18.750391505384847, 15.66415325797243, -244.5321203278119, -54.667870848602504, -56.81196470589743, -201.93721382419682, 90.54075715812348, -528.6878616916005, -167.82937869732336, 55.783109396759215, 5.355162369348719, -12.740695373417111, 86.442110363815, -280.2630795401726, 1.3128111910775715, 52.79802817337705, 8.08242712834415], "time_func_eval": 1.8835067749023438e-05, "iteration": 3, "optimization_overhead": 0.6507019996643066, "runtime": 0.6946501731872559, "incumbents_value": -28587.76316102691}