{"incumbent": [150.31912059322713, 128.59623510271817, -265.20537889712296, -82.92964364749508, -66.10839180381599, 72.67182985828083, 21.697858878322904, 192.5172349504869, -582.1965146788751, 70.58329421892631, -89.59362745453814, -35.493693518014524, -196.30902169727466, 138.3215037456534, -1109.6016848943755, 64.95789770570002, -330.228187060032, 39.505723915014485, -169.94821030083276, 11.322676645092088, -1077.7928710337487, -20.59615118975205, -585.69939994258, 8.248375436012282, -101.93032523480878, 173.61149441860556, -794.4165882260758, -154.42670762542127, -278.80609430627703, 70.82721872928167, -208.23884481088066, -104.29697324388475, -663.00263027191, -28.453343466360423, -136.51134214807513, -30.750919891148605, -150.25093795548554, -180.2005906623896, -1168.217052769675, -105.27407980327843, -108.66854695314512, 33.20021090804097, 49.220251040410005, -75.63368017453374, -421.2492031437812, -405.0506412333108, 95.36103667961675, -44.704739644027605, -186.56544724646926, -25.378413099533475, -1266.243521716275, 380.7815364039966, 10.957903940203892, -32.45045570287486, -102.97464559587331, 73.62042662510015, -273.26380763290103, 400.2969608461299, 74.00703490545891, 6.678917622601489, -21.062598371792404, 170.68926029640076, -952.6566315658536, 60.706740538635074, 24.925041658067045, -40.68674338492541, -121.61044762455519, -30.21477857355189, -531.4541753514173, -25.58290718689807, 118.51654997395917, -32.16862335208556, -25.071039671375274, 71.0577404650281, -543.0288197328887, 141.2133097632535, -92.2026809383911, -2.8401463472938815, -241.6933043557668, 103.99863716259657, -210.67318401877412, 266.1992827124524, -62.800471856472825, -38.55722377184498, -61.9338779968441, 10.090207395167624, -839.7278265908317, -426.0864263517767, -86.49869675532297, -16.522010108453486], "time_func_eval": 1.1444091796875e-05, "iteration": 10, "optimization_overhead": 0.6558065414428711, "runtime": 5.267025947570801, "incumbents_value": -90101.48092367194}