{"optimization_overhead": 0.24701428413391113, "runtime": 42.225157022476196, "incumbent": [132.73091282569018, 0.0008156101282422517, 0.014007561005844294, 107.75684191221862, 0.2952422048581167, 0.8925896750331822, 0.6576007211676519, 5.216309261882621], "incumbents_value": 0.4566442446594223, "time_func_eval": 0.20330476760864258, "iteration": 88}