{"optimization_overhead": 0.21544313430786133, "runtime": 2.1661150455474854, "incumbent": [37.19177116844091, 0.00017023070420048856, 0.01432464378415881, 217.98651753102493, 0.24271128683115453, 0.8440501198555279, 0.9615651506270662, 14.662005070193691], "incumbents_value": 0.48064774731441406, "time_func_eval": 0.04862809181213379, "iteration": 5}