{"incumbents_value": 0.501763668430335, "time_func_eval": 0.005853891372680664, "optimization_overhead": 0.2063579559326172, "incumbent": [147.4695853671079, 0.0009742733179518006, 0.025180916956802524, 107.82178787139452, 0.8080588888255955, 0.8050499804054585, 0.85618145956607, 14.159157535766298], "runtime": 15.98266077041626, "iteration": 63}