{"runtime": 3.136477470397949, "optimization_overhead": 0.19677066802978516, "incumbent": [94.84748389056529, 0.00040007465474143283, 0.0031740313641562246, 273.44895407425145, 0.7569193929039044, 0.2240982747152238, 0.11254702023623203, 13.649210584911188], "time_func_eval": 0.4852273464202881, "incumbents_value": 0.9566413337441375, "iteration": 7}