{"runtime": 69.52517080307007, "optimization_overhead": 0.2259078025817871, "incumbent": [131.75115732989926, 0.009430820719649107, 0.009658178667330028, 156.02195320318944, 0.8657850985908393, 0.7583734699595639, 0.798095544338243, 14.752271658198447], "time_func_eval": 0.021921157836914062, "incumbents_value": 0.7633112535633544, "iteration": 98}