{"runtime": 1.7143969535827637, "optimization_overhead": 0.16360092163085938, "incumbent": [43.5149476627346, 0.00037672733650286603, 0.014251605263266643, 52.17845625883903, 0.4403714380332592, 0.26191122340665096, 0.22248479547620614, 6.225121231875962], "time_func_eval": 0.10630631446838379, "incumbents_value": 0.9643296028088655, "iteration": 4}