{"runtime": 25.24258589744568, "optimization_overhead": 0.2993631362915039, "incumbent": [70.37732385874655, 0.008919604616394699, 0.0012873564171083222, 295.70766478432546, 0.726693410314509, 0.867523571541443, 0.9737765242479031, 9.732268025437474], "time_func_eval": 0.7545394897460938, "incumbents_value": 0.8960020899830043, "iteration": 49}