{"runtime": 22.13428807258606, "optimization_overhead": 0.25095605850219727, "incumbent": [52.32532708466466, 0.0007958274132519785, 0.0013944820547037461, 299.5687438099778, 0.6988549762660174, 0.8512773295708103, 0.35165747351062987, 5.848106377765832], "time_func_eval": 0.0789194107055664, "incumbents_value": 0.9152697666318356, "iteration": 44}