{"x_opt": [2.6918512810946877, 20.435467051229473, 49.771901102133576, 103.68894288148756, 98.4885321628898, 53.6056299854443, 8.671413234783703, 102.72492348622983, 86.49469594680264], "f_opt": 0.6924145299145299, "incumbents": [[34.91050673939059, 49.724317456453065, 5.961572951560446, 12.267307630313528, 90.18044405377957, 99.5537666286657, 41.95039054231145, 74.33996424542981, 38.241264273943344], [34.91050673939059, 49.724317456453065, 5.961572951560446, 12.267307630313528, 90.18044405377957, 99.5537666286657, 41.95039054231145, 74.33996424542981, 38.241264273943344], [63.78208833846709, 30.68993523624655, 66.13036657121782, 70.202813585592, 59.26671319887463, 55.856111305629646, 98.60723374692043, 68.00477529692168, 33.45995213801354], [63.78208833846709, 30.68993523624655, 66.13036657121782, 70.202813585592, 59.26671319887463, 55.856111305629646, 98.60723374692043, 68.00477529692168, 33.45995213801354], [63.78208833846709, 30.68993523624655, 66.13036657121782, 70.202813585592, 59.26671319887463, 55.856111305629646, 98.60723374692043, 68.00477529692168, 33.45995213801354], [63.78208833846709, 30.68993523624655, 66.13036657121782, 70.202813585592, 59.26671319887463, 55.856111305629646, 98.60723374692043, 68.00477529692168, 33.45995213801354], [63.78208833846709, 30.68993523624655, 66.13036657121782, 70.202813585592, 59.26671319887463, 55.856111305629646, 98.60723374692043, 68.00477529692168, 33.45995213801354], [63.78208833846709, 30.68993523624655, 66.13036657121782, 70.202813585592, 59.26671319887463, 55.856111305629646, 98.60723374692043, 68.00477529692168, 33.45995213801354], [63.78208833846709, 30.68993523624655, 66.13036657121782, 70.202813585592, 59.26671319887463, 55.856111305629646, 98.60723374692043, 68.00477529692168, 33.45995213801354], [63.78208833846709, 30.68993523624655, 66.13036657121782, 70.202813585592, 59.26671319887463, 55.856111305629646, 98.60723374692043, 68.00477529692168, 33.45995213801354], [63.78208833846709, 30.68993523624655, 66.13036657121782, 70.202813585592, 59.26671319887463, 55.856111305629646, 98.60723374692043, 68.00477529692168, 33.45995213801354], [63.78208833846709, 30.68993523624655, 66.13036657121782, 70.202813585592, 59.26671319887463, 55.856111305629646, 98.60723374692043, 68.00477529692168, 33.45995213801354], [90.46883624122025, 32.27276693104042, 26.473220891545786, 50.02104058588083, 101.80356424434038, 10.201611976253664, 86.97891618819182, 4.279376560703662, 6.004524928398284], [90.46883624122025, 32.27276693104042, 26.473220891545786, 50.02104058588083, 101.80356424434038, 10.201611976253664, 86.97891618819182, 4.279376560703662, 6.004524928398284], [90.46883624122025, 32.27276693104042, 26.473220891545786, 50.02104058588083, 101.80356424434038, 10.201611976253664, 86.97891618819182, 4.279376560703662, 6.004524928398284], [2.6918512810946877, 20.435467051229473, 49.771901102133576, 103.68894288148756, 98.4885321628898, 53.6056299854443, 8.671413234783703, 102.72492348622983, 86.49469594680264], [2.6918512810946877, 20.435467051229473, 49.771901102133576, 103.68894288148756, 98.4885321628898, 53.6056299854443, 8.671413234783703, 102.72492348622983, 86.49469594680264], [2.6918512810946877, 20.435467051229473, 49.771901102133576, 103.68894288148756, 98.4885321628898, 53.6056299854443, 8.671413234783703, 102.72492348622983, 86.49469594680264], [2.6918512810946877, 20.435467051229473, 49.771901102133576, 103.68894288148756, 98.4885321628898, 53.6056299854443, 8.671413234783703, 102.72492348622983, 86.49469594680264], [2.6918512810946877, 20.435467051229473, 49.771901102133576, 103.68894288148756, 98.4885321628898, 53.6056299854443, 8.671413234783703, 102.72492348622983, 86.49469594680264], [2.6918512810946877, 20.435467051229473, 49.771901102133576, 103.68894288148756, 98.4885321628898, 53.6056299854443, 8.671413234783703, 102.72492348622983, 86.49469594680264], [2.6918512810946877, 20.435467051229473, 49.771901102133576, 103.68894288148756, 98.4885321628898, 53.6056299854443, 8.671413234783703, 102.72492348622983, 86.49469594680264], [2.6918512810946877, 20.435467051229473, 49.771901102133576, 103.68894288148756, 98.4885321628898, 53.6056299854443, 8.671413234783703, 102.72492348622983, 86.49469594680264], [2.6918512810946877, 20.435467051229473, 49.771901102133576, 103.68894288148756, 98.4885321628898, 53.6056299854443, 8.671413234783703, 102.72492348622983, 86.49469594680264], [2.6918512810946877, 20.435467051229473, 49.771901102133576, 103.68894288148756, 98.4885321628898, 53.6056299854443, 8.671413234783703, 102.72492348622983, 86.49469594680264], [2.6918512810946877, 20.435467051229473, 49.771901102133576, 103.68894288148756, 98.4885321628898, 53.6056299854443, 8.671413234783703, 102.72492348622983, 86.49469594680264], [2.6918512810946877, 20.435467051229473, 49.771901102133576, 103.68894288148756, 98.4885321628898, 53.6056299854443, 8.671413234783703, 102.72492348622983, 86.49469594680264], [2.6918512810946877, 20.435467051229473, 49.771901102133576, 103.68894288148756, 98.4885321628898, 53.6056299854443, 8.671413234783703, 102.72492348622983, 86.49469594680264], [2.6918512810946877, 20.435467051229473, 49.771901102133576, 103.68894288148756, 98.4885321628898, 53.6056299854443, 8.671413234783703, 102.72492348622983, 86.49469594680264], [2.6918512810946877, 20.435467051229473, 49.771901102133576, 103.68894288148756, 98.4885321628898, 53.6056299854443, 8.671413234783703, 102.72492348622983, 86.49469594680264]], "incumbent_values": [0.7969795205531605, 0.7969795205531605, 0.7329403983815748, 0.7329403983815748, 0.7329403983815748, 0.7329403983815748, 0.7329403983815748, 0.7329403983815748, 0.7329403983815748, 0.7329403983815748, 0.7329403983815748, 0.7329403983815748, 0.7131613756613757, 0.7131613756613757, 0.7131613756613757, 0.6924145299145299, 0.6924145299145299, 0.6924145299145299, 0.6924145299145299, 0.6924145299145299, 0.6924145299145299, 0.6924145299145299, 0.6924145299145299, 0.6924145299145299, 0.6924145299145299, 0.6924145299145299, 0.6924145299145299, 0.6924145299145299, 0.6924145299145299, 0.6924145299145299], "runtime": [0.012102842330932617, 0.0223391056060791, 0.060929059982299805, 0.23338699340820312, 0.39478087425231934, 0.5551919937133789, 0.7104129791259766, 0.8705458641052246, 1.0266060829162598, 1.186288833618164, 1.3499219417572021, 1.515077829360962, 1.6949560642242432, 1.8849918842315674, 2.050987958908081, 2.2184691429138184, 2.3918569087982178, 2.560037851333618, 2.722170829772949, 2.8885927200317383, 3.0558619499206543, 3.2292490005493164, 3.418207883834839, 3.5897138118743896, 3.750253915786743, 3.927398920059204, 4.09466290473938, 4.257479906082153, 4.4236438274383545, 4.5918498039245605], "overhead": [0.00020162264506022135, 0.00020162264506022135, 0.00020162264506022135, 0.16262483596801758, 0.14604496955871582, 0.15021181106567383, 0.1456601619720459, 0.14924383163452148, 0.14606308937072754, 0.14952516555786133, 0.14851713180541992, 0.1532909870147705, 0.16527891159057617, 0.1800069808959961, 0.15568995475769043, 0.15637469291687012, 0.16295194625854492, 0.1578071117401123, 0.15097308158874512, 0.15521025657653809, 0.15693163871765137, 0.16326618194580078, 0.1786189079284668, 0.16113066673278809, 0.15024614334106445, 0.16750597953796387, 0.15724992752075195, 0.15278911590576172, 0.15537190437316895, 0.15784907341003418],