{"x_opt": [1.050695902719954, 2.357418084634256, 1.691526557190676, 11.391017397534105, 66.03329845674297, 62.50184775101785, 2.6691970149277284, 19.8180209611985, 23.976269645525228], "f_opt": 0.6949324657399192, "incumbents": [[84.88165421526581, 87.77847630922284, 1.0059971026829317, 35.135665269072796, 83.69648470354471, 25.948111366051585, 3.66411445119562, 80.82897247577522, 60.51646622726004], [60.76290033385331, 65.04191104962541, 34.260076180293055, 73.88421519106826, 66.97735922933549, 54.840343304980195, 94.89084422321619, 35.22083303985204, 80.85494264137547], [60.76290033385331, 65.04191104962541, 34.260076180293055, 73.88421519106826, 66.97735922933549, 54.840343304980195, 94.89084422321619, 35.22083303985204, 80.85494264137547], [60.76290033385331, 65.04191104962541, 34.260076180293055, 73.88421519106826, 66.97735922933549, 54.840343304980195, 94.89084422321619, 35.22083303985204, 80.85494264137547], [60.76290033385331, 65.04191104962541, 34.260076180293055, 73.88421519106826, 66.97735922933549, 54.840343304980195, 94.89084422321619, 35.22083303985204, 80.85494264137547], [60.76290033385331, 65.04191104962541, 34.260076180293055, 73.88421519106826, 66.97735922933549, 54.840343304980195, 94.89084422321619, 35.22083303985204, 80.85494264137547], [60.76290033385331, 65.04191104962541, 34.260076180293055, 73.88421519106826, 66.97735922933549, 54.840343304980195, 94.89084422321619, 35.22083303985204, 80.85494264137547], [60.76290033385331, 65.04191104962541, 34.260076180293055, 73.88421519106826, 66.97735922933549, 54.840343304980195, 94.89084422321619, 35.22083303985204, 80.85494264137547], [60.76290033385331, 65.04191104962541, 34.260076180293055, 73.88421519106826, 66.97735922933549, 54.840343304980195, 94.89084422321619, 35.22083303985204, 80.85494264137547], [60.76290033385331, 65.04191104962541, 34.260076180293055, 73.88421519106826, 66.97735922933549, 54.840343304980195, 94.89084422321619, 35.22083303985204, 80.85494264137547], [60.76290033385331, 65.04191104962541, 34.260076180293055, 73.88421519106826, 66.97735922933549, 54.840343304980195, 94.89084422321619, 35.22083303985204, 80.85494264137547], [60.76290033385331, 65.04191104962541, 34.260076180293055, 73.88421519106826, 66.97735922933549, 54.840343304980195, 94.89084422321619, 35.22083303985204, 80.85494264137547], [60.76290033385331, 65.04191104962541, 34.260076180293055, 73.88421519106826, 66.97735922933549, 54.840343304980195, 94.89084422321619, 35.22083303985204, 80.85494264137547], [60.76290033385331, 65.04191104962541, 34.260076180293055, 73.88421519106826, 66.97735922933549, 54.840343304980195, 94.89084422321619, 35.22083303985204, 80.85494264137547], [60.76290033385331, 65.04191104962541, 34.260076180293055, 73.88421519106826, 66.97735922933549, 54.840343304980195, 94.89084422321619, 35.22083303985204, 80.85494264137547], [60.76290033385331, 65.04191104962541, 34.260076180293055, 73.88421519106826, 66.97735922933549, 54.840343304980195, 94.89084422321619, 35.22083303985204, 80.85494264137547], [60.76290033385331, 65.04191104962541, 34.260076180293055, 73.88421519106826, 66.97735922933549, 54.840343304980195, 94.89084422321619, 35.22083303985204, 80.85494264137547], [60.76290033385331, 65.04191104962541, 34.260076180293055, 73.88421519106826, 66.97735922933549, 54.840343304980195, 94.89084422321619, 35.22083303985204, 80.85494264137547], [60.76290033385331, 65.04191104962541, 34.260076180293055, 73.88421519106826, 66.97735922933549, 54.840343304980195, 94.89084422321619, 35.22083303985204, 80.85494264137547], [60.76290033385331, 65.04191104962541, 34.260076180293055, 73.88421519106826, 66.97735922933549, 54.840343304980195, 94.89084422321619, 35.22083303985204, 80.85494264137547], [60.76290033385331, 65.04191104962541, 34.260076180293055, 73.88421519106826, 66.97735922933549, 54.840343304980195, 94.89084422321619, 35.22083303985204, 80.85494264137547], [60.76290033385331, 65.04191104962541, 34.260076180293055, 73.88421519106826, 66.97735922933549, 54.840343304980195, 94.89084422321619, 35.22083303985204, 80.85494264137547], [60.76290033385331, 65.04191104962541, 34.260076180293055, 73.88421519106826, 66.97735922933549, 54.840343304980195, 94.89084422321619, 35.22083303985204, 80.85494264137547], [60.76290033385331, 65.04191104962541, 34.260076180293055, 73.88421519106826, 66.97735922933549, 54.840343304980195, 94.89084422321619, 35.22083303985204, 80.85494264137547], [60.76290033385331, 65.04191104962541, 34.260076180293055, 73.88421519106826, 66.97735922933549, 54.840343304980195, 94.89084422321619, 35.22083303985204, 80.85494264137547], [1.050695902719954, 2.357418084634256, 1.691526557190676, 11.391017397534105, 66.03329845674297, 62.50184775101785, 2.6691970149277284, 19.8180209611985, 23.976269645525228], [1.050695902719954, 2.357418084634256, 1.691526557190676, 11.391017397534105, 66.03329845674297, 62.50184775101785, 2.6691970149277284, 19.8180209611985, 23.976269645525228], [1.050695902719954, 2.357418084634256, 1.691526557190676, 11.391017397534105, 66.03329845674297, 62.50184775101785, 2.6691970149277284, 19.8180209611985, 23.976269645525228], [1.050695902719954, 2.357418084634256, 1.691526557190676, 11.391017397534105, 66.03329845674297, 62.50184775101785, 2.6691970149277284, 19.8180209611985, 23.976269645525228], [1.050695902719954, 2.357418084634256, 1.691526557190676, 11.391017397534105, 66.03329845674297, 62.50184775101785, 2.6691970149277284, 19.8180209611985, 23.976269645525228]], "incumbent_values": [0.8139180672268908, 0.7092134717134717, 0.7092134717134717, 0.7092134717134717, 0.7092134717134717, 0.7092134717134717, 0.7092134717134717, 0.7092134717134717, 0.7092134717134717, 0.7092134717134717, 0.7092134717134717, 0.7092134717134717, 0.7092134717134717, 0.7092134717134717, 0.7092134717134717, 0.7092134717134717, 0.7092134717134717, 0.7092134717134717, 0.7092134717134717, 0.7092134717134717, 0.7092134717134717, 0.7092134717134717, 0.7092134717134717, 0.7092134717134717, 0.7092134717134717, 0.6949324657399192, 0.6949324657399192, 0.6949324657399192, 0.6949324657399192, 0.6949324657399192], "runtime": [0.00953817367553711, 0.018765926361083984, 0.03255510330200195, 0.21803593635559082, 0.3869597911834717, 0.5711009502410889, 0.7671380043029785, 0.9554769992828369, 1.1247498989105225, 1.2921638488769531, 1.4622888565063477, 1.6379330158233643, 1.8176710605621338, 1.9916269779205322, 2.160207986831665, 2.3416659832000732, 2.538214921951294, 2.737480878829956, 2.9191858768463135, 3.0935518741607666, 3.2722439765930176, 3.4457948207855225, 3.6348061561584473, 3.8070621490478516, 3.9987621307373047, 4.196883916854858, 4.383533954620361, 4.568183183670044, 4.745428085327148, 4.918751001358032], "overhead": [0.0002334117889404297, 0.0002334117889404297, 0.0002334117889404297, 0.16954517364501953, 0.1574859619140625, 0.17162108421325684, 0.17932796478271484, 0.17866826057434082, 0.15903472900390625, 0.15779995918273926, 0.1602010726928711, 0.16389775276184082, 0.16484713554382324, 0.16448712348937988, 0.15787601470947266, 0.16475915908813477, 0.1850109100341797, 0.18564891815185547, 0.17134618759155273, 0.1639249324798584, 0.16873621940612793, 0.16361713409423828, 0.17758822441101074, 0.16231513023376465, 0.1810750961303711, 0.18695330619812012, 0.17637109756469727, 0.1729421615600586, 0.16656494140625, 0.16344094276428223],