{"optimization_overhead": 0.16656494140625, "runtime": 4.745428085327148, "incumbent": [1.050695902719954, 2.357418084634256, 1.691526557190676, 11.391017397534105, 66.03329845674297, 62.50184775101785, 2.6691970149277284, 19.8180209611985, 23.976269645525228], "incumbents_value": 0.6949324657399192, "time_func_eval": 0.0092010498046875, "iteration": 28}