{"optimization_overhead": 0.17866826057434082, "runtime": 0.9554769992828369, "incumbent": [60.76290033385331, 65.04191104962541, 34.260076180293055, 73.88421519106826, 66.97735922933549, 54.840343304980195, 94.89084422321619, 35.22083303985204, 80.85494264137547], "incumbents_value": 0.7092134717134717, "time_func_eval": 0.008925914764404297, "iteration": 7}