{"optimization_overhead": 0.15724992752075195, "runtime": 4.09466290473938, "incumbent": [2.6918512810946877, 20.435467051229473, 49.771901102133576, 103.68894288148756, 98.4885321628898, 53.6056299854443, 8.671413234783703, 102.72492348622983, 86.49469594680264], "incumbents_value": 0.6924145299145299, "time_func_eval": 0.009016990661621094, "iteration": 26}