{"optimization_overhead": 0.2449629306793213, "runtime": 15.432439804077148, "incumbent": [54.01900270532764, 0.0029765192548961202, 0.003114628741939327, 65.06767535495784, 0.25071239919850735, 0.8987174142721897, 0.9151844189184108, 14.470631502276385], "incumbents_value": 0.6872249806907205, "time_func_eval": 0.9379239082336426, "iteration": 21}