{"optimization_overhead": 0.3516428470611572, "runtime": 4.1927406787872314, "incumbent": [123.46113247802305, 0.00905833720149197, 0.015719380231800598, 80.00454783868128, 0.8288071040909384, 0.43396751137483014, 0.36808096538132656, 5.452339863413593], "incumbents_value": 0.7700895412764762, "time_func_eval": 0.23093819618225098, "iteration": 7}