{"incumbents_value": 0.16185376951439556, "time_func_eval": 0.3939509391784668, "optimization_overhead": 0.2238752841949463, "incumbent": [147.40201651523876, 0.008144313000224437, 0.019251664789475202, 194.91077579692347, 0.021639430645838793, 0.569184838209307, 0.9746551928138504, 10.34441657832402], "runtime": 43.30376219749451, "iteration": 55}