{"incumbents_value": 0.25158207095547247, "time_func_eval": 0.265704870223999, "optimization_overhead": 0.2575380802154541, "incumbent": [148.57769858536136, 0.0012065808023946488, 0.011654527105120912, 258.6447695289701, 0.6022242117421752, 0.6788874557763243, 0.8719454825750445, 8.001476626786374], "runtime": 18.226824522018433, "iteration": 25}