{"incumbents_value": 0.04761995389932627, "time_func_eval": 9.0003080368042, "optimization_overhead": 0.30136561393737793, "incumbent": [134.16835551792738, 0.009903801120992418, 0.002007680088638087, 64.89969885615986, 0.23359863824303584, 0.6651393454530062, 0.15723379338221455, 14.022112243422452], "runtime": 344.0984208583832, "iteration": 88}