{"runtime": 225.86552953720093, "optimization_overhead": 0.24796152114868164, "incumbent": [124.86967711792475, 0.001803013184328615, 0.00023723538458777713, 281.8429806830868, 0.1354003353044012, 0.857817540484546, 0.6387260906908255, 13.7024190922123], "time_func_eval": 0.9340090751647949, "incumbents_value": 0.5603044724788164, "iteration": 72}