{"runtime": 1.2158403396606445, "optimization_overhead": 0.0017563501993815105, "incumbent": [14.041085283343014, 0.0019122405429280688, 0.027493939414846118, 256.6909652148106, 0.1015083426263767, 0.8642803005942716, 0.9987957038793006, 12.774064906368912], "time_func_eval": 0.36685729026794434, "incumbents_value": 0.7225130964154065, "iteration": 1}