{"runtime": 33.748350620269775, "optimization_overhead": 0.22508955001831055, "incumbent": [124.11571276046234, 0.00838352425960301, 0.0027662522843437524, 247.93649726803514, 0.02876608719104614, 0.13167506547257474, 0.8015274111479318, 14.201118037687962], "time_func_eval": 4.474966049194336, "incumbents_value": 0.5889055339115137, "iteration": 18}