{"incumbents_value": 0.7116394275920005, "time_func_eval": 0.04777836799621582, "optimization_overhead": 0.1905229091644287, "incumbent": [127.21001867681858, 0.0005164934875875829, 0.007724120764103141, 268.2476504455982, 0.053117453751827415, 0.12004205345364835, 0.968324331853212, 6.1458075072517095], "runtime": 63.47071647644043, "iteration": 63}