{"incumbents_value": 0.025917682431686795, "time_func_eval": 0.37306642532348633, "optimization_overhead": 0.23686599731445312, "incumbent": [132.48928821357717, 0.0006529060095695114, 0.006597010577731891, 277.25755302469736, 0.7045257008723751, 0.4114518613549384, 0.13049295271202724, 5.5177211332337075], "runtime": 47.5303897857666, "iteration": 40}