{"incumbents_value": 0.024598835557572696, "time_func_eval": 0.5449974536895752, "optimization_overhead": 0.22088384628295898, "incumbent": [39.475528949225925, 0.00970372734236308, 0.03185122225238033, 263.1228371444113, 0.10253190919681754, 0.8717462284572176, 0.7112012217414678, 14.812941867838642], "runtime": 76.33852982521057, "iteration": 61}