{"incumbents_value": 0.033335697100788764, "time_func_eval": 0.5383687019348145, "optimization_overhead": 0.18469953536987305, "incumbent": [144.54835467569401, 0.0009872868553487603, 0.005566734930607377, 60.237794936605596, 0.5443322889500278, 0.7665865008096373, 0.7739869732290481, 5.928214181317722], "runtime": 21.602351188659668, "iteration": 17}