{"incumbents_value": 0.5960305608707535, "iteration": 56, "runtime": 141.22128033638, "incumbent": [139.55085535798617, 1e-05, 0.0001, 63.932337866641355, 0.6135755486163035, 0.1939224739855037, 0.0999, 15.0], "optimization_overhead": 0.2219409942626953, "time_func_eval": 1.2621581554412842}