{"incumbents_value": 0.5960305608707535, "iteration": 39, "runtime": 102.62798976898193, "incumbent": [139.55085535798617, 1e-05, 0.0001, 63.932337866641355, 0.6135755486163035, 0.1939224739855037, 0.0999, 15.0], "optimization_overhead": 0.21095633506774902, "time_func_eval": 2.641035556793213}