{"incumbents_value": 0.5960305608707535, "iteration": 41, "runtime": 103.8442759513855, "incumbent": [139.55085535798617, 1e-05, 0.0001, 63.932337866641355, 0.6135755486163035, 0.1939224739855037, 0.0999, 15.0], "optimization_overhead": 0.20673584938049316, "time_func_eval": 0.22831463813781738}