{"incumbents_value": 0.8008500303582271, "time_func_eval": 0.25967836380004883, "optimization_overhead": 0.21663331985473633, "incumbent": [122.59787195674247, 0.001139246698969509, 0.0594564653518182, 59.70078407535755, 0.06356965037554632, 0.7426107579004818, 0.469765374909925, 14.750874654940022], "runtime": 24.90898108482361, "iteration": 34}