{"incumbents_value": 0.8008500303582271, "time_func_eval": 0.09384417533874512, "optimization_overhead": 0.2259817123413086, "incumbent": [122.59787195674247, 0.001139246698969509, 0.0594564653518182, 59.70078407535755, 0.06356965037554632, 0.7426107579004818, 0.469765374909925, 14.750874654940022], "runtime": 62.45450520515442, "iteration": 75}