{"runtime": 108.91819429397583, "incumbent": [98.74424335602028, 0.009829876063536257, 0.006672929502890627, 195.72912886110967, 0.036904667546490466, 0.8648321683024355, 0.8965935602018398, 14.76233927017608], "optimization_overhead": 0.443648099899292, "time_func_eval": 0.7453315258026123, "iteration": 64, "incumbents_value": 0.27987465033939085}