{"runtime": 12.878994464874268, "iteration": 35, "time_func_eval": 0.01685500144958496, "incumbent": [136.6947992570713, 0.008390658615042092, 0.017353504959253852, 297.59821343310546, 0.0713011768683499, 0.21674584216837808, 0.7596142145567332, 14.13202116633466], "incumbents_value": 0.2435897435897436, "optimization_overhead": 0.4024851322174072}