{"incumbents_value": 0.3242237762237763, "time_func_eval": 0.59926438331604, "optimization_overhead": 0.264815092086792, "incumbent": [78.63448004745179, 0.009457250526280334, 0.008360483228072682, 237.84902202672282, 0.12179257333093438, 0.8101192688439939, 0.9474602928985035, 14.804374361958818], "runtime": 266.27391934394836, "iteration": 68}