{"incumbents_value": 0.3242237762237763, "time_func_eval": 1.2352895736694336, "optimization_overhead": 0.2263636589050293, "incumbent": [78.63448004745179, 0.009457250526280334, 0.008360483228072682, 237.84902202672282, 0.12179257333093438, 0.8101192688439939, 0.9474602928985035, 14.804374361958818], "runtime": 142.2222397327423, "iteration": 28}