{"incumbents_value": 0.9118026443082876, "time_func_eval": 12.923346519470215, "optimization_overhead": 0.24259662628173828, "incumbent": [131.699908594993, 0.007369412924673503, 0.008218052749866867, 174.02022612314192, 0.24453947993928163, 0.8976601437854568, 0.33375445261221953, 13.486414856829965], "runtime": 38.52776885032654, "iteration": 3}