{"incumbents_value": 0.9548271951753821, "time_func_eval": 0.13849616050720215, "optimization_overhead": 9.433428446451823e-05, "incumbent": [64.49138754061212, 0.0036378593325030657, 0.07823141354186536, 77.45498475816149, 0.4265322614235799, 0.3657087881497617, 0.7363640349903431, 9.433469254167488], "runtime": 0.13927984237670898, "iteration": 0}