{"iteration": 3, "incumbents_value": 0.8055076037813399, "incumbent": [41.30025948951905, 0.008511932483543956, 0.013141705526887036, 105.1511904833954, 0.16135414604595605, 0.6833061470824017, 0.570535773183693, 14.57305049478757], "time_func_eval": 0.6159288883209229, "runtime": 1.9227948188781738, "optimization_overhead": 0.18103623390197754}