{"iteration": 62, "incumbents_value": 0.7974875207986689, "incumbent": [63.259830717294314, 4.5080486581501466e-05, 0.0013428749095934596, 65.12758629544584, 0.8620247039574079, 0.42625938156801346, 0.14362283752639982, 12.684845359317563], "time_func_eval": 0.2290802001953125, "runtime": 43.96936106681824, "optimization_overhead": 0.20671844482421875}