{"incumbents_value": 0.6477922077922078, "time_func_eval": 0.06327247619628906, "optimization_overhead": 0.20801711082458496, "incumbent": [142.79092547338246, 0.00018582464167735173, 0.025491333287894657, 268.15038730792486, 0.07059382949156592, 0.8905585835245216, 0.9212729631740039, 14.635482895511839], "runtime": 12.49863576889038, "iteration": 49}