{"incumbents_value": 0.5816901408450704, "time_func_eval": 0.06881213188171387, "optimization_overhead": 0.3699002265930176, "incumbent": [143.9012329492474, 0.009877280372239727, 0.010732207145907311, 135.0315659516424, 0.8392881056888333, 0.5379388866885162, 0.7969404278224924, 13.220252948996993], "runtime": 17.50375270843506, "iteration": 64}