{"incumbents_value": 0.756021756021756, "time_func_eval": 0.014064550399780273, "optimization_overhead": 0.26616859436035156, "incumbent": [22.906547581731836, 1e-05, 0.1, 287.11952770367293, 0.01, 0.6728287427374757, 0.87922371549473, 14.221430274554086], "runtime": 4.7923126220703125, "iteration": 21}