{"incumbents_value": 0.6083546462063086, "time_func_eval": 0.015172004699707031, "optimization_overhead": 0.3730757236480713, "incumbent": [132.9307109086662, 0.009300499732190692, 0.0010233885564172945, 270.2441805825141, 0.23199497681560693, 0.10738751984402212, 0.7017769712051222, 14.009202331132151], "runtime": 16.3828067779541, "iteration": 61}