{"incumbents_value": 0.7051335125238616, "iteration": 87, "runtime": 305.17685055732727, "incumbent": [138.52230888232552, 0.01, 0.0001, 290.29293049086465, 0.01, 0.7841956596832057, 0.738657681227617, 5.471038718171355], "optimization_overhead": 0.4242067337036133, "time_func_eval": 6.0240864753723145}