{"incumbents_value": 0.7051335125238616, "iteration": 69, "runtime": 251.24161171913147, "incumbent": [138.52230888232552, 0.01, 0.0001, 290.29293049086465, 0.01, 0.7841956596832057, 0.738657681227617, 5.471038718171355], "optimization_overhead": 0.38565731048583984, "time_func_eval": 4.383845090866089}