{"incumbents_value": 0.7051335125238616, "iteration": 16, "runtime": 61.06835913658142, "incumbent": [138.52230888232552, 0.01, 0.0001, 290.29293049086465, 0.01, 0.7841956596832057, 0.738657681227617, 5.471038718171355], "optimization_overhead": 0.2414994239807129, "time_func_eval": 4.118169069290161}