{"incumbents_value": 0.7051335125238616, "iteration": 46, "runtime": 153.90784978866577, "incumbent": [138.52230888232552, 0.01, 0.0001, 290.29293049086465, 0.01, 0.7841956596832057, 0.738657681227617, 5.471038718171355], "optimization_overhead": 0.2703700065612793, "time_func_eval": 0.542527437210083}