{"incumbents_value": 0.7051335125238616, "iteration": 93, "runtime": 322.5111880302429, "incumbent": [138.52230888232552, 0.01, 0.0001, 290.29293049086465, 0.01, 0.7841956596832057, 0.738657681227617, 5.471038718171355], "optimization_overhead": 0.34671950340270996, "time_func_eval": 0.11663174629211426}