{"incumbent": [136.60984848028573, 0.009706078859736721, 0.0650588034641178, 275.25069989198505, 0.39508487790432395, 0.8899638293810912, 0.9959664794680079, 8.984137611528682], "iteration": 68, "time_func_eval": 0.02548050880432129, "optimization_overhead": 0.29489707946777344, "incumbents_value": 0.3151263070858068, "runtime": 19.834192514419556}