{"iteration": 87, "runtime": 263.79739212989807, "time_func_eval": 0.15543889999389648, "incumbent": [6.597160914247883, 0.00018924806084767763, 0.002911463510710055, 195.44983624734957, 0.049638749286614506, 0.26533734128298275, 0.8836700786570268, 5.125511383888516], "incumbents_value": 0.7691745512608952, "optimization_overhead": 0.24045252799987793}