{"iteration": 73, "runtime": 230.77805948257446, "time_func_eval": 24.943699598312378, "incumbent": [6.597160914247883, 0.00018924806084767763, 0.002911463510710055, 195.44983624734957, 0.049638749286614506, 0.26533734128298275, 0.8836700786570268, 5.125511383888516], "incumbents_value": 0.7691745512608952, "optimization_overhead": 0.19962596893310547}