{"incumbent": [6.684318715061647, 0.004238917204595458, 0.04090341457447425, 298.54599118153067, 0.8459138691074233, 0.1556351819350854, 0.1696789211795558, 14.879426871357582], "iteration": 18, "time_func_eval": 0.011789321899414062, "optimization_overhead": 0.16529250144958496, "incumbents_value": 0.6990864527629234, "runtime": 3.8121330738067627}