{"incumbent": [44.221068195288204, 0.007345438742380823, 0.0018507889772259988, 284.94669588555576, 0.020224821909964746, 0.10078711141497565, 0.11391021674528362, 11.858495192714141], "iteration": 92, "time_func_eval": 0.020687103271484375, "optimization_overhead": 0.19528579711914062, "incumbents_value": 0.6905033936651583, "runtime": 24.455327033996582}