{"incumbent": [149.78682713904794, 1e-05, 0.0001, 294.01375295878944, 0.9, 0.2302791467513652, 0.5699162527565513, 6.051545536146], "iteration": 42, "time_func_eval": 6.583213806152344, "optimization_overhead": 0.26410746574401855, "incumbents_value": 0.08645858466028977, "runtime": 89.54355001449585}