{"incumbent": [149.78682713904794, 1e-05, 0.0001, 294.01375295878944, 0.9, 0.2302791467513652, 0.5699162527565513, 6.051545536146], "iteration": 78, "time_func_eval": 0.8288872241973877, "optimization_overhead": 0.1976609230041504, "incumbents_value": 0.08645858466028977, "runtime": 182.28928208351135}