{"incumbent": [149.78682713904794, 1e-05, 0.0001, 294.01375295878944, 0.9, 0.2302791467513652, 0.5699162527565513, 6.051545536146], "iteration": 93, "time_func_eval": 0.5054717063903809, "optimization_overhead": 0.3742077350616455, "incumbents_value": 0.08645858466028977, "runtime": 209.8846893310547}