{"time_func_eval": 0.21105742454528809, "runtime": 44.50663232803345, "incumbents_value": 0.7839572192513369, "iteration": 84, "incumbent": [76.36766897870832, 0.008195502803561568, 0.006810788197874985, 274.7523112946416, 0.8954976383756741, 0.8623083520226046, 0.9820394309037878, 5.1639172229191885], "optimization_overhead": 0.24195146560668945}