{"time_func_eval": 0.6933355331420898, "runtime": 51.66502070426941, "incumbents_value": 0.7839572192513369, "iteration": 98, "incumbent": [76.36766897870832, 0.008195502803561568, 0.006810788197874985, 274.7523112946416, 0.8954976383756741, 0.8623083520226046, 0.9820394309037878, 5.1639172229191885], "optimization_overhead": 0.25927209854125977}