{"time_func_eval": 0.08798670768737793, "runtime": 6.926252126693726, "incumbents_value": 0.8088034371792383, "iteration": 18, "incumbent": [105.23373416632013, 0.00997550060865415, 0.00040116294981055875, 263.2733228250868, 0.4427171607238165, 0.849916191267655, 0.2564639470261839, 5.232609932171707], "optimization_overhead": 0.17501020431518555}