{"incumbent": [81.12911235380119, 0.007266969555688579, 0.009336184955776072, 284.6124758215949, 0.8806852423178319, 0.8202155097289713, 0.24459468787118943, 14.870034617767296], "iteration": 39, "time_func_eval": 0.09218192100524902, "optimization_overhead": 0.24323678016662598, "incumbents_value": 0.6444710260499733, "runtime": 9.256892681121826}