{"incumbent": [81.12911235380119, 0.007266969555688579, 0.009336184955776072, 284.6124758215949, 0.8806852423178319, 0.8202155097289713, 0.24459468787118943, 14.870034617767296], "iteration": 87, "time_func_eval": 0.0291287899017334, "optimization_overhead": 0.23607730865478516, "incumbents_value": 0.6444710260499733, "runtime": 22.29888415336609}