{"incumbent": [81.12911235380119, 0.007266969555688579, 0.009336184955776072, 284.6124758215949, 0.8806852423178319, 0.8202155097289713, 0.24459468787118943, 14.870034617767296], "iteration": 22, "time_func_eval": 0.020814895629882812, "optimization_overhead": 0.19197320938110352, "incumbents_value": 0.6444710260499733, "runtime": 4.661121606826782}