{"incumbent": [81.12911235380119, 0.007266969555688579, 0.009336184955776072, 284.6124758215949, 0.8806852423178319, 0.8202155097289713, 0.24459468787118943, 14.870034617767296], "iteration": 30, "time_func_eval": 0.02038288116455078, "optimization_overhead": 0.18683171272277832, "incumbents_value": 0.6444710260499733, "runtime": 6.685104131698608}