{"incumbents_value": 0.756411586798996, "time_func_eval": 7.80012059211731, "optimization_overhead": 0.2789607048034668, "incumbent": [33.94668314681728, 0.009315417086960265, 0.0022469452847592337, 290.8307641929373, 0.8591114660853385, 0.132097592850767, 0.6131171722841614, 14.751621240268923], "runtime": 299.1887152194977, "iteration": 81}