{"incumbents_value": 0.531882568479378, "time_func_eval": 2.8934216499328613, "optimization_overhead": 0.32216382026672363, "incumbent": [122.69477146433903, 0.0006608103059171275, 0.006360227194478685, 284.36411600011786, 0.8596593452079994, 0.8648358348270009, 0.8878932725784439, 14.773175978617669], "runtime": 447.44740557670593, "iteration": 71}