{"optimization_overhead": 0.2378370761871338, "runtime": 3.8810842037200928, "incumbent": [89.04154736501424, 0.004512014536457436, 0.012022088570101022, 50.83054982200403, 0.1822917048040269, 0.10696461957549827, 0.979457696293955, 13.113212439701451], "incumbents_value": 0.7984253393208516, "time_func_eval": 0.11231780052185059, "iteration": 8}