{"optimization_overhead": 0.0014196236928304036, "runtime": 0.9733371734619141, "incumbent": [81.12911235380119, 0.007266969555688579, 0.009336184955776072, 284.6124758215949, 0.8806852423178319, 0.8202155097289713, 0.24459468787118943, 14.870034617767296], "incumbents_value": 0.8385303359922649, "time_func_eval": 0.15865111351013184, "iteration": 1}