{"optimization_overhead": 0.28545308113098145, "runtime": 12.467932224273682, "incumbent": [15.762075798105334, 1e-05, 0.0001, 217.23721744068249, 0.01, 0.34295276399111485, 0.9920964881562538, 5.408736603044074], "incumbents_value": 0.644811321319509, "time_func_eval": 0.6300818920135498, "iteration": 21}