{"optimization_overhead": 0.277393102645874, "runtime": 50.34562420845032, "incumbent": [143.7505734426933, 0.0026133332484680836, 0.01565639624788902, 277.7994444152166, 0.1128858561072338, 0.8169392320466002, 0.9913599638899222, 10.391950775514147], "incumbents_value": 0.5911644684679809, "time_func_eval": 0.134260892868042, "iteration": 77}