{"optimization_overhead": 0.3764832019805908, "runtime": 57.88235807418823, "incumbent": [143.7505734426933, 0.0026133332484680836, 0.01565639624788902, 277.7994444152166, 0.1128858561072338, 0.8169392320466002, 0.9913599638899222, 10.391950775514147], "incumbents_value": 0.5911644684679809, "time_func_eval": 0.6102712154388428, "iteration": 91}