{"incumbents_value": 0.3548057745473907, "iteration": 82, "runtime": 543.5286903381348, "incumbent": [122.86015513333972, 0.003918172119658959, 0.0001, 284.40038959671233, 0.7640982087078658, 0.892693944012426, 0.999, 14.71917332381245], "optimization_overhead": 0.4088425636291504, "time_func_eval": 0.8613901138305664}