{"incumbents_value": 0.4354714465249031, "iteration": 40, "runtime": 212.6875925064087, "incumbent": [122.87557140361594, 0.01, 0.0001, 284.5343714384852, 0.9, 0.9, 0.999, 14.700015496307747], "optimization_overhead": 0.38252973556518555, "time_func_eval": 41.63970232009888}