{"incumbents_value": 0.8017477944494202, "iteration": 33, "runtime": 132.2590250968933, "incumbent": [138.42304752510168, 2.2152757208039896e-05, 0.006595001743207457, 290.39566695653764, 0.0830615764095702, 0.7210587414786771, 0.5654989127467661, 5.351600626445022], "optimization_overhead": 0.3063693046569824, "time_func_eval": 0.27539706230163574}