{"incumbents_value": 0.21682836112024084, "iteration": 18, "runtime": 258.70328974723816, "incumbent": [146.60759995685268, 0.008959450525953238, 0.000354231150123213, 290.21817983284325, 0.5986160467410022, 0.5010899589824536, 0.4678194501794361, 5.331436167085962], "optimization_overhead": 0.23085355758666992, "time_func_eval": 6.602429628372192}