{"incumbents_value": 0.1804728939970145, "iteration": 44, "runtime": 1925.8647093772888, "incumbent": [149.97041326239815, 0.00200800703966858, 0.0012616514737237591, 75.77695348415499, 0.7422134987179578, 0.8213997587503994, 0.9860580276569734, 6.319272170035736], "optimization_overhead": 0.5460634231567383, "time_func_eval": 55.6713011264801}