{"incumbents_value": 0.1804728939970145, "iteration": 68, "runtime": 3473.886552333832, "incumbent": [149.97041326239815, 0.00200800703966858, 0.0012616514737237591, 75.77695348415499, 0.7422134987179578, 0.8213997587503994, 0.9860580276569734, 6.319272170035736], "optimization_overhead": 0.3206150531768799, "time_func_eval": 60.39652919769287}