{"incumbents_value": 0.1804728939970145, "iteration": 52, "runtime": 2684.442046880722, "incumbent": [149.97041326239815, 0.00200800703966858, 0.0012616514737237591, 75.77695348415499, 0.7422134987179578, 0.8213997587503994, 0.9860580276569734, 6.319272170035736], "optimization_overhead": 0.30867433547973633, "time_func_eval": 35.31790280342102}