{"runtime": 32.54730844497681, "optimization_overhead": 0.18766236305236816, "incumbent": [116.30558334996287, 0.00959825181227493, 0.005887097517031883, 297.37754376726724, 0.6579476070682653, 0.12124786381422051, 0.9264473673205458, 12.127028659526538], "time_func_eval": 2.0509355068206787, "incumbents_value": 0.3083491941327178, "iteration": 20}