{"runtime": 53.49445033073425, "optimization_overhead": 0.18840837478637695, "incumbent": [116.30558334996287, 0.00959825181227493, 0.005887097517031883, 297.37754376726724, 0.6579476070682653, 0.12124786381422051, 0.9264473673205458, 12.127028659526538], "time_func_eval": 10.28946828842163, "incumbents_value": 0.3083491941327178, "iteration": 29}