{"runtime": 160.77238655090332, "optimization_overhead": 0.22763967514038086, "incumbent": [124.03881834015192, 0.004140331118631387, 0.012324741559093362, 197.42517923543002, 0.779950006284264, 0.6338656726922235, 0.981867610536626, 14.408747819003864], "time_func_eval": 1.3272454738616943, "incumbents_value": 0.18256359894923901, "iteration": 70}