{"runtime": 42.990017890930176, "optimization_overhead": 0.17694878578186035, "incumbent": [116.30558334996287, 0.00959825181227493, 0.005887097517031883, 297.37754376726724, 0.6579476070682653, 0.12124786381422051, 0.9264473673205458, 12.127028659526538], "time_func_eval": 0.12943243980407715, "incumbents_value": 0.3083491941327178, "iteration": 28}