{"incumbents_value": 0.025810163192729108, "time_func_eval": 4.479971170425415, "optimization_overhead": 0.23437762260437012, "incumbent": [72.11722325019251, 9.130223434494947e-05, 0.0006958818688736538, 296.9227174508918, 0.3884371372399429, 0.8988755812202199, 0.9259991300063685, 8.33945628654301], "runtime": 182.4546971321106, "iteration": 49}