{"incumbents_value": 0.025810163192729108, "time_func_eval": 0.20599675178527832, "optimization_overhead": 0.26135683059692383, "incumbent": [72.11722325019251, 9.130223434494947e-05, 0.0006958818688736538, 296.9227174508918, 0.3884371372399429, 0.8988755812202199, 0.9259991300063685, 8.33945628654301], "runtime": 273.77040243148804, "iteration": 78}