{"incumbents_value": 0.02885294685544948, "time_func_eval": 9.313057899475098, "optimization_overhead": 0.25011658668518066, "incumbent": [136.07017317699328, 0.003792651885784213, 0.008292649536193757, 102.35812015163162, 0.2294892371650442, 0.15733400313308948, 0.8721445190698099, 14.852636248700819], "runtime": 45.260690450668335, "iteration": 13}