{"incumbents_value": 0.13464906384161035, "time_func_eval": 0.018276691436767578, "optimization_overhead": 0.26048707962036133, "incumbent": [109.39731004082144, 0.00871868355752142, 0.0935164380494226, 283.74249175934074, 0.8901145265957472, 0.45094246443615493, 0.9790773057030827, 13.916547463109609], "runtime": 18.689609050750732, "iteration": 54}