{"incumbents_value": 0.13464906384161035, "time_func_eval": 0.09930038452148438, "optimization_overhead": 0.2244257926940918, "incumbent": [109.39731004082144, 0.00871868355752142, 0.0935164380494226, 283.74249175934074, 0.8901145265957472, 0.45094246443615493, 0.9790773057030827, 13.916547463109609], "runtime": 33.028119802474976, "iteration": 91}