{"incumbents_value": 0.13464906384161035, "time_func_eval": 0.07348871231079102, "optimization_overhead": 0.18459177017211914, "incumbent": [109.39731004082144, 0.00871868355752142, 0.0935164380494226, 283.74249175934074, 0.8901145265957472, 0.45094246443615493, 0.9790773057030827, 13.916547463109609], "runtime": 13.798568964004517, "iteration": 40}