{"incumbents_value": 0.7502183633942602, "iteration": 31, "runtime": 119.828378200531, "incumbent": [140.99354297453775, 0.00817672735871234, 0.009225621868098383, 71.19567542640516, 0.057939531802456735, 0.45348270510255917, 0.4499841963267895, 14.16181540424373], "optimization_overhead": 0.2116241455078125, "time_func_eval": 8.142153024673462}