{"incumbents_value": 0.7502183633942602, "iteration": 26, "runtime": 109.37935018539429, "incumbent": [140.99354297453775, 0.00817672735871234, 0.009225621868098383, 71.19567542640516, 0.057939531802456735, 0.45348270510255917, 0.4499841963267895, 14.16181540424373], "optimization_overhead": 0.2881813049316406, "time_func_eval": 6.81393837928772}