{"incumbents_value": 0.7502183633942602, "iteration": 22, "runtime": 90.7513678073883, "incumbent": [140.99354297453775, 0.00817672735871234, 0.009225621868098383, 71.19567542640516, 0.057939531802456735, 0.45348270510255917, 0.4499841963267895, 14.16181540424373], "optimization_overhead": 0.24743080139160156, "time_func_eval": 10.873629093170166}