{"incumbents_value": 0.7502183633942602, "iteration": 99, "runtime": 411.1314125061035, "incumbent": [140.99354297453775, 0.00817672735871234, 0.009225621868098383, 71.19567542640516, 0.057939531802456735, 0.45348270510255917, 0.4499841963267895, 14.16181540424373], "optimization_overhead": 0.4136981964111328, "time_func_eval": 0.22378253936767578}