{"incumbents_value": 0.7502183633942602, "iteration": 50, "runtime": 204.83937215805054, "incumbent": [140.99354297453775, 0.00817672735871234, 0.009225621868098383, 71.19567542640516, 0.057939531802456735, 0.45348270510255917, 0.4499841963267895, 14.16181540424373], "optimization_overhead": 0.23323559761047363, "time_func_eval": 0.2800285816192627}