{"incumbent": [11.884472806073193, 0.0007216233723280166, 0.003159724872656629, 121.11148723109834, 0.053377144344993986, 0.855915736363644, 0.9141064842026689, 6.986175794285042], "iteration": 17, "time_func_eval": 0.5066978931427002, "optimization_overhead": 0.1679518222808838, "incumbents_value": 0.7855511744170269, "runtime": 21.176625967025757}