{"incumbent": [105.06909476704342, 0.0004474214681026246, 0.0016713665720819806, 272.3402238922388, 0.4952379954145602, 0.8898477285832956, 0.8547826877327053, 12.968228428324183], "iteration": 80, "time_func_eval": 0.11595869064331055, "optimization_overhead": 0.2019057273864746, "incumbents_value": 0.7848468791492839, "runtime": 92.53687357902527}