{"incumbent": [105.06909476704342, 0.0004474214681026246, 0.0016713665720819806, 272.3402238922388, 0.4952379954145602, 0.8898477285832956, 0.8547826877327053, 12.968228428324183], "iteration": 70, "time_func_eval": 1.850450038909912, "optimization_overhead": 0.18014907836914062, "incumbents_value": 0.7848468791492839, "runtime": 82.39981603622437}