{"incumbents_value": 0.6146458938276198, "time_func_eval": 0.16206932067871094, "optimization_overhead": 0.4179716110229492, "incumbent": [70.99023967393208, 1e-05, 0.0001, 58.14448381269728, 0.2018303434572318, 0.8944674535553464, 0.5011106034598285, 14.928409899282132], "runtime": 46.927082538604736, "iteration": 86}