{"incumbents_value": 0.6146458938276198, "time_func_eval": 0.1290431022644043, "optimization_overhead": 0.23514866828918457, "incumbent": [70.99023967393208, 1e-05, 0.0001, 58.14448381269728, 0.2018303434572318, 0.8944674535553464, 0.5011106034598285, 14.928409899282132], "runtime": 17.908424615859985, "iteration": 36}