{"incumbents_value": 0.10440855564234164, "time_func_eval": 0.3855903148651123, "optimization_overhead": 0.20363903045654297, "incumbent": [85.52935111163981, 0.008526239456300964, 0.0039034327315034213, 258.48954348994107, 0.29498782870293666, 0.22569597033570749, 0.14363618567940262, 14.53392948010076], "runtime": 218.56112933158875, "iteration": 10}