{"incumbents_value": 0.06877939654432053, "time_func_eval": 3.4969558715820312, "optimization_overhead": 0.42672109603881836, "incumbent": [148.3303080537782, 0.009828021130568678, 0.0046972821200064714, 231.38985967288718, 0.838688296810507, 0.57513490642788, 0.8765313749225327, 7.153456808723853], "runtime": 1396.3661661148071, "iteration": 74}