{"incumbents_value": 0.06211180124223603, "time_func_eval": 0.015266180038452148, "optimization_overhead": 0.1813671588897705, "incumbent": [55.281517669816, 0.009222429334665258, 0.01752324132686213, 260.42199728273874, 0.7890914421792249, 0.4905013052943522, 0.962139892422189, 14.67607558667063], "runtime": 5.3920063972473145, "iteration": 23}