{"incumbents_value": 0.02990713166917236, "time_func_eval": 0.5706303119659424, "optimization_overhead": 0.23402976989746094, "incumbent": [141.91644765022872, 0.009794601774495811, 0.0560387642875325, 276.8500557156318, 0.8228701735401277, 0.5756161396141768, 0.9747256344847761, 14.784746020106992], "runtime": 36.70046663284302, "iteration": 27}