{"incumbents_value": 0.03372528943399866, "time_func_eval": 0.9835021495819092, "optimization_overhead": 0.00016649564107259115, "incumbent": [43.87342298416444, 0.009638533431018281, 0.0331321347330441, 169.1290082289545, 0.680761977613574, 0.13532620282627547, 0.2902455573789037, 7.427197668435032], "runtime": 2.100764513015747, "iteration": 2}