{"optimization_overhead": 0.00016117095947265625, "runtime": 0.09175562858581543, "incumbent": [102.08207105219708, 0.0074710499767132, 0.023201931587753275, 156.7580463849867, 0.8600683581509394, 0.45731206623036613, 0.8094211693645142, 8.510854299351328], "incumbents_value": 0.22981956315289642, "iteration": 0, "time_func_eval": 0.09030318260192871}