{"incumbents_value": 0.17005347593582887, "time_func_eval": 0.12966465950012207, "optimization_overhead": 0.18016409873962402, "incumbent": [36.072645907294046, 0.002952470514262731, 0.07908873192220864, 274.3025001701591, 0.13976745354334383, 0.5093938649111205, 0.8196132679699453, 10.668029277689577], "runtime": 2.096686601638794, "iteration": 5}