{"incumbents_value": 0.11549650089030605, "time_func_eval": 2.1082522869110107, "optimization_overhead": 0.3100550174713135, "incumbent": [140.2342438776109, 0.009217286468591962, 0.0809647878985334, 182.5841278616204, 0.8924778322709951, 0.8797254715381511, 0.8411180340391499, 14.3728649112291], "runtime": 41.464895486831665, "iteration": 58}