{"incumbents_value": 0.9062407417016847, "time_func_eval": 0.17485260963439941, "optimization_overhead": 0.3529622554779053, "incumbent": [13.992955752310767, 0.00945829933220936, 0.0015581848010667193, 282.7372713712838, 0.8112952119116935, 0.2525646471891445, 0.16684460558401776, 11.791744023661593], "runtime": 124.39293265342712, "iteration": 82}