{"incumbents_value": 0.9086520052956835, "time_func_eval": 1.9922451972961426, "optimization_overhead": 0.42121458053588867, "incumbent": [133.12612078925278, 0.0004857677634642938, 0.0021378482293607716, 276.36762403522, 0.6463578655487877, 0.19691459233974665, 0.925104899370358, 13.884510802795596], "runtime": 73.43683385848999, "iteration": 40}