{"incumbents_value": 0.9952912019826518, "time_func_eval": 0.5684974193572998, "optimization_overhead": 0.00012636184692382812, "incumbent": [9.39328242606253, 0.008550050915787205, 0.024238926819887634, 189.20715016742173, 0.7279216455754822, 0.7420339572531982, 0.5418647294011123, 8.932730229770517], "runtime": 1.5777041912078857, "iteration": 2}