{"incumbent": [96.56439141256658, 0.009942699229770048, 0.0020708000248643083, 287.1701208855551, 0.1075568918170274, 0.5256646379106477, 0.6652341850604465, 6.144689285348069], "iteration": 77, "time_func_eval": 4.443711280822754, "optimization_overhead": 0.22239041328430176, "incumbents_value": 0.013680179467091214, "runtime": 862.4003067016602}