{"incumbent": [116.57624321367348, 4.543236721835648e-05, 0.000477197040152639, 162.9914714475539, 0.8798151582594826, 0.11869761707911307, 0.5295506192396643, 11.11725260329486], "iteration": 53, "time_func_eval": 15.142289400100708, "optimization_overhead": 0.20772004127502441, "incumbents_value": 0.017992400057191826, "runtime": 499.8976550102234}