{"incumbent": [116.57624321367348, 4.543236721835648e-05, 0.000477197040152639, 162.9914714475539, 0.8798151582594826, 0.11869761707911307, 0.5295506192396643, 11.11725260329486], "iteration": 20, "time_func_eval": 5.07304310798645, "optimization_overhead": 0.22182035446166992, "incumbents_value": 0.017992400057191826, "runtime": 152.76270747184753}