{"incumbents_value": 0.46975014562065065, "time_func_eval": 0.06611371040344238, "optimization_overhead": 0.19188261032104492, "incumbent": [145.49528131227814, 0.008633662505501797, 0.035028026629708685, 291.8375946015483, 0.8116783461950343, 0.8255716582968758, 0.8383906570919984, 5.319855062568966], "runtime": 4.214662075042725, "iteration": 13}