{"incumbents_value": 0.3623440886598781, "time_func_eval": 0.05524301528930664, "optimization_overhead": 0.26377177238464355, "incumbent": [78.93327313399678, 0.009288795522105868, 0.013807971265232422, 115.26502728856099, 0.8402589062786457, 0.8067960675702057, 0.9915826850734366, 6.193456144671799], "runtime": 32.61290144920349, "iteration": 46}