{"incumbent": [20.759796018229906, 0.0009977224813951823, 0.011904572466130806, 271.29579578586845, 0.05974779951363304, 0.10022411527262769, 0.15775630654482703, 14.621847087582015], "iteration": 89, "time_func_eval": 78.62448000907898, "optimization_overhead": 0.2236309051513672, "incumbents_value": 0.999998012086514, "runtime": 6549.514136552811}