{"incumbent": [148.903255675133, 0.00035477612607129414, 0.020488784416106263, 277.1237151244689, 0.8448398121183098, 0.12482603982467516, 0.2765428171110903, 12.228309877483671], "iteration": 24, "time_func_eval": 49.94934129714966, "optimization_overhead": 0.17721843719482422, "incumbents_value": 0.9999985561797672, "runtime": 1669.9957430362701}