{"incumbents_value": 0.7777777777777778, "time_func_eval": 0.028716087341308594, "optimization_overhead": 0.1879270076751709, "incumbent": [133.7684043545294, 0.009465936617696031, 0.04460709571596016, 299.08916406378006, 0.7225840044213946, 0.19299558281112772, 0.10654596609052054, 13.984545278578938], "runtime": 2.4536585807800293, "iteration": 11}