{"incumbents_value": 0.6972222222222222, "time_func_eval": 0.011199235916137695, "optimization_overhead": 0.24461030960083008, "incumbent": [3.699359950691657, 0.00244176425037106, 0.004688440528403544, 96.89397937318299, 0.2621407932773978, 0.17901987583324028, 0.8461388244279703, 5.165581512570984], "runtime": 22.81470799446106, "iteration": 75}