{"incumbent": [19.499805164049214, 0.00032886125862479704, 0.00778756726839518, 296.7629105899239, 0.054375406748534263, 0.8861598913400064, 0.9740646057908778, 5.435998412923824], "iteration": 26, "time_func_eval": 0.027993440628051758, "optimization_overhead": 0.18257474899291992, "incumbents_value": 0.643891293891294, "runtime": 5.774240016937256}