{"incumbent": [7.832765444723949, 0.00046323599546141343, 0.014382995459093002, 297.26441740737687, 0.023077172569091184, 0.26567615649939075, 0.40849987952909717, 6.295080172767337], "iteration": 74, "time_func_eval": 0.01835155487060547, "optimization_overhead": 0.2730751037597656, "incumbents_value": 0.6187830687830689, "runtime": 19.1734938621521}