{"incumbent": [134.05182621336357, 0.009771534673662494, 0.007792448514449449, 222.3126350989291, 0.01776144200394961, 0.5757064094992663, 0.974796766100779, 14.444668923603999], "iteration": 39, "time_func_eval": 0.029898643493652344, "optimization_overhead": 0.19794368743896484, "incumbents_value": 0.6289562289562289, "runtime": 9.307104110717773}