{"runtime": 44.700273275375366, "optimization_overhead": 0.2819361686706543, "incumbent": [13.724259430288553, 0.01, 0.0001, 292.12024480169424, 0.8691640940307562, 0.45959583408878546, 0.999, 5.854688660729705], "time_func_eval": 0.178391695022583, "incumbents_value": 0.6137404000148545, "iteration": 81}