{"runtime": 6.771421909332275, "optimization_overhead": 0.1920158863067627, "incumbent": [13.72335575116932, 0.0006567917909599188, 0.0008381933685477784, 292.06268354132135, 0.7775075592935802, 0.7430193588520101, 0.9642746326751117, 5.854175253403563], "time_func_eval": 0.3920094966888428, "incumbents_value": 0.6697610043921927, "iteration": 14}