{"runtime": 5.684208631515503, "optimization_overhead": 0.18165802955627441, "incumbent": [7.597350443270544, 0.007510258517648903, 0.008204226333899677, 70.51610399509954, 0.15212471794946417, 0.25785595249074106, 0.7084731552300285, 14.417817790997969], "time_func_eval": 0.15999078750610352, "incumbents_value": 0.6942840047099301, "iteration": 12}