{"incumbents_value": 0.0739657531015614, "time_func_eval": 0.1326889991760254, "optimization_overhead": 0.2013552188873291, "incumbent": [31.927984939421307, 0.009755547633792916, 0.0016037419960586862, 98.22246904739839, 0.12293333778401655, 0.7405677806821795, 0.8750894885289213, 14.53134564844323], "runtime": 12.177249908447266, "iteration": 42}