{"incumbents_value": 0.07292153381303923, "time_func_eval": 0.04354047775268555, "optimization_overhead": 0.198347806930542, "incumbent": [17.363632171913157, 0.004254863225359726, 0.09090110257199592, 259.51869853158354, 0.10312652860236839, 0.8203243970172615, 0.9536412294449748, 14.596058423341592], "runtime": 21.790494680404663, "iteration": 70}