{"incumbents_value": 0.1395545314900154, "time_func_eval": 0.025860071182250977, "optimization_overhead": 0.16121625900268555, "incumbent": [25.306492430677253, 0.008883458295024963, 0.04375769388488969, 88.9545085560446, 0.78001006679913, 0.6555547177426906, 0.9665019448364555, 5.107676192806942], "runtime": 0.6107573509216309, "iteration": 4}