{"incumbents_value": 0.9905999124530716, "time_func_eval": 2.755040407180786, "optimization_overhead": 0.18531179428100586, "incumbent": [144.7445372459479, 0.0008682988137502979, 0.0038841400393474375, 249.27969035540127, 0.07435136942196867, 0.19679175699419282, 0.3908385858685525, 5.559119484506158], "runtime": 141.19998383522034, "iteration": 9}