{"incumbents_value": 0.2546393080603606, "iteration": 30, "runtime": 17.814107179641724, "incumbent": [33.733546561792735, 0.00037417045598072166, 0.0023061018025207825, 261.88015279736305, 0.35877157180085945, 0.11982054885778232, 0.4250298438164944, 14.251205285080019], "optimization_overhead": 0.2279679775238037, "time_func_eval": 0.029924392700195312}