{"incumbents_value": 0.2609145368965651, "iteration": 16, "runtime": 7.415720701217651, "incumbent": [123.05165883079005, 0.002471116145279429, 0.001813113716528237, 180.47077755795175, 0.7109281333889148, 0.39411372414094725, 0.759332018405428, 8.983662802391969], "optimization_overhead": 0.324906587600708, "time_func_eval": 0.058231353759765625}