{"incumbent": [114.01855445324253, 0.009031222181541863, 0.004192914245901553, 108.1756848960097, 0.1412221714972429, 0.8789342123173587, 0.9458095672354377, 13.208114713960219], "iteration": 12, "time_func_eval": 0.046230316162109375, "optimization_overhead": 0.17083048820495605, "incumbents_value": 0.6025580613417136, "runtime": 13.583671808242798}