{"incumbent": [18.35837784594563, 0.009550085589239088, 0.014030668729393753, 111.9730334974038, 0.6925071281858465, 0.7968663647855162, 0.9981875446801772, 13.095372303193384], "iteration": 48, "time_func_eval": 0.2876927852630615, "optimization_overhead": 0.19384074211120605, "incumbents_value": 0.5767516795339153, "runtime": 48.506067991256714}