{"incumbents_value": 0.04356249999999995, "time_func_eval": 0.5849301815032959, "optimization_overhead": 0.2161264419555664, "incumbent": [71.29000560811579, 0.009247528571968986, 0.017834670934878144, 245.45694451878288, 0.8647254620670343, 0.8665995517056075, 0.9273820149574826, 13.828811517467269], "runtime": 793.0196664333344, "iteration": 64}