{"incumbents_value": 0.35327434383882084, "time_func_eval": 20.643248796463013, "optimization_overhead": 0.30574607849121094, "incumbent": [90.99004409950747, 0.007453234395804989, 0.006905585902841022, 289.509553902496, 0.5385332388950492, 0.7508086436650306, 0.734365027200412, 13.769477378917648], "runtime": 375.02618288993835, "iteration": 68}