{"incumbents_value": 0.18428377051298084, "iteration": 91, "runtime": 4374.668352842331, "incumbent": [126.10037287301786, 0.004891263490386544, 0.0006360201455920941, 131.9756094436892, 0.5537539111888531, 0.11211032825407129, 0.6729657202013073, 6.8598521595039585], "optimization_overhead": 0.4572610855102539, "time_func_eval": 17.21086287498474}