{"incumbents_value": 0.18921068569965893, "iteration": 73, "runtime": 3109.1984798908234, "incumbent": [148.09409841183356, 0.0011643087442379278, 0.0016541289237974105, 61.8102390140479, 0.8197329007186629, 0.39854524174865624, 0.15108485543739744, 11.914889019158421], "optimization_overhead": 0.38390398025512695, "time_func_eval": 47.304391384124756}