{"incumbents_value": 0.18921068569965893, "iteration": 65, "runtime": 2977.507967710495, "incumbent": [148.09409841183356, 0.0011643087442379278, 0.0016541289237974105, 61.8102390140479, 0.8197329007186629, 0.39854524174865624, 0.15108485543739744, 11.914889019158421], "optimization_overhead": 0.340378999710083, "time_func_eval": 1.237182855606079}