{"incumbents_value": 0.18921068569965893, "iteration": 68, "runtime": 2992.128975391388, "incumbent": [148.09409841183356, 0.0011643087442379278, 0.0016541289237974105, 61.8102390140479, 0.8197329007186629, 0.39854524174865624, 0.15108485543739744, 11.914889019158421], "optimization_overhead": 0.33643198013305664, "time_func_eval": 0.23793363571166992}