{"incumbents_value": 0.1994023215398244, "iteration": 31, "runtime": 1311.402919769287, "incumbent": [129.16631800995273, 0.0019550992246001814, 0.0009431314281534389, 86.99049961529806, 0.6616346609904292, 0.21151109701429202, 0.675331168514861, 5.51445661965221], "optimization_overhead": 0.2777118682861328, "time_func_eval": 18.001314640045166}