{"incumbents_value": 0.1834211590318524, "time_func_eval": 17.66412925720215, "optimization_overhead": 0.17674756050109863, "incumbent": [73.65715660519172, 0.00011494072651022128, 0.001952923315146267, 158.92794249541316, 0.8922756567526867, 0.8626331300296695, 0.8554599416746306, 7.224558213419718], "runtime": 782.4995517730713, "iteration": 44}