{"runtime": 18.52778673171997, "incumbent": [146.88811616290647, 0.009568065609803176, 0.014256186830929359, 249.51358805265397, 0.7177901561863084, 0.32128263084780306, 0.8062537735014164, 11.959372738888288], "optimization_overhead": 0.2377183437347412, "time_func_eval": 0.3946242332458496, "iteration": 20, "incumbents_value": 0.0444444444444444}