{"runtime": 17.874703645706177, "incumbent": [146.88811616290647, 0.009568065609803176, 0.014256186830929359, 249.51358805265397, 0.7177901561863084, 0.32128263084780306, 0.8062537735014164, 11.959372738888288], "optimization_overhead": 0.3172740936279297, "time_func_eval": 0.05056643486022949, "iteration": 19, "incumbents_value": 0.0444444444444444}