{"runtime": 2.4107043743133545, "incumbent": [104.73387169623068, 0.006101210418373154, 0.005869166667620027, 277.11916645637666, 0.050551104490187244, 0.534006053131861, 0.9852241192184028, 6.133938756725103], "optimization_overhead": 0.37554502487182617, "time_func_eval": 0.08342695236206055, "iteration": 6, "incumbents_value": 0.20646020646020657}