{"runtime": 5.62300181388855, "incumbent": [104.73387169623068, 0.006101210418373154, 0.005869166667620027, 277.11916645637666, 0.050551104490187244, 0.534006053131861, 0.9852241192184028, 6.133938756725103], "optimization_overhead": 0.34013962745666504, "time_func_eval": 0.18653202056884766, "iteration": 10, "incumbents_value": 0.20646020646020657}