{"runtime": 217.90567588806152, "iteration": 91, "time_func_eval": 0.7525324821472168, "incumbent": [7.769442226724857, 7.204233150798652e-05, 0.03137534722682248, 58.54177523964347, 0.8925956213007402, 0.0999569245735392, 0.11802774628165376, 13.44913376207639], "incumbents_value": 0.9873417721518988, "optimization_overhead": 0.4175240993499756}