{"runtime": 79.30255055427551, "iteration": 33, "time_func_eval": 1.9058444499969482, "incumbent": [3.352698531132576, 0.009854922604500278, 0.009339380482922866, 196.88892076735732, 0.20821951286789545, 0.1632599930319541, 0.10015286011781685, 11.587048861908855], "incumbents_value": 0.987719298245614, "optimization_overhead": 0.41452836990356445}