{"runtime": 122.93490672111511, "iteration": 87, "time_func_eval": 0.10106801986694336, "incumbent": [25.43750648762819, 0.008422702023754964, 0.0047248810874230265, 281.5812221360664, 0.014777672226448957, 0.8641035186764585, 0.3102639828016427, 14.994041845180185], "incumbents_value": 0.8833419599723947, "optimization_overhead": 0.5226626396179199}