{"incumbent": [11.880493325751152, 1e-05, 0.1, 297.21703098604223, 0.8917108129742531, 0.9, 0.9165365073130192, 7.736269698061307], "iteration": 29, "time_func_eval": 0.02635645866394043, "optimization_overhead": 0.1962144374847412, "incumbents_value": 0.05475077521173688, "runtime": 8.059277772903442}