{"incumbent": [11.880493325751152, 1e-05, 0.1, 297.21703098604223, 0.8917108129742531, 0.9, 0.9165365073130192, 7.736269698061307], "iteration": 76, "time_func_eval": 0.07077670097351074, "optimization_overhead": 0.2267169952392578, "incumbents_value": 0.05475077521173688, "runtime": 22.790043592453003}