{"incumbent": [11.880493325751152, 1e-05, 0.1, 297.21703098604223, 0.8917108129742531, 0.9, 0.9165365073130192, 7.736269698061307], "iteration": 34, "time_func_eval": 0.08968424797058105, "optimization_overhead": 0.22885346412658691, "incumbents_value": 0.05475077521173688, "runtime": 9.547443628311157}