{"incumbent": [11.880493325751152, 1e-05, 0.1, 297.21703098604223, 0.8917108129742531, 0.9, 0.9165365073130192, 7.736269698061307], "iteration": 78, "time_func_eval": 0.16371726989746094, "optimization_overhead": 0.24846148490905762, "incumbents_value": 0.05475077521173688, "runtime": 23.44056010246277}