{"incumbents_value": 0.17415521064291273, "time_func_eval": 6.066936254501343, "optimization_overhead": 0.2383570671081543, "incumbent": [20.82161253805532, 0.008778971780840564, 0.008098376516465118, 272.0227495579562, 0.7175801664946757, 0.8569759998150026, 0.16701267607433884, 14.68939160566867], "runtime": 453.5415482521057, "iteration": 49}