{"incumbents_value": 0.1717400288014147, "time_func_eval": 5.043669700622559, "optimization_overhead": 0.23886609077453613, "incumbent": [124.5613113479166, 0.008947627047031515, 0.03850470203991821, 235.3408318534755, 0.8528095578586603, 0.7696964946213982, 0.746997452626046, 5.755065476354918], "runtime": 544.3105506896973, "iteration": 60}