{"incumbents_value": 0.1758489545203179, "time_func_eval": 7.407682657241821, "optimization_overhead": 0.24431586265563965, "incumbent": [107.83247587920943, 0.008474715341904419, 0.0052095402283104655, 88.72432806001564, 0.7673645222781587, 0.10219840249898389, 0.15844564491373325, 13.963289923722368], "runtime": 136.63866233825684, "iteration": 15}