{"time_func_eval": 0.08501911163330078, "runtime": 17.960825443267822, "incumbents_value": 0.13095238095238093, "iteration": 59, "incumbent": [149.58203392140297, 0.004092673245928516, 0.0232138126879273, 196.29527988533312, 0.6534823464341245, 0.49314053086196263, 0.5843142556357199, 13.84246412524525], "optimization_overhead": 0.2530028820037842}