{"incumbents_value": 0.2704290128936695, "time_func_eval": 1.905301570892334, "optimization_overhead": 0.3198416233062744, "incumbent": [130.1259590027345, 1e-05, 0.0001, 287.8419762684871, 0.01, 0.22952692596972527, 0.4116321978211733, 11.111562397851282], "runtime": 156.32053875923157, "iteration": 54}