{"incumbent": [684.5387810668644, 331.762250153942, 19322.32168553779, 145.15272501500283, 0.1374439929286405, 0.8200309678690711, 4479.427525944497, 11566.632866414886, 35123.57258979012, 2253.216879180519], "time_func_eval": 1.4781951904296875e-05, "iteration": 93, "optimization_overhead": 0.5822529792785645, "runtime": 39.59681463241577, "incumbents_value": -1564399.7068657095}