{"incumbents_value": 0.1386341485025696, "time_func_eval": 0.09035658836364746, "optimization_overhead": 0.29241037368774414, "incumbent": [30.090455838524058, 0.0006740488062016747, 0.009810632303036151, 257.4463141049362, 0.13249813863884483, 0.5901159135297649, 0.4118265999314091, 13.076412839567391], "runtime": 11.831159353256226, "iteration": 34}