{"incumbents_value": 0.19323617460383136, "time_func_eval": 107.96367025375366, "optimization_overhead": 0.24677467346191406, "incumbent": [130.81590667062548, 0.01, 0.0002807811411677099, 188.7016105086655, 0.6198417032308592, 0.09, 0.0999, 11.868138243249716], "runtime": 1529.2466781139374, "iteration": 60}