{"runtime": 82.39042496681213, "optimization_overhead": 0.2253739833831787, "incumbent": [110.7687546071623, 0.008891978780320733, 0.009023366960623409, 234.7425092782673, 0.8797763314884742, 0.10886849241695823, 0.14668490752846863, 13.650839060218146], "time_func_eval": 2.2187252044677734, "incumbents_value": 0.9955281306185031, "iteration": 25}