{"runtime": 117.36884617805481, "optimization_overhead": 0.22532272338867188, "incumbent": [33.03385651735657, 0.009424907006775925, 0.0010467889954142184, 240.63568356819218, 0.7125881307201268, 0.12098627620754311, 0.948874066997247, 14.57638090146697], "time_func_eval": 11.906474828720093, "incumbents_value": 0.987919983518052, "iteration": 28}