{"runtime": 373.3749692440033, "optimization_overhead": 0.23990607261657715, "incumbent": [145.6177528818703, 0.009869268472988236, 0.00029366729941591524, 298.2173290771111, 0.32823740697107445, 0.747215056319067, 0.6952775103767262, 11.333851638257315], "time_func_eval": 0.31824731826782227, "incumbents_value": 0.984264394781357, "iteration": 61}