{"runtime": 34.9146785736084, "optimization_overhead": 0.1982114315032959, "incumbent": [1.0592782775638392, 0.006410479252010037, 0.003808110317047063, 77.96401239000906, 0.8920740687041374, 0.1601228310769437, 0.7319175951527904, 5.700726464524499], "time_func_eval": 2.870776653289795, "incumbents_value": 0.9977417190775681, "iteration": 10}