{"incumbent": [3.352698531132576, 0.009854922604500278, 0.009339380482922866, 196.88892076735732, 0.20821951286789545, 0.1632599930319541, 0.10015286011781685, 11.587048861908855], "iteration": 0, "time_func_eval": 0.13750410079956055, "optimization_overhead": 0.0021665096282958984, "incumbents_value": 0.2615925987714526, "runtime": 0.14459824562072754}