{"incumbent": [85.59246131621246, 0.003958876030715495, 0.006051436440219872, 70.15760191931088, 0.08198176030494861, 0.7024806074012777, 0.7753836195951246, 14.695210920545463], "iteration": 12, "time_func_eval": 1.1404979228973389, "optimization_overhead": 0.1645336151123047, "incumbents_value": 0.0031772230670639168, "runtime": 11.032477140426636}