{"incumbent": [23.413340228108737, 0.0005594112908672349, 0.002064473792358225, 107.73787830257257, 0.16907156642366397, 0.12886136350468771, 0.564938917633885, 6.391162316887751], "iteration": 93, "time_func_eval": 0.2261660099029541, "optimization_overhead": 0.22566723823547363, "incumbents_value": 0.7933508446641945, "runtime": 65.67861008644104}