{"incumbent": [23.413340228108737, 0.0005594112908672349, 0.002064473792358225, 107.73787830257257, 0.16907156642366397, 0.12886136350468771, 0.564938917633885, 6.391162316887751], "iteration": 86, "time_func_eval": 0.8692114353179932, "optimization_overhead": 0.3067357540130615, "incumbents_value": 0.7933508446641945, "runtime": 60.42052960395813}