{"incumbents_value": 0.9882352941176471, "time_func_eval": 0.16789698600769043, "optimization_overhead": 0.3027000427246094, "incumbent": [11.832245548165456, 0.00017801132762381127, 0.0003103697318898557, 58.86087420701559, 0.7375485364291494, 0.8175008451264163, 0.8480423128062307, 7.744408787565501], "runtime": 30.917683362960815, "iteration": 27}