{"incumbents_value": 0.9882352941176471, "time_func_eval": 0.1780257225036621, "optimization_overhead": 0.17377114295959473, "incumbent": [11.832245548165456, 0.00017801132762381127, 0.0003103697318898557, 58.86087420701559, 0.7375485364291494, 0.8175008451264163, 0.8480423128062307, 7.744408787565501], "runtime": 25.641188621520996, "iteration": 23}