{"incumbents_value": 0.8377277049117632, "time_func_eval": 4.4399800300598145, "optimization_overhead": 0.23099064826965332, "incumbent": [133.96610915734877, 0.008565116866059914, 0.01635254065859623, 266.08187447492287, 0.026867931449194277, 0.8967872536401629, 0.952284044520305, 7.021685543088437], "runtime": 51.09314680099487, "iteration": 15}