{"runtime": 22.913126945495605, "optimization_overhead": 0.19956564903259277, "incumbent": [141.46891338003576, 0.0002422541681360802, 0.03912614541294062, 269.86357033594265, 0.5537078517606827, 0.7809792536201746, 0.996868744341478, 14.990094355933175], "time_func_eval": 0.0989987850189209, "incumbents_value": 0.46828948557664396, "iteration": 42}