{"runtime": 32.790114402770996, "optimization_overhead": 0.2712287902832031, "incumbent": [11.165285594782786, 0.001511151187103459, 0.023433424904530237, 65.08800928100051, 0.014487028673819678, 0.8284427655799942, 0.7284182673606637, 5.412468048775155], "time_func_eval": 0.03515982627868652, "incumbents_value": 0.4550269663437222, "iteration": 68}