{"runtime": 25.823195934295654, "optimization_overhead": 0.17472624778747559, "incumbent": [82.53523402841823, 0.0007260838473398253, 0.013848828372298495, 297.1071842786256, 0.8650050786768709, 0.8095939655208729, 0.8963533696870318, 13.478514096147629], "time_func_eval": 0.3529665470123291, "incumbents_value": 0.4607276733531286, "iteration": 49}