{"time_func_eval": 0.12856769561767578, "runtime": 46.54923391342163, "incumbent": [34.81994992803037, 0.0034502524787705623, 0.08539027626724557, 249.4409986568839, 0.5165515900602413, 0.8598189658271969, 0.7673668662406689, 7.346457082786629], "iteration": 86, "optimization_overhead": 0.36869144439697266, "incumbents_value": 0.8077955271565496}