{"runtime": 53.993647813797, "optimization_overhead": 0.24025607109069824, "incumbent": [149.05998235929286, 0.001478789009113552, 0.010577900669967399, 181.3537975339763, 0.021940166209029995, 0.6591124843484969, 0.5532443123139434, 14.01295147034184], "time_func_eval": 1.2473652362823486, "incumbents_value": 0.8819299853220443, "iteration": 96}