{"runtime": 7.972082138061523, "optimization_overhead": 0.18323183059692383, "incumbent": [136.69109575855575, 0.00425735631134281, 0.01422260517256186, 279.83753514504974, 0.14291107733221733, 0.17911162418350268, 0.18408443198065433, 5.324870205496723], "time_func_eval": 0.5635488033294678, "incumbents_value": 0.9725053657826767, "iteration": 17}