{"runtime": 12.747457265853882, "optimization_overhead": 0.16939043998718262, "incumbent": [140.32735396567398, 0.005077467717644375, 0.0021134092430743186, 274.4943785202356, 0.8471354599029415, 0.09309253184712883, 0.7677437146663335, 14.791411131573492], "time_func_eval": 0.11316418647766113, "incumbents_value": 0.9220769419535999, "iteration": 25}