{"runtime": 48.24607467651367, "optimization_overhead": 0.25461411476135254, "incumbent": [22.966793453989254, 0.009868194563076967, 0.003062657565492795, 280.9814597527938, 0.024701762268209006, 0.8198691687926656, 0.8617360543157251, 14.627418638320483], "time_func_eval": 0.45806145668029785, "incumbents_value": 0.8926696170921116, "iteration": 89}