{"incumbents_value": 0.11977344661002842, "time_func_eval": 0.024076223373413086, "optimization_overhead": 0.2655799388885498, "incumbent": [129.50983228579503, 1e-05, 0.0001, 291.23403939488225, 0.7651058423709349, 0.8025991445192773, 0.98910709288905, 5.0194629314582135], "runtime": 13.062548637390137, "iteration": 47}