{"incumbents_value": 0.11977344661002842, "time_func_eval": 0.031045198440551758, "optimization_overhead": 0.22384357452392578, "incumbent": [129.50983228579503, 1e-05, 0.0001, 291.23403939488225, 0.7651058423709349, 0.8025991445192773, 0.98910709288905, 5.0194629314582135], "runtime": 15.527153491973877, "iteration": 55}