{"incumbents_value": 0.7174762716064347, "iteration": 75, "runtime": 430.84907150268555, "incumbent": [149.6818774062558, 0.008186747035041865, 0.002890529303717054, 88.4773780868001, 0.611194509959239, 0.19610937711484894, 0.9963893951890697, 8.18350488999819], "optimization_overhead": 0.29453158378601074, "time_func_eval": 0.1535966396331787}