{"incumbents_value": 0.7174762716064347, "iteration": 65, "runtime": 355.81844210624695, "incumbent": [149.6818774062558, 0.008186747035041865, 0.002890529303717054, 88.4773780868001, 0.611194509959239, 0.19610937711484894, 0.9963893951890697, 8.18350488999819], "optimization_overhead": 0.2834937572479248, "time_func_eval": 0.12681269645690918}