{"runtime": 837.3100788593292, "incumbent": [133.70744400226104, 0.0003156921286164146, 0.007300246199760185, 215.88574516993478, 0.032101407962088845, 0.10533356847987545, 0.44131745666941324, 10.6354317981631], "optimization_overhead": 0.39773106575012207, "time_func_eval": 0.9960587024688721, "iteration": 99, "incumbents_value": 0.16080230756606861}