{"runtime": 13.420483350753784, "incumbent": [119.77843085872964, 0.0006031743044069599, 0.0028952617957900056, 171.79647994081554, 0.6728593759854331, 0.16523271912294912, 0.729075457030004, 14.79278028004831], "optimization_overhead": 0.2976863384246826, "time_func_eval": 6.91528582572937, "iteration": 7, "incumbents_value": 0.18149207152312086}