{"incumbents_value": 0.19323617460383136, "time_func_eval": 73.29173755645752, "optimization_overhead": 0.2393960952758789, "incumbent": [130.81590667062548, 0.01, 0.0002807811411677099, 188.7016105086655, 0.6198417032308592, 0.09, 0.0999, 11.868138243249716], "runtime": 736.3210072517395, "iteration": 32}