{"incumbents_value": 0.35837864387271934, "time_func_eval": 10.264048337936401, "optimization_overhead": 0.22905683517456055, "incumbent": [139.6954297213123, 0.0029775391214824304, 0.005879421166222037, 297.73208680589255, 0.6515451797160423, 0.8613793210822382, 0.9399547772361715, 5.202954413794333], "runtime": 35.4131121635437, "iteration": 3}