{"incumbents_value": 0.24803089157201463, "time_func_eval": 32.23322892189026, "optimization_overhead": 0.18733549118041992, "incumbent": [137.1353875572412, 0.008890480360983808, 0.0016595443387921406, 287.0550441554351, 0.172544013818169, 0.470012935230276, 0.5176401594094502, 5.217027115730655], "runtime": 171.34458231925964, "iteration": 13}