{"incumbents_value": 0.9281848795038182, "time_func_eval": 0.3676719665527344, "optimization_overhead": 0.25722479820251465, "incumbent": [136.010535786796, 0.009994903310332513, 0.013914261006352655, 97.60021478336479, 0.8555997975989037, 0.8664611994134889, 0.6730916823369847, 5.647000551090385], "runtime": 29.971051931381226, "iteration": 48}