{"runtime": 98.83989644050598, "optimization_overhead": 0.28695106506347656, "incumbent": [113.9448194693389, 1e-05, 0.0001, 107.84346755458208, 0.01, 0.9, 0.999, 13.310746909902791], "time_func_eval": 7.5171120166778564, "incumbents_value": 0.7584692699517577, "iteration": 55}