{"runtime": 80.22087740898132, "optimization_overhead": 0.23714947700500488, "incumbent": [113.9448194693389, 1e-05, 0.0001, 107.84346755458208, 0.01, 0.9, 0.999, 13.310746909902791], "time_func_eval": 0.08384013175964355, "incumbents_value": 0.7584692699517577, "iteration": 45}