{"runtime": 90.86622142791748, "optimization_overhead": 0.25331926345825195, "incumbent": [113.9448194693389, 1e-05, 0.0001, 107.84346755458208, 0.01, 0.9, 0.999, 13.310746909902791], "time_func_eval": 0.12949180603027344, "incumbents_value": 0.7584692699517577, "iteration": 54}