{"time_func_eval": 0.08921670913696289, "runtime": 46.66959500312805, "incumbents_value": 0.9652808491817779, "iteration": 80, "incumbent": [75.0967258831215, 0.005084025156473648, 0.009658469557990955, 191.72376591981188, 0.4641619781237092, 0.567252652407908, 0.43512835107441344, 11.746268778156342], "optimization_overhead": 0.23635268211364746}