{"time_func_eval": 0.04498147964477539, "runtime": 13.751517534255981, "incumbents_value": 0.9652808491817779, "iteration": 26, "incumbent": [75.0967258831215, 0.005084025156473648, 0.009658469557990955, 191.72376591981188, 0.4641619781237092, 0.567252652407908, 0.43512835107441344, 11.746268778156342], "optimization_overhead": 0.23315715789794922}