{"time_func_eval": 0.49657249450683594, "runtime": 14.91626238822937, "incumbents_value": 0.9652808491817779, "iteration": 29, "incumbent": [75.0967258831215, 0.005084025156473648, 0.009658469557990955, 191.72376591981188, 0.4641619781237092, 0.567252652407908, 0.43512835107441344, 11.746268778156342], "optimization_overhead": 0.17088556289672852}