{"optimization_overhead": 0.566493034362793, "time_func_eval": 7.766307353973389, "iteration": 64, "runtime": 274.5930769443512, "incumbents_value": 0.9278849467338312, "incumbent": [142.00945086900413, 0.0006355837272570023, 0.009144834214510449, 66.5144637249199, 0.8990013153485877, 0.7971298336673387, 0.6343259451771552, 7.726623868940834]}