{"optimization_overhead": 0.6536111831665039, "time_func_eval": 1.990809440612793, "iteration": 71, "runtime": 313.0811221599579, "incumbents_value": 0.9278849467338312, "incumbent": [142.00945086900413, 0.0006355837272570023, 0.009144834214510449, 66.5144637249199, 0.8990013153485877, 0.7971298336673387, 0.6343259451771552, 7.726623868940834]}