{"optimization_overhead": 0.609935998916626, "time_func_eval": 0.1055765151977539, "iteration": 50, "runtime": 216.73346185684204, "incumbents_value": 0.9334112975651245, "incumbent": [145.78913881181134, 0.007484710284472995, 0.0025177422447042255, 288.27396440927197, 0.6905621548259643, 0.5157685888634522, 0.9848600961495728, 5.751538633807632]}