{"time_func_eval": 0.018589258193969727, "runtime": 5.522589921951294, "incumbents_value": 0.3955200501253133, "iteration": 21, "incumbent": [96.94241441640247, 0.004454827154941014, 0.019936196402173985, 290.05147377546314, 0.12358859092632701, 0.8657014362775933, 0.9608634089797603, 12.215321237747595], "optimization_overhead": 0.17149662971496582}