{"runtime": 159.66637229919434, "iteration": 90, "time_func_eval": 0.056009769439697266, "incumbent": [146.05255190106763, 0.0004923806067983455, 0.013385362483322394, 244.57916361692327, 0.11400027293293856, 0.1593371959982275, 0.9140844256119557, 14.928995879802955], "incumbents_value": 0.9061771561771562, "optimization_overhead": 0.4946608543395996}