{"runtime": 44.52450251579285, "iteration": 28, "time_func_eval": 1.109147071838379, "incumbent": [7.19932752559147, 0.00915308734553854, 0.008777965876740863, 282.37815118450686, 0.4262216549691445, 0.15129294233525073, 0.8952656580797308, 14.62078490816008], "incumbents_value": 0.9137538569867398, "optimization_overhead": 0.3625755310058594}