{"runtime": 0.7722437381744385, "iteration": 2, "time_func_eval": 0.11142325401306152, "incumbent": [96.94241441640247, 0.004454827154941014, 0.019936196402173985, 290.05147377546314, 0.12358859092632701, 0.8657014362775933, 0.9608634089797603, 12.215321237747595], "incumbents_value": 0.9190005977120324, "optimization_overhead": 0.003285487492879232}