{"runtime": 15.103870868682861, "iteration": 9, "time_func_eval": 1.372180700302124, "incumbent": [96.94241441640247, 0.004454827154941014, 0.019936196402173985, 290.05147377546314, 0.12358859092632701, 0.8657014362775933, 0.9608634089797603, 12.215321237747595], "incumbents_value": 0.9190005977120324, "optimization_overhead": 0.36297130584716797}