{"runtime": 134.23160195350647, "iteration": 78, "time_func_eval": 0.042316436767578125, "incumbent": [7.19932752559147, 0.00915308734553854, 0.008777965876740863, 282.37815118450686, 0.4262216549691445, 0.15129294233525073, 0.8952656580797308, 14.62078490816008], "incumbents_value": 0.9137538569867398, "optimization_overhead": 0.539724588394165}