{"runtime": 152.21025013923645, "iteration": 85, "time_func_eval": 10.166599035263062, "incumbent": [146.05255190106763, 0.0004923806067983455, 0.013385362483322394, 244.57916361692327, 0.11400027293293856, 0.1593371959982275, 0.9140844256119557, 14.928995879802955], "incumbents_value": 0.9061771561771562, "optimization_overhead": 0.5724892616271973}