{"incumbent": [141.37162652159543, 0.008268655093757077, 0.04250824475443341, 282.795610017129, 0.04091544374249048, 0.7652746439750423, 0.6714765359955165, 5.524230015465057], "iteration": 91, "time_func_eval": 0.037137508392333984, "optimization_overhead": 0.19601082801818848, "incumbents_value": 0.18759018759018753, "runtime": 22.110546827316284}