{"incumbents_value": 0.1705966836401619, "time_func_eval": 0.020825862884521484, "optimization_overhead": 0.2274932861328125, "incumbent": [109.72571935092661, 0.00951039451817044, 0.013906604566175302, 54.54149926365324, 0.8830425837864003, 0.7505122322340565, 0.8988981356836836, 12.051669273468677], "runtime": 7.997718095779419, "iteration": 32}