{"incumbents_value": 0.3001010101010101, "time_func_eval": 0.6418993473052979, "optimization_overhead": 0.2561075687408447, "incumbent": [140.84971066559842, 1e-05, 0.1, 110.69451291832048, 0.01, 0.09, 0.2113282407771437, 13.328132691520628], "runtime": 9.558114290237427, "iteration": 11}