{"incumbents_value": 0.29265070792585024, "time_func_eval": 0.12651538848876953, "optimization_overhead": 0.2159898281097412, "incumbent": [87.27447943440333, 0.009736529669943393, 0.004448590590688286, 284.7481209886444, 0.01354254873285751, 0.4698889378817145, 0.17592348094613422, 8.051540329319552], "runtime": 21.235168933868408, "iteration": 31}