{"optimization_overhead": 0.2537698745727539, "runtime": 22.874125242233276, "incumbent": [139.09640381673137, 0.0007237376402714949, 0.004944268396784552, 243.08874800503278, 0.7993205170833202, 0.6541888996583641, 0.29540756223667597, 12.869548584972854], "incumbents_value": 0.12851516063774737, "time_func_eval": 0.23470306396484375, "iteration": 28}