{"runtime": 60.05755615234375, "optimization_overhead": 0.2593200206756592, "iteration": 4, "incumbent": [28.580117752075036, 0.0008777469211435383, 0.006301888931228675, 129.29196546876648, 0.030133679722239015, 0.841454368169519, 0.4861311597913171, 14.874551834655875], "incumbents_value": 0.011899133765966075, "time_func_eval": 19.93080234527588}