{"runtime": 1447.5958812236786, "optimization_overhead": 0.4604029655456543, "iteration": 54, "incumbent": [134.94785237020494, 0.009600756112913368, 0.002153890282177319, 278.2019962893563, 0.6583451343390191, 0.7504034628791773, 0.9932621047685563, 7.341950665969784], "incumbents_value": 0.0, "time_func_eval": 1.0324532985687256}