{"runtime": 1047.8375866413116, "optimization_overhead": 0.38063788414001465, "iteration": 37, "incumbent": [134.94785237020494, 0.009600756112913368, 0.002153890282177319, 278.2019962893563, 0.6583451343390191, 0.7504034628791773, 0.9932621047685563, 7.341950665969784], "incumbents_value": 0.0, "time_func_eval": 41.86724090576172}