{"runtime": 1275.6863987445831, "optimization_overhead": 0.26557016372680664, "iteration": 25, "incumbent": [146.9107449900949, 0.0016930151363065095, 0.0001, 249.5269786956002, 0.6267611394162305, 0.21983875897750943, 0.6696660194226705, 6.13972537675479], "incumbents_value": 0.02380384632997501, "time_func_eval": 104.92119264602661}