{"runtime": 1390.0042653083801, "optimization_overhead": 0.37422752380371094, "iteration": 30, "incumbent": [146.9107449900949, 0.0016930151363065095, 0.0001, 249.5269786956002, 0.6267611394162305, 0.21983875897750943, 0.6696660194226705, 6.13972537675479], "incumbents_value": 0.02380384632997501, "time_func_eval": 26.766196966171265}