{"runtime": 2839.028135061264, "optimization_overhead": 0.35454392433166504, "iteration": 52, "incumbent": [143.65595329125134, 0.0002293793930090001, 0.002314284348070115, 286.2790119596032, 0.23422533259560951, 0.7917014375392217, 0.935661190107349, 13.084288654586812], "incumbents_value": 0.008696965164679882, "time_func_eval": 104.43930673599243}