{"incumbents_value": 0.0, "time_func_eval": 0.01603984832763672, "optimization_overhead": 0.18469524383544922, "incumbent": [149.01498565785568, 0.0027783324657105098, 0.011991124827256103, 277.11519950837976, 0.6835415548502478, 0.8417873984004597, 0.9294490140716123, 12.462823456252096], "runtime": 21.905548572540283, "iteration": 72}