{"incumbents_value": 0.0, "time_func_eval": 0.11980628967285156, "optimization_overhead": 0.24194836616516113, "incumbent": [149.01498565785568, 0.0027783324657105098, 0.011991124827256103, 277.11519950837976, 0.6835415548502478, 0.8417873984004597, 0.9294490140716123, 12.462823456252096], "runtime": 14.16868543624878, "iteration": 49}