{"incumbents_value": 0.1807984455043279, "time_func_eval": 0.07730722427368164, "optimization_overhead": 0.18268179893493652, "incumbent": [69.10813824696021, 0.008756148121399212, 0.012629953666092868, 50.69353641013778, 0.041573370188876885, 0.7741807856488426, 0.7928342076789505, 6.56456942058664], "runtime": 3.1286206245422363, "iteration": 13}