{"incumbent": [148.33005637137632, 0.009320992513647583, 0.007111218062271632, 256.71729997601676, 0.2026329410763317, 0.8452216600439731, 0.7727815185242778, 12.362592530607056], "runtime": 18.8031644821167, "iteration": 55, "time_func_eval": 0.017615318298339844, "incumbents_value": 0.6915738025415445, "optimization_overhead": 0.2774314880371094}