{"runtime": 21.70461416244507, "incumbents_value": -61.40069174681032, "iteration": 61, "incumbent": [3.7243659414066594, 5.0, 2.066236109546059, 0.6237094668508827], "time_func_eval": 1.7881393432617188e-05, "optimization_overhead": 0.43340206146240234}