{"runtime": 28.210606813430786, "incumbents_value": -61.40069174681032, "iteration": 76, "incumbent": [3.7243659414066594, 5.0, 2.066236109546059, 0.6237094668508827], "time_func_eval": 1.7404556274414062e-05, "optimization_overhead": 0.47190260887145996}