{"runtime": 39.328141927719116, "incumbents_value": -61.40069174681032, "iteration": 99, "incumbent": [3.7243659414066594, 5.0, 2.066236109546059, 0.6237094668508827], "time_func_eval": 1.7881393432617188e-05, "optimization_overhead": 0.32863783836364746}