{"runtime": 31.402559995651245, "incumbents_value": -61.40069174681032, "iteration": 83, "incumbent": [3.7243659414066594, 5.0, 2.066236109546059, 0.6237094668508827], "time_func_eval": 1.430511474609375e-05, "optimization_overhead": 0.4041595458984375}