{"runtime": 11.3684983253479, "incumbents_value": -61.39928013170057, "iteration": 34, "incumbent": [3.7225006599578006, 5.0, 2.0979114853500698, 0.5870529177237197], "time_func_eval": 1.4543533325195312e-05, "optimization_overhead": 0.5870683193206787}