{"runtime": 12.44124960899353, "incumbents_value": -61.39928013170057, "iteration": 37, "incumbent": [3.7225006599578006, 5.0, 2.0979114853500698, 0.5870529177237197], "time_func_eval": 1.5497207641601562e-05, "optimization_overhead": 0.3226895332336426}