{"incumbents_value": 0.8332010515312223, "time_func_eval": 0.06892514228820801, "optimization_overhead": 0.3041539192199707, "incumbent": [132.73934420847849, 0.0018781505795329835, 0.004102560161461442, 295.3851353906001, 0.8359268449279874, 0.16426073329010732, 0.24319017101674972, 14.77131153400631], "runtime": 88.27517175674438, "iteration": 94}