{"optimization_overhead": 0.22565078735351562, "runtime": 4.633386135101318, "incumbent": [96.74679613257788, 0.0003132135065538735, 0.028286175513458953, 278.9658459084187, 0.20500388326662117, 0.8644419028395228, 0.8266633730707613, 12.532395276744811], "incumbents_value": 0.5233618233618234, "time_func_eval": 0.026012897491455078, "iteration": 16}