{"incumbents_value": 0.0, "time_func_eval": 1.756873607635498, "optimization_overhead": 0.3455202579498291, "incumbent": [129.92454774055113, 1e-05, 0.0001, 292.32916250786474, 0.5755766747025318, 0.8597978067004756, 0.9364067347508628, 5.0], "runtime": 57.24119472503662, "iteration": 44}