{"incumbents_value": 0.050657214591640964, "time_func_eval": 1.394301414489746, "optimization_overhead": 0.2403428554534912, "incumbent": [147.3788352796059, 0.0012831873891157983, 0.0026480465574906945, 291.2567543737669, 0.6772644203957173, 0.8468882634137522, 0.5932526002929495, 14.482188171798427], "runtime": 5.651920795440674, "iteration": 4}