{"incumbents_value": 0.0, "time_func_eval": 0.0576174259185791, "optimization_overhead": 0.19333362579345703, "incumbent": [129.92454774055113, 1e-05, 0.0001, 292.32916250786474, 0.5755766747025318, 0.8597978067004756, 0.9364067347508628, 5.0], "runtime": 84.62724137306213, "iteration": 75}