{"runtime": 35.36868214607239, "optimization_overhead": 0.2438521385192871, "incumbent": [37.19177116844091, 0.00017023070420048856, 0.01432464378415881, 217.98651753102493, 0.24271128683115453, 0.8440501198555279, 0.9615651506270662, 14.662005070193691], "time_func_eval": 0.13667941093444824, "incumbents_value": 0.459230853714646, "iteration": 77}