{"runtime": 1.2327635288238525, "optimization_overhead": 0.0023502508799235025, "incumbent": [149.9743116803569, 1e-05, 0.0001, 111.25192809415499, 0.9, 0.09, 0.999, 5.135362136732601], "time_func_eval": 1.2250127792358398, "incumbents_value": 0.5818479077126857, "iteration": 0}