{"incumbents_value": 0.5352616731927078, "time_func_eval": 0.006888151168823242, "optimization_overhead": 0.1792757511138916, "incumbent": [50.18590894617349, 0.00993411340687097, 0.028921397031983334, 283.0346794607116, 0.06257044697444925, 0.42593479459452144, 0.10557826825423991, 14.139019013491609], "runtime": 2.1833200454711914, "iteration": 10}