{"iteration": 15, "incumbents_value": 0.5810497278183937, "incumbent": [25.136959621993764, 0.009799972791094147, 0.004633677056058519, 101.28402618011205, 0.40199073144440595, 0.8900885739621012, 0.9826773961665807, 14.500560326502688], "time_func_eval": 2.8431921005249023, "runtime": 25.087707042694092, "optimization_overhead": 0.21255803108215332}