{"incumbents_value": 0.791569465718662, "time_func_eval": 0.389115571975708, "optimization_overhead": 0.22816824913024902, "incumbent": [14.338231411669243, 0.0005987555919163779, 0.0017816659246088346, 59.2067061415439, 0.21514504086742314, 0.12866950600963745, 0.29622729315952445, 5.360797668486717], "runtime": 19.768664121627808, "iteration": 35}