{"incumbents_value": 0.791569465718662, "time_func_eval": 0.4096262454986572, "optimization_overhead": 0.2337956428527832, "incumbent": [14.338231411669243, 0.0005987555919163779, 0.0017816659246088346, 59.2067061415439, 0.21514504086742314, 0.12866950600963745, 0.29622729315952445, 5.360797668486717], "runtime": 32.54283404350281, "iteration": 61}