{"incumbents_value": 0.791569465718662, "time_func_eval": 0.08436441421508789, "optimization_overhead": 0.1593022346496582, "incumbent": [14.338231411669243, 0.0005987555919163779, 0.0017816659246088346, 59.2067061415439, 0.21514504086742314, 0.12866950600963745, 0.29622729315952445, 5.360797668486717], "runtime": 14.402736186981201, "iteration": 30}