{"incumbents_value": 0.8530037196673009, "time_func_eval": 0.20797491073608398, "optimization_overhead": 0.19466376304626465, "incumbent": [22.064615915830792, 0.0008397750836146387, 0.003961756141806811, 128.88852158794504, 0.8669602999924204, 0.8959581976811967, 0.9021300644489815, 13.301747250375122], "runtime": 69.60417747497559, "iteration": 64}