{"incumbents_value": 0.9267195345630512, "time_func_eval": 0.03823995590209961, "optimization_overhead": 0.17771005630493164, "incumbent": [128.4777684027412, 0.0003999356645263575, 0.00013242122031971055, 263.683989616948, 0.8758485862778332, 0.2727005676102508, 0.966072291978149, 14.533529175874328], "runtime": 31.153892755508423, "iteration": 25}