{"incumbents_value": 0.8530037196673009, "time_func_eval": 0.26131129264831543, "optimization_overhead": 0.270888090133667, "incumbent": [22.064615915830792, 0.0008397750836146387, 0.003961756141806811, 128.88852158794504, 0.8669602999924204, 0.8959581976811967, 0.9021300644489815, 13.301747250375122], "runtime": 64.74298191070557, "iteration": 54}