{"incumbent": [13.04579604516752, 0.003841198274627482, 0.016701551746783408, 152.13075301485972, 0.8842307044274255, 0.09536215686645458, 0.9978010203198022, 14.50727735971824], "time_func_eval": 11.81725263595581, "optimization_overhead": 0.3005228042602539, "runtime": 404.68379616737366, "iteration": 81, "incumbents_value": 0.4310924349276519}