{"incumbent": [136.42519076503103, 7.276557419484162e-05, 0.016035969596311043, 61.26103923428096, 0.2580676236301289, 0.7726063584174864, 0.7542445610544757, 14.612916917590724], "time_func_eval": 0.29634761810302734, "optimization_overhead": 0.2539098262786865, "runtime": 38.212148904800415, "iteration": 11, "incumbents_value": 0.45676905807196655}