{"incumbents_value": 0.03341687552213879, "time_func_eval": 0.03465580940246582, "optimization_overhead": 0.2319943904876709, "incumbent": [93.5617444786457, 0.007700050876675785, 0.022876103289535904, 265.09023863532445, 0.7980191069396607, 0.8925593755486915, 0.9354210964798896, 7.609598457198542], "runtime": 13.545582056045532, "iteration": 55}