{"incumbents_value": 0.038019619962281426, "time_func_eval": 0.014022111892700195, "optimization_overhead": 0.16878676414489746, "incumbent": [70.44955107806057, 0.004913612214468201, 0.018168233284422856, 189.68016239612123, 0.3236727479620534, 0.8188866919598836, 0.9654318345022994, 12.666346372401694], "runtime": 5.417690992355347, "iteration": 25}