{"incumbent": [38.31328931228532, 0.00819699669534717, 0.0035410428582151932, 59.724244234293465, 0.1148831470874537, 0.1046471531099722, 0.28942555805213466, 12.52573709916222], "iteration": 19, "time_func_eval": 0.6130743026733398, "optimization_overhead": 0.17327141761779785, "incumbents_value": 0.049128890476708875, "runtime": 19.5488224029541}