{"incumbent": [129.18557738199218, 0.009688463165711569, 0.085134818441274, 68.00525485127812, 0.7267056866336363, 0.3631623954515707, 0.9910743451491032, 12.868581972059712], "iteration": 84, "time_func_eval": 0.2273561954498291, "optimization_overhead": 0.19439220428466797, "incumbents_value": 0.04603591377907379, "runtime": 93.58630228042603}