{"incumbent": [123.32930731229344, 0.00813955596665799, 0.012932078649827069, 282.8315419969433, 0.7294759751242501, 0.693204926059153, 0.8184923680681071, 5.327868854490177], "iteration": 46, "time_func_eval": 0.697786808013916, "optimization_overhead": 0.1887495517730713, "incumbents_value": 0.046275185872285074, "runtime": 56.90769624710083}