{"incumbents_value": 0.7539259259259259, "time_func_eval": 0.0229032039642334, "optimization_overhead": 0.2138054370880127, "incumbent": [74.56104605968113, 0.006281509107790748, 0.00864541238591234, 158.94445076919806, 0.8697137473090911, 0.7758314834352906, 0.44383153058142044, 13.223313472909417], "runtime": 3.648862838745117, "iteration": 14}