{"incumbents_value": 0.7539259259259259, "time_func_eval": 0.06067204475402832, "optimization_overhead": 0.00016673405965169272, "incumbent": [74.56104605968113, 0.006281509107790748, 0.00864541238591234, 158.94445076919806, 0.8697137473090911, 0.7758314834352906, 0.44383153058142044, 13.223313472909417], "runtime": 0.21668267250061035, "iteration": 2}