{"incumbents_value": 0.7198135198135198, "time_func_eval": 0.032091379165649414, "optimization_overhead": 0.21062994003295898, "incumbent": [38.80971999946335, 0.00933390528091092, 0.051001375477208885, 51.9995019392004, 0.3403732903013468, 0.8195209327151838, 0.9728953239543414, 14.918039686680025], "runtime": 16.357731819152832, "iteration": 50}