{"incumbents_value": 0.6048103588887634, "time_func_eval": 0.8685774803161621, "optimization_overhead": 0.23585152626037598, "incumbent": [65.3987747955358, 0.005710800069570497, 0.00695828471442175, 101.90152835446537, 0.48361905835036123, 0.288939930014144, 0.929214805985182, 7.576604692130286], "runtime": 25.461994409561157, "iteration": 8}