{"incumbents_value": 0.6048103588887634, "time_func_eval": 0.41075801849365234, "optimization_overhead": 0.21524834632873535, "incumbent": [65.3987747955358, 0.005710800069570497, 0.00695828471442175, 101.90152835446537, 0.48361905835036123, 0.288939930014144, 0.929214805985182, 7.576604692130286], "runtime": 24.334611654281616, "iteration": 7}