{"incumbents_value": 0.5674379561708787, "time_func_eval": 8.940990447998047, "optimization_overhead": 0.3115208148956299, "incumbent": [146.56345393487064, 0.0013485800328154412, 0.0017029090289055904, 200.8562689797041, 0.020012984009263823, 0.13943191459207657, 0.7991450508607492, 14.645983453483623], "runtime": 487.0931725502014, "iteration": 92}