{"incumbents_value": 0.6036163609094977, "time_func_eval": 14.592135667800903, "optimization_overhead": 0.21321964263916016, "incumbent": [147.17750162450253, 0.00036505547096339207, 0.003140028488504139, 161.32640179756265, 0.30963314118455126, 0.100672175996453, 0.10933421560220218, 10.597398394328748], "runtime": 344.62863659858704, "iteration": 64}