{"incumbents_value": 0.9747340425531915, "time_func_eval": 1.5001826286315918, "optimization_overhead": 0.187239408493042, "incumbent": [110.15545227775942, 0.0073921885757418345, 0.013681127184675148, 111.3726501612258, 0.8884125526354337, 0.21687382271726444, 0.9378778981182628, 14.775267637455013], "runtime": 45.96352458000183, "iteration": 28}