{"incumbents_value": 0.9709429824561403, "time_func_eval": 2.7847232818603516, "optimization_overhead": 0.4305703639984131, "incumbent": [112.2883962080362, 0.003492839432781075, 0.004750317100774871, 245.67089991445445, 0.8554482552455726, 0.30572641111171706, 0.15395295917904242, 14.947479597072252], "runtime": 120.4291079044342, "iteration": 81}