{"incumbents_value": 0.5095238095238095, "time_func_eval": 0.014954090118408203, "optimization_overhead": 0.1909468173980713, "incumbent": [33.03385651735657, 0.009424907006775925, 0.0010467889954142184, 240.63568356819218, 0.7125881307201268, 0.12098627620754311, 0.948874066997247, 14.57638090146697], "runtime": 4.361078977584839, "iteration": 20}