{"incumbents_value": 0.460536398467433, "time_func_eval": 0.02947402000427246, "optimization_overhead": 0.2563788890838623, "incumbent": [61.09580453766637, 0.00014943971590562264, 0.0008017268449269429, 189.10674577905922, 0.019556150749859627, 0.8113885734575509, 0.9850682204860057, 14.834018925563337], "runtime": 25.74815344810486, "iteration": 93}