{"incumbents_value": 0.501763668430335, "time_func_eval": 0.021232128143310547, "optimization_overhead": 0.21020245552062988, "incumbent": [147.4695853671079, 0.0009742733179518006, 0.025180916956802524, 107.82178787139452, 0.8080588888255955, 0.8050499804054585, 0.85618145956607, 14.159157535766298], "runtime": 14.692678689956665, "iteration": 58}