{"incumbents_value": 0.9602767602767602, "time_func_eval": 0.023263216018676758, "optimization_overhead": 0.2633860111236572, "incumbent": [6.5513161036438, 0.0014065769576653729, 0.01094940578806696, 261.39228913192534, 0.028702228847289242, 0.813406699111425, 0.39276433523456594, 14.215954654305524], "runtime": 13.725022554397583, "iteration": 14}