{"incumbents_value": 0.9251711948064466, "time_func_eval": 0.06996512413024902, "optimization_overhead": 0.22707581520080566, "incumbent": [7.573051770247695, 0.008897187796260034, 0.0042567166797450985, 209.99358014547784, 0.5828814008354695, 0.864858064182902, 0.7830008556125078, 13.901470681631544], "runtime": 32.066142320632935, "iteration": 39}