{"incumbents_value": 0.9251711948064466, "time_func_eval": 0.09672951698303223, "optimization_overhead": 0.22028112411499023, "incumbent": [7.573051770247695, 0.008897187796260034, 0.0042567166797450985, 209.99358014547784, 0.5828814008354695, 0.864858064182902, 0.7830008556125078, 13.901470681631544], "runtime": 33.82958483695984, "iteration": 43}