{"incumbents_value": 0.5080938070735114, "time_func_eval": 0.8641941547393799, "optimization_overhead": 0.28299450874328613, "incumbent": [145.29812853946152, 0.0003299913620008803, 0.01655286785628159, 278.79081481520785, 0.04641297855919544, 0.758165481117716, 0.8359407485490017, 12.028383077213167], "runtime": 219.24472832679749, "iteration": 90}