{"incumbents_value": 0.5080938070735114, "time_func_eval": 0.5448055267333984, "optimization_overhead": 0.21523594856262207, "incumbent": [145.29812853946152, 0.0003299913620008803, 0.01655286785628159, 278.79081481520785, 0.04641297855919544, 0.758165481117716, 0.8359407485490017, 12.028383077213167], "runtime": 241.21285486221313, "iteration": 98}