{"incumbents_value": 0.5286610727502956, "time_func_eval": 3.6098930835723877, "optimization_overhead": 0.20215559005737305, "incumbent": [22.529571229121398, 0.009682915273114264, 0.014605484098456942, 296.9438852691792, 0.1710742686639604, 0.8575368902396723, 0.9960414537395696, 10.665674760731493], "runtime": 42.71302604675293, "iteration": 35}