{"time_func_eval": 0.18033576011657715, "runtime": 0.183396577835083, "incumbents_value": 0.18373145034385008, "iteration": 0, "incumbent": [75.0967258831215, 0.005084025156473648, 0.009658469557990955, 191.72376591981188, 0.4641619781237092, 0.567252652407908, 0.43512835107441344, 11.746268778156342], "optimization_overhead": 0.0008881886800130209}