{"time_func_eval": 0.10034418106079102, "runtime": 30.719767808914185, "incumbents_value": 0.1354451345755694, "iteration": 96, "incumbent": [71.29126976427801, 0.009707471221774342, 0.09649982720910052, 215.8792604710187, 0.5379962352940472, 0.8675605692990226, 0.45271396312999035, 5.898966485411704], "optimization_overhead": 0.20957374572753906}