{"time_func_eval": 0.3692350387573242, "runtime": 12.345073223114014, "incumbents_value": 0.16428467417696913, "iteration": 41, "incumbent": [41.95429143739099, 0.007413523488716048, 0.09480549701078515, 53.27842240691659, 0.26613474100799955, 0.8957250464780172, 0.7085768892027896, 5.141141524651833], "optimization_overhead": 0.23485350608825684}