{"incumbents_value": 0.626618941945517, "time_func_eval": 0.7788259983062744, "optimization_overhead": 0.30528831481933594, "incumbent": [15.614726441396929, 0.0015321134460215663, 0.002249757744626168, 100.8446623867958, 0.07429889583083572, 0.8763591387170703, 0.8038398312115183, 10.875335514007936], "runtime": 34.01039433479309, "iteration": 59}