{"incumbents_value": 0.763092838098722, "time_func_eval": 0.131026029586792, "optimization_overhead": 0.20813798904418945, "incumbent": [148.51439170653416, 0.008564283977620183, 0.0173324210682306, 72.2212409436383, 0.8971482950268651, 0.7063048027757307, 0.9899692527175757, 8.123510285375833], "runtime": 3.8292598724365234, "iteration": 9}