{"incumbents_value": 0.5856419669073878, "time_func_eval": 0.14918971061706543, "optimization_overhead": 0.4325234889984131, "incumbent": [6.571383685813972, 0.00744558027652311, 0.0035064869895017423, 222.15171314185304, 0.6402660080522471, 0.14447731038072925, 0.41278583978996086, 14.82630203217066], "runtime": 57.883867025375366, "iteration": 96}