{"incumbents_value": 0.5856419669073878, "time_func_eval": 1.1095139980316162, "optimization_overhead": 0.2747969627380371, "incumbent": [6.571383685813972, 0.00744558027652311, 0.0035064869895017423, 222.15171314185304, 0.6402660080522471, 0.14447731038072925, 0.41278583978996086, 14.82630203217066], "runtime": 48.91886639595032, "iteration": 83}