{"incumbents_value": 0.053213842687526935, "time_func_eval": 0.06065630912780762, "optimization_overhead": 0.23569798469543457, "incumbent": [81.93705256412395, 0.009873654208167895, 0.025952764700475087, 178.85912161790165, 0.8771587779806713, 0.8508730043063428, 0.6773545860164749, 8.542878990289417], "runtime": 37.65512204170227, "iteration": 99}