{"incumbents_value": 0.9373544926101525, "time_func_eval": 0.7284045219421387, "optimization_overhead": 0.3114941120147705, "incumbent": [18.260742085021644, 0.004768706576730259, 0.0028201004877285284, 278.2920245093332, 0.06414480244893309, 0.8964549861226155, 0.9003867668436123, 5.9896803230332605], "runtime": 69.24138617515564, "iteration": 58}