{"runtime": 32.481609582901, "optimization_overhead": 0.40988659858703613, "iteration": 18, "incumbent": [14.041085283343014, 0.0019122405429280688, 0.027493939414846118, 256.6909652148106, 0.1015083426263767, 0.8642803005942716, 0.9987957038793006, 12.774064906368912], "incumbents_value": 0.02379554923866123, "time_func_eval": 0.8451054096221924}