{"runtime": 109.80869841575623, "optimization_overhead": 0.5182433128356934, "iteration": 61, "incumbent": [142.42330846546423, 0.002968249905367785, 0.003300018344819852, 138.28743153109056, 0.7559194686870427, 0.8621812410871637, 0.8798890759655996, 9.085458816552832], "incumbents_value": 0.023549149493517274, "time_func_eval": 1.8327937126159668}