{"optimization_overhead": 0.27930212020874023, "runtime": 13.647654056549072, "incumbent": [142.6442585609963, 0.0075010772308567565, 0.006654536909383019, 57.088550832096416, 0.02057818254984269, 0.5434854521040877, 0.14742904410108348, 9.690476444968287], "incumbents_value": 0.9783950617283951, "time_func_eval": 0.0461421012878418, "iteration": 31}