{"optimization_overhead": 0.4169270992279053, "runtime": 33.09304714202881, "incumbent": [4.8845591598122695, 0.00028509727115077685, 0.010379949270755875, 143.36495903651434, 0.6801565750466114, 0.5681192900558913, 0.12173478664742399, 14.354140612547424], "incumbents_value": 0.9743589743589743, "time_func_eval": 0.19514107704162598, "iteration": 75}