{"incumbents_value": 0.07636634199134207, "time_func_eval": 0.23378324508666992, "optimization_overhead": 0.17336511611938477, "incumbent": [135.7424783115229, 0.00427021039578487, 0.013724891777396407, 70.13315613809866, 0.7721444477365, 0.8415177924465055, 0.9087168365369008, 13.020384627475321], "runtime": 1.7156310081481934, "iteration": 6}