{"incumbents_value": 0.043500052502303155, "time_func_eval": 0.2998640537261963, "optimization_overhead": 0.2032625675201416, "incumbent": [15.253449177765221, 1e-05, 0.1, 291.18661469327805, 0.01, 0.9, 0.999, 5.753434132003775], "runtime": 31.11636781692505, "iteration": 82}