{"incumbents_value": 0.3225024346482518, "time_func_eval": 0.83976149559021, "optimization_overhead": 0.1610562801361084, "incumbent": [16.27405034858718, 0.006026019205009604, 0.008283562626374944, 95.98639859780425, 0.8999068973760233, 0.18633097953269484, 0.5192070470002591, 13.193820529639833], "runtime": 11.158490896224976, "iteration": 9}