{"incumbents_value": 0.28687400068297597, "time_func_eval": 0.4914276599884033, "optimization_overhead": 0.38858962059020996, "incumbent": [87.8157118434943, 0.009649401812630569, 0.0045363817180843315, 155.70764504687065, 0.8280205429748833, 0.49520515266956666, 0.10270554619344469, 13.323770436164839], "runtime": 109.52558994293213, "iteration": 85}