{"incumbents_value": 0.6838000029489391, "time_func_eval": 0.015829801559448242, "optimization_overhead": 0.16397452354431152, "incumbent": [5.448399577671164, 0.004068635537788745, 0.0028476269959188867, 168.11926870041924, 0.19085924929653114, 0.2586047619048942, 0.11631455265079005, 13.71939996237282], "runtime": 1.3365755081176758, "iteration": 7}