{"incumbents_value": 0.508401320901321, "time_func_eval": 0.028537273406982422, "optimization_overhead": 0.1857306957244873, "incumbent": [12.185227002760481, 0.0007091202458702081, 0.02899452943575633, 132.77448221348175, 0.8996461909208653, 0.5749172842869843, 0.9272822656936462, 7.196009170134787], "runtime": 14.220431804656982, "iteration": 55}