{"incumbents_value": 0.6838000029489391, "time_func_eval": 0.07700657844543457, "optimization_overhead": 0.0001373291015625, "incumbent": [5.448399577671164, 0.004068635537788745, 0.0028476269959188867, 168.11926870041924, 0.19085924929653114, 0.2586047619048942, 0.11631455265079005, 13.71939996237282], "runtime": 0.1587693691253662, "iteration": 1}