{"runtime": 1407.4333186149597, "optimization_overhead": 0.41760993003845215, "iteration": 11, "incumbent": [146.82787151460946, 0.005224118537913549, 0.0014805373468107597, 249.46833297169988, 0.49650392899252915, 0.350742361512401, 0.960304693734919, 6.231758508244526], "incumbents_value": 0.011755699336997716, "time_func_eval": 36.39648175239563}