{"incumbents_value": 0.1184356082843755, "time_func_eval": 9.005431652069092, "optimization_overhead": 0.26304173469543457, "incumbent": [99.77990281378553, 0.0015407471950635802, 0.005027772424087847, 77.41934084106514, 0.29070083565243615, 0.8368729196720498, 0.4278936356969867, 12.172526602668633], "runtime": 536.472336769104, "iteration": 92}