{"time_func_eval": 0.012482404708862305, "runtime": 15.509880304336548, "incumbents_value": 0.383657437333908, "iteration": 57, "incumbent": [148.38241017980107, 0.008908360808593826, 0.018675488365363143, 122.27050542471002, 0.7782741757242894, 0.8235593657995626, 0.8532712366109373, 6.726805701726185], "optimization_overhead": 0.21405506134033203}