{"incumbent": [125.59547624964809, 0.004723914440749228, 0.004604568298861864, 82.87416190080933, 0.020146489355185034, 0.7528983515961966, 0.17266522264847178, 7.1876047692785665], "iteration": 84, "time_func_eval": 0.010696887969970703, "optimization_overhead": 0.2052159309387207, "incumbents_value": 0.5923687423687423, "runtime": 21.31488585472107}