{"incumbent": [141.2082694055995, 0.004460868367029463, 0.0016685246752533769, 64.35425950927396, 0.815096752360503, 0.8021986954942648, 0.7097218613875144, 5.718607620921409], "iteration": 40, "time_func_eval": 0.011968135833740234, "optimization_overhead": 0.29258084297180176, "incumbents_value": 0.6566544566544568, "runtime": 9.26741361618042}