{"incumbent": [80.86087468665237, 0.0017633156608187377, 0.07008934847487899, 67.4451431516134, 0.8853959577115548, 0.227897376272834, 0.36745999054748035, 14.885583613835422], "iteration": 0, "time_func_eval": 0.01697826385498047, "optimization_overhead": 0.0008370876312255859, "incumbents_value": 0.9555555555555555, "runtime": 0.019906044006347656}