{"incumbent": [125.59547624964809, 0.004723914440749228, 0.004604568298861864, 82.87416190080933, 0.020146489355185034, 0.7528983515961966, 0.17266522264847178, 7.1876047692785665], "iteration": 87, "time_func_eval": 0.030764102935791016, "optimization_overhead": 0.2914290428161621, "incumbents_value": 0.5923687423687423, "runtime": 22.15019917488098}