{"incumbent": [81.12911235380119, 0.007266969555688579, 0.009336184955776072, 284.6124758215949, 0.8806852423178319, 0.8202155097289713, 0.24459468787118943, 14.870034617767296], "iteration": 5, "time_func_eval": 0.0940709114074707, "optimization_overhead": 0.17920613288879395, "incumbents_value": 0.6677248677248677, "runtime": 1.0463945865631104}