{"incumbent": [81.12911235380119, 0.007266969555688579, 0.009336184955776072, 284.6124758215949, 0.8806852423178319, 0.8202155097289713, 0.24459468787118943, 14.870034617767296], "iteration": 11, "time_func_eval": 0.025922536849975586, "optimization_overhead": 0.18367815017700195, "incumbents_value": 0.6677248677248677, "runtime": 2.3047292232513428}