{"time_func_eval": 0.013952493667602539, "incumbent": [124.20679705388787, 0.009677170299869475, 0.05929864012317718, 290.2657779458277, 0.14367926393105362, 0.8199734040179438, 0.9123653994129792, 10.914546753741533], "runtime": 37.170844078063965, "optimization_overhead": 0.8002839088439941, "iteration": 76, "incumbents_value": 0.20850435949027502}