{"time_func_eval": 0.03381919860839844, "incumbent": [13.52880764994162, 0.007997084561656646, 0.002888976620093093, 50.67294052635955, 0.2786026429820795, 0.41529750721961833, 0.7195969851849561, 12.896524076204571], "runtime": 18.107929229736328, "optimization_overhead": 0.31267809867858887, "iteration": 39, "incumbents_value": 0.20877684407096175}