{"time_func_eval": 0.03405022621154785, "incumbent": [13.52880764994162, 0.007997084561656646, 0.002888976620093093, 50.67294052635955, 0.2786026429820795, 0.41529750721961833, 0.7195969851849561, 12.896524076204571], "runtime": 12.531685590744019, "optimization_overhead": 0.6638050079345703, "iteration": 25, "incumbents_value": 0.20877684407096175}