{"incumbents_value": 0.29331803197189943, "time_func_eval": 1.5748326778411865, "optimization_overhead": 0.20714235305786133, "incumbent": [127.53823063594592, 0.009877069783479348, 0.01878130256792181, 107.26155231786578, 0.09771341280967188, 0.8515168855316906, 0.9122419013172363, 14.287335889425558], "runtime": 14.96960973739624, "iteration": 10}