{"incumbents_value": 0.2883921656704981, "time_func_eval": 0.41952967643737793, "optimization_overhead": 0.28726959228515625, "incumbent": [122.39085811614075, 0.00693640909849879, 0.008051289802458199, 112.76227999683064, 0.8952895941144218, 0.6438136427678013, 0.46967234299332405, 14.08749291900332], "runtime": 85.87319254875183, "iteration": 67}