{"incumbents_value": 0.8335085904178173, "time_func_eval": 2.9948134422302246, "optimization_overhead": 0.2100059986114502, "incumbent": [24.40509962744161, 0.009628451655496272, 0.00020209519770000986, 134.23926378563084, 0.8299958903665855, 0.12659073456156794, 0.21495821370480306, 9.914783831222604], "runtime": 42.744649171829224, "iteration": 11}