{"incumbents_value": 0.7867601466693204, "time_func_eval": 0.294295072555542, "optimization_overhead": 0.3331584930419922, "incumbent": [81.55476011698508, 1e-05, 0.0001, 151.18833738394397, 0.01, 0.09498545462694696, 0.999, 9.727311343946416], "runtime": 153.735600233078, "iteration": 47}