{"incumbents_value": 0.7651037223774453, "time_func_eval": 1.1648850440979004, "optimization_overhead": 0.2668628692626953, "incumbent": [33.94668314681728, 0.009315417086960265, 0.0022469452847592337, 290.8307641929373, 0.8591114660853385, 0.132097592850767, 0.6131171722841614, 14.751621240268923], "runtime": 291.4052896499634, "iteration": 84}