{"incumbents_value": 0.7867601466693204, "time_func_eval": 1.739480972290039, "optimization_overhead": 0.20239853858947754, "incumbent": [81.55476011698508, 1e-05, 0.0001, 151.18833738394397, 0.01, 0.09498545462694696, 0.999, 9.727311343946416], "runtime": 87.40537071228027, "iteration": 27}