{"incumbents_value": 0.44821844821844825, "time_func_eval": 0.05198550224304199, "optimization_overhead": 0.20564818382263184, "incumbent": [139.41920053203864, 0.004083118766055828, 0.003876632996881458, 279.3726439531137, 0.894996115142253, 0.8939587180333773, 0.865568865113502, 14.500422787227444], "runtime": 28.05123209953308, "iteration": 97}