{"incumbents_value": 0.07292153381303923, "time_func_eval": 0.04935288429260254, "optimization_overhead": 0.1779477596282959, "incumbent": [110.12204832634404, 0.0050466426852593125, 0.038189369576380236, 178.66706839790402, 0.7649346289589154, 0.6668428011178474, 0.7891709049282394, 11.691537345459036], "runtime": 0.41260600090026855, "iteration": 3}