{"incumbents_value": 0.05694879832810873, "time_func_eval": 0.04435300827026367, "optimization_overhead": 0.18109655380249023, "incumbent": [33.419218796775056, 0.0007973031777563829, 0.006624101142027387, 93.9247054997256, 0.09034101046916705, 0.8383391729812615, 0.914393251241138, 12.246492247390751], "runtime": 5.553226470947266, "iteration": 22}