{"incumbents_value": 0.055187946567256785, "time_func_eval": 0.017522573471069336, "optimization_overhead": 0.21424508094787598, "incumbent": [124.1535091469289, 0.0016376156909803869, 0.021765218474077676, 169.85364839249354, 0.7712712202700115, 0.7089687461457687, 0.9302610104761458, 7.278177148205218], "runtime": 24.819295644760132, "iteration": 79}