{"incumbents_value": 0.1408686034334664, "time_func_eval": 0.02757430076599121, "optimization_overhead": 0.21317481994628906, "incumbent": [145.49999046994705, 0.007202095687420178, 0.03104863953883159, 87.4954109369073, 0.3980425165686307, 0.8243616123766182, 0.994783147432821, 11.89502692248607], "runtime": 24.403636932373047, "iteration": 83}