{"incumbents_value": 0.13664792612161036, "time_func_eval": 0.03867936134338379, "optimization_overhead": 0.19007563591003418, "incumbent": [82.05587590921023, 0.007471094802747085, 0.01693977140984985, 110.69762317602621, 0.6179765525570513, 0.4120321962035552, 0.9056919381433086, 10.02298841832246], "runtime": 0.5555481910705566, "iteration": 3}