{"incumbents_value": 0.7944149701057561, "time_func_eval": 0.8981387615203857, "optimization_overhead": 0.16767430305480957, "incumbent": [25.67671761336789, 0.008713309405317777, 0.01456453156312099, 285.05136154728274, 0.6758900082193315, 0.8281327208670222, 0.6963428572771704, 14.997667540750502], "runtime": 70.63109707832336, "iteration": 23}