{"incumbents_value": 0.06825568797399784, "iteration": 6, "runtime": 4.080700635910034, "incumbent": [96.74679613257788, 0.0003132135065538735, 0.028286175513458953, 278.9658459084187, 0.20500388326662117, 0.8644419028395228, 0.8266633730707613, 12.532395276744811], "optimization_overhead": 0.26346707344055176, "time_func_eval": 1.443084478378296}