{"incumbents_value": 0.06825568797399784, "iteration": 50, "runtime": 46.6065194606781, "incumbent": [96.74679613257788, 0.0003132135065538735, 0.028286175513458953, 278.9658459084187, 0.20500388326662117, 0.8644419028395228, 0.8266633730707613, 12.532395276744811], "optimization_overhead": 0.316925048828125, "time_func_eval": 0.059496402740478516}