{"incumbents_value": 0.06825568797399784, "iteration": 37, "runtime": 36.292139530181885, "incumbent": [96.74679613257788, 0.0003132135065538735, 0.028286175513458953, 278.9658459084187, 0.20500388326662117, 0.8644419028395228, 0.8266633730707613, 12.532395276744811], "optimization_overhead": 0.33825016021728516, "time_func_eval": 0.0533907413482666}