{"incumbent": [126.9327560575874, 0.00019166664026417854, 0.011916558659787342, 98.75705620740514, 0.03403385256921793, 0.46540008395403565, 0.9665351711205508, 14.781762296580972], "iteration": 57, "time_func_eval": 0.4682316780090332, "optimization_overhead": 0.2794971466064453, "incumbents_value": 0.09613975936396146, "runtime": 215.25402522087097}