{"runtime": 75.85741567611694, "optimization_overhead": 0.2727823257446289, "incumbent": [140.6210442724699, 0.008317278190912998, 0.001016351714410843, 131.91618341831963, 0.8040560039681156, 0.40412239716043485, 0.9128873086417936, 5.664121633064262], "time_func_eval": 4.2517688274383545, "incumbents_value": 0.5947685347685348, "iteration": 33}