{"runtime": 213.24420070648193, "optimization_overhead": 0.2678954601287842, "incumbent": [149.9696752920234, 0.00023204897492231434, 0.0034398582167571258, 145.42167386467395, 0.22553884344336877, 0.6067657548833072, 0.40307776253692285, 14.755843157075269], "time_func_eval": 1.5441124439239502, "incumbents_value": 0.5555189348466659, "iteration": 91}