{"runtime": 153.13602876663208, "optimization_overhead": 0.19593095779418945, "incumbent": [149.9696752920234, 0.00023204897492231434, 0.0034398582167571258, 145.42167386467395, 0.22553884344336877, 0.6067657548833072, 0.40307776253692285, 14.755843157075269], "time_func_eval": 2.2906832695007324, "incumbents_value": 0.5555189348466659, "iteration": 68}