{"incumbents_value": 1.0, "time_func_eval": 148.33041048049927, "optimization_overhead": 0.0001312891642252604, "incumbent": [102.15646913793663, 0.008372824614158484, 0.08730054376821145, 204.9066223729165, 0.25305054883842576, 0.8249902730689258, 0.1904945707172837, 12.26758032149321], "runtime": 728.9966607093811, "iteration": 2}