{"incumbents_value": 0.9999959563610484, "time_func_eval": 13.260678052902222, "optimization_overhead": 0.42647624015808105, "incumbent": [18.55649870122474, 0.006201254840345378, 0.09905019974217563, 192.8509034519933, 0.04468490144390647, 0.14558770397537213, 0.20898232126654787, 6.227387997669202], "runtime": 8409.008599281311, "iteration": 67}