{"iteration": 48, "incumbents_value": 0.15824124151952534, "incumbent": [145.4415099068388, 0.01, 0.0001, 70.91968783033509, 0.8781194491481084, 0.09, 0.0999, 5.67252172715764], "time_func_eval": 7.9175920486450195, "runtime": 250.1135745048523, "optimization_overhead": 0.2559807300567627}