{"iteration": 67, "incumbents_value": 0.08802270506646293, "incumbent": [145.15086444736343, 0.005544589166055326, 0.0008916779998082938, 66.21597245217055, 0.5382621769055621, 0.6448003377262017, 0.9982571849532623, 10.845907550503838], "time_func_eval": 7.127772331237793, "runtime": 348.03654289245605, "optimization_overhead": 0.22391748428344727}