{"incumbent": [146.83851143861727, 0.0045211113962429945, 0.01040976123565428, 284.0023897544975, 0.5159090441127929, 0.7250509586489772, 0.8000319983786683, 5.1345739840984725], "iteration": 93, "time_func_eval": 0.13208723068237305, "optimization_overhead": 0.19582271575927734, "incumbents_value": 0.7964944408109875, "runtime": 28.856064558029175}