{"incumbent": [146.52432083493528, 0.008106600114610818, 0.004521564555469886, 143.83172520549743, 0.07692161797700693, 0.7880193308688533, 0.9563818048696267, 10.673697283376534], "iteration": 3, "time_func_eval": 0.02330183982849121, "optimization_overhead": 0.16060185432434082, "incumbents_value": 0.7984432951992896, "runtime": 0.5680229663848877}