{"incumbent": [146.52432083493528, 0.008106600114610818, 0.004521564555469886, 143.83172520549743, 0.07692161797700693, 0.7880193308688533, 0.9563818048696267, 10.673697283376534], "iteration": 64, "time_func_eval": 0.06354236602783203, "optimization_overhead": 0.19043326377868652, "incumbents_value": 0.7984432951992896, "runtime": 19.48220467567444}