{"incumbent": [34.52407754319437, 1e-05, 0.0001, 71.71730890472217, 0.01, 0.47992890269013805, 0.0999, 5.602920145118446], "iteration": 97, "time_func_eval": 2.2724783420562744, "optimization_overhead": 0.2152082920074463, "incumbents_value": 0.5626836386828056, "runtime": 173.9295036792755}