{"incumbent": [12.169562440496568, 0.00014655371223789635, 0.0008610604457453214, 173.66511660625343, 0.8771294803231994, 0.19234529343622453, 0.1573422082767345, 9.835328113468451], "iteration": 21, "time_func_eval": 1.7793374061584473, "optimization_overhead": 0.20714950561523438, "incumbents_value": 0.6038852579051768, "runtime": 38.88708472251892}