{"incumbent": [34.52407754319437, 1e-05, 0.0001, 71.71730890472217, 0.01, 0.47992890269013805, 0.0999, 5.602920145118446], "iteration": 47, "time_func_eval": 0.047408342361450195, "optimization_overhead": 0.20692729949951172, "incumbents_value": 0.5626836386828056, "runtime": 75.07585740089417}