{"incumbent": [34.52407754319437, 1e-05, 0.0001, 71.71730890472217, 0.01, 0.47992890269013805, 0.0999, 5.602920145118446], "iteration": 70, "time_func_eval": 2.623793601989746, "optimization_overhead": 0.19844317436218262, "incumbents_value": 0.5626836386828056, "runtime": 120.88960766792297}