{"incumbent": [138.42304752510168, 2.2152757208039896e-05, 0.006595001743207457, 290.39566695653764, 0.0830615764095702, 0.7210587414786771, 0.5654989127467661, 5.351600626445022], "iteration": 8, "time_func_eval": 0.2000429630279541, "optimization_overhead": 0.24786949157714844, "incumbents_value": 0.6519671371491846, "runtime": 9.793826818466187}