{"incumbent": [34.52407754319437, 1e-05, 0.0001, 71.71730890472217, 0.01, 0.47992890269013805, 0.0999, 5.602920145118446], "iteration": 75, "time_func_eval": 0.13302111625671387, "optimization_overhead": 0.2730836868286133, "incumbents_value": 0.5626836386828056, "runtime": 134.77602243423462}