{"incumbents_value": 0.027919461984796, "time_func_eval": 1.526705026626587, "optimization_overhead": 0.3339812755584717, "incumbent": [36.96826382044212, 0.008758197443142239, 0.0037362484635988977, 294.25038848923975, 0.148784291823671, 0.6581107795641202, 0.8543199669643696, 13.092668078610195], "runtime": 105.32692551612854, "iteration": 37}