{"incumbents_value": 0.027906191847242412, "time_func_eval": 4.086686611175537, "optimization_overhead": 0.30689525604248047, "incumbent": [137.86004121881, 0.008431986434073545, 0.0025084450436910783, 259.76674688128765, 0.8752647873031069, 0.6249307986671204, 0.5130246470792622, 14.910309803472362], "runtime": 139.47331833839417, "iteration": 58}