{"incumbents_value": 0.23551164711934147, "time_func_eval": 19.322399616241455, "optimization_overhead": 0.20904016494750977, "incumbent": [148.82952230748208, 0.002847193864841544, 0.0032380741296923914, 70.83820178428266, 0.22928125720326983, 0.11372357807450738, 0.12069950423080852, 10.01298256103306], "runtime": 481.1503002643585, "iteration": 18}