{"incumbents_value": 0.21001494365351092, "time_func_eval": 0.3968234062194824, "optimization_overhead": 0.287733793258667, "incumbent": [146.01872208543327, 1e-05, 0.0001, 298.46007751010376, 0.9, 0.5575101156739221, 0.0999, 14.188127836011805], "runtime": 863.8544869422913, "iteration": 37}