{"incumbents_value": 0.17907952075216593, "time_func_eval": 32.23107075691223, "optimization_overhead": 0.23099040985107422, "incumbent": [147.63434211662477, 0.0006362802146220367, 0.0008069610498014849, 206.1354405412616, 0.7986810253660415, 0.7477244451287095, 0.8775550913360118, 8.178620366274881], "runtime": 1802.2909276485443, "iteration": 84}