{"incumbents_value": 0.21001494365351092, "time_func_eval": 69.10149836540222, "optimization_overhead": 0.22327947616577148, "incumbent": [146.01872208543327, 1e-05, 0.0001, 298.46007751010376, 0.9, 0.5575101156739221, 0.0999, 14.188127836011805], "runtime": 934.314258813858, "iteration": 39}