{"incumbents_value": 0.0250423771498407, "time_func_eval": 15.365669965744019, "optimization_overhead": 0.27188730239868164, "incumbent": [147.28198183412988, 0.0017302808307259167, 0.0017011206951909324, 171.28982812895083, 0.6062666422237741, 0.8025703866817353, 0.9519890696413719, 11.192966464749045], "runtime": 1600.8336207866669, "iteration": 56}