{"incumbents_value": 0.0250423771498407, "time_func_eval": 0.8603527545928955, "optimization_overhead": 0.2859005928039551, "incumbent": [147.28198183412988, 0.0017302808307259167, 0.0017011206951909324, 171.28982812895083, 0.6062666422237741, 0.8025703866817353, 0.9519890696413719, 11.192966464749045], "runtime": 1224.4798090457916, "iteration": 46}