{"incumbent": [116.69244162506223, 0.01, 0.0001, 163.04766644549537, 0.8398206165954775, 0.09, 0.3223476038151265, 11.126624120592707], "iteration": 5, "time_func_eval": 14.945210695266724, "optimization_overhead": 0.21609735488891602, "incumbents_value": 0.06631002216050286, "runtime": 41.849002838134766}