{"incumbent": [100.7497993142653, 0.009142916178975627, 0.0007562515687226913, 266.75589896924276, 0.12813784385778623, 0.5997050868865255, 0.6565168243904959, 14.135459705859367], "iteration": 71, "time_func_eval": 24.070773601531982, "optimization_overhead": 0.2094404697418213, "incumbents_value": 0.0184492422315663, "runtime": 966.0763621330261}