{"time_func_eval": 0.09774208068847656, "runtime": 32.516563177108765, "incumbents_value": 0.8044030722401161, "iteration": 66, "incumbent": [78.22277835646297, 0.0019317795169081918, 0.0007233630880325051, 287.36249368734525, 0.8116424604133515, 0.5657335560912361, 0.9401019486962028, 5.672469748027686], "optimization_overhead": 0.28705644607543945}