{"time_func_eval": 0.09401440620422363, "runtime": 25.59393882751465, "incumbents_value": 0.8065095379171766, "iteration": 52, "incumbent": [146.42440504534486, 0.0016034519164799107, 0.09765670528458927, 281.50337163195053, 0.7214146645206982, 0.18636587129432597, 0.4579113599825299, 14.496809879912952], "optimization_overhead": 0.20614838600158691}