{"incumbents_value": 0.18678594575277463, "time_func_eval": 0.46059107780456543, "optimization_overhead": 0.21899652481079102, "incumbent": [124.8819981570892, 0.006124006775839283, 0.03513179581335903, 223.403619925011, 0.7236647480149982, 0.22354407695569045, 0.39888878764084024, 14.196608851524172], "runtime": 77.51719260215759, "iteration": 16}