{"incumbents_value": 0.16778534259981526, "time_func_eval": 13.484200954437256, "optimization_overhead": 0.22598004341125488, "incumbent": [138.87592255029045, 0.002309497925742479, 0.07707513112040229, 96.1085228969489, 0.13553095624335074, 0.8492917799989492, 0.9188093630332679, 5.81533186514671], "runtime": 430.1368236541748, "iteration": 65}