{"runtime": 3.580609083175659, "optimization_overhead": 0.17436742782592773, "incumbent": [37.19177116844091, 0.00017023070420048856, 0.01432464378415881, 217.98651753102493, 0.24271128683115453, 0.8440501198555279, 0.9615651506270662, 14.662005070193691], "time_func_eval": 0.021291017532348633, "incumbents_value": 0.3719806763285024, "iteration": 17}