{"optimization_overhead": 0.37872934341430664, "incumbent": [136.41127513047442, 1e-05, 0.0001, 152.35845953965514, 0.8614257330471184, 0.2133231207489345, 0.8920538361916006, 13.136855482318685], "iteration": 67, "incumbents_value": 0.5687291627863662, "time_func_eval": 0.2784385681152344, "runtime": 553.4220032691956}