{"incumbents_value": 0.7114458874458874, "time_func_eval": 0.015588760375976562, "optimization_overhead": 0.38500046730041504, "incumbent": [23.067989660403253, 0.009651174270772752, 0.008095199203034052, 50.129477088288894, 0.7436119993846285, 0.5742383074581918, 0.8613400059297662, 5.2984474111038065], "runtime": 39.70927977561951, "iteration": 96}