{"incumbents_value": 0.7597883597883598, "time_func_eval": 0.03438377380371094, "optimization_overhead": 0.21191954612731934, "incumbent": [123.23575273565392, 0.005176838219644236, 0.026187068157962127, 259.39331360200396, 0.42289754081741476, 0.6395274859014505, 0.8425848651243197, 11.374345528136], "runtime": 6.365502119064331, "iteration": 20}