{"incumbent": [140.47089054853907, 0.01, 0.0001, 277.044437429227, 0.4820513779284091, 0.21170076702744664, 0.10111634398576275, 10.934083915570445], "iteration": 25, "time_func_eval": 2.123289108276367, "optimization_overhead": 0.20922231674194336, "incumbents_value": 0.02798700395864151, "runtime": 253.48807525634766}