{"incumbent": [96.54323044976303, 0.0011217275812706272, 0.004192263891442692, 256.1943973311466, 0.8966366106876191, 0.5424982692754129, 0.41231406471267107, 7.965436672264929], "iteration": 84, "time_func_eval": 13.892675876617432, "optimization_overhead": 0.19352149963378906, "incumbents_value": 0.017832168428148054, "runtime": 839.2906177043915}