{"incumbent": [128.21693214379536, 0.001614907578467747, 0.010118719919958958, 273.3486719429967, 0.8941105350254401, 0.4630217467333957, 0.550994588322608, 5.734189300845509], "iteration": 44, "time_func_eval": 6.775609970092773, "optimization_overhead": 0.2829737663269043, "incumbents_value": 0.6082143871449619, "runtime": 77.55399775505066}