{"incumbent": [138.42304752510168, 2.2152757208039896e-05, 0.006595001743207457, 290.39566695653764, 0.0830615764095702, 0.7210587414786771, 0.5654989127467661, 5.351600626445022], "iteration": 14, "time_func_eval": 3.867396593093872, "optimization_overhead": 0.19675064086914062, "incumbents_value": 0.6142716673690125, "runtime": 20.579855918884277}