{"incumbents_value": 0.06500542884638916, "time_func_eval": 0.21181869506835938, "optimization_overhead": 0.19363141059875488, "incumbent": [145.5938602670765, 0.00983610356150852, 0.03628749086210251, 79.5382489511464, 0.10811736831542634, 0.8821649029192019, 0.8973091894554495, 14.729760020839658], "runtime": 15.23501181602478, "iteration": 43}