{"incumbents_value": 0.05352492141894938, "time_func_eval": 0.21583104133605957, "optimization_overhead": 0.2245023250579834, "incumbent": [24.172497074303994, 0.00924301999904616, 0.09453582726261156, 259.79398470386644, 0.10765170183593795, 0.8376115580204427, 0.734480361470238, 11.851060115945494], "runtime": 25.695802450180054, "iteration": 70}