{"incumbents_value": 0.06500542884638916, "time_func_eval": 0.09331321716308594, "optimization_overhead": 0.18218374252319336, "incumbent": [145.5938602670765, 0.00983610356150852, 0.03628749086210251, 79.5382489511464, 0.10811736831542634, 0.8821649029192019, 0.8973091894554495, 14.729760020839658], "runtime": 9.731722354888916, "iteration": 28}