{"incumbent": [69.27545908630081, 0.009610444284647636, 0.017853044107631316, 290.1252117416673, 0.8480590303075771, 0.7831569615939251, 0.5240182754551347, 14.378220783992276], "iteration": 57, "time_func_eval": 0.057447195053100586, "optimization_overhead": 0.28841733932495117, "incumbents_value": 0.569804900993705, "runtime": 69.897057056427}