{"time_func_eval": 0.007706642150878906, "runtime": 0.697657585144043, "incumbents_value": 0.17647058823529405, "iteration": 4, "incumbent": [104.73387169623068, 0.006101210418373154, 0.005869166667620027, 277.11916645637666, 0.050551104490187244, 0.534006053131861, 0.9852241192184028, 6.133938756725103], "optimization_overhead": 0.16996526718139648}