{"time_func_eval": 0.14733028411865234, "runtime": 12.761152029037476, "incumbents_value": 0.17647058823529405, "iteration": 41, "incumbent": [104.73387169623068, 0.006101210418373154, 0.005869166667620027, 277.11916645637666, 0.050551104490187244, 0.534006053131861, 0.9852241192184028, 6.133938756725103], "optimization_overhead": 0.25058746337890625}