{"time_func_eval": 0.016244888305664062, "runtime": 22.894817113876343, "incumbents_value": 0.17647058823529405, "iteration": 72, "incumbent": [104.73387169623068, 0.006101210418373154, 0.005869166667620027, 277.11916645637666, 0.050551104490187244, 0.534006053131861, 0.9852241192184028, 6.133938756725103], "optimization_overhead": 0.19733762741088867}