{"time_func_eval": 0.10125231742858887, "runtime": 5.941232919692993, "incumbents_value": 0.17647058823529405, "iteration": 20, "incumbent": [104.73387169623068, 0.006101210418373154, 0.005869166667620027, 277.11916645637666, 0.050551104490187244, 0.534006053131861, 0.9852241192184028, 6.133938756725103], "optimization_overhead": 0.18013668060302734}