{"time_func_eval": 0.15144109725952148, "runtime": 32.80769443511963, "incumbents_value": 0.17142857142857149, "iteration": 99, "incumbent": [56.24980691521048, 0.002562929392752898, 0.021058928922781314, 267.2185754458664, 0.8689685617254576, 0.5186310935975842, 0.9978434594887694, 14.333133016904215], "optimization_overhead": 0.19063591957092285}