{"time_func_eval": 0.6223440170288086, "incumbent": [61.96374370001368, 0.0015939871552593506, 0.0071678397512353435, 63.54285723999646, 0.7954174632902173, 0.8682885018548654, 0.9746107307282732, 14.025814418516564], "runtime": 115.15112566947937, "optimization_overhead": 0.3304862976074219, "iteration": 95, "incumbents_value": 0.34988621629488503}