{"time_func_eval": 2.660667896270752, "incumbent": [123.2634494462195, 1e-05, 0.0001, 271.448550265933, 0.12767167769334387, 0.09555415054066349, 0.999, 14.362865666385856], "runtime": 49.539573431015015, "optimization_overhead": 0.20484042167663574, "iteration": 32, "incumbents_value": 0.4821861541647334}