{"time_func_eval": 0.01863384246826172, "incumbent": [123.2634494462195, 1e-05, 0.0001, 271.448550265933, 0.12767167769334387, 0.09555415054066349, 0.999, 14.362865666385856], "runtime": 35.6248095035553, "optimization_overhead": 0.2292647361755371, "iteration": 20, "incumbents_value": 0.4821861541647334}