{"time_func_eval": 0.378265380859375, "incumbent": [61.96374370001368, 0.0015939871552593506, 0.0071678397512353435, 63.54285723999646, 0.7954174632902173, 0.8682885018548654, 0.9746107307282732, 14.025814418516564], "runtime": 98.91208457946777, "optimization_overhead": 0.6594173908233643, "iteration": 80, "incumbents_value": 0.34988621629488503}