{"optimization_overhead": 0.028074979782104492, "runtime": 0.0489192008972168, "incumbent": [0.41223353605993496, 1.0713117854211076, 0.32840180485233017, 126.30674655409872, 1.9983691641294516, 10752.048878995603], "incumbents_value": -5.357736877764932, "time_func_eval": 1.5020370483398438e-05, "iteration": 4}