{"optimization_overhead": 0.3138859272003174, "runtime": 34.74576497077942, "incumbent": [129.61559847999558, 0.0034355645895755432, 0.003446680560094863, 286.98756965497626, 0.7981682623781919, 0.1030351015891464, 0.9040098401316382, 7.980389457331886], "incumbents_value": 0.6323898912454686, "time_func_eval": 0.3964059352874756, "iteration": 53}