{"optimization_overhead": 0.22727704048156738, "runtime": 23.137010097503662, "incumbent": [129.61559847999558, 0.0034355645895755432, 0.003446680560094863, 286.98756965497626, 0.7981682623781919, 0.1030351015891464, 0.9040098401316382, 7.980389457331886], "incumbents_value": 0.6323898912454686, "time_func_eval": 0.5879480838775635, "iteration": 35}