{"incumbents_value": 0.6084656084656085, "time_func_eval": 0.014147043228149414, "optimization_overhead": 0.30041980743408203, "incumbent": [104.85820579913108, 0.00017465229272487816, 0.01959502346739485, 295.52775391305715, 0.11547543585354939, 0.13481836167868738, 0.8883206216000021, 14.987496044279057], "runtime": 20.689400911331177, "iteration": 74}