{"incumbents_value": 0.7294117647058823, "time_func_eval": 0.12568140029907227, "optimization_overhead": 0.1643533706665039, "incumbent": [20.794602029201986, 0.00630318922328754, 0.002300104468032265, 264.53088350550433, 0.20296115997007952, 0.24790062563841758, 0.22274036735461217, 5.514678279103951], "runtime": 4.669796943664551, "iteration": 20}