{"runtime": 41.72075533866882, "optimization_overhead": 0.32714414596557617, "incumbent": [146.00190677346365, 0.01, 0.0001, 244.6068007682525, 0.02033151951713122, 0.3215186444981773, 0.7902631003847539, 14.884875478725895], "time_func_eval": 0.6906845569610596, "incumbents_value": 0.0, "iteration": 60}