{"runtime": 43.67943835258484, "optimization_overhead": 0.2664225101470947, "incumbent": [146.00190677346365, 0.01, 0.0001, 244.6068007682525, 0.02033151951713122, 0.3215186444981773, 0.7902631003847539, 14.884875478725895], "time_func_eval": 0.424943208694458, "incumbents_value": 0.0, "iteration": 63}