{"runtime": 10.380554676055908, "optimization_overhead": 0.17798280715942383, "incumbent": [146.00190677346365, 0.01, 0.0001, 244.6068007682525, 0.02033151951713122, 0.3215186444981773, 0.7902631003847539, 14.884875478725895], "time_func_eval": 0.2916257381439209, "incumbents_value": 0.0, "iteration": 19}