{"runtime": 21.03969430923462, "optimization_overhead": 0.23073458671569824, "incumbent": [146.00190677346365, 0.01, 0.0001, 244.6068007682525, 0.02033151951713122, 0.3215186444981773, 0.7902631003847539, 14.884875478725895], "time_func_eval": 0.23580503463745117, "incumbents_value": 0.0, "iteration": 36}