{"runtime": 60.72628998756409, "optimization_overhead": 0.24875569343566895, "incumbent": [146.00190677346365, 0.01, 0.0001, 244.6068007682525, 0.02033151951713122, 0.3215186444981773, 0.7902631003847539, 14.884875478725895], "time_func_eval": 0.2759075164794922, "incumbents_value": 0.0, "iteration": 83}