{"incumbents_value": 0.13888888888888895, "time_func_eval": 0.024468183517456055, "optimization_overhead": 0.23735594749450684, "incumbent": [146.96110353769998, 0.006514455050486315, 0.03327348813488794, 261.41030031894866, 0.2599421595745852, 0.19113506535971897, 0.9446667535844077, 5.961960751719609], "runtime": 28.312899112701416, "iteration": 94}