{"incumbents_value": 0.23999999999999988, "time_func_eval": 0.037523746490478516, "optimization_overhead": 0.17325544357299805, "incumbent": [129.51359110540884, 0.0008524203377396291, 0.004814381365467601, 63.669833749457545, 0.14679665129903774, 0.8152309733727251, 0.7678143016629234, 8.96574524003071], "runtime": 2.4998040199279785, "iteration": 11}