{"optimization_overhead": 0.2766599655151367, "runtime": 12.592738151550293, "incumbent": [147.74157555603884, 0.003291452814612752, 0.00860854501187951, 263.776207065222, 0.01236382095611937, 0.8669059276196821, 0.664469580252642, 11.899282799232502], "incumbents_value": 0.0, "time_func_eval": 0.045615196228027344, "iteration": 35}