{"incumbents_value": 0.05291005291005291, "time_func_eval": 0.01576995849609375, "optimization_overhead": 0.3241710662841797, "incumbent": [30.742074205106757, 0.00877072870229743, 0.006091521642819066, 277.382604809398, 0.4611355757255617, 0.8671252773561011, 0.566049126831683, 13.623099413768898], "runtime": 25.504321575164795, "iteration": 88}