{"incumbents_value": 0.3846153846153847, "time_func_eval": 0.02746415138244629, "optimization_overhead": 0.1731550693511963, "incumbent": [39.655721857229096, 0.0031602050662326423, 0.0627571629706529, 85.76672228622007, 0.5237560113187121, 0.28974869242378387, 0.7255720241382795, 13.013416240227055], "runtime": 3.014575242996216, "iteration": 14}