{"incumbents_value": 0.678, "time_func_eval": 0.007587432861328125, "optimization_overhead": 0.36177968978881836, "incumbent": [11.184744080367528, 0.0003529553073191647, 0.0006105141346857709, 248.701446811546, 0.4816733317785802, 0.33000608108958585, 0.18960649892684878, 8.391305412989041], "runtime": 20.136558771133423, "iteration": 72}