{"runtime": 187.2329523563385, "optimization_overhead": 0.7800571918487549, "iteration": 95, "incumbent": [44.31152088608251, 0.0064617973421084215, 0.0021020825900457383, 288.8888371199899, 0.04839103775182472, 0.12874630000692405, 0.2792051840259999, 7.775576948978213], "incumbents_value": 0.021290827420724856, "time_func_eval": 0.9083583354949951}