{"runtime": 95.87915897369385, "optimization_overhead": 0.40834760665893555, "iteration": 49, "incumbent": [44.31152088608251, 0.0064617973421084215, 0.0021020825900457383, 288.8888371199899, 0.04839103775182472, 0.12874630000692405, 0.2792051840259999, 7.775576948978213], "incumbents_value": 0.021290827420724856, "time_func_eval": 1.1646695137023926}