{"optimization_overhead": 0.2289116382598877, "incumbents_value": 0.0, "iteration": 99, "incumbent": [17.23158248795098, 0.009739228707335996, 0.020438965821799358, 275.51748152899364, 0.025076771241201053, 0.8152028248241342, 0.6542583565538316, 13.593601985541207], "runtime": 30.43830680847168, "time_func_eval": 0.012010335922241211}