{"optimization_overhead": 0.21196603775024414, "incumbents_value": 0.0, "iteration": 22, "incumbent": [17.23158248795098, 0.009739228707335996, 0.020438965821799358, 275.51748152899364, 0.025076771241201053, 0.8152028248241342, 0.6542583565538316, 13.593601985541207], "runtime": 5.606696844100952, "time_func_eval": 0.023212432861328125}