{"optimization_overhead": 9.854634602864583e-05, "incumbents_value": 0.36683087027914607, "iteration": 2, "incumbent": [94.83157572227475, 0.0037356234015964544, 0.0043655494514116735, 192.79707203371441, 0.1905164205710721, 0.2995921499772376, 0.9727998095795883, 10.66758518055584], "runtime": 0.17291831970214844, "time_func_eval": 0.007131338119506836}