{"optimization_overhead": 0.1663956642150879, "incumbents_value": 0.0, "iteration": 18, "incumbent": [17.23158248795098, 0.009739228707335996, 0.020438965821799358, 275.51748152899364, 0.025076771241201053, 0.8152028248241342, 0.6542583565538316, 13.593601985541207], "runtime": 4.423264980316162, "time_func_eval": 0.009938240051269531}