{"iteration": 54, "incumbents_value": 0.0, "incumbent": [102.18860606977542, 0.00033976333894873814, 0.09479621540140448, 138.5576172012767, 0.22632462789791233, 0.701909068963609, 0.6871356281384071, 7.785726882635675], "time_func_eval": 0.006933689117431641, "runtime": 14.449568510055542, "optimization_overhead": 0.2085871696472168}