{"runtime": 41.61591458320618, "optimization_overhead": 0.19113421440124512, "incumbent": [141.6651071621331, 0.009363119271486923, 0.009391481761196186, 64.00497792105088, 0.19996608711841085, 0.8417666113520511, 0.9120015952811964, 5.663369919840319], "time_func_eval": 0.9873673915863037, "incumbents_value": 0.5971966084770142, "iteration": 26}