{"runtime": 243.85959029197693, "optimization_overhead": 0.26779818534851074, "incumbent": [116.70877933729231, 0.0005346897387684585, 0.00511262469144537, 298.28642069015393, 0.2582143013519929, 0.8125582389115917, 0.5709726822697332, 10.768342931336123], "time_func_eval": 3.3616690635681152, "incumbents_value": 0.5516305296974472, "iteration": 84}