{"runtime": 37.13518524169922, "optimization_overhead": 0.24375295639038086, "incumbent": [141.6651071621331, 0.009363119271486923, 0.009391481761196186, 64.00497792105088, 0.19996608711841085, 0.8417666113520511, 0.9120015952811964, 5.663369919840319], "time_func_eval": 5.1157708168029785, "incumbents_value": 0.5971966084770142, "iteration": 22}