{"runtime": 97.0853168964386, "optimization_overhead": 0.28380703926086426, "incumbent": [36.60336990819801, 0.008035631143972443, 0.010697706586826882, 90.10938586499849, 0.876576681862125, 0.2263019946921347, 0.9716986012091924, 14.397790556976979], "time_func_eval": 0.42267608642578125, "incumbents_value": 0.5874749125183938, "iteration": 51}