{"incumbents_value": 0.9906542056074766, "time_func_eval": 0.4953269958496094, "optimization_overhead": 0.2511634826660156, "incumbent": [35.29081020024343, 0.0007554363803091167, 0.0013541707035691236, 284.61179860220557, 0.2838596273868711, 0.8258299780257429, 0.24539836876411797, 13.956295262279694], "runtime": 84.57449650764465, "iteration": 47}