{"incumbents_value": 0.9798534798534798, "time_func_eval": 0.22077107429504395, "optimization_overhead": 0.2723085880279541, "incumbent": [105.62308747814545, 0.0009770409969297015, 0.005185621938017637, 87.03164583288532, 0.44935036032635284, 0.3209816141170172, 0.9105991310778759, 5.332375756786321], "runtime": 164.97084736824036, "iteration": 88}