{"incumbents_value": 0.8102068965517242, "time_func_eval": 0.055173397064208984, "optimization_overhead": 0.18951964378356934, "incumbent": [88.18480862598977, 0.0007808882069026832, 0.02180390590867514, 292.9174051793973, 0.6086067633040899, 0.7112671968201418, 0.22799881755772566, 12.848742475420508], "runtime": 5.144102334976196, "iteration": 18}