{"incumbents_value": 0.7989316089126309, "time_func_eval": 0.08465361595153809, "optimization_overhead": 0.1788640022277832, "incumbent": [128.92534122344887, 0.009244080123092933, 0.08847533439630804, 92.0484247511057, 0.8983717854850058, 0.7502047530943805, 0.47663353132970454, 5.641393068166005], "runtime": 17.15544557571411, "iteration": 51}