{"incumbents_value": 0.7989316089126309, "time_func_eval": 0.09812211990356445, "optimization_overhead": 0.23448467254638672, "incumbent": [128.92534122344887, 0.009244080123092933, 0.08847533439630804, 92.0484247511057, 0.8983717854850058, 0.7502047530943805, 0.47663353132970454, 5.641393068166005], "runtime": 14.134367942810059, "iteration": 42}