{"incumbents_value": 0.7823081721771679, "time_func_eval": 0.08290410041809082, "optimization_overhead": 0.3162870407104492, "incumbent": [50.77238855251193, 0.0002213601022979767, 0.00038470355806460887, 127.28017751937038, 0.039092423211647194, 0.10518431547751235, 0.4377624825403816, 9.700526799109404], "runtime": 30.056499242782593, "iteration": 84}