{"runtime": 23.457784414291382, "optimization_overhead": 0.21432876586914062, "incumbent": [4.188591051014509, 0.009907404937470008, 0.08115141980221854, 146.44398717648022, 0.1777426904185332, 0.8493429512665083, 0.8831643154986105, 10.298656812398338], "time_func_eval": 0.1738417148590088, "incumbents_value": 0.05973528387321492, "iteration": 80}