{"time_func_eval": 0.050930023193359375, "runtime": 30.294089555740356, "incumbents_value": 0.7210838668294143, "iteration": 55, "incumbent": [24.144384411773785, 0.001085424993052933, 0.01261043511217253, 68.9489384836667, 0.8633181592840293, 0.6337015485959068, 0.7870717651237322, 7.541742103692696], "optimization_overhead": 0.1823415756225586}