{"time_func_eval": 0.19142746925354004, "runtime": 60.1273090839386, "incumbents_value": 0.6129951809226558, "iteration": 99, "incumbent": [141.6651071621331, 0.009363119271486923, 0.009391481761196186, 64.00497792105088, 0.19996608711841085, 0.8417666113520511, 0.9120015952811964, 5.663369919840319], "optimization_overhead": 0.20866632461547852}