{"time_func_eval": 1.9173855781555176, "runtime": 43.093674421310425, "incumbents_value": 0.6129951809226558, "iteration": 70, "incumbent": [141.6651071621331, 0.009363119271486923, 0.009391481761196186, 64.00497792105088, 0.19996608711841085, 0.8417666113520511, 0.9120015952811964, 5.663369919840319], "optimization_overhead": 0.30449390411376953}