{"runtime": 770.6891512870789, "incumbent": [142.7959696468991, 0.008708595273561924, 0.0024166597247838304, 136.68756761380405, 0.03862217776911459, 0.4663204111885175, 0.1015958376522256, 13.105099475252228], "optimization_overhead": 0.33309292793273926, "time_func_eval": 9.595474243164062, "iteration": 57, "incumbents_value": 0.17714719249662103}