{"runtime": 773.709347486496, "incumbent": [142.7959696468991, 0.008708595273561924, 0.0024166597247838304, 136.68756761380405, 0.03862217776911459, 0.4663204111885175, 0.1015958376522256, 13.105099475252228], "optimization_overhead": 0.3406820297241211, "time_func_eval": 0.9448015689849854, "iteration": 60, "incumbents_value": 0.17714719249662103}