{"runtime": 891.9333801269531, "incumbent": [45.59425404338294, 0.002242829963002284, 0.028000980357377685, 299.87436685250316, 0.886689073257468, 0.1298551726099519, 0.9154066631599248, 14.840196161624426], "optimization_overhead": 0.33960604667663574, "time_func_eval": 7.153094291687012, "iteration": 76, "incumbents_value": 0.17632456788396378}