{"runtime": 105.5969660282135, "incumbent": [138.42304752510168, 2.2152757208039896e-05, 0.006595001743207457, 290.39566695653764, 0.0830615764095702, 0.7210587414786771, 0.5654989127467661, 5.351600626445022], "optimization_overhead": 0.25558042526245117, "time_func_eval": 35.45780968666077, "iteration": 6, "incumbents_value": 0.18980171360920384}