{"incumbents_value": 0.7823081721771679, "time_func_eval": 0.10607123374938965, "optimization_overhead": 0.1882641315460205, "incumbent": [50.77238855251193, 0.0002213601022979767, 0.00038470355806460887, 127.28017751937038, 0.039092423211647194, 0.10518431547751235, 0.4377624825403816, 9.700526799109404], "runtime": 19.634418487548828, "iteration": 58}