{"incumbents_value": 0.5102145198275277, "time_func_eval": 8.754678726196289, "optimization_overhead": 0.2826404571533203, "incumbent": [149.46285636428308, 0.0019109723257702692, 0.004014636426538731, 166.68484189613986, 0.7790877767939511, 0.190263990331285, 0.9757265943642854, 13.552465180546797], "runtime": 221.0412278175354, "iteration": 95}