{"incumbent": [23.364683390478145, 0.008230823762077736, 0.0025064234073780244, 52.9585809813758, 0.2743972435672171, 0.10866664622570318, 0.11839711697973476, 14.42095015652001], "iteration": 64, "time_func_eval": 0.06855034828186035, "optimization_overhead": 0.19522523880004883, "incumbents_value": 0.7663767469521261, "runtime": 20.113691568374634}