{"incumbent": [138.42304752510168, 2.2152757208039896e-05, 0.006595001743207457, 290.39566695653764, 0.0830615764095702, 0.7210587414786771, 0.5654989127467661, 5.351600626445022], "iteration": 24, "time_func_eval": 0.0372776985168457, "optimization_overhead": 0.1570751667022705, "incumbents_value": 0.7938798928981257, "runtime": 6.617892503738403}