{"incumbent": [23.364683390478145, 0.008230823762077736, 0.0025064234073780244, 52.9585809813758, 0.2743972435672171, 0.10866664622570318, 0.11839711697973476, 14.42095015652001], "iteration": 87, "time_func_eval": 0.040015459060668945, "optimization_overhead": 0.19408750534057617, "incumbents_value": 0.7663767469521261, "runtime": 26.831706523895264}