{"incumbent": [782.6851692838405, 225.54146210829754, 20097.811552140047, 180.47047448609072, 0.8406530845326083, 0.9498581863476869, 3420.982627014495, 24132.99064656735, 6851.862364807468, 2445.401175006882], "time_func_eval": 1.7642974853515625e-05, "iteration": 83, "optimization_overhead": 0.41962504386901855, "runtime": 31.851198196411133, "incumbents_value": -2354536.1308564106}