{"incumbent": [782.6851692838405, 225.54146210829754, 20097.811552140047, 180.47047448609072, 0.8406530845326083, 0.9498581863476869, 3420.982627014495, 24132.99064656735, 6851.862364807468, 2445.401175006882], "time_func_eval": 1.4781951904296875e-05, "iteration": 86, "optimization_overhead": 0.4784567356109619, "runtime": 33.40259838104248, "incumbents_value": -2354536.1308564106}