{"incumbent": [717.680481864592, 495.37843825879, 22602.77035900389, 414.149977357817, 0.9724227301132178, 0.7776802858005045, 1261.9859434180464, 14646.87160019145, 13645.041951090214, 1978.0437898688053], "time_func_eval": 1.6450881958007812e-05, "iteration": 11, "optimization_overhead": 0.1876966953277588, "runtime": 5.832834005355835, "incumbents_value": -1790091.8856835163}