{"incumbents_value": 0.7983623674581897, "time_func_eval": 11.135974407196045, "optimization_overhead": 0.2992098331451416, "incumbent": [131.93483924306565, 0.004132990395996187, 0.004165418795882316, 101.81427142408188, 0.30090672022831005, 0.4960859596828018, 0.9182320590731323, 7.445406569108988], "runtime": 92.73341298103333, "iteration": 26}