{"incumbents_value": 0.7983623674581897, "time_func_eval": 16.731743574142456, "optimization_overhead": 0.21029376983642578, "incumbent": [131.93483924306565, 0.004132990395996187, 0.004165418795882316, 101.81427142408188, 0.30090672022831005, 0.4960859596828018, 0.9182320590731323, 7.445406569108988], "runtime": 59.82799959182739, "iteration": 16}