{"incumbents_value": 0.7881324836606468, "time_func_eval": 2.7089364528656006, "optimization_overhead": 0.1928257942199707, "incumbent": [144.66173896151042, 0.0016347102494564281, 0.0016847521872156185, 91.66377967897435, 0.2842752642951225, 0.8983972566291324, 0.7458739545210706, 5.2751989921081055], "runtime": 126.9453957080841, "iteration": 37}