{"incumbents_value": 0.3523699805345437, "time_func_eval": 0.9250283241271973, "optimization_overhead": 0.2161424160003662, "incumbent": [146.49644516512433, 0.0030153997957861173, 0.0032128483013569944, 273.21374938919473, 0.8992825580876463, 0.6442380837709454, 0.9847133754562121, 14.690835074854569], "runtime": 197.6308434009552, "iteration": 30}