{"incumbent": [138.24072072501056, 0.005247670799297531, 0.0046362765630719146, 260.8587936701409, 0.5845270357530191, 0.35570735193117375, 0.3606664400947772, 14.500346637039286], "iteration": 88, "time_func_eval": 0.6973986625671387, "optimization_overhead": 0.19733762741088867, "incumbents_value": 0.06679929915941907, "runtime": 124.73768424987793}