{"incumbent": [133.35692586289872, 0.0007710877603497842, 0.013924021749313753, 234.80319495845143, 0.8527299629557269, 0.4969403856687349, 0.804865796687717, 10.19362461206882], "iteration": 37, "time_func_eval": 0.5257527828216553, "optimization_overhead": 0.18710708618164062, "incumbents_value": 0.06929443930338275, "runtime": 47.80133032798767}