{"incumbent": [133.35692586289872, 0.0007710877603497842, 0.013924021749313753, 234.80319495845143, 0.8527299629557269, 0.4969403856687349, 0.804865796687717, 10.19362461206882], "iteration": 7, "time_func_eval": 1.4242351055145264, "optimization_overhead": 0.1609649658203125, "incumbents_value": 0.06929443930338275, "runtime": 7.9409284591674805}