{"incumbent": [75.0967258831215, 0.005084025156473648, 0.009658469557990955, 191.72376591981188, 0.4641619781237092, 0.567252652407908, 0.43512835107441344, 11.746268778156342], "iteration": 0, "time_func_eval": 1.2084364891052246, "optimization_overhead": 0.010968208312988281, "incumbents_value": 0.08504218883862502, "runtime": 1.2419071197509766}