{"incumbents_value": 0.9786458333333333, "time_func_eval": 0.35558652877807617, "optimization_overhead": 0.3875105381011963, "incumbent": [17.060487620921734, 0.00041411608653774, 0.0037810412698814806, 197.59149889226072, 0.15281271142138866, 0.2618504666314521, 0.8934284303036683, 14.889617330879467], "runtime": 130.9784688949585, "iteration": 97}