{"time_func_eval": 0.04420185089111328, "incumbent": [88.47046963548584, 0.0017914047602082292, 0.04669618538003317, 103.20335305674101, 0.7084958062555262, 0.4890517330013828, 0.7781536970675419, 12.894299132541057], "runtime": 32.57535171508789, "optimization_overhead": 0.3127434253692627, "iteration": 68, "incumbents_value": 0.8076655052264808}