{"incumbents_value": 0.485651575288378, "time_func_eval": 0.283123254776001, "optimization_overhead": 0.27643871307373047, "incumbent": [66.41882107972015, 1e-05, 0.0001, 275.6285035268949, 0.6216556650364493, 0.9, 0.9635797259120553, 14.544240069282665], "runtime": 85.05028128623962, "iteration": 78}