{"incumbents_value": 0.7077970287257649, "time_func_eval": 1.6506366729736328, "optimization_overhead": 0.25017237663269043, "incumbent": [146.55047935407396, 0.0016708841339904865, 0.010433617363675117, 299.19820350404586, 0.8918811401083387, 0.6707724427884076, 0.5741548020755354, 14.187681969743164], "runtime": 15.615708827972412, "iteration": 16}