{"incumbents_value": 0.07987481247077655, "time_func_eval": 2.735481023788452, "optimization_overhead": 0.22008228302001953, "incumbent": [143.5213193352867, 0.00867742503826605, 0.0008806694739194183, 167.20155163570715, 0.40638315411395, 0.165183096468839, 0.6879422257387203, 14.965794820478616], "runtime": 33.80367565155029, "iteration": 7}