{"incumbents_value": 0.0703374224963913, "time_func_eval": 2.1661741733551025, "optimization_overhead": 0.46259069442749023, "incumbent": [138.93056369832607, 0.005823248161846659, 0.007131651183650239, 268.225584384139, 0.8308669592656787, 0.26980572183820994, 0.46169949440314495, 5.669444627285895], "runtime": 343.2520625591278, "iteration": 80}