{"optimization_overhead": 0.22083592414855957, "runtime": 47.32932186126709, "incumbent": [36.78465525376211, 1e-05, 0.0001, 78.54333017068393, 0.041582392047066125, 0.7350390467872732, 0.9541937905836074, 14.431410034837535], "incumbents_value": 0.629497094309903, "time_func_eval": 0.30071067810058594, "iteration": 86}