{"incumbents_value": 0.038802539390219715, "time_func_eval": 68.09613680839539, "optimization_overhead": 0.20588183403015137, "incumbent": [125.47170932396891, 0.008764099266172455, 0.00539090032910698, 284.3494385232136, 0.1956586688643143, 0.0902281899663271, 0.4696589942533641, 5.9306402826541005], "runtime": 246.94856309890747, "iteration": 8}