{"incumbents_value": 0.028213058289913828, "time_func_eval": 20.72165846824646, "optimization_overhead": 0.21918368339538574, "incumbent": [125.7289888303242, 0.01, 0.0001, 284.2435363775074, 0.43823731364439306, 0.09, 0.9225666647027979, 5.756162888062308], "runtime": 589.3539984226227, "iteration": 15}