{"incumbent": [103.18842317318857, 0.008357240750336566, 0.0016919439387681667, 80.95842148731332, 0.8386762268020008, 0.8851233957144619, 0.7967108807625466, 13.678477467896444], "iteration": 54, "time_func_eval": 0.4197864532470703, "optimization_overhead": 0.18821144104003906, "incumbents_value": 0.02989444068689262, "runtime": 46.81424641609192}