{"incumbent": [103.18842317318857, 0.008357240750336566, 0.0016919439387681667, 80.95842148731332, 0.8386762268020008, 0.8851233957144619, 0.7967108807625466, 13.678477467896444], "iteration": 27, "time_func_eval": 0.7597007751464844, "optimization_overhead": 0.16458535194396973, "incumbents_value": 0.02989444068689262, "runtime": 23.7707998752594}