{"incumbent": [116.54451960807071, 0.0096624245772663, 0.008257362249225398, 285.50372122992974, 0.018089124727474353, 0.5487201425437421, 0.9073714680988098, 13.861504208564293], "iteration": 16, "time_func_eval": 3.143017292022705, "optimization_overhead": 0.18569064140319824, "incumbents_value": 0.03124164903101012, "runtime": 15.633994817733765}