{"incumbents_value": 0.6632850042373852, "time_func_eval": 7.20845890045166, "optimization_overhead": 0.1490640640258789, "incumbent": [145.9678217745597, 0.009792990137858042, 0.02484228367436833, 268.2301382694323, 0.2985944799602031, 0.8154238661522623, 0.49821079951221026, 14.564457009316353], "runtime": 9.75815725326538, "iteration": 4}