{"incumbents_value": 0.8136752136752137, "time_func_eval": 0.13513970375061035, "optimization_overhead": 0.13864779472351074, "incumbent": [89.01594628103597, 0.007836738349106472, 0.0664250995353307, 261.695734268018, 0.3931819104140946, 0.29097225520566167, 0.5006275491298561, 6.3245239323809885], "runtime": 2.3911681175231934, "iteration": 3}