{"runtime": 659.0433320999146, "optimization_overhead": 0.27192068099975586, "incumbent": [119.2526322592894, 0.007757185360988688, 0.0029071130515432577, 132.2181453276432, 0.016900382499898663, 0.8684723290407108, 0.9162050234837688, 7.640911610733141], "time_func_eval": 44.262243032455444, "incumbents_value": 0.08222193047421766, "iteration": 70}