{"runtime": 539.2014317512512, "optimization_overhead": 0.22902178764343262, "incumbent": [141.02018151563422, 0.0017236202085556735, 0.004408123860424957, 65.2330535660917, 0.7541648468306912, 0.24480831235345082, 0.8163145448662734, 14.451755876313245], "time_func_eval": 10.78017783164978, "incumbents_value": 0.08272548133361401, "iteration": 59}