{"runtime": 226.86926531791687, "optimization_overhead": 0.23172712326049805, "incumbent": [143.76090138056986, 0.0007680645965515013, 0.0029396343783807508, 245.32507916686828, 0.022322124085951377, 0.2673113910224787, 0.3170031650218346, 14.998434314197308], "time_func_eval": 2.8814971446990967, "incumbents_value": 0.10019319922373726, "iteration": 19}