{"runtime": 107.73691010475159, "optimization_overhead": 0.20093178749084473, "incumbent": [146.6528464536135, 0.0012635731458212115, 0.003082706651464513, 188.50028459309476, 0.6429203515445308, 0.21826695239233826, 0.135677100969825, 7.234634718049834], "time_func_eval": 0.9790778160095215, "incumbents_value": 0.12804204717231327, "iteration": 7}