{"runtime": 120.25443291664124, "optimization_overhead": 0.2293381690979004, "incumbent": [148.56520500522197, 0.0018192829844769698, 0.0034523794521659724, 278.9895506727944, 0.8885090861655648, 0.3051831873534118, 0.11066584272977621, 13.072725270031869], "time_func_eval": 7.088794231414795, "incumbents_value": 0.111825353825594, "iteration": 10}