{"incumbent": [138.50349890345382, 0.01, 0.0001, 290.5356037545559, 0.13225547880859367, 0.8256742120396746, 0.3257142895288837, 5.373370758842141], "iteration": 85, "time_func_eval": 0.9277637004852295, "optimization_overhead": 0.23529601097106934, "incumbents_value": 0.5778507292248736, "runtime": 140.88756656646729}