{"incumbent": [96.94241441640247, 0.004454827154941014, 0.019936196402173985, 290.05147377546314, 0.12358859092632701, 0.8657014362775933, 0.9608634089797603, 12.215321237747595], "iteration": 0, "time_func_eval": 1.475102186203003, "optimization_overhead": 0.0074863433837890625, "incumbents_value": 0.831766406028855, "runtime": 1.498300552368164}