{"runtime": 108.16324734687805, "iteration": 27, "time_func_eval": 8.878682613372803, "incumbent": [146.52432083493528, 0.008106600114610818, 0.004521564555469886, 143.83172520549743, 0.07692161797700693, 0.7880193308688533, 0.9563818048696267, 10.673697283376534], "incumbents_value": 0.03078687305360739, "optimization_overhead": 0.3432636260986328}