{"runtime": 18.81986689567566, "incumbents_value": -101692.15331194673, "iteration": 51, "incumbent": [164.80852229578466, 2.582482908505123], "time_func_eval": 1.6450881958007812e-05, "optimization_overhead": 0.43401050567626953}