{"runtime": 19.873805284500122, "incumbents_value": -109449.10797125082, "iteration": 53, "incumbent": [164.94063964512745, 2.608112726438696], "time_func_eval": 1.52587890625e-05, "optimization_overhead": 0.42219042778015137}