{"runtime": 21.354917764663696, "incumbents_value": -109449.10797125082, "iteration": 55, "incumbent": [164.94063964512745, 2.608112726438696], "time_func_eval": 0.0002846717834472656, "optimization_overhead": 1.1244158744812012}