{"runtime": 26.045894622802734, "incumbents_value": -109449.10797125082, "iteration": 66, "incumbent": [164.94063964512745, 2.608112726438696], "time_func_eval": 1.5497207641601562e-05, "optimization_overhead": 0.49627065658569336}