{"runtime": 5.036693572998047, "incumbents_value": -42901.440109395386, "iteration": 16, "incumbent": [104.12926010820804, 1.6599715105646875], "time_func_eval": 1.5974044799804688e-05, "optimization_overhead": 0.2948722839355469}