{"incumbents_value": 0.2522989265754477, "time_func_eval": 15.301001787185669, "optimization_overhead": 0.16802191734313965, "incumbent": [32.41168275531457, 0.0018550073989345066, 0.0020364029167198048, 53.04874849981967, 0.3809625859594948, 0.15747399291046832, 0.14397690866989826, 6.565467334202266], "runtime": 125.3445372581482, "iteration": 7}