{"incumbents_value": 0.2522989265754477, "time_func_eval": 2.2849910259246826, "optimization_overhead": 0.12810349464416504, "incumbent": [32.41168275531457, 0.0018550073989345066, 0.0020364029167198048, 53.04874849981967, 0.3809625859594948, 0.15747399291046832, 0.14397690866989826, 6.565467334202266], "runtime": 104.38086676597595, "iteration": 4}