{"incumbents_value": 0.19013233333119506, "time_func_eval": 7.1655495166778564, "optimization_overhead": 0.2844655513763428, "incumbent": [147.592487258486, 0.009799604337429862, 0.0009460238182875212, 295.8386229844117, 0.04215251523375571, 0.1666706700347126, 0.15236088527982572, 7.612639812096646], "runtime": 1680.2985262870789, "iteration": 79}