{"incumbent": [130.97153339788946, 0.009012112638729376, 0.0015274358228773144, 237.97551509685266, 0.03518210030292857, 0.7963127090907874, 0.961332684358161, 14.421973240370901], "iteration": 60, "time_func_eval": 9.40099573135376, "optimization_overhead": 0.2536165714263916, "incumbents_value": 0.020303315795529908, "runtime": 744.6528482437134}