{"incumbent": [67.21836126495629, 0.005295106649157575, 0.002700975398011186, 162.4392945754252, 0.18111283719983814, 0.7935874885001919, 0.9450021268566403, 14.656646359801357], "iteration": 96, "time_func_eval": 1.3613290786743164, "optimization_overhead": 0.23431777954101562, "incumbents_value": 0.017230984342856304, "runtime": 1019.8671414852142}