{"incumbent": [133.35692586289872, 0.0007710877603497842, 0.013924021749313753, 234.80319495845143, 0.8527299629557269, 0.4969403856687349, 0.804865796687717, 10.19362461206882], "iteration": 5, "time_func_eval": 3.711177349090576, "optimization_overhead": 0.20971918106079102, "incumbents_value": 0.025318279473975136, "runtime": 37.57189607620239}