{"runtime": 149.2236773967743, "optimization_overhead": 0.25203776359558105, "incumbent": [135.14027503008307, 0.007811037611657241, 0.0018159121577249967, 298.7767653943208, 0.3088312260374648, 0.731668190950339, 0.14950903930239945, 14.946953863138168], "time_func_eval": 0.30448126792907715, "incumbents_value": 0.5549037614188116, "iteration": 73}