{"runtime": 154.596905708313, "optimization_overhead": 0.2488102912902832, "incumbent": [135.14027503008307, 0.007811037611657241, 0.0018159121577249967, 298.7767653943208, 0.3088312260374648, 0.731668190950339, 0.14950903930239945, 14.946953863138168], "time_func_eval": 5.115269422531128, "incumbents_value": 0.5549037614188116, "iteration": 74}