{"incumbent": [24.064876153073865, 0.008994220575574828, 0.0018913980264247004, 248.7819475190664, 0.2937984996557091, 0.15133575112992242, 0.19117252941795101, 7.13850082536063], "iteration": 18, "time_func_eval": 0.029849767684936523, "optimization_overhead": 0.16504788398742676, "incumbents_value": 0.23216882601797995, "runtime": 3.8027334213256836}