{"incumbent": [143.59823782075972, 0.003215571630393107, 0.005646987652485524, 297.5049992232943, 0.7182617371089594, 0.853918645975991, 0.4678461105051747, 5.037978157059683], "iteration": 93, "time_func_eval": 0.018857717514038086, "optimization_overhead": 0.19381332397460938, "incumbents_value": 0.18944722288375537, "runtime": 23.447245359420776}