{"incumbent": [24.064876153073865, 0.008994220575574828, 0.0018913980264247004, 248.7819475190664, 0.2937984996557091, 0.15133575112992242, 0.19117252941795101, 7.13850082536063], "iteration": 24, "time_func_eval": 0.009804487228393555, "optimization_overhead": 0.16289734840393066, "incumbents_value": 0.23216882601797995, "runtime": 5.299845218658447}