{"incumbent": [24.064876153073865, 0.008994220575574828, 0.0018913980264247004, 248.7819475190664, 0.2937984996557091, 0.15133575112992242, 0.19117252941795101, 7.13850082536063], "iteration": 21, "time_func_eval": 0.08080554008483887, "optimization_overhead": 0.16916155815124512, "incumbents_value": 0.23216882601797995, "runtime": 4.598981857299805}