{"incumbent": [4.916758466708844, 0.00917772450707442, 0.009344383888865585, 293.0032208698917, 0.7191680075021477, 0.36658445989631294, 0.6451482537729861, 14.498726424466312], "iteration": 26, "time_func_eval": 0.03120732307434082, "optimization_overhead": 0.16283512115478516, "incumbents_value": 0.2189501211889272, "runtime": 5.740928888320923}