{"time_func_eval": 0.44443559646606445, "runtime": 30.94127869606018, "incumbents_value": 0.31575682382133985, "iteration": 71, "incumbent": [146.69750487350942, 0.01, 0.0001, 241.15630600739968, 0.01, 0.9, 0.5310452287306132, 14.122923989897965], "optimization_overhead": 0.2024521827697754}