{"time_func_eval": 0.24079012870788574, "runtime": 27.104445219039917, "incumbents_value": 0.31575682382133985, "iteration": 62, "incumbent": [146.69750487350942, 0.01, 0.0001, 241.15630600739968, 0.01, 0.9, 0.5310452287306132, 14.122923989897965], "optimization_overhead": 0.265791654586792}