{"incumbent": [9.001141364233197, 0.009549536575388446, 0.002783810437299894, 200.0482130124488, 0.8060502260742339, 0.7943154285059439, 0.2404842107982857, 5.89762343481294], "iteration": 28, "time_func_eval": 0.04845833778381348, "optimization_overhead": 0.16400885581970215, "incumbents_value": 0.7914786967418546, "runtime": 6.920179605484009}