{"incumbent": [149.08093687086705, 0.006236685309725531, 0.000655201191607496, 57.74625618653657, 0.860100122288165, 0.7851549140475095, 0.1331581417394089, 12.91341822966417], "iteration": 86, "time_func_eval": 0.0653221607208252, "optimization_overhead": 0.1955258846282959, "incumbents_value": 0.7819548872180451, "runtime": 26.527967929840088}