{"incumbent": [149.08093687086705, 0.006236685309725531, 0.000655201191607496, 57.74625618653657, 0.860100122288165, 0.7851549140475095, 0.1331581417394089, 12.91341822966417], "iteration": 94, "time_func_eval": 0.04871773719787598, "optimization_overhead": 0.19713449478149414, "incumbents_value": 0.7819548872180451, "runtime": 29.1832435131073}