{"incumbents_value": 0.06211180124223603, "time_func_eval": 0.007607460021972656, "optimization_overhead": 0.3150162696838379, "incumbent": [148.28907416385397, 0.01, 0.02814742675462973, 55.554716622397, 0.059184792923724194, 0.8275241254013271, 0.999, 14.319482716482193], "runtime": 28.83752727508545, "iteration": 97}