{"incumbents_value": 0.06211180124223603, "time_func_eval": 0.026253223419189453, "optimization_overhead": 0.30371665954589844, "incumbent": [148.28907416385397, 0.01, 0.02814742675462973, 55.554716622397, 0.059184792923724194, 0.8275241254013271, 0.999, 14.319482716482193], "runtime": 28.507843494415283, "iteration": 96}