{"incumbents_value": 0.23999999999999988, "time_func_eval": 0.02126288414001465, "optimization_overhead": 0.234222412109375, "incumbent": [111.61831246932306, 0.009727717020139985, 0.009618589161935639, 271.3020590810559, 0.13365231621743034, 0.344849157268178, 0.9735528837484191, 14.730921191292893], "runtime": 6.705754518508911, "iteration": 27}