{"incumbents_value": 0.236567354214413, "time_func_eval": 0.037625789642333984, "optimization_overhead": 0.21985197067260742, "incumbent": [134.1121104030931, 8.839088538265642e-05, 0.02973358246896484, 56.76507253959921, 0.06222126863212495, 0.3209223494976148, 0.28889154344832274, 14.389892156831172], "runtime": 12.693588972091675, "iteration": 48}