{"incumbents_value": 0.29494161613784386, "time_func_eval": 0.5032410621643066, "optimization_overhead": 0.200042724609375, "incumbent": [131.74812455402122, 0.0010499581323920443, 0.01163568126774445, 133.99466104208045, 0.046420621815625854, 0.43619642044994233, 0.23462957344922092, 13.976244927227269], "runtime": 32.33302617073059, "iteration": 26}