{"incumbents_value": 0.3006025368339862, "time_func_eval": 0.32959771156311035, "optimization_overhead": 0.20993733406066895, "incumbent": [149.77405801961004, 0.008040168311210237, 0.0020487880875319753, 232.2353072709676, 0.26530812727572944, 0.10704746566789382, 0.9629854061435161, 14.50887667195794], "runtime": 9.519758939743042, "iteration": 6}