{"incumbents_value": 0.28367869266468515, "time_func_eval": 2.6287806034088135, "optimization_overhead": 0.4024233818054199, "incumbent": [117.14705667807377, 0.009701584853885725, 0.00503287960050199, 289.397467415459, 0.1450416144694148, 0.6112499072289977, 0.6386736480423346, 7.585601175379262], "runtime": 139.47776794433594, "iteration": 90}