{"incumbents_value": 0.29411754817046676, "time_func_eval": 0.8647916316986084, "optimization_overhead": 0.27641963958740234, "incumbent": [147.15412662578154, 0.002325478177752861, 0.0065376138618445925, 258.4526525322151, 0.8790269387270271, 0.25923618727511133, 0.4003496003437969, 14.2206643316887], "runtime": 56.96210193634033, "iteration": 40}