{"incumbents_value": 0.021381805535569343, "time_func_eval": 48.33474063873291, "optimization_overhead": 0.5518617630004883, "incumbent": [139.85614925507403, 0.006937598247958102, 0.0012116037179833864, 191.81364971210903, 0.12849674075648954, 0.6439286931167383, 0.5028082964112552, 14.711264134705024], "runtime": 2512.930023908615, "iteration": 96}