{"incumbents_value": 0.05593869731800771, "time_func_eval": 0.02824854850769043, "optimization_overhead": 0.1985173225402832, "incumbent": [54.32715292963278, 0.009128197516873942, 0.016758779539963246, 197.68513730723515, 0.622018051413169, 0.8474985040550167, 0.7191503666026214, 12.990313394976035], "runtime": 9.369448900222778, "iteration": 33}