{"runtime": 38.59210705757141, "optimization_overhead": 0.2206876277923584, "incumbent": [55.804618315170515, 0.0008285771307660047, 0.0063194472982693855, 50.130225736139494, 0.05645023084076102, 0.743230655046289, 0.9091320182155855, 12.932259491495419], "time_func_eval": 0.21489429473876953, "incumbents_value": 0.4607650720094498, "iteration": 88}