{"runtime": 42.82296824455261, "optimization_overhead": 0.20162343978881836, "incumbent": [55.804618315170515, 0.0008285771307660047, 0.0063194472982693855, 50.130225736139494, 0.05645023084076102, 0.743230655046289, 0.9091320182155855, 12.932259491495419], "time_func_eval": 0.29171085357666016, "incumbents_value": 0.4607650720094498, "iteration": 92}