{"incumbents_value": 0.39120383161605143, "time_func_eval": 0.5014452934265137, "optimization_overhead": 0.20540213584899902, "incumbent": [13.672840143336083, 0.009740711665240832, 0.001841794032691338, 134.9626714291917, 0.48846973708260866, 0.21100830616651145, 0.7907998287259973, 14.456678764788467], "runtime": 12.657455444335938, "iteration": 9}