{"incumbents_value": 0.784294446189722, "time_func_eval": 0.7188093662261963, "optimization_overhead": 0.1753067970275879, "incumbent": [12.7627360557412, 0.009936173169485661, 0.013659918881327488, 63.45397771094403, 0.8199272604663717, 0.3857543587731176, 0.10392205686263792, 7.508696810371144], "runtime": 11.490311861038208, "iteration": 7}