{"runtime": 129.23303318023682, "optimization_overhead": 0.21690869331359863, "incumbent": [138.03947630795759, 0.009455054756113695, 0.014957491252570924, 280.32304128605904, 0.8956168662822848, 0.7368341369447218, 0.74361507324741, 6.201133011427538], "time_func_eval": 0.40583181381225586, "incumbents_value": 0.5718988638361402, "iteration": 57}