{"runtime": 140.77137517929077, "optimization_overhead": 0.25960302352905273, "incumbent": [138.03947630795759, 0.009455054756113695, 0.014957491252570924, 280.32304128605904, 0.8956168662822848, 0.7368341369447218, 0.74361507324741, 6.201133011427538], "time_func_eval": 0.8541617393493652, "incumbents_value": 0.5718988638361402, "iteration": 63}