{"runtime": 8.855441331863403, "optimization_overhead": 0.17956209182739258, "incumbent": [104.73387169623068, 0.006101210418373154, 0.005869166667620027, 277.11916645637666, 0.050551104490187244, 0.534006053131861, 0.9852241192184028, 6.133938756725103], "time_func_eval": 0.3236081600189209, "incumbents_value": 0.6409183464122685, "iteration": 6}