{"runtime": 171.90266299247742, "optimization_overhead": 0.22916650772094727, "incumbent": [35.775607476101264, 0.0004741360440722058, 0.005501377800594091, 258.68200638339124, 0.2634286619446395, 0.7879331237739323, 0.9497357332528407, 9.099745421054731], "time_func_eval": 1.9304919242858887, "incumbents_value": 0.5684568764568765, "iteration": 74}