{"incumbents_value": 0.016265327317320555, "time_func_eval": 52.98199200630188, "optimization_overhead": 0.4176750183105469, "incumbent": [136.56053789425957, 0.003049767581135126, 0.000648539053764611, 294.07170500977696, 0.678140363790304, 0.2042420887655325, 0.2582589456616751, 8.809700460590978], "runtime": 2201.1847672462463, "iteration": 77}