{"incumbents_value": 0.04214349502031267, "time_func_eval": 14.21973991394043, "optimization_overhead": 0.1851658821105957, "incumbent": [148.62402300436955, 0.0022628930794249776, 0.005826681646965133, 70.01312931132266, 0.18926848235065455, 0.23122424762337113, 0.4894370972250708, 14.031104740188173], "runtime": 247.54323363304138, "iteration": 15}