{"incumbents_value": 0.016265327317320555, "time_func_eval": 11.475293397903442, "optimization_overhead": 0.3264913558959961, "incumbent": [136.56053789425957, 0.003049767581135126, 0.000648539053764611, 294.07170500977696, 0.678140363790304, 0.2042420887655325, 0.2582589456616751, 8.809700460590978], "runtime": 2802.975944042206, "iteration": 97}