{"runtime": 351.74220275878906, "time_func_eval": 0.35360002517700195, "iteration": 64, "optimization_overhead": 0.2249889373779297, "incumbents_value": 0.3613704595813323, "incumbent": [144.15110071768845, 0.00859845613113317, 0.0015312773407762526, 293.2888980818054, 0.34506631174243435, 0.14769797770296247, 0.8534120118798317, 14.779061014970106]}