{"incumbents_value": 0.06944444444444442, "time_func_eval": 0.5261919498443604, "optimization_overhead": 0.30359864234924316, "incumbent": [137.63919888330022, 0.00991862525422784, 0.05670837728291166, 72.2620464310348, 0.8524518540039028, 0.09992938154838367, 0.9010000015633796, 6.427434007164871], "runtime": 25.739884853363037, "iteration": 55}