{"incumbents_value": 0.3579365079365079, "time_func_eval": 0.03476262092590332, "optimization_overhead": 0.2795431613922119, "incumbent": [144.92143102592289, 0.009854292159012948, 0.03631144304450005, 103.18820877783006, 0.8313180030117344, 0.899333133420629, 0.10479626825079139, 14.696943382532554], "runtime": 29.34945249557495, "iteration": 48}