{"incumbents_value": 0.3472008547008547, "time_func_eval": 0.23050761222839355, "optimization_overhead": 0.24091076850891113, "incumbent": [146.2656955012407, 0.006756146139083419, 0.0214009626646706, 62.989702934538855, 0.1151198814196737, 0.27108931703382005, 0.9602138305196494, 14.626258315543764], "runtime": 33.04166078567505, "iteration": 55}