{"incumbents_value": 0.2927597402597403, "time_func_eval": 0.13882946968078613, "optimization_overhead": 0.27797698974609375, "incumbent": [34.76380450975998, 0.00962996125452672, 0.0016508024360004526, 147.64521497235245, 0.7414841644474447, 0.15490100062314333, 0.14235880961967473, 5.52455526420184], "runtime": 48.91860604286194, "iteration": 88}