{"incumbents_value": 0.14870344793498402, "time_func_eval": 3.814038038253784, "optimization_overhead": 0.1856381893157959, "incumbent": [134.86947056485505, 0.006318395218011474, 0.09867478246301949, 65.71561019557721, 0.05141885079527361, 0.7433118242080263, 0.9913253774248577, 11.766950260705118], "runtime": 21.109158754348755, "iteration": 6}