{"incumbents_value": 0.12883681896002963, "time_func_eval": 1.981001853942871, "optimization_overhead": 0.21939682960510254, "incumbent": [93.05226943101766, 0.006907237537705052, 0.06285853759083615, 70.36214005318062, 0.892396110049284, 0.8916954368291229, 0.7988995023345915, 14.955857062472601], "runtime": 488.61926102638245, "iteration": 85}