{"incumbent": [48.337078344288315, 0.004389859156036622, 0.008468018007123287, 271.5503236732193, 0.039865069576054867, 0.826470970720201, 0.7229200537146161, 14.787889766805884], "iteration": 83, "time_func_eval": 0.09738492965698242, "optimization_overhead": 0.19504332542419434, "incumbents_value": 0.7997782918835551, "runtime": 25.629774808883667}