{"incumbents_value": 0.21011605153134383, "time_func_eval": 2.076695680618286, "optimization_overhead": 0.3059229850769043, "incumbent": [148.2869265910645, 1e-05, 0.1, 67.84675906446171, 0.8591702934657737, 0.09, 0.999, 7.968722571522189], "runtime": 25.064616680145264, "iteration": 41}