{"incumbents_value": 0.243996160702043, "time_func_eval": 0.03810715675354004, "optimization_overhead": 0.15245890617370605, "incumbent": [74.98715141999055, 0.006479518544544349, 0.02446791925613667, 234.4899073634325, 0.15191294707902658, 0.661947288214782, 0.25369753776859855, 8.151594561799675], "runtime": 2.223839044570923, "iteration": 5}