{"incumbents_value": 0.510927568169247, "time_func_eval": 2.1117238998413086, "optimization_overhead": 0.23171496391296387, "incumbent": [138.01632106261133, 0.008608222617624025, 0.0019032818686940988, 74.03637827357466, 0.12401648856748293, 0.806085952094194, 0.9594211445548044, 12.587120602628339], "runtime": 115.95002555847168, "iteration": 30}