{"runtime": 207.26954317092896, "optimization_overhead": 0.23653006553649902, "incumbent": [90.27457061498545, 0.0096839769058843, 0.005659882736781271, 278.6104571314785, 0.8300966594555422, 0.8774631218174164, 0.8174027109328688, 13.090222426195986], "time_func_eval": 1.3685874938964844, "incumbents_value": 0.5633402320022802, "iteration": 92}