{"runtime": 147.12850618362427, "optimization_overhead": 0.1936814785003662, "incumbent": [90.27457061498545, 0.0096839769058843, 0.005659882736781271, 278.6104571314785, 0.8300966594555422, 0.8774631218174164, 0.8174027109328688, 13.090222426195986], "time_func_eval": 0.6304793357849121, "incumbents_value": 0.5633402320022802, "iteration": 69}