{"incumbents_value": 0.4034614833807899, "time_func_eval": 0.9887938499450684, "optimization_overhead": 0.16795611381530762, "incumbent": [140.65146810231943, 0.008020781441659436, 0.04204723770436059, 212.47009425582064, 0.47038902862578724, 0.7247853298105206, 0.9004183682137141, 13.441098995392542], "runtime": 65.89560866355896, "iteration": 11}