{"incumbents_value": 0.8629648587939265, "time_func_eval": 0.12887787818908691, "optimization_overhead": 9.020169576009114e-05, "incumbent": [21.78340515667084, 0.0015609544014640218, 0.0909654135621625, 257.72921954761915, 0.7332686621422485, 0.5219640837156441, 0.45330865334068016, 8.903974479679981], "runtime": 0.1295769214630127, "iteration": 0}