{"time_func_eval": 16.029459953308105, "runtime": 171.92215538024902, "incumbent": [120.02688488596108, 0.007102053111559369, 0.010884295177673113, 237.41192695681153, 0.8358760406953016, 0.7131315257966265, 0.9654444592984538, 11.57006685294421], "iteration": 46, "optimization_overhead": 0.2741403579711914, "incumbents_value": 0.25400335817367403}