{"time_func_eval": 0.11236882209777832, "runtime": 4.798201322555542, "incumbent": [130.0730470314779, 0.006023028141911324, 0.011890963590006829, 248.43080952999702, 0.7617816432798594, 0.14384067463165723, 0.685905764987019, 14.309735133456929], "iteration": 1, "optimization_overhead": 9.330113728841145e-05, "incumbents_value": 0.5356460972526371}