{"incumbents_value": 0.07509176959816433, "time_func_eval": 2.0835301876068115, "optimization_overhead": 0.27364468574523926, "incumbent": [130.34564402047155, 0.005362261220452168, 0.008549947535069638, 257.7824924553394, 0.870237187726237, 0.589177692116238, 0.5317850938004497, 5.243766607027877], "runtime": 75.99125671386719, "iteration": 49}