{"runtime": 516.7333269119263, "iteration": 66, "time_func_eval": 11.125070571899414, "incumbent": [66.81081284960608, 0.008324180695245082, 0.026575796526918365, 58.60672637910068, 0.034622960808622115, 0.10475036617443996, 0.9987657846054727, 7.092764658586344], "incumbents_value": 0.04865061232638346, "optimization_overhead": 0.4707326889038086}