{"runtime": 50.261762857437134, "iteration": 9, "time_func_eval": 0.6489589214324951, "incumbent": [101.13311751807882, 0.003938679704170033, 0.0053586194826593875, 78.44413534143148, 0.8226073531634049, 0.8531271774435338, 0.9156047536288767, 5.713042164063623], "incumbents_value": 0.06385815162190878, "optimization_overhead": 0.34226322174072266}