{"incumbents_value": 0.13333333333333341, "time_func_eval": 0.06321883201599121, "optimization_overhead": 0.30483341217041016, "incumbent": [24.79146038348959, 0.0029376776810165614, 0.011384029283308563, 278.34919093790904, 0.8931020047428422, 0.2525363965640387, 0.9808462435951023, 12.33741807843466], "runtime": 8.682768106460571, "iteration": 34}