{"incumbents_value": 0.20000000000000007, "time_func_eval": 0.016068458557128906, "optimization_overhead": 0.17537617683410645, "incumbent": [148.9105975170962, 0.004046992869826163, 0.015997236666828334, 140.11332143463875, 0.11489807227857018, 0.34962212851258967, 0.12463843756926282, 14.999779485460532], "runtime": 4.894279718399048, "iteration": 22}