{"incumbents_value": 0.0, "time_func_eval": 0.08329892158508301, "optimization_overhead": 0.2516145706176758, "incumbent": [77.4869526450491, 0.006373431965820058, 0.016195135210837385, 258.05538660808816, 0.5780279182914863, 0.7862562773767552, 0.9792890159149381, 14.8736252731377], "runtime": 23.361613035202026, "iteration": 78}