{"incumbents_value": 0.18791592912093358, "time_func_eval": 0.540212869644165, "optimization_overhead": 0.17258787155151367, "incumbent": [8.09239554698363, 0.0001798916469647357, 0.005512565296880672, 145.75797104070082, 0.47196577372914417, 0.19305524442740157, 0.9442375354621498, 14.634232871074428], "runtime": 13.876182317733765, "iteration": 5}