{"incumbents_value": 0.2927597402597403, "time_func_eval": 0.9617741107940674, "optimization_overhead": 0.33290839195251465, "incumbent": [34.76380450975998, 0.00962996125452672, 0.0016508024360004526, 147.64521497235245, 0.7414841644474447, 0.15490100062314333, 0.14235880961967473, 5.52455526420184], "runtime": 40.81864953041077, "iteration": 73}