{"incumbents_value": 0.4525504621769477, "time_func_eval": 0.028463125228881836, "optimization_overhead": 0.2346348762512207, "incumbent": [50.873668294854696, 0.009992189202713608, 0.004225556396891741, 53.425954876813215, 0.8941241998727935, 0.18119449704972615, 0.9653353974817144, 10.012767342998796], "runtime": 3.631645679473877, "iteration": 10}