{"incumbents_value": 0.3130303030303031, "time_func_eval": 0.15132641792297363, "optimization_overhead": 0.2114415168762207, "incumbent": [42.64175912652721, 0.009502284771580424, 0.0057549272241959595, 52.60541753906762, 0.07399590622141863, 0.24921993862178207, 0.1996196335326159, 5.946071560537191], "runtime": 35.89954447746277, "iteration": 63}