{"incumbents_value": 0.4218051482567612, "time_func_eval": 0.09023046493530273, "optimization_overhead": 0.2545742988586426, "incumbent": [128.0461805692945, 0.009412523619330017, 0.0017963065745075562, 286.31082329429125, 0.2630140470078627, 0.5758846703346894, 0.8723366690393037, 13.867953496413934], "runtime": 10.841618061065674, "iteration": 18}