{"incumbents_value": 0.3593809058325188, "time_func_eval": 0.04573202133178711, "optimization_overhead": 0.2036123275756836, "incumbent": [146.81826382976814, 1e-05, 0.1, 79.63213905767388, 0.04708981776128865, 0.6128574000682614, 0.9037327885454767, 5.2965485126049865], "runtime": 13.960486888885498, "iteration": 24}