{"iteration": 95, "incumbents_value": 0.7677201034057892, "incumbent": [101.13311751807882, 0.003938679704170033, 0.0053586194826593875, 78.44413534143148, 0.8226073531634049, 0.8531271774435338, 0.9156047536288767, 5.713042164063623], "time_func_eval": 14.609248876571655, "runtime": 374.96913409233093, "optimization_overhead": 0.562920093536377}