{"optimization_overhead": 0.23690581321716309, "runtime": 10.642988204956055, "incumbent": [58.15864435462905, 0.00046009863650194445, 0.08997514073766912, 52.12009289200083, 0.8324257119857668, 0.1793911228756564, 0.8204943624902039, 13.739001118599877], "incumbents_value": 0.261437908496732, "time_func_eval": 0.016000986099243164, "iteration": 41}