{"optimization_overhead": 0.23278093338012695, "runtime": 9.372692108154297, "incumbent": [146.5420033914829, 6.012974302563806e-05, 0.023447220973726028, 241.13381626323252, 0.01621104405960412, 0.8888921757918474, 0.7466798047107867, 14.195648746722187], "incumbents_value": 0.3007518796992481, "time_func_eval": 0.0342559814453125, "iteration": 36}