{"optimization_overhead": 0.24454903602600098, "runtime": 12.769333124160767, "incumbent": [58.15864435462905, 0.00046009863650194445, 0.08997514073766912, 52.12009289200083, 0.8324257119857668, 0.1793911228756564, 0.8204943624902039, 13.739001118599877], "incumbents_value": 0.261437908496732, "time_func_eval": 0.012220144271850586, "iteration": 49}