{"incumbents_value": 0.8068828361860596, "time_func_eval": 0.026775598526000977, "optimization_overhead": 0.31047511100769043, "incumbent": [141.576118732001, 0.008350596212761742, 0.0040505926815424175, 167.7178000700759, 0.8205397857303334, 0.36796816475522987, 0.18660402424244213, 5.918521198185926], "runtime": 14.960455656051636, "iteration": 43}