{"incumbent": [138.703879106779, 0.003940803441151848, 0.011755625255611985, 189.91138118804975, 0.7556616782142024, 0.11634937807048393, 0.7949237443058407, 14.724982796235091], "iteration": 86, "time_func_eval": 2.323303699493408, "optimization_overhead": 0.19627046585083008, "incumbents_value": 0.003908677465740862, "runtime": 102.49384617805481}