{"incumbent": [149.25241446027007, 0.000500164814698381, 0.007628437559536571, 85.98144971826162, 0.6760057331068645, 0.2414329827938806, 0.8990534546017411, 9.124004936108433], "iteration": 35, "time_func_eval": 0.897991418838501, "optimization_overhead": 0.1877286434173584, "incumbents_value": 0.023744731699277155, "runtime": 47.703163623809814}