{"incumbent": [124.24728008442023, 0.008556690253735151, 0.000989421927557378, 287.8955221023808, 0.3111542230826432, 0.09217123258772016, 0.5595633021481707, 11.374985753498718], "iteration": 48, "time_func_eval": 0.4989795684814453, "optimization_overhead": 0.1874101161956787, "incumbents_value": 0.007607817898779956, "runtime": 54.86763048171997}