{"incumbents_value": 0.6754578754578755, "time_func_eval": 0.013667821884155273, "optimization_overhead": 0.39411425590515137, "incumbent": [133.57006390115248, 0.0017840692737606683, 0.006247960012465822, 50.146370244818364, 0.07424195387197409, 0.8301192582253991, 0.8412263222289978, 13.771259732784337], "runtime": 27.166123151779175, "iteration": 87}