{"incumbents_value": 0.7486772486772486, "time_func_eval": 0.12584710121154785, "optimization_overhead": 0.17116332054138184, "incumbent": [50.74723933226496, 0.0011829606226238954, 0.0020688770688181953, 245.0064609246358, 0.026487792097217182, 0.865742294849068, 0.8926138004283504, 14.572230276635379], "runtime": 6.539230823516846, "iteration": 26}