{"time_func_eval": 0.21018767356872559, "incumbent": [108.79989637840697, 0.001465562307242631, 0.004672191485561796, 298.0180626079701, 0.7911930073637844, 0.4494729849405886, 0.3738608951068396, 6.7769333320493965], "runtime": 114.36693596839905, "optimization_overhead": 0.2415909767150879, "iteration": 59, "incumbents_value": 0.0}