{"optimization_overhead": 0.14576411247253418, "runtime": 120.79769897460938, "incumbent": [96.56483451365257, 0.005013986268037386, 0.004993967682496477, 286.75455236627784, 0.0712441017105274, 0.14323810480068577, 0.7793600941332498, 14.7888900175538], "incumbents_value": 0.06988699288855915, "time_func_eval": 1.7278289794921875, "iteration": 81}