{"runtime": 10.875557899475098, "optimization_overhead": 0.1696484088897705, "incumbent": [147.16155668377283, 0.00406916622306956, 0.006099501863771517, 156.4070156111356, 0.8842977658539868, 0.7371480467805104, 0.9671657543106721, 11.472380985208694], "time_func_eval": 0.1310412883758545, "incumbents_value": 0.0569430569430569, "iteration": 31}