{"runtime": 22.48135471343994, "optimization_overhead": 0.2750067710876465, "incumbent": [53.09750779353884, 0.005081060494854967, 0.002947281021202973, 237.4752990310281, 0.21376960861946875, 0.18265573530809365, 0.9930515441125296, 13.457146862680952], "time_func_eval": 0.2601602077484131, "incumbents_value": 0.03237547892720316, "iteration": 62}