{"runtime": 23.97143578529358, "optimization_overhead": 0.22348856925964355, "incumbent": [18.25158092419677, 0.008537460188379285, 0.0030228709446441255, 189.81471774764154, 0.07009050873069857, 0.22161720671710625, 0.7377554988181719, 7.506795534463292], "time_func_eval": 0.026559829711914062, "incumbents_value": 0.9814814814814815, "iteration": 43}