{"runtime": 1.987788438796997, "optimization_overhead": 0.001968542734781901, "incumbent": [36.0474635786424, 0.0049415213096096556, 0.006388888434849968, 104.19501452851216, 0.26409504910737397, 0.8358719322709064, 0.9760235156750199, 11.989611592967115], "time_func_eval": 1.1360185146331787, "incumbents_value": 1.0, "iteration": 2}