{"runtime": 17.1902756690979, "optimization_overhead": 0.2767617702484131, "incumbent": [18.25158092419677, 0.008537460188379285, 0.0030228709446441255, 189.81471774764154, 0.07009050873069857, 0.22161720671710625, 0.7377554988181719, 7.506795534463292], "time_func_eval": 0.04926466941833496, "incumbents_value": 0.9814814814814815, "iteration": 29}