{"incumbents_value": 0.5292410312467943, "time_func_eval": 14.02936863899231, "optimization_overhead": 0.3674914836883545, "incumbent": [31.385714180367344, 1e-05, 0.0001, 287.6117229341156, 0.013391127692497062, 0.9, 0.999, 14.237413281891389], "runtime": 245.98255491256714, "iteration": 77}