{"incumbents_value": 0.6457732448605744, "time_func_eval": 20.41755175590515, "optimization_overhead": 0.21206998825073242, "incumbent": [8.911650602659488, 0.005858691741552867, 0.0008301906420346653, 299.25517569542126, 0.6673761963602267, 0.12618627080706818, 0.2996698043102246, 7.131793601866163], "runtime": 147.59328818321228, "iteration": 41}