{"incumbents_value": 0.5629212050431736, "time_func_eval": 0.7824223041534424, "optimization_overhead": 0.2573273181915283, "incumbent": [145.9391604408976, 0.0004958700180677019, 0.0030891637899075385, 296.4395599254301, 0.42027711883146607, 0.23770131789462154, 0.2650300303172048, 14.068764032484474], "runtime": 532.0238094329834, "iteration": 73}