{"runtime": 109.64216613769531, "optimization_overhead": 0.2907755374908447, "incumbent": [41.58371135371536, 0.00034615043367927347, 0.0061460990324823115, 248.8666949841688, 0.8586214388377323, 0.13294628405194164, 0.7620782304874015, 14.05878805810422], "time_func_eval": 0.4274296760559082, "incumbents_value": 0.24762458217830396, "iteration": 43}