{"runtime": 214.8310103416443, "optimization_overhead": 0.2924387454986572, "incumbent": [134.6330401033376, 0.007956638699864455, 0.005397654593753095, 263.29033535343615, 0.043233401306274184, 0.8132563616651015, 0.9437641949060759, 14.303512744135228], "time_func_eval": 16.42052459716797, "incumbents_value": 0.21656314699792956, "iteration": 70}