{"runtime": 33.847142696380615, "optimization_overhead": 0.21236753463745117, "incumbent": [41.58371135371536, 0.00034615043367927347, 0.0061460990324823115, 248.8666949841688, 0.8586214388377323, 0.13294628405194164, 0.7620782304874015, 14.05878805810422], "time_func_eval": 0.5118556022644043, "incumbents_value": 0.24762458217830396, "iteration": 13}