{"incumbents_value": 0.07076422305184882, "time_func_eval": 0.24063563346862793, "optimization_overhead": 0.3142101764678955, "incumbent": [49.32954582655307, 0.005116951305684546, 0.008563519852195589, 299.5108022560475, 0.043388151953916834, 0.6428533205360865, 0.9893469513428929, 6.794648675261428], "runtime": 171.08005356788635, "iteration": 52}