{"incumbents_value": 0.9707602339181287, "time_func_eval": 0.06312084197998047, "optimization_overhead": 0.2298438549041748, "incumbent": [11.776458323394497, 0.007657236192085307, 0.02178175081444465, 176.37733449191472, 0.8768122365440546, 0.126013117976458, 0.9473396484898742, 13.990269769430824], "runtime": 57.906429052352905, "iteration": 66}