{"incumbents_value": 0.9741379310344828, "time_func_eval": 0.6357986927032471, "optimization_overhead": 0.21085524559020996, "incumbent": [148.53166468611687, 0.0007960000086846111, 0.010079970644837417, 58.267036319598326, 0.6951554418763316, 0.5762954137366861, 0.23627967971708908, 14.04254846338486], "runtime": 45.374351978302, "iteration": 48}