{"time_func_eval": 0.11131024360656738, "runtime": 68.09561109542847, "incumbents_value": 0.14549545338301895, "iteration": 19, "incumbent": [37.8824499941896, 1e-05, 0.0001, 297.02163316728127, 0.748490799070469, 0.8963668640044168, 0.1908801866702185, 5.474622099628935], "optimization_overhead": 0.2643415927886963}