{"runtime": 55.492162227630615, "optimization_overhead": 0.2704920768737793, "incumbent": [119.28804425115423, 0.003512911893054532, 0.00919175197328556, 239.31132199390908, 0.18624782158775496, 0.8952806636783024, 0.9669903833134013, 6.074226585772714], "time_func_eval": 0.2631974220275879, "incumbents_value": 0.0, "iteration": 90}