{"runtime": 23.98985457420349, "optimization_overhead": 0.27865076065063477, "incumbent": [119.28804425115423, 0.003512911893054532, 0.00919175197328556, 239.31132199390908, 0.18624782158775496, 0.8952806636783024, 0.9669903833134013, 6.074226585772714], "time_func_eval": 0.1907801628112793, "incumbents_value": 0.0, "iteration": 39}