{"time_func_eval": 0.038114070892333984, "runtime": 16.94730854034424, "incumbents_value": 0.16176470588235292, "iteration": 60, "incumbent": [71.38274165754058, 0.00629073065850819, 0.09167708547512131, 290.8003458082673, 0.8565142799609059, 0.8065946285937557, 0.9579102136016819, 5.844652509470851], "optimization_overhead": 0.21868300437927246}