{"time_func_eval": 0.1365203857421875, "runtime": 18.02389407157898, "incumbents_value": 0.1435593392115132, "iteration": 63, "incumbent": [112.38010047758898, 0.005361280770089338, 0.09968333396872828, 103.74607452612443, 0.8848986512819105, 0.8702064987747841, 0.9618778559665364, 14.556158042580286], "optimization_overhead": 0.17634153366088867}