{"time_func_eval": 0.06575202941894531, "runtime": 31.48187494277954, "incumbents_value": 0.1435593392115132, "iteration": 96, "incumbent": [112.38010047758898, 0.005361280770089338, 0.09968333396872828, 103.74607452612443, 0.8848986512819105, 0.8702064987747841, 0.9618778559665364, 14.556158042580286], "optimization_overhead": 0.19837403297424316}