{"time_func_eval": 0.028990983963012695, "runtime": 7.244629144668579, "incumbents_value": 0.16176470588235292, "iteration": 29, "incumbent": [71.38274165754058, 0.00629073065850819, 0.09167708547512131, 290.8003458082673, 0.8565142799609059, 0.8065946285937557, 0.9579102136016819, 5.844652509470851], "optimization_overhead": 0.1749718189239502}