{"optimization_overhead": 0.24315118789672852, "runtime": 22.467255115509033, "incumbent": [135.2308579581086, 0.009032261468543988, 0.02435813762773671, 290.701649278078, 0.6559663741884315, 0.11127316837095483, 0.7667170205008338, 14.719649482916191], "incumbents_value": 0.4543359048238683, "time_func_eval": 0.21937799453735352, "iteration": 44}