{"optimization_overhead": 0.37644314765930176, "runtime": 13.39919400215149, "incumbent": [135.2308579581086, 0.009032261468543988, 0.02435813762773671, 290.701649278078, 0.6559663741884315, 0.11127316837095483, 0.7667170205008338, 14.719649482916191], "incumbents_value": 0.4543359048238683, "time_func_eval": 0.14944005012512207, "iteration": 26}