{"optimization_overhead": 0.2472851276397705, "runtime": 22.604262828826904, "incumbent": [80.5457267740825, 0.0034733170878856147, 0.015873749084609437, 93.33228469721578, 0.5149245873162728, 0.8756539334559258, 0.8249135799578445, 14.522527313268982], "incumbents_value": 0.0807920929577548, "time_func_eval": 1.007192850112915, "iteration": 35}