{"optimization_overhead": 0.2468881607055664, "runtime": 13.533618927001953, "incumbent": [101.05688187042546, 0.0014076176748146626, 0.0124097480590406, 209.28647405172464, 0.3240967176950556, 0.846065387939054, 0.9873999823756923, 13.974635036475235], "incumbents_value": 0.16591577492699605, "time_func_eval": 1.4145147800445557, "iteration": 22}