{"time_func_eval": 0.5664410591125488, "runtime": 52.77807021141052, "incumbents_value": 0.5401311997701825, "iteration": 93, "incumbent": [7.135046969331981, 0.009915003868668624, 0.007749948958467394, 244.98052263631226, 0.4088785344947547, 0.6680748135965902, 0.8287537423421883, 13.613088559379792], "optimization_overhead": 0.2278587818145752}