{"time_func_eval": 0.5469636917114258, "runtime": 7.30388331413269, "incumbents_value": 0.7836535852510778, "iteration": 17, "incumbent": [6.045145117476605, 0.0020314998064238092, 0.00028623191371970034, 64.13184765469893, 0.8404135238868458, 0.2092691479234034, 0.8335432322109659, 6.512788222411356], "optimization_overhead": 0.22385573387145996}