{"time_func_eval": 0.16057443618774414, "runtime": 15.29236388206482, "incumbents_value": 0.5401311997701825, "iteration": 32, "incumbent": [7.135046969331981, 0.009915003868668624, 0.007749948958467394, 244.98052263631226, 0.4088785344947547, 0.6680748135965902, 0.8287537423421883, 13.613088559379792], "optimization_overhead": 0.1750190258026123}