{"incumbents_value": 0.22769294137904272, "time_func_eval": 0.08007264137268066, "optimization_overhead": 0.0002873738606770833, "incumbent": [104.54489687418722, 0.0014026877409389843, 0.03339383386964365, 65.04231031608577, 0.5597322305893894, 0.6421093946931414, 0.9544366333526901, 13.099937249505672], "runtime": 0.26914286613464355, "iteration": 2}