{"incumbents_value": 0.15719213327758652, "time_func_eval": 3.2002511024475098, "optimization_overhead": 0.2842881679534912, "incumbent": [97.06597160669776, 0.0029878429118954785, 0.014661305055735098, 253.25218760704618, 0.12034534659468456, 0.8666835662263497, 0.9684074508221642, 12.850702311566414], "runtime": 21.994160652160645, "iteration": 44}