{"incumbents_value": 0.14420101611250136, "time_func_eval": 0.4195888042449951, "optimization_overhead": 0.28931570053100586, "incumbent": [96.90747558128024, 0.0027738669030929774, 0.02023115229962923, 290.696149268084, 0.5976991451586904, 0.8552390690736343, 0.8446980089445052, 7.288545654595749], "runtime": 26.881391525268555, "iteration": 55}