{"incumbents_value": 0.8049021687745246, "time_func_eval": 0.6684248447418213, "optimization_overhead": 0.19250988960266113, "incumbent": [34.39902005894028, 0.0006005781726416869, 0.007631176512355666, 254.33282586262865, 0.5969620238817833, 0.14944313941641563, 0.12382246358118673, 6.0381282338273525], "runtime": 40.90683388710022, "iteration": 12}