{"iteration": 99, "incumbents_value": 0.011142829995818726, "incumbent": [146.82787151460946, 0.005224118537913549, 0.0014805373468107597, 249.46833297169988, 0.49650392899252915, 0.350742361512401, 0.960304693734919, 6.231758508244526], "time_func_eval": 8.357572317123413, "runtime": 3489.6787962913513, "optimization_overhead": 0.3555288314819336}