{"iteration": 93, "incumbents_value": 0.011142829995818726, "incumbent": [146.82787151460946, 0.005224118537913549, 0.0014805373468107597, 249.46833297169988, 0.49650392899252915, 0.350742361512401, 0.960304693734919, 6.231758508244526], "time_func_eval": 28.397759437561035, "runtime": 3327.6262753009796, "optimization_overhead": 0.3257877826690674}