{"incumbent": [26.509286744150387, 0.00708696000342719, 0.012878043152422535, 260.9391019293672, 0.12066498277221496, 0.1667543853188688, 0.966216188437325, 6.436963027952985], "iteration": 67, "time_func_eval": 18.399301052093506, "optimization_overhead": 0.20893239974975586, "incumbents_value": 0.9999919574387659, "runtime": 4481.3115565776825}