{"incumbent": [26.509286744150387, 0.00708696000342719, 0.012878043152422535, 260.9391019293672, 0.12066498277221496, 0.1667543853188688, 0.966216188437325, 6.436963027952985], "iteration": 53, "time_func_eval": 13.339261054992676, "optimization_overhead": 0.2270035743713379, "incumbents_value": 0.9999919574387659, "runtime": 3320.201764345169}