{"incumbent": [148.17145971126953, 0.00014131478525950488, 0.0978359130802856, 96.4780096662816, 0.03314305276574476, 0.2035898742367895, 0.4908608357756681, 8.714489729588271], "iteration": 7, "time_func_eval": 70.02237915992737, "optimization_overhead": 0.18899846076965332, "incumbents_value": 0.9999987138263665, "runtime": 452.7228720188141}