{"incumbent": [112.24849228368171, 0.009155589353122903, 0.08634227867243832, 67.53434863124679, 0.061411564963884016, 0.5476129692197672, 0.9738179294684007, 14.482673209867214], "iteration": 39, "time_func_eval": 58.07682657241821, "optimization_overhead": 0.20554637908935547, "incumbents_value": 0.999998683157052, "runtime": 2460.07585811615}