{"incumbents_value": 0.5148837076637716, "time_func_eval": 0.05797839164733887, "optimization_overhead": 0.25745058059692383, "incumbent": [117.21460585553257, 0.004106111002598885, 0.005958283476490632, 172.69372451179674, 0.3896411289649166, 0.7302247745633155, 0.936748502333642, 11.237334779945437], "runtime": 130.28843522071838, "iteration": 66}