{"incumbents_value": 0.5684273008339468, "time_func_eval": 7.103175401687622, "optimization_overhead": 0.16756248474121094, "incumbent": [32.82700119687774, 0.009941800376267082, 0.003660735941336921, 180.9244849353063, 0.052361223199728926, 0.8088181832162706, 0.7273875808426361, 13.866088468234071], "runtime": 23.60383367538452, "iteration": 12}