{"incumbents_value": 0.7616975748930099, "time_func_eval": 0.9304893016815186, "optimization_overhead": 0.2353193759918213, "incumbent": [122.0893483870199, 0.009763776712996337, 0.004514179634259008, 201.84418095192203, 0.7966733637749278, 0.8778562044662066, 0.7524448296342512, 12.526571243803412], "runtime": 18.11002516746521, "iteration": 46}