{"incumbents_value": 0.7616975748930099, "time_func_eval": 0.06966423988342285, "optimization_overhead": 0.2990410327911377, "incumbent": [122.0893483870199, 0.009763776712996337, 0.004514179634259008, 201.84418095192203, 0.7966733637749278, 0.8778562044662066, 0.7524448296342512, 12.526571243803412], "runtime": 18.846458435058594, "iteration": 48}