{"optimization_overhead": 0.23610782623291016, "runtime": 66.54646325111389, "incumbent": [21.63078102461107, 0.01, 0.0001, 284.5002951938111, 0.5496340634380137, 0.17761609810407103, 0.9763544437323635, 5.763462581672455], "incumbents_value": 0.6403687784474323, "time_func_eval": 0.052000999450683594, "iteration": 89}