{"incumbents_value": 0.025639845268770056, "time_func_eval": 2.9745230674743652, "optimization_overhead": 0.29442739486694336, "incumbent": [143.36533888686276, 1e-05, 0.0001, 247.5051140307318, 0.7419815813154497, 0.11941856649456442, 0.0999, 14.604066388110894], "runtime": 55.68291735649109, "iteration": 48}