{"incumbents_value": 0.21876069177295032, "time_func_eval": 116.5060670375824, "optimization_overhead": 0.21496820449829102, "incumbent": [136.00229123048325, 0.004105086527587588, 0.06536911641908517, 254.29273930270398, 0.127856085844095, 0.3842940366589772, 0.10348234134329204, 5.564926443507409], "runtime": 946.4542217254639, "iteration": 20}