{"incumbent": [24.5795911605781, 0.0009236825819293688, 0.00047432097087856556, 282.7342261381456, 0.8062881001055705, 0.1090822876746356, 0.4567892045338897, 7.012656393579216], "iteration": 70, "time_func_eval": 0.06809735298156738, "optimization_overhead": 0.19278860092163086, "incumbents_value": 0.7879712894975662, "runtime": 20.750792741775513}