{"incumbent": [24.5795911605781, 0.0009236825819293688, 0.00047432097087856556, 282.7342261381456, 0.8062881001055705, 0.1090822876746356, 0.4567892045338897, 7.012656393579216], "iteration": 65, "time_func_eval": 0.06575274467468262, "optimization_overhead": 0.19088292121887207, "incumbents_value": 0.7879712894975662, "runtime": 19.156135082244873}