{"incumbents_value": 0.05078659370725036, "time_func_eval": 0.028282880783081055, "optimization_overhead": 0.19538307189941406, "incumbent": [24.30889081257212, 0.009638536104430351, 0.06687834998397112, 105.23947379066519, 0.8485367859658646, 0.5336235107122134, 0.906266928914666, 10.804024447552063], "runtime": 22.987823009490967, "iteration": 65}