{"incumbents_value": 0.08045288045288057, "time_func_eval": 0.5916435718536377, "optimization_overhead": 0.21253085136413574, "incumbent": [128.38369064839404, 0.008388097927997332, 0.04311974333723068, 298.47879208650033, 0.35340390813632505, 0.8766976084334482, 0.9433445586626007, 11.932811982395215], "runtime": 7.441888093948364, "iteration": 19}