{"incumbents_value": 0.508253392100942, "time_func_eval": 0.020996570587158203, "optimization_overhead": 0.19679617881774902, "incumbent": [5.189583781783523, 0.0014092366237769868, 0.015378764441460123, 280.8169304302095, 0.6819715904171287, 0.673191320415216, 0.9979983326659256, 5.065854616391986], "runtime": 3.5812466144561768, "iteration": 17}