{"incumbents_value": 0.508253392100942, "time_func_eval": 0.005030632019042969, "optimization_overhead": 0.15198040008544922, "incumbent": [5.189583781783523, 0.0014092366237769868, 0.015378764441460123, 280.8169304302095, 0.6819715904171287, 0.673191320415216, 0.9979983326659256, 5.065854616391986], "runtime": 0.8922507762908936, "iteration": 6}