{"incumbents_value": 0.6147300563825148, "time_func_eval": 0.7117185592651367, "optimization_overhead": 0.4705793857574463, "incumbent": [117.14346290883672, 1e-05, 0.0001, 299.4868431437607, 0.23823965536165853, 0.9, 0.999, 12.584728208467391], "runtime": 60.84388756752014, "iteration": 78}