{"time_func_eval": 0.061858177185058594, "runtime": 9.55881667137146, "incumbents_value": 0.14394853972318755, "iteration": 32, "incumbent": [144.45935648239634, 0.009724817427565383, 0.017323804442971956, 73.38346533547622, 0.0875129314085984, 0.7676769216321796, 0.13041211610107878, 12.677770889389858], "optimization_overhead": 0.19255542755126953}