{"time_func_eval": 0.02252960205078125, "runtime": 1.1514670848846436, "incumbents_value": 0.18187308187308204, "iteration": 4, "incumbent": [13.468170002316443, 0.005681834814541337, 0.08057659638081173, 266.7982778691779, 0.019298367543713963, 0.8703654901928003, 0.9969300191376322, 9.625275961389944], "optimization_overhead": 0.16637659072875977}