{"time_func_eval": 0.15209269523620605, "runtime": 12.423834323883057, "incumbents_value": 0.14394853972318755, "iteration": 39, "incumbent": [144.45935648239634, 0.009724817427565383, 0.017323804442971956, 73.38346533547622, 0.0875129314085984, 0.7676769216321796, 0.13041211610107878, 12.677770889389858], "optimization_overhead": 0.20805692672729492}