{"time_func_eval": 0.05090522766113281, "runtime": 1.4056494235992432, "incumbents_value": 0.18187308187308204, "iteration": 5, "incumbent": [13.468170002316443, 0.005681834814541337, 0.08057659638081173, 266.7982778691779, 0.019298367543713963, 0.8703654901928003, 0.9969300191376322, 9.625275961389944], "optimization_overhead": 0.1688213348388672}