{"time_func_eval": 0.0852346420288086, "runtime": 5.96796441078186, "incumbents_value": 0.15264402334404426, "iteration": 20, "incumbent": [5.267424916127194, 0.00038742689409946706, 0.09640967752118522, 205.8071760002399, 0.07796799291824015, 0.18255993758172073, 0.9894482473479669, 12.562775261253208], "optimization_overhead": 0.17326736450195312}