{"runtime": 1026.687505722046, "optimization_overhead": 0.38077616691589355, "iteration": 56, "incumbent": [13.27905766377888, 0.0005201042747187157, 0.00370075688127734, 226.7605089066301, 0.509852032855961, 0.5905000615525821, 0.2455760012897381, 6.338533526291631], "incumbents_value": 0.0, "time_func_eval": 1.1772239208221436}