{"incumbents_value": 0.1233841962711617, "time_func_eval": 6.367688894271851, "optimization_overhead": 0.296872615814209, "incumbent": [144.8553123926612, 8.487982433712014e-05, 0.008494846652619115, 111.81835598535734, 0.2527269004038862, 0.10067523742814669, 0.10649814284722493, 6.201281950344177], "runtime": 246.2246277332306, "iteration": 59}