{"optimization_overhead": 0.24337410926818848, "runtime": 15.448667049407959, "incumbent": [119.50500849545287, 0.009076014595550099, 0.09026075741943569, 281.32836043691145, 0.8922923364085236, 0.2977937773587837, 0.9634127685517314, 5.6391704934307905], "incumbents_value": 0.28860028860028863, "time_func_eval": 0.00680994987487793, "iteration": 54}