{"incumbents_value": 0.08128390927304374, "time_func_eval": 0.03618597984313965, "optimization_overhead": 0.20778751373291016, "incumbent": [45.06370529336956, 0.00614719495550011, 0.022027083037895304, 295.86940254906256, 0.29846236244246804, 0.7756940512529182, 0.9096975091665972, 12.697881120939034], "runtime": 37.946324586868286, "iteration": 54}