{"incumbents_value": 0.9692940844054312, "time_func_eval": 8.52098536491394, "optimization_overhead": 0.3131275177001953, "incumbent": [133.55451114570883, 0.01, 0.0001, 282.8601047773256, 0.03825322982535466, 0.7071276630270846, 0.24542372132838747, 5.513708938675924], "runtime": 124.43587756156921, "iteration": 88}