{"incumbents_value": 0.9692940844054312, "time_func_eval": 0.5977709293365479, "optimization_overhead": 0.316678524017334, "incumbent": [133.55451114570883, 0.01, 0.0001, 282.8601047773256, 0.03825322982535466, 0.7071276630270846, 0.24542372132838747, 5.513708938675924], "runtime": 126.48322558403015, "iteration": 90}