{"runtime": 0.07521486282348633, "optimization_overhead": 0.0007967948913574219, "incumbent": [41.259746444416216, 0.009754498107450355, 0.06078471908853284, 184.50625248347723, 0.8450444710710463, 0.8724748623699438, 0.7282617822009142, 14.60305522470332], "time_func_eval": 0.07245945930480957, "incumbents_value": 0.5132275132275133, "iteration": 0}