{"time_func_eval": 0.02704596519470215, "runtime": 14.538576602935791, "incumbents_value": 0.17647058823529405, "iteration": 47, "incumbent": [104.73387169623068, 0.006101210418373154, 0.005869166667620027, 277.11916645637666, 0.050551104490187244, 0.534006053131861, 0.9852241192184028, 6.133938756725103], "optimization_overhead": 0.2554962635040283}