{"time_func_eval": 0.0917973518371582, "runtime": 19.843905210494995, "incumbents_value": 0.0, "iteration": 63, "incumbent": [139.452055089018, 0.009651885013329432, 0.012944396460840285, 267.8053208105066, 0.8800585001661252, 0.781653895467664, 0.7270180242358377, 14.5617802783778], "optimization_overhead": 0.19585704803466797}