{"incumbents_value": 0.5790795618309852, "time_func_eval": 0.2167816162109375, "optimization_overhead": 0.3343775272369385, "incumbent": [141.27511134342836, 0.004077089525906498, 0.0019956229140342336, 269.12672403525426, 0.638509350845569, 0.631364248283577, 0.9747281763301898, 14.246546814567324], "runtime": 270.1250321865082, "iteration": 59}