{"incumbents_value": 0.5790795618309852, "time_func_eval": 0.21995925903320312, "optimization_overhead": 0.3413383960723877, "incumbent": [141.27511134342836, 0.004077089525906498, 0.0019956229140342336, 269.12672403525426, 0.638509350845569, 0.631364248283577, 0.9747281763301898, 14.246546814567324], "runtime": 392.6018397808075, "iteration": 86}