{"incumbents_value": 0.5900600227991983, "time_func_eval": 0.3643624782562256, "optimization_overhead": 0.23904633522033691, "incumbent": [147.0617434113116, 0.01, 0.0001, 299.48719863108767, 0.14040627264489947, 0.8171874313598888, 0.8765698683871188, 7.677052952403722], "runtime": 158.21680116653442, "iteration": 34}