{"incumbent": [53.25138387622063, 0.005052122580513825, 0.07223334841076426, 282.09212253301774, 0.6186990255541969, 0.23177602556522534, 0.5775648005052845, 11.299822772393863], "optimization_overhead": 0.21352481842041016, "time_func_eval": 42.493406772613525, "incumbents_value": 0.8754012841091493, "iteration": 38, "runtime": 696.956827878952}