{"incumbent": [53.25138387622063, 0.005052122580513825, 0.07223334841076426, 282.09212253301774, 0.6186990255541969, 0.23177602556522534, 0.5775648005052845, 11.299822772393863], "optimization_overhead": 0.31839919090270996, "time_func_eval": 23.563796043395996, "incumbents_value": 0.8754012841091493, "iteration": 96, "runtime": 1288.8033292293549}