{"incumbents_value": 0.7116394275920005, "time_func_eval": 0.07988572120666504, "optimization_overhead": 0.23846840858459473, "incumbent": [127.21001867681858, 0.0005164934875875829, 0.007724120764103141, 268.2476504455982, 0.053117453751827415, 0.12004205345364835, 0.968324331853212, 6.1458075072517095], "runtime": 23.613610982894897, "iteration": 19}