{"incumbents_value": 0.9848428835489834, "time_func_eval": 0.14427471160888672, "optimization_overhead": 0.00010879834493001302, "incumbent": [1.8570455791324703, 0.004684090381774048, 0.024180284383132033, 236.98729629010265, 0.21774596071872043, 0.43986712592441407, 0.8922584175476204, 14.9183017911195], "runtime": 0.1451246738433838, "iteration": 0}