{"incumbents_value": 0.8092050209205021, "time_func_eval": 8.69811749458313, "optimization_overhead": 0.00015576680501302084, "incumbent": [139.70695465074508, 0.002144677869080995, 0.006774938152126579, 247.24595542343127, 0.09118516436966008, 0.7418302583401, 0.11715027094719391, 9.478619867611824], "runtime": 8.699404954910278, "iteration": 0}