{"incumbents_value": 0.23477693829304758, "time_func_eval": 0.1752479076385498, "optimization_overhead": 0.1806955337524414, "incumbent": [37.150436377354055, 0.009495231872435918, 0.0023654676780706777, 246.7261282438949, 0.04773137429591271, 0.29444205929076417, 0.7856057829465662, 5.62511578614168], "runtime": 14.241740703582764, "iteration": 8}