{"incumbents_value": 0.15609056902528062, "time_func_eval": 9.885119676589966, "optimization_overhead": 0.3140280246734619, "incumbent": [143.11807442547862, 0.00992548053278315, 0.00039424442154133155, 138.2288542419048, 0.32654060102842014, 0.25452334995690723, 0.3359848667929629, 6.431480672218894], "runtime": 42.77005863189697, "iteration": 21}