{"incumbents_value": 0.15609056902528062, "time_func_eval": 0.483288049697876, "optimization_overhead": 0.24982476234436035, "incumbent": [143.11807442547862, 0.00992548053278315, 0.00039424442154133155, 138.2288542419048, 0.32654060102842014, 0.25452334995690723, 0.3359848667929629, 6.431480672218894], "runtime": 73.70898103713989, "iteration": 28}