{"incumbent": [132.89822154253642, 1e-05, 0.1, 289.27176254319437, 0.6762646832103714, 0.9, 0.9790070200520409, 13.212800243654698], "iteration": 47, "time_func_eval": 0.5297088623046875, "optimization_overhead": 0.18996787071228027, "incumbents_value": 0.04140002846963731, "runtime": 53.124555826187134}