{"incumbent": [132.89822154253642, 1e-05, 0.1, 289.27176254319437, 0.6762646832103714, 0.9, 0.9790070200520409, 13.212800243654698], "iteration": 41, "time_func_eval": 0.256788969039917, "optimization_overhead": 0.18841886520385742, "incumbents_value": 0.04140002846963731, "runtime": 45.94709348678589}