{"incumbent": [27.88920393093584, 0.00013368023427893727, 0.04693766425360575, 80.8783550262234, 0.07169932512201471, 0.11501126028630068, 0.3232839608984394, 8.137761197498259], "iteration": 11, "time_func_eval": 1.2291560173034668, "optimization_overhead": 0.18699407577514648, "incumbents_value": 0.060435268743142534, "runtime": 8.864726305007935}