{"iteration": 76, "incumbents_value": 0.07249605495219524, "incumbent": [81.12911235380119, 0.007266969555688579, 0.009336184955776072, 284.6124758215949, 0.8806852423178319, 0.8202155097289713, 0.24459468787118943, 14.870034617767296], "time_func_eval": 0.12134814262390137, "runtime": 30.639418840408325, "optimization_overhead": 0.18114423751831055}