{"iteration": 39, "incumbents_value": 0.0789569907216966, "incumbent": [148.0222047832038, 0.008629982410519559, 0.0009683957492255886, 297.5107362170968, 0.4159989255517316, 0.8907563760282802, 0.24911362241252383, 12.966886923930769], "time_func_eval": 0.18611478805541992, "runtime": 15.068340539932251, "optimization_overhead": 0.23720955848693848}