{"runtime": 28.149035692214966, "optimization_overhead": 0.21660971641540527, "incumbent": [80.32716400577851, 0.001219247706824233, 0.0006644929088775623, 291.68941110494166, 0.04408395794932742, 0.49151213466045907, 0.9651513920771617, 5.57526760072021], "time_func_eval": 0.13421201705932617, "incumbents_value": 0.0, "iteration": 95}