{"incumbent": [118.21388700453359, 0.000976923359379556, 0.01197815320448921, 50.935339716092884, 0.8602928834403233, 0.8480129028298764, 0.9871484250451529, 14.300845782993582], "iteration": 90, "time_func_eval": 0.24231600761413574, "optimization_overhead": 0.22083663940429688, "incumbents_value": 0.575813460200606, "runtime": 104.28338241577148}