{"incumbent": [25.679934760794033, 0.0010074883542643273, 0.05987979023233727, 239.92287050340872, 0.043816335145402285, 0.8355438373806499, 0.9971263349038441, 11.948227986114535], "iteration": 97, "time_func_eval": 0.281771183013916, "optimization_overhead": 0.2317204475402832, "incumbents_value": 0.5491209759812014, "runtime": 111.8193256855011}