{"incumbents_value": 0.9076506456506457, "time_func_eval": 0.6937897205352783, "optimization_overhead": 0.26579928398132324, "incumbent": [147.77986719904177, 0.0001719064296339099, 0.0035157712164094472, 177.96585331836314, 0.09422586941411328, 0.810769439079509, 0.9498462961297006, 10.327219261976445], "runtime": 126.38569164276123, "iteration": 72}