{"incumbents_value": 0.9076506456506457, "time_func_eval": 12.370099306106567, "optimization_overhead": 0.3287622928619385, "incumbent": [147.77986719904177, 0.0001719064296339099, 0.0035157712164094472, 177.96585331836314, 0.09422586941411328, 0.810769439079509, 0.9498462961297006, 10.327219261976445], "runtime": 109.24568271636963, "iteration": 57}