{"incumbents_value": 0.8437001174276427, "time_func_eval": 3.2606921195983887, "optimization_overhead": 0.2563767433166504, "incumbent": [4.72509287851841, 0.008460011210725265, 0.008258382434709907, 278.0169666594512, 0.5932525921999126, 0.8461686061348234, 0.7692128988586164, 14.586600277852977], "runtime": 64.60246014595032, "iteration": 36}