{"incumbents_value": 0.626618941945517, "time_func_eval": 0.1583085060119629, "optimization_overhead": 0.2608187198638916, "incumbent": [15.614726441396929, 0.0015321134460215663, 0.002249757744626168, 100.8446623867958, 0.07429889583083572, 0.8763591387170703, 0.8038398312115183, 10.875335514007936], "runtime": 18.82646417617798, "iteration": 40}