{"incumbents_value": 0.06132756132756134, "time_func_eval": 0.19274473190307617, "optimization_overhead": 0.2743828296661377, "incumbent": [50.639985294755775, 0.0006484139580684361, 0.004990037287975318, 286.0064267280734, 0.03668604477623392, 0.10450570351718588, 0.8458360928969605, 14.592880238131523], "runtime": 1.9128334522247314, "iteration": 5}