{"incumbents_value": 0.058230658230658094, "time_func_eval": 0.1924114227294922, "optimization_overhead": 0.19783401489257812, "incumbent": [147.1690676703724, 0.009190238284466315, 0.041930778548981876, 251.76143838710698, 0.7810904237888868, 0.38687499899011246, 0.9734451722453445, 13.693607788944703], "runtime": 22.851385354995728, "iteration": 64}