{"runtime": 27.572855234146118, "time_func_eval": 0.010259389877319336, "iteration": 59, "optimization_overhead": 0.28052330017089844, "incumbents_value": 0.6417508417508417, "incumbent": [99.50907170135771, 0.0011258635029398323, 0.0335287322970611, 67.03601772278456, 0.886935921416123, 0.8196642491829698, 0.9927161985461176, 6.564695767637846]}