{"runtime": 13.383980751037598, "time_func_eval": 0.03647565841674805, "iteration": 32, "optimization_overhead": 0.17161297798156738, "incumbents_value": 0.6428862854811448, "incumbent": [56.780527155534806, 0.008925803817013264, 0.005803094754742235, 124.69958409816263, 0.6983705155404833, 0.8909381474917739, 0.9432245749901885, 14.589321150180321]}