{"runtime": 33.60965132713318, "time_func_eval": 0.052579402923583984, "iteration": 72, "optimization_overhead": 0.21088671684265137, "incumbents_value": 0.5231009070294785, "incumbent": [96.94241441640247, 0.004454827154941014, 0.019936196402173985, 290.05147377546314, 0.12358859092632701, 0.8657014362775933, 0.9608634089797603, 12.215321237747595]}