{"incumbent": [5.447823922862368, 0.0006826895566168203, 0.00797547273036255, 183.2459858161332, 0.4715444456304788, 0.1662859455049232, 0.6187544817395851, 5.881722095091755], "iteration": 82, "time_func_eval": 0.07554006576538086, "optimization_overhead": 0.23513436317443848, "incumbents_value": 0.8053359298928919, "runtime": 67.80890965461731}