{"incumbent": [138.45881891157885, 0.0079849042092614, 0.003126773993210794, 269.4193594757662, 0.3637717595051787, 0.7283683905256483, 0.9593512619324946, 14.87396737480416], "iteration": 35, "time_func_eval": 22.77860975265503, "optimization_overhead": 0.1862022876739502, "incumbents_value": 0.018788982609998173, "runtime": 320.68318343162537}