{"incumbent": [145.15086444736343, 0.005544589166055326, 0.0008916779998082938, 66.21597245217055, 0.5382621769055621, 0.6448003377262017, 0.9982571849532623, 10.845907550503838], "iteration": 3, "time_func_eval": 1.1253905296325684, "optimization_overhead": 0.1642463207244873, "incumbents_value": 0.025557749047540934, "runtime": 30.701861143112183}