{"incumbent": [138.45881891157885, 0.0079849042092614, 0.003126773993210794, 269.4193594757662, 0.3637717595051787, 0.7283683905256483, 0.9593512619324946, 14.87396737480416], "iteration": 26, "time_func_eval": 9.799625158309937, "optimization_overhead": 0.169480562210083, "incumbents_value": 0.018788982609998173, "runtime": 258.5363540649414}