{"incumbent": [145.15086444736343, 0.005544589166055326, 0.0008916779998082938, 66.21597245217055, 0.5382621769055621, 0.6448003377262017, 0.9982571849532623, 10.845907550503838], "iteration": 1, "time_func_eval": 4.202112197875977, "optimization_overhead": 0.007922649383544922, "incumbents_value": 0.025557749047540934, "runtime": 15.805374145507812}