{"incumbents_value": 0.3932919254658386, "iteration": 91, "runtime": 37.07572865486145, "incumbent": [143.943534209032, 0.004059958835804604, 0.07372450004100663, 294.5923891599506, 0.8873226144565902, 0.8293941503218697, 0.9324601758097311, 14.480296546696515], "optimization_overhead": 0.48329997062683105, "time_func_eval": 0.032314300537109375}