{"incumbents_value": 0.3932919254658386, "iteration": 73, "runtime": 27.423516035079956, "incumbent": [143.943534209032, 0.004059958835804604, 0.07372450004100663, 294.5923891599506, 0.8873226144565902, 0.8293941503218697, 0.9324601758097311, 14.480296546696515], "optimization_overhead": 0.3207831382751465, "time_func_eval": 0.01855301856994629}