{"incumbents_value": 0.3932919254658386, "iteration": 88, "runtime": 35.41364359855652, "incumbent": [143.943534209032, 0.004059958835804604, 0.07372450004100663, 294.5923891599506, 0.8873226144565902, 0.8293941503218697, 0.9324601758097311, 14.480296546696515], "optimization_overhead": 0.6335577964782715, "time_func_eval": 0.012067317962646484}