{"incumbents_value": 0.3932919254658386, "iteration": 68, "runtime": 25.414865016937256, "incumbent": [143.943534209032, 0.004059958835804604, 0.07372450004100663, 294.5923891599506, 0.8873226144565902, 0.8293941503218697, 0.9324601758097311, 14.480296546696515], "optimization_overhead": 0.4357893466949463, "time_func_eval": 0.04562830924987793}