{"optimization_overhead": 0.23282527923583984, "runtime": 24.337324857711792, "incumbent": [16.343688717691304, 0.004331489726677533, 0.02610513522155341, 277.3456365131465, 0.12688965840366806, 0.8161705452801851, 0.9766725989016858, 14.742078404955919], "incumbents_value": 0.057495992485185554, "time_func_eval": 0.060636043548583984, "iteration": 37}