{"incumbents_value": 0.0, "time_func_eval": 0.06830596923828125, "optimization_overhead": 0.23708105087280273, "incumbent": [143.31303210160186, 0.003237401797420018, 0.004063910258866308, 276.39792141382674, 0.8476074258482242, 0.6961104779761077, 0.9785493516531527, 14.461148384257461], "runtime": 7.090888261795044, "iteration": 24}