{"incumbents_value": 0.7859906113304171, "time_func_eval": 0.1829853057861328, "optimization_overhead": 0.22015714645385742, "incumbent": [91.15249079141438, 0.009660649801692199, 0.0033837412790570834, 288.21620693063045, 0.7999824747428326, 0.7955601961370911, 0.9478788436419969, 14.998778688891464], "runtime": 39.72793793678284, "iteration": 73}