{"incumbent": [132.11135578689772, 0.008595801659261486, 0.0033455379278424157, 233.81513982418076, 0.2856407720598259, 0.11765555662766283, 0.9207746967578203, 14.237746331627333], "iteration": 88, "time_func_eval": 0.1706850528717041, "optimization_overhead": 0.19240951538085938, "incumbents_value": 0.06971249201711704, "runtime": 102.82563972473145}