{"time_func_eval": 2.558259963989258, "runtime": 301.89476680755615, "incumbents_value": 0.23447693290928928, "iteration": 45, "incumbent": [96.74679613257788, 0.0003132135065538735, 0.028286175513458953, 278.9658459084187, 0.20500388326662117, 0.8644419028395228, 0.8266633730707613, 12.532395276744811], "optimization_overhead": 0.2904689311981201}