{"time_func_eval": 4.547377347946167, "runtime": 610.0010502338409, "incumbents_value": 0.134497687931186, "iteration": 99, "incumbent": [135.25019686764526, 0.00967330256917794, 0.012484686499226844, 176.47593185593752, 0.6783434374737586, 0.8990905608092918, 0.9593702504685873, 6.174842490792685], "optimization_overhead": 0.24998688697814941}