{"incumbent": [135.9803595339147, 0.0004062494598905622, 0.025125536272007122, 252.32261047766102, 0.7094530396506286, 0.7135467367275905, 0.8974606819320111, 14.524789990218904], "iteration": 43, "time_func_eval": 3.2915921211242676, "optimization_overhead": 0.2599151134490967, "incumbents_value": 0.8015595682185594, "runtime": 57.143712520599365}