{"incumbent": [87.68216774655387, 0.007672892898609615, 0.014855807872646485, 290.0646607545483, 0.33670513621650333, 0.7654374672677299, 0.9182223339040563, 6.448018953324946], "iteration": 65, "time_func_eval": 0.05723929405212402, "optimization_overhead": 0.204789400100708, "incumbents_value": 0.7989058731177756, "runtime": 81.9985978603363}