{"time_func_eval": 0.16140389442443848, "runtime": 2.3067617416381836, "incumbents_value": 0.3939310689310689, "iteration": 6, "incumbent": [146.67078513153066, 0.01, 0.1, 241.03066930473446, 0.014110398320891422, 0.9, 0.8409740916276945, 14.162891532325862], "optimization_overhead": 0.2192380428314209}