{"time_func_eval": 0.0942237377166748, "runtime": 9.96643853187561, "incumbents_value": 0.34240993788819873, "iteration": 20, "incumbent": [148.65633993606727, 0.00967086616247114, 0.015442780255872807, 284.44351521363456, 0.5376152168371584, 0.7367404437598359, 0.8904502283104053, 9.06564336889505], "optimization_overhead": 0.2279052734375}