{"time_func_eval": 0.38480281829833984, "runtime": 10.553002119064331, "incumbents_value": 0.34240993788819873, "iteration": 21, "incumbent": [148.65633993606727, 0.00967086616247114, 0.015442780255872807, 284.44351521363456, 0.5376152168371584, 0.7367404437598359, 0.8904502283104053, 9.06564336889505], "optimization_overhead": 0.1904304027557373}