{"time_func_eval": 0.23113369941711426, "runtime": 17.124629259109497, "incumbents_value": 0.31215864595174936, "iteration": 34, "incumbent": [149.07819614998922, 0.007130233709338708, 0.007706262724244004, 78.85946161513303, 0.5476745470985592, 0.8075679257016047, 0.20155272444331837, 6.121132312417187], "optimization_overhead": 0.19384551048278809}