{"time_func_eval": 0.4288933277130127, "runtime": 30.696614503860474, "incumbents_value": 0.31215864595174936, "iteration": 66, "incumbent": [149.07819614998922, 0.007130233709338708, 0.007706262724244004, 78.85946161513303, 0.5476745470985592, 0.8075679257016047, 0.20155272444331837, 6.121132312417187], "optimization_overhead": 0.20974206924438477}