{"incumbents_value": 0.4129596457182664, "time_func_eval": 0.08562088012695312, "optimization_overhead": 0.2966761589050293, "incumbent": [28.010441626169722, 0.0027902614688977184, 0.08529996483225907, 293.3172926601993, 0.21619525192422923, 0.8820231960910082, 0.8849137857972402, 14.624701445388137], "runtime": 116.84082126617432, "iteration": 88}