{"runtime": 2489.71169757843, "optimization_overhead": 0.9027659893035889, "iteration": 93, "incumbent": [131.27999233015373, 0.00531115212256034, 0.0010783755360960628, 259.4059137494778, 0.8061902300617501, 0.10984079751534982, 0.17483835661724265, 7.4603846997655365], "incumbents_value": 0.0, "time_func_eval": 25.498931884765625}