{"optimization_overhead": 0.14393305778503418, "runtime": 1.7447187900543213, "incumbent": [39.431723419823825, 33.49739845104986, 73.770580042853, 61.277029511952975, 102.5129382292486, 28.413059989574297, 99.26777064297562, 13.449898032743898, 61.496914810114355], "incumbents_value": 1515.679088437659, "time_func_eval": 7.867813110351562e-06, "iteration": 14}