{"incumbents_value": 0.8577165806081468, "time_func_eval": 1.7368707656860352, "optimization_overhead": 0.22034549713134766, "incumbent": [48.516276695452135, 0.007082417958093056, 0.09287386778515745, 229.59197540632576, 0.8156979693650572, 0.7154911147113312, 0.41215336366506705, 11.713718228797909], "runtime": 87.6609251499176, "iteration": 9}