{"incumbents_value": 0.6343133307864419, "time_func_eval": 3.954223155975342, "optimization_overhead": 0.256633996963501, "incumbent": [38.744545846440346, 1e-05, 0.0001, 92.34323105615925, 0.31824138321591033, 0.09, 0.999, 6.719802792618271], "runtime": 678.7277636528015, "iteration": 83}