{"incumbents_value": 0.6343133307864419, "time_func_eval": 0.5214776992797852, "optimization_overhead": 0.17059850692749023, "incumbent": [38.744545846440346, 1e-05, 0.0001, 92.34323105615925, 0.31824138321591033, 0.09, 0.999, 6.719802792618271], "runtime": 425.3475892543793, "iteration": 63}