{"incumbents_value": 0.6343133307864419, "time_func_eval": 9.204214334487915, "optimization_overhead": 0.22499895095825195, "incumbent": [38.744545846440346, 1e-05, 0.0001, 92.34323105615925, 0.31824138321591033, 0.09, 0.999, 6.719802792618271], "runtime": 356.20406889915466, "iteration": 53}