{"incumbents_value": 0.8001972386587771, "time_func_eval": 0.05561709403991699, "optimization_overhead": 0.23258638381958008, "incumbent": [140.75402809904924, 0.0013565006047662697, 0.0010965978027848435, 205.68155273457197, 0.8899145710924677, 0.8573707464705311, 0.7109881394319927, 8.070138824908362], "runtime": 3.5769271850585938, "iteration": 10}