{"incumbent": [75.0967258831215, 0.005084025156473648, 0.009658469557990955, 191.72376591981188, 0.4641619781237092, 0.567252652407908, 0.43512835107441344, 11.746268778156342], "iteration": 2, "time_func_eval": 1.2948181629180908, "optimization_overhead": 0.0020885467529296875, "incumbents_value": 0.09172539410894998, "runtime": 3.2164573669433594}