{"incumbent": [75.0967258831215, 0.005084025156473648, 0.009658469557990955, 191.72376591981188, 0.4641619781237092, 0.567252652407908, 0.43512835107441344, 11.746268778156342], "iteration": 17, "time_func_eval": 0.3000674247741699, "optimization_overhead": 0.16508698463439941, "incumbents_value": 0.09172539410894998, "runtime": 24.882505178451538}