{"incumbent": [123.8098210127765, 0.0013220838876079881, 0.008054242893216153, 274.94333005854276, 0.8659164720782697, 0.7482065819467919, 0.9146381765032876, 14.125725597449197], "iteration": 71, "time_func_eval": 0.2532966136932373, "optimization_overhead": 0.1931908130645752, "incumbents_value": 0.05926555409659284, "runtime": 105.61378002166748}