{"incumbents_value": 0.6061765310912068, "time_func_eval": 0.10932540893554688, "optimization_overhead": 0.27170729637145996, "incumbent": [136.3951345185374, 0.00039356127889807196, 0.003346362087363098, 203.24068667121213, 0.4398335619945781, 0.13225088021814216, 0.9615468514702467, 13.774943830084727], "runtime": 53.67973756790161, "iteration": 10}