{"incumbent": [143.43617242552006, 0.009134801095836496, 0.06104730250540398, 215.29554699544235, 0.8142487906650621, 0.8040679901187585, 0.44851672720974517, 8.168697287554643], "iteration": 82, "time_func_eval": 2.6356332302093506, "optimization_overhead": 0.23465323448181152, "incumbents_value": 0.8337346174424827, "runtime": 492.66388034820557}