{"incumbent": [143.43617242552006, 0.009134801095836496, 0.06104730250540398, 215.29554699544235, 0.8142487906650621, 0.8040679901187585, 0.44851672720974517, 8.168697287554643], "iteration": 11, "time_func_eval": 8.82265853881836, "optimization_overhead": 0.20335125923156738, "incumbents_value": 0.8337346174424827, "runtime": 81.60136818885803}