{"incumbents_value": 0.25706708403982437, "iteration": 71, "runtime": 51.859089612960815, "incumbent": [147.09896383378043, 0.00257132492107246, 0.008600362869222012, 52.192961554775465, 0.8240464730515162, 0.18411715344745563, 0.9936980893348512, 5.5268635819197875], "optimization_overhead": 0.2628617286682129, "time_func_eval": 0.92962646484375}