{"incumbents_value": 0.26022366522366525, "iteration": 13, "runtime": 8.283594846725464, "incumbent": [18.88255447207159, 0.009908708923017345, 0.0751029162267162, 282.14637637233074, 0.07111373818841422, 0.15608832670186235, 0.2149949637083885, 8.362003841043391], "optimization_overhead": 0.26456356048583984, "time_func_eval": 1.8210959434509277}