{"incumbents_value": 0.25706708403982437, "iteration": 91, "runtime": 70.81421089172363, "incumbent": [147.09896383378043, 0.00257132492107246, 0.008600362869222012, 52.192961554775465, 0.8240464730515162, 0.18411715344745563, 0.9936980893348512, 5.5268635819197875], "optimization_overhead": 0.4425971508026123, "time_func_eval": 0.11423182487487793}