{"incumbents_value": 0.25706708403982437, "iteration": 50, "runtime": 35.76491570472717, "incumbent": [147.09896383378043, 0.00257132492107246, 0.008600362869222012, 52.192961554775465, 0.8240464730515162, 0.18411715344745563, 0.9936980893348512, 5.5268635819197875], "optimization_overhead": 0.23930883407592773, "time_func_eval": 0.9439878463745117}