{"incumbents_value": 0.5471556647499751, "time_func_eval": 0.07894349098205566, "optimization_overhead": 0.20737409591674805, "incumbent": [149.66017158751677, 0.007721378840851708, 0.005084861650571322, 100.782478319819, 0.16397509309802238, 0.8385541074330722, 0.7593687831265084, 12.257830559390639], "runtime": 32.56153655052185, "iteration": 15}