{"incumbents_value": 0.5656908012396632, "time_func_eval": 3.716308116912842, "optimization_overhead": 0.37506556510925293, "incumbent": [124.68203479282468, 0.0035044864876266507, 0.0074991255373422685, 152.61250255730553, 0.42055556954642853, 0.42909588790673836, 0.6195504515157423, 8.790194838489052], "runtime": 80.76313352584839, "iteration": 30}