{"incumbents_value": 0.954273850306239, "time_func_eval": 0.1707601547241211, "optimization_overhead": 0.17909598350524902, "incumbent": [122.8681074259514, 0.00968286158553307, 0.015032889540753722, 225.89337476376684, 0.4086921132283759, 0.7996278366429732, 0.5522531948034556, 6.724015037386428], "runtime": 22.695995807647705, "iteration": 24}