{"incumbents_value": 0.9535520072173678, "time_func_eval": 0.26634764671325684, "optimization_overhead": 0.1831357479095459, "incumbent": [113.08030063814397, 9.750100182397034e-05, 0.0169530930877656, 298.2248273225552, 0.14793674872690893, 0.11120738627699904, 0.3908443116608514, 14.10518117478883], "runtime": 40.661630153656006, "iteration": 35}