{"incumbents_value": 0.9075879494164732, "time_func_eval": 0.03687405586242676, "optimization_overhead": 0.2801980972290039, "incumbent": [9.280678442157408, 0.0052920256381664655, 0.022323109936743517, 286.98131579926473, 0.8458379799084067, 0.5366120268162468, 0.9494139255545366, 14.505273097380607], "runtime": 60.565786361694336, "iteration": 67}