{"incumbents_value": 0.7660840336134453, "time_func_eval": 0.12833070755004883, "optimization_overhead": 0.19141769409179688, "incumbent": [31.26619610315544, 0.006884606997236019, 0.005211046726561043, 296.9084846085266, 0.8732407522550759, 0.8919581698683441, 0.9520747787347277, 5.6171368099304155], "runtime": 13.467737436294556, "iteration": 39}