{"incumbents_value": 0.9999971251687166, "time_func_eval": 26.835176467895508, "optimization_overhead": 0.2279043197631836, "incumbent": [145.13579210409173, 0.004716227775636677, 0.09787051791188706, 178.91064782885323, 0.8619907615186638, 0.853436472436159, 0.5585851990130177, 13.109817413044784], "runtime": 1819.0363099575043, "iteration": 20}