{"incumbents_value": 0.9999955661966835, "time_func_eval": 79.42254114151001, "optimization_overhead": 0.35257792472839355, "incumbent": [140.23793655603168, 0.009951389604865067, 0.07590147520248067, 221.2801806275114, 0.7229128661833059, 0.1462828181772544, 0.3531399849768347, 5.069891111225569], "runtime": 5840.756138086319, "iteration": 51}