{"incumbents_value": 0.45508503960661606, "time_func_eval": 6.264804363250732, "optimization_overhead": 0.2128753662109375, "incumbent": [141.6190795888571, 0.0006113096366023917, 0.06090663080820578, 234.17259525076383, 0.14632072646472616, 0.8790930533343468, 0.9387453555139843, 14.90093303806234], "runtime": 533.3931677341461, "iteration": 69}