{"incumbents_value": 0.48429573062892295, "time_func_eval": 12.188954830169678, "optimization_overhead": 0.19907355308532715, "incumbent": [140.11159315624272, 0.0028000462062774357, 0.07643495755141562, 55.37571653532848, 0.730526807286703, 0.2010850394633844, 0.9493171227776359, 8.998934841362933], "runtime": 314.979453086853, "iteration": 38}