{"runtime": 21.334938287734985, "optimization_overhead": 0.23807644844055176, "incumbent": [126.71466283335785, 0.00013968016560892164, 0.022306787527602217, 297.7654091689917, 0.5689220394532556, 0.8139046456422947, 0.9458727509492885, 8.856074239729221], "time_func_eval": 0.03623366355895996, "incumbents_value": 0.9776422764227642, "iteration": 36}