{"runtime": 47.14469909667969, "optimization_overhead": 0.24156641960144043, "incumbent": [46.18664931532981, 0.0021757700634045256, 0.01717252306933885, 55.62242338115623, 0.11456180842336083, 0.17266191471679698, 0.12056137330938524, 6.929574019872058], "time_func_eval": 0.1744401454925537, "incumbents_value": 0.9766666666666667, "iteration": 83}