{"runtime": 21.051507234573364, "optimization_overhead": 0.21525979042053223, "incumbent": [126.71466283335785, 0.00013968016560892164, 0.022306787527602217, 297.7654091689917, 0.5689220394532556, 0.8139046456422947, 0.9458727509492885, 8.856074239729221], "time_func_eval": 0.09372973442077637, "incumbents_value": 0.9776422764227642, "iteration": 35}