{"runtime": 2.5921123027801514, "time_func_eval": 0.10327601432800293, "iteration": 7, "optimization_overhead": 0.1798725128173828, "incumbents_value": 0.811373092926491, "incumbent": [23.803714624980564, 0.0015811185525775415, 0.07087868624056004, 77.2899559943987, 0.4471586034304247, 0.37574122515990765, 0.9543449945365725, 14.987602721616216]}