{"runtime": 12.687059879302979, "time_func_eval": 0.1286635398864746, "iteration": 32, "optimization_overhead": 0.2372877597808838, "incumbents_value": 0.8015795591681366, "incumbent": [23.852609273697755, 0.01, 0.0001, 77.34512848083037, 0.17782021525066677, 0.33486685212500356, 0.9161058060584909, 15.0]}