{"time_func_eval": 0.0072782039642333984, "runtime": 16.772878170013428, "incumbents_value": 0.35370370370370374, "iteration": 61, "incumbent": [96.94241441640247, 0.004454827154941014, 0.019936196402173985, 290.05147377546314, 0.12358859092632701, 0.8657014362775933, 0.9608634089797603, 12.215321237747595], "optimization_overhead": 0.2534446716308594}