{"incumbents_value": 0.5066549358661149, "time_func_eval": 1.635746955871582, "optimization_overhead": 0.14941811561584473, "incumbent": [40.968008668499294, 0.0020373311595736155, 0.029707235617733765, 118.49948574550466, 0.409615017134438, 0.5382690702656712, 0.7649129589478397, 5.45972255730903], "runtime": 3.85998797416687, "iteration": 4}