{"incumbents_value": 0.4498202547123926, "time_func_eval": 0.16948246955871582, "optimization_overhead": 0.27323150634765625, "incumbent": [145.62874947496925, 0.003245010143201326, 0.0036504850545013233, 234.4207469012749, 0.5251145064983389, 0.2590885200463755, 0.16613645753684392, 5.48702629044268], "runtime": 238.95501017570496, "iteration": 34}