{"runtime": 47.59035897254944, "optimization_overhead": 0.2978975772857666, "incumbent": [3.352698531132576, 0.009854922604500278, 0.009339380482922866, 196.88892076735732, 0.20821951286789545, 0.1632599930319541, 0.10015286011781685, 11.587048861908855], "time_func_eval": 0.2900383472442627, "incumbents_value": 0.0, "iteration": 87}