{"runtime": 18.240251541137695, "optimization_overhead": 0.2833693027496338, "incumbent": [3.352698531132576, 0.009854922604500278, 0.009339380482922866, 196.88892076735732, 0.20821951286789545, 0.1632599930319541, 0.10015286011781685, 11.587048861908855], "time_func_eval": 0.15727686882019043, "incumbents_value": 0.0, "iteration": 40}