{"incumbent": [14.041085283343014, 0.0019122405429280688, 0.027493939414846118, 256.6909652148106, 0.1015083426263767, 0.8642803005942716, 0.9987957038793006, 12.774064906368912], "time_func_eval": 0.4654684066772461, "optimization_overhead": 0.1699209213256836, "runtime": 9.651969194412231, "iteration": 4, "incumbents_value": 0.46230302089619535}