{"incumbent": [49.64376368986957, 0.001531578143077338, 0.010828125311279255, 50.62240294294846, 0.04313756625936083, 0.09289158981861927, 0.9509526376982204, 14.28903780916767], "time_func_eval": 9.1679208278656, "optimization_overhead": 0.2600257396697998, "runtime": 242.5670793056488, "iteration": 52, "incumbents_value": 0.4195753369443853}