{"incumbents_value": 0.5451754385964913, "time_func_eval": 0.006028652191162109, "optimization_overhead": 0.34316301345825195, "incumbent": [65.69392314593655, 0.0018167249436009314, 0.003887466740588219, 293.6629260181976, 0.6929715709480126, 0.8768419260668515, 0.9242682067543352, 14.058872080438286], "runtime": 24.95665431022644, "iteration": 83}