{"incumbents_value": 0.1465265049023886, "time_func_eval": 0.39202046394348145, "optimization_overhead": 0.17181801795959473, "incumbent": [135.66490342232026, 7.28871819987137e-05, 0.05998519160388736, 78.89567883111403, 0.824710126264955, 0.814955680538752, 0.9167865046991875, 12.608382467394685], "runtime": 6.408531427383423, "iteration": 20}