{"incumbents_value": 0.8102068965517242, "time_func_eval": 0.04336047172546387, "optimization_overhead": 0.18530702590942383, "incumbent": [77.78033152101548, 0.0015317567930110832, 0.02231460885369075, 187.3854879051211, 0.25200365657502377, 0.5704060771183435, 0.5301762622731372, 7.11415082686262], "runtime": 23.921333074569702, "iteration": 71}