{"incumbents_value": 0.02568764272706414, "time_func_eval": 0.19974279403686523, "optimization_overhead": 0.2877950668334961, "incumbent": [142.17235730166743, 0.01, 0.0001, 291.39966581754055, 0.01, 0.09, 0.7362097089738114, 11.376760562431425], "runtime": 1006.2899842262268, "iteration": 38}