{"incumbents_value": 0.8048484848484848, "time_func_eval": 0.015413522720336914, "optimization_overhead": 0.15999436378479004, "incumbent": [126.67856335673703, 0.005708243039893594, 0.043037680264456875, 224.1919456591609, 0.2905784926029503, 0.41754570281950654, 0.6319284508924818, 5.514329133500302], "runtime": 1.2389039993286133, "iteration": 7}