{"incumbents_value": 0.9999929824561403, "time_func_eval": 50.70789694786072, "optimization_overhead": 0.18152499198913574, "incumbent": [129.67407361010078, 0.0015062048600008244, 0.03562375899558796, 297.7095866696018, 0.0760961433806452, 0.8071904561912143, 0.8656363383014359, 13.982020553790296], "runtime": 5653.031908988953, "iteration": 32}