{"incumbents_value": 0.07272355574547729, "time_func_eval": 1.0427041053771973, "optimization_overhead": 0.29108285903930664, "incumbent": [132.7533614753416, 0.001030468722694963, 0.003310947474507021, 293.8617970489603, 0.3293262963336726, 0.6367070852734267, 0.8378057533779015, 5.041794203486436], "runtime": 97.55005407333374, "iteration": 54}