{"incumbents_value": 0.08936148814556022, "time_func_eval": 0.7670238018035889, "optimization_overhead": 0.24424529075622559, "incumbent": [124.18768146360685, 0.003076153329150053, 0.03449927963708976, 200.89834656383175, 0.28541373890829597, 0.6384024428294677, 0.5806048521100832, 11.445507836620315], "runtime": 9.06553864479065, "iteration": 8}