{"incumbents_value": 0.07272355574547729, "time_func_eval": 0.3125314712524414, "optimization_overhead": 0.22330641746520996, "incumbent": [132.7533614753416, 0.001030468722694963, 0.003310947474507021, 293.8617970489603, 0.3293262963336726, 0.6367070852734267, 0.8378057533779015, 5.041794203486436], "runtime": 78.06792640686035, "iteration": 43}