{"runtime": 31.661988019943237, "optimization_overhead": 0.23259902000427246, "incumbent": [140.3803128679024, 0.00105129849774788, 0.06360673651865466, 280.23833375792617, 0.6965125622357804, 0.15961569014609275, 0.9071898871643308, 13.801810215449192], "time_func_eval": 0.14441442489624023, "incumbents_value": 0.04399766899766899, "iteration": 85}