{"runtime": 30.22641658782959, "optimization_overhead": 0.21813368797302246, "incumbent": [140.3803128679024, 0.00105129849774788, 0.06360673651865466, 280.23833375792617, 0.6965125622357804, 0.15961569014609275, 0.9071898871643308, 13.801810215449192], "time_func_eval": 0.09563398361206055, "incumbents_value": 0.04399766899766899, "iteration": 81}