{"incumbent": [14.857306510043387, 0.006694338532792747, 0.001568025512071613, 85.90213747688506, 0.8263560386097427, 0.4344044668410201, 0.1735378576692247, 5.292094858988333], "iteration": 18, "time_func_eval": 0.03782224655151367, "optimization_overhead": 0.1636514663696289, "incumbents_value": 0.7027103331451158, "runtime": 4.607961416244507}