{"incumbent": [16.56299489496587, 0.007568853503224192, 0.05142906527823946, 250.9963409137099, 0.03153731451798951, 0.09381825513383622, 0.9195603447546989, 13.4029489194142], "iteration": 61, "time_func_eval": 0.12945151329040527, "optimization_overhead": 0.19209909439086914, "incumbents_value": 0.6808691388432768, "runtime": 15.608781814575195}