{"incumbent": [16.56299489496587, 0.007568853503224192, 0.05142906527823946, 250.9963409137099, 0.03153731451798951, 0.09381825513383622, 0.9195603447546989, 13.4029489194142], "iteration": 50, "time_func_eval": 0.02433300018310547, "optimization_overhead": 0.18709397315979004, "incumbents_value": 0.6808691388432768, "runtime": 12.963390588760376}