{"incumbent": [37.19177116844091, 0.00017023070420048856, 0.01432464378415881, 217.98651753102493, 0.24271128683115453, 0.8440501198555279, 0.9615651506270662, 14.662005070193691], "iteration": 2, "time_func_eval": 0.06195878982543945, "optimization_overhead": 0.0007700920104980469, "incumbents_value": 0.7581287183803912, "runtime": 0.20507383346557617}