{"incumbents_value": 0.7939601270644377, "time_func_eval": 0.38819360733032227, "optimization_overhead": 0.27434277534484863, "incumbent": [27.222349887749782, 1e-05, 0.0001, 50.811763724380334, 0.01, 0.09, 0.999, 14.219376688640779], "runtime": 38.623255491256714, "iteration": 45}