{"incumbents_value": 0.8048340843916428, "time_func_eval": 0.2852201461791992, "optimization_overhead": 0.17843174934387207, "incumbent": [44.96834872309102, 0.009869167144353316, 0.03837917151444012, 275.54051887511156, 0.5870766126484372, 0.5097495358634777, 0.6766706015978756, 12.130514783168625], "runtime": 11.065014600753784, "iteration": 14}