{"incumbents_value": 0.7943637271768689, "time_func_eval": 0.25818943977355957, "optimization_overhead": 0.2947697639465332, "incumbent": [27.259687053366218, 0.008081724194071844, 0.000259001497588269, 50.675602142797715, 0.0916962729652456, 0.14297849462439097, 0.9704010115786179, 14.335763738819502], "runtime": 28.191336631774902, "iteration": 39}