{"incumbents_value": 0.8577165806081468, "time_func_eval": 12.784281015396118, "optimization_overhead": 0.2504291534423828, "incumbent": [7.681739917956992, 0.0024757032676128825, 0.02128981500080342, 194.8796772378197, 0.4170732495982155, 0.7097484160442713, 0.41754178820786, 8.14526580532505], "runtime": 289.63919734954834, "iteration": 25}