{"incumbents_value": 0.8577165806081468, "time_func_eval": 4.57720685005188, "optimization_overhead": 0.317812442779541, "incumbent": [7.681739917956992, 0.0024757032676128825, 0.02128981500080342, 194.8796772378197, 0.4170732495982155, 0.7097484160442713, 0.41754178820786, 8.14526580532505], "runtime": 871.2796096801758, "iteration": 61}