{"incumbents_value": 0.8577165806081468, "time_func_eval": 2.101625680923462, "optimization_overhead": 0.20633506774902344, "incumbent": [7.681739917956992, 0.0024757032676128825, 0.02128981500080342, 194.8796772378197, 0.4170732495982155, 0.7097484160442713, 0.41754178820786, 8.14526580532505], "runtime": 48.71107244491577, "iteration": 5}