{"incumbents_value": 0.0, "time_func_eval": 0.3117527961730957, "optimization_overhead": 0.16929984092712402, "incumbent": [96.9255997227106, 0.0008429892947475567, 0.0021644961400748633, 76.86531917660301, 0.8838351768246624, 0.8355035236956356, 0.8295013684637215, 14.645871197936748], "runtime": 17.275060653686523, "iteration": 22}