{"incumbents_value": 0.0, "time_func_eval": 0.5452141761779785, "optimization_overhead": 0.24349069595336914, "incumbent": [96.9255997227106, 0.0008429892947475567, 0.0021644961400748633, 76.86531917660301, 0.8838351768246624, 0.8355035236956356, 0.8295013684637215, 14.645871197936748], "runtime": 73.96609830856323, "iteration": 81}