{"optimization_overhead": 0.13748621940612793, "runtime": 48.39504384994507, "incumbent": [129.75793026002256, 0.0015060840479902532, 0.008309469516042759, 211.10277586393667, 0.031098291091459535, 0.6811413763407429, 0.9948867705695357, 9.3300357389327], "incumbents_value": 0.06861126952096852, "time_func_eval": 9.602890014648438, "iteration": 25}