{"optimization_overhead": 0.15754294395446777, "runtime": 82.18322324752808, "incumbent": [53.691699829732116, 0.004954382226780669, 0.018262816097943127, 294.4496497682599, 0.16967941978868178, 0.7954903471397499, 0.8378370697178169, 5.1162797080503335], "incumbents_value": 0.05635044456867677, "time_func_eval": 1.5671899318695068, "iteration": 51}