{"optimization_overhead": 0.24046778678894043, "runtime": 23.586272954940796, "incumbent": [107.57866222061661, 0.0041573242184888915, 0.034228452071293734, 202.41097004319914, 0.45858973319790475, 0.8684244806678084, 0.7809536104881785, 13.379313234351208], "incumbents_value": 0.48577441077441075, "time_func_eval": 0.010420083999633789, "iteration": 81}