{"optimization_overhead": 0.2856121063232422, "runtime": 19.419622898101807, "incumbent": [107.57866222061661, 0.0041573242184888915, 0.034228452071293734, 202.41097004319914, 0.45858973319790475, 0.8684244806678084, 0.7809536104881785, 13.379313234351208], "incumbents_value": 0.48577441077441075, "time_func_eval": 0.07630801200866699, "iteration": 68}