{"incumbents_value": 0.02181265335590099, "time_func_eval": 1.099468469619751, "optimization_overhead": 0.25114893913269043, "incumbent": [134.00614558492214, 6.283622286581077e-05, 0.025544245724356773, 70.77163565503857, 0.04613374600241515, 0.2456915042099607, 0.9566972995148704, 14.540570143217167], "runtime": 75.282644033432, "iteration": 44}