{"incumbents_value": 0.02181265335590099, "time_func_eval": 0.953641414642334, "optimization_overhead": 0.351560115814209, "incumbent": [134.00614558492214, 6.283622286581077e-05, 0.025544245724356773, 70.77163565503857, 0.04613374600241515, 0.2456915042099607, 0.9566972995148704, 14.540570143217167], "runtime": 184.318998336792, "iteration": 99}