{"incumbents_value": 0.41709401709401706, "iteration": 47, "runtime": 16.111265897750854, "incumbent": [55.93610466869888, 0.0035971974795829358, 0.08437655453849068, 50.025822774130155, 0.08894170024406833, 0.8383451066846704, 0.9393408689354448, 14.600720891655799], "optimization_overhead": 0.3677036762237549, "time_func_eval": 0.05780744552612305}