{"incumbent": [61.863223593665815, 0.0019739516883010614, 0.01611170641389851, 264.58819181168, 0.7960387734210091, 0.883370799721041, 0.8374829775500297, 6.3358553129832735], "iteration": 27, "time_func_eval": 0.030777931213378906, "optimization_overhead": 0.16315793991088867, "incumbents_value": 0.22194548872180453, "runtime": 5.91332745552063}