{"incumbent": [61.863223593665815, 0.0019739516883010614, 0.01611170641389851, 264.58819181168, 0.7960387734210091, 0.883370799721041, 0.8374829775500297, 6.3358553129832735], "iteration": 13, "time_func_eval": 0.13668394088745117, "optimization_overhead": 0.17327237129211426, "incumbents_value": 0.22194548872180453, "runtime": 2.8045668601989746}