{"incumbents_value": 0.9296081308275227, "iteration": 64, "runtime": 141.18931245803833, "incumbent": [77.624469517598, 0.009953808085934391, 0.0057437423436244835, 294.6092709169111, 0.8841305324856731, 0.09610362564425344, 0.6813316231253574, 11.859895382888036], "optimization_overhead": 0.39409756660461426, "time_func_eval": 0.11596345901489258}