{"incumbents_value": 0.9372304386782867, "iteration": 10, "runtime": 21.13967251777649, "incumbent": [39.06933143046101, 0.000586495213568379, 0.0032335497401664564, 81.86985547328386, 0.04134042704268097, 0.42453629683738603, 0.5635842736174691, 5.909499235751711], "optimization_overhead": 0.3011322021484375, "time_func_eval": 1.8912248611450195}