{"incumbents_value": 0.9296081308275227, "iteration": 61, "runtime": 139.72053456306458, "incumbent": [77.624469517598, 0.009953808085934391, 0.0057437423436244835, 294.6092709169111, 0.8841305324856731, 0.09610362564425344, 0.6813316231253574, 11.859895382888036], "optimization_overhead": 0.34282422065734863, "time_func_eval": 1.8468208312988281}