{"incumbents_value": 0.9188601380466845, "iteration": 91, "runtime": 250.8018741607666, "incumbent": [146.08668417154388, 0.0022744305662798768, 0.000647831097151297, 292.4166266005558, 0.361404307536242, 0.5624927168763338, 0.9646178381788958, 14.536074003568283], "optimization_overhead": 0.5089919567108154, "time_func_eval": 1.9337849617004395}