{"incumbents_value": 0.14345301757066464, "time_func_eval": 0.21134138107299805, "optimization_overhead": 0.22076940536499023, "incumbent": [70.65449224491081, 0.00969201949769224, 0.0041537245806717, 294.9430621293618, 0.06919614581565571, 0.8966264253964359, 0.7331515594490515, 7.062881561921246], "runtime": 18.944272994995117, "iteration": 55}