{"incumbent": [140.43871168075097, 0.009941622516368378, 0.00646237315643228, 257.42555109962484, 0.46304755688777444, 0.7822153645086581, 0.709759759649252, 14.509143646322507], "iteration": 67, "time_func_eval": 0.1631031036376953, "optimization_overhead": 0.18938016891479492, "incumbents_value": 0.029773480579583955, "runtime": 58.17043447494507}