{"incumbent": [140.43871168075097, 0.009941622516368378, 0.00646237315643228, 257.42555109962484, 0.46304755688777444, 0.7822153645086581, 0.709759759649252, 14.509143646322507], "iteration": 47, "time_func_eval": 0.5062034130096436, "optimization_overhead": 0.19017553329467773, "incumbents_value": 0.029773480579583955, "runtime": 39.74459218978882}