{"incumbent": [140.43871168075097, 0.009941622516368378, 0.00646237315643228, 257.42555109962484, 0.46304755688777444, 0.7822153645086581, 0.709759759649252, 14.509143646322507], "iteration": 38, "time_func_eval": 1.2989721298217773, "optimization_overhead": 0.16431665420532227, "incumbents_value": 0.029773480579583955, "runtime": 26.59645986557007}