{"incumbents_value": 0.5763518189323797, "time_func_eval": 0.8588447570800781, "optimization_overhead": 0.3346092700958252, "incumbent": [140.29470620470838, 0.0027932094720425765, 0.0030501918645366856, 106.46892210001258, 0.8015955724483432, 0.8151499808903422, 0.48858316502602334, 5.254440959449798], "runtime": 286.1987495422363, "iteration": 80}