{"incumbents_value": 0.576097552423031, "time_func_eval": 17.213212966918945, "optimization_overhead": 0.22601890563964844, "incumbent": [52.204134664761746, 0.005792126272511224, 0.006185084912244518, 66.97908175910487, 0.010895992313183629, 0.4962149394178399, 0.890651432921986, 8.268351602949423], "runtime": 364.7827868461609, "iteration": 98}