{"incumbents_value": 0.590728992048141, "time_func_eval": 0.3198120594024658, "optimization_overhead": 0.4431743621826172, "incumbent": [85.4953235779, 0.006288459773713924, 0.009231938760933993, 168.2723069000735, 0.2001874454295714, 0.3487045363443686, 0.6749339191976576, 14.840832770454936], "runtime": 190.83020067214966, "iteration": 50}