{"incumbents_value": 0.6543751975323062, "time_func_eval": 5.1524388790130615, "optimization_overhead": 0.19469642639160156, "incumbent": [40.54550555297342, 0.00764520773334952, 0.025487157999386348, 148.46370481118566, 0.39956949954661897, 0.6116779993245987, 0.500517153344699, 10.892516741755617], "runtime": 8.256392478942871, "iteration": 3}