{"incumbents_value": 0.5181511651073902, "time_func_eval": 1.0246872901916504, "optimization_overhead": 0.29865217208862305, "incumbent": [129.2578364710764, 0.006340086129501582, 0.0032081143733646103, 70.18859970661701, 0.02207848973777267, 0.8782891428690034, 0.8727878135958623, 9.56630380843892], "runtime": 269.7483012676239, "iteration": 55}