{"incumbents_value": 0.5181511651073902, "time_func_eval": 8.590389013290405, "optimization_overhead": 0.3308067321777344, "incumbent": [129.2578364710764, 0.006340086129501582, 0.0032081143733646103, 70.18859970661701, 0.02207848973777267, 0.8782891428690034, 0.8727878135958623, 9.56630380843892], "runtime": 227.53443598747253, "iteration": 43}