{"incumbents_value": 0.49932747914370645, "time_func_eval": 3.6152536869049072, "optimization_overhead": 0.18588495254516602, "incumbent": [22.066250437937995, 0.009822530446879123, 0.000747353973887181, 295.8199339674625, 0.6712494659001628, 0.6444506722505342, 0.7566526212533113, 14.559357684210681], "runtime": 338.53387212753296, "iteration": 76}