{"incumbents_value": 0.5469807127966959, "time_func_eval": 4.390394926071167, "optimization_overhead": 0.186981201171875, "incumbent": [142.21313777011042, 0.0023576980066741895, 0.01925421567161817, 265.34777466704276, 0.033423490169617695, 0.6650423492094919, 0.9955907960174701, 5.0488188688179925], "runtime": 76.3558931350708, "iteration": 16}