{"runtime": 349.51193022727966, "optimization_overhead": 0.22895526885986328, "incumbent": [145.82636918818213, 0.0004601789135382932, 0.016004551636033728, 294.611077482586, 0.3396731358284142, 0.0915687282048975, 0.43758478570981657, 5.70755968844189], "time_func_eval": 3.305752754211426, "incumbents_value": 0.5780909082255471, "iteration": 75}