{"runtime": 251.10964012145996, "optimization_overhead": 0.21454882621765137, "incumbent": [145.82636918818213, 0.0004601789135382932, 0.016004551636033728, 294.611077482586, 0.3396731358284142, 0.0915687282048975, 0.43758478570981657, 5.70755968844189], "time_func_eval": 0.7882096767425537, "incumbents_value": 0.5780909082255471, "iteration": 48}