{"incumbents_value": 0.4422357448726618, "iteration": 6, "runtime": 1.4973416328430176, "incumbent": [66.94261444380616, 0.0007150864860136682, 0.0019584980819001077, 100.67708193815761, 0.08509229291192082, 0.24630653289291882, 0.9282732832017304, 5.7163834791794175], "optimization_overhead": 0.2437121868133545, "time_func_eval": 0.01609063148498535}