{"incumbents_value": 0.4051851851851852, "iteration": 80, "runtime": 30.753920793533325, "incumbent": [34.57438846656746, 9.53084033291501e-05, 0.0021865109873368434, 87.14502327251104, 0.20246193846105726, 0.6108971809843329, 0.2409148740046042, 14.829838825098518], "optimization_overhead": 0.514000415802002, "time_func_eval": 0.09813833236694336}