{"incumbents_value": 0.4051851851851852, "iteration": 50, "runtime": 17.327823400497437, "incumbent": [34.57438846656746, 9.53084033291501e-05, 0.0021865109873368434, 87.14502327251104, 0.20246193846105726, 0.6108971809843329, 0.2409148740046042, 14.829838825098518], "optimization_overhead": 0.41515064239501953, "time_func_eval": 0.029367923736572266}