{"incumbents_value": 0.99999773656823, "time_func_eval": 69.64872360229492, "optimization_overhead": 0.00011595090230305989, "incumbent": [69.01310341564923, 0.0021892783064267917, 0.007922248544829502, 255.38946704709113, 0.5892249174021246, 0.8479653414362869, 0.5268124523662308, 6.68898291831633], "runtime": 69.64969944953918, "iteration": 0}