{"incumbents_value": 0.9999961991204764, "time_func_eval": 730.3103995323181, "optimization_overhead": 0.2315807342529297, "incumbent": [135.27759644268826, 0.0049443600124274, 0.007985930735261805, 279.9899509344064, 0.037202957362846394, 0.7083297501293742, 0.35189638248642774, 9.14543090461951], "runtime": 7437.405126810074, "iteration": 60}