{"runtime": 22.96695351600647, "iteration": 54, "time_func_eval": 0.0660097599029541, "incumbent": [148.0827994282501, 0.0005729434305042585, 0.010697834353403879, 73.30416315923773, 0.1551574130386704, 0.7970652073688953, 0.36265506933245584, 8.050194262518904], "incumbents_value": 0.27142857142857146, "optimization_overhead": 0.5238275527954102}