{"runtime": 74.01408290863037, "incumbent": [113.05041382636216, 0.0003286111567619267, 0.0042734986916176864, 263.2877505105156, 0.7990396646599114, 0.7096685599444195, 0.9714442367389147, 12.18199544183074], "optimization_overhead": 0.2992420196533203, "time_func_eval": 0.46122097969055176, "iteration": 41, "incumbents_value": 0.2782578640346157}