{"runtime": 7.599478006362915, "incumbent": [123.64880274681326, 0.0029729131343400952, 0.0024190827252279275, 90.89910239311504, 0.8977737607698539, 0.09411005194516728, 0.5027323140716614, 14.723295969334991], "optimization_overhead": 0.2949979305267334, "time_func_eval": 0.4905116558074951, "iteration": 5, "incumbents_value": 0.32290199353712357}