{"incumbent": [104.43982643953414, 0.006405990817678455, 0.004517310638487797, 284.0936767471636, 0.0350218042628925, 0.8612997591217961, 0.9029788331776376, 11.118497520054964], "iteration": 85, "time_func_eval": 0.10364484786987305, "optimization_overhead": 0.19277000427246094, "incumbents_value": 0.052120699616654, "runtime": 104.90198349952698}