{"incumbent": [149.36901963665912, 0.009100639104658467, 0.011903274242047013, 209.90791698211612, 0.3071914988407414, 0.5822785568884592, 0.9551937273815408, 14.868346378311733], "iteration": 50, "time_func_eval": 0.5137670040130615, "optimization_overhead": 0.19056987762451172, "incumbents_value": 0.07200808249721291, "runtime": 58.2935357093811}