{"incumbent": [149.36901963665912, 0.009100639104658467, 0.011903274242047013, 209.90791698211612, 0.3071914988407414, 0.5822785568884592, 0.9551937273815408, 14.868346378311733], "iteration": 30, "time_func_eval": 0.6430776119232178, "optimization_overhead": 0.16690969467163086, "incumbents_value": 0.07200808249721291, "runtime": 37.57671284675598}