{"incumbents_value": 0.5439077010752313, "time_func_eval": 8.459946393966675, "optimization_overhead": 0.17299294471740723, "incumbent": [135.3110999249574, 1e-05, 0.0001, 172.7128306842915, 0.03329816619999312, 0.9, 0.999, 5.2812460836450015], "runtime": 267.1219389438629, "iteration": 45}