{"incumbents_value": 0.7082521846471057, "time_func_eval": 4.310978174209595, "optimization_overhead": 0.23331713676452637, "incumbent": [83.92419630585722, 0.0020685180668235745, 0.00013045668392134904, 60.51127753919026, 0.8671093650853836, 0.5812823426247912, 0.11050306612808926, 8.37928745348671], "runtime": 296.59319519996643, "iteration": 33}