{"incumbents_value": 0.7082521846471057, "time_func_eval": 1.065157413482666, "optimization_overhead": 0.24294734001159668, "incumbent": [83.92419630585722, 0.0020685180668235745, 0.00013045668392134904, 60.51127753919026, 0.8671093650853836, 0.5812823426247912, 0.11050306612808926, 8.37928745348671], "runtime": 552.7064161300659, "iteration": 62}