{"incumbents_value": 0.6541206321862022, "time_func_eval": 24.805407285690308, "optimization_overhead": 0.2288832664489746, "incumbent": [130.46121377891762, 0.009661561312130161, 0.003550225835683184, 126.39360925913968, 0.8301002478025326, 0.1371286337278897, 0.1583693605005494, 13.613040992879766], "runtime": 875.0343804359436, "iteration": 87}