{"incumbent": [146.5420033914829, 6.012974302563806e-05, 0.023447220973726028, 241.13381626323252, 0.01621104405960412, 0.8888921757918474, 0.7466798047107867, 14.195648746722187], "iteration": 75, "time_func_eval": 0.23040246963500977, "optimization_overhead": 0.1832289695739746, "incumbents_value": 0.2130787513140453, "runtime": 51.97843074798584}