{"incumbent": [110.6447183075725, 0.0009028078162581187, 0.01842103380522518, 190.75165854440382, 0.6742331216906281, 0.8380483742602969, 0.9891467139946458, 13.039415806532498], "iteration": 82, "time_func_eval": 0.8958296775817871, "optimization_overhead": 0.2585103511810303, "incumbents_value": 0.15859064102909604, "runtime": 57.25624752044678}