{"incumbent": [110.6447183075725, 0.0009028078162581187, 0.01842103380522518, 190.75165854440382, 0.6742331216906281, 0.8380483742602969, 0.9891467139946458, 13.039415806532498], "iteration": 85, "time_func_eval": 0.4833235740661621, "optimization_overhead": 0.1848316192626953, "incumbents_value": 0.15859064102909604, "runtime": 58.72504448890686}