{"incumbents_value": 0.1984520318492281, "time_func_eval": 1.031623125076294, "optimization_overhead": 0.16628098487854004, "incumbent": [126.41292112368366, 0.003050154677528744, 0.0010909224932742336, 66.8925076812693, 0.7703712459705289, 0.1486291446420429, 0.9976405988190545, 13.00457151435612], "runtime": 49.3235878944397, "iteration": 10}