{"incumbents_value": 0.16726700836113984, "time_func_eval": 3.509523391723633, "optimization_overhead": 0.30018091201782227, "incumbent": [123.95508552627489, 0.008007853585512054, 0.0017274729723660844, 291.9223635964425, 0.0928161433761809, 0.7349280036084066, 0.9872375293758957, 14.875419329789368], "runtime": 733.2748034000397, "iteration": 88}