{"incumbents_value": 0.4869989586933363, "time_func_eval": 1.487574577331543, "optimization_overhead": 0.2555811405181885, "incumbent": [120.62575569995856, 0.005341430632116215, 0.0001, 291.1078475101802, 0.10850029761559518, 0.3474447069833378, 0.6945892721664487, 14.625433049008514], "runtime": 675.5426414012909, "iteration": 99}