{"incumbents_value": 0.7990418049071677, "time_func_eval": 0.18803644180297852, "optimization_overhead": 0.22717714309692383, "incumbent": [110.92657682062605, 1e-05, 0.0001, 248.3012991348482, 0.5999603095241947, 0.09, 0.999, 5.552464098293893], "runtime": 70.69732975959778, "iteration": 19}