{"incumbents_value": 0.7990418049071677, "time_func_eval": 11.376325130462646, "optimization_overhead": 0.19787287712097168, "incumbent": [110.92657682062605, 1e-05, 0.0001, 248.3012991348482, 0.5999603095241947, 0.09, 0.999, 5.552464098293893], "runtime": 87.98257350921631, "iteration": 22}