{"incumbents_value": 0.728713987642559, "time_func_eval": 9.291809320449829, "optimization_overhead": 0.19380402565002441, "incumbent": [10.10489968178816, 0.01, 0.0001, 288.18756831547216, 0.08906270894325993, 0.8006297357109471, 0.999, 5.510352393556031], "runtime": 281.76270365715027, "iteration": 84}