{"incumbents_value": 0.7990418049071677, "time_func_eval": 0.03525233268737793, "optimization_overhead": 0.18837451934814453, "incumbent": [110.92657682062605, 1e-05, 0.0001, 248.3012991348482, 0.5999603095241947, 0.09, 0.999, 5.552464098293893], "runtime": 121.83023571968079, "iteration": 29}