{"incumbents_value": 0.728713987642559, "time_func_eval": 1.062307357788086, "optimization_overhead": 0.22543025016784668, "incumbent": [10.10489968178816, 0.01, 0.0001, 288.18756831547216, 0.08906270894325993, 0.8006297357109471, 0.999, 5.510352393556031], "runtime": 301.8515770435333, "iteration": 89}