{"incumbents_value": 0.7918265316652001, "time_func_eval": 1.2553644180297852, "optimization_overhead": 0.23090410232543945, "incumbent": [39.90051709645863, 0.0006247635188281343, 0.0008619740096685233, 294.7894927160571, 0.30959011028797884, 0.1571232379374766, 0.19437856599820727, 13.175936431324473], "runtime": 178.53844618797302, "iteration": 44}