{"incumbent": [101.13311751807882, 0.003938679704170033, 0.0053586194826593875, 78.44413534143148, 0.8226073531634049, 0.8531271774435338, 0.9156047536288767, 5.713042164063623], "iteration": 5, "time_func_eval": 0.5273036956787109, "optimization_overhead": 0.1571662425994873, "incumbents_value": 0.08517584273365464, "runtime": 2.4878857135772705}