{"incumbent": [142.76356018362804, 0.01, 0.004012031411998232, 144.28644682706545, 0.9, 0.2409070658023554, 0.7259425107799586, 14.425723436479082], "iteration": 75, "time_func_eval": 0.136061429977417, "optimization_overhead": 0.2032947540283203, "incumbents_value": 0.03569096417109019, "runtime": 70.7652850151062}