{"incumbent": [20.93179529818638, 0.0008692504081583694, 0.0007329452149564612, 268.36425589772597, 0.8370045746215088, 0.0991752987470868, 0.19167464946269563, 14.257838790597443], "iteration": 17, "time_func_eval": 2.2773587703704834, "optimization_overhead": 0.1675410270690918, "incumbents_value": 0.04564595886684286, "runtime": 13.549071311950684}