{"incumbent": [143.43617242552006, 0.009134801095836496, 0.06104730250540398, 215.29554699544235, 0.8142487906650621, 0.8040679901187585, 0.44851672720974517, 8.168697287554643], "iteration": 16, "time_func_eval": 2.6739563941955566, "optimization_overhead": 0.17897462844848633, "incumbents_value": 0.8338013103356063, "runtime": 104.84906768798828}