{"time_func_eval": 1.036923885345459, "incumbent": [144.47627094990003, 1e-05, 0.1, 154.07944095688634, 0.1106128463846707, 0.1423140720175119, 0.999, 6.792959431741067], "runtime": 77.99781775474548, "optimization_overhead": 0.21427106857299805, "iteration": 22, "incumbents_value": 0.037574582929433276}