{"runtime": 364.6701090335846, "optimization_overhead": 0.3156571388244629, "incumbent": [143.9801625294015, 0.00516073882288683, 0.006013552548279932, 208.37095775317528, 0.39547135784849896, 0.5065597720068827, 0.7095368796902438, 14.803828311978734], "time_func_eval": 2.3275413513183594, "incumbents_value": 0.21428462127299297, "iteration": 96}