{"runtime": 3.3453011512756348, "optimization_overhead": 0.0030654271443684897, "incumbent": [3.352698531132576, 0.009854922604500278, 0.009339380482922866, 196.88892076735732, 0.20821951286789545, 0.1632599930319541, 0.10015286011781685, 11.587048861908855], "time_func_eval": 2.4407694339752197, "incumbents_value": 0.7501490061467184, "iteration": 1}