{"runtime": 31.11307454109192, "optimization_overhead": 0.21995067596435547, "incumbent": [121.0012532610435, 0.002859912249446077, 0.002503241701307858, 288.79079014346235, 0.024448347164542653, 0.2023027972141409, 0.10868644219384013, 13.651980020069882], "time_func_eval": 0.10333013534545898, "incumbents_value": 0.470388203082828, "iteration": 13}