{"runtime": 81.48774790763855, "optimization_overhead": 0.21076655387878418, "incumbent": [112.04370265406456, 0.00979665114240077, 0.014592809349345426, 97.4579133665477, 0.2024610583935607, 0.8364855595447751, 0.9470650856105316, 6.292150908841262], "time_func_eval": 0.34540605545043945, "incumbents_value": 0.4281447294218932, "iteration": 36}