{"runtime": 1267.9273567199707, "incumbent": [149.80021547525567, 0.0014023525634550924, 0.06820584892693393, 271.2383743346742, 0.5941706221431337, 0.7260679420207446, 0.976582630531993, 6.360978977008377], "optimization_overhead": 0.728893518447876, "time_func_eval": 22.437657594680786, "iteration": 89, "incumbents_value": 0.1656559657480955}