{"runtime": 1042.2295627593994, "incumbent": [149.80021547525567, 0.0014023525634550924, 0.06820584892693393, 271.2383743346742, 0.5941706221431337, 0.7260679420207446, 0.976582630531993, 6.360978977008377], "optimization_overhead": 0.47654128074645996, "time_func_eval": 18.463680744171143, "iteration": 75, "incumbents_value": 0.1656559657480955}