{"runtime": 771.6144461631775, "incumbent": [144.86156696455905, 0.0002903683480951599, 0.021127245205560252, 55.920332225315846, 0.021234424795209917, 0.8840543297742215, 0.9522398487374751, 6.71048135287291], "optimization_overhead": 0.43559885025024414, "time_func_eval": 0.23924779891967773, "iteration": 54, "incumbents_value": 0.17637175716556874}