{"runtime": 907.8214085102081, "incumbent": [113.09899249762447, 0.005869375541357725, 0.06558541901596597, 298.27240429785627, 0.8805458608262144, 0.8586797507241208, 0.9737149922042946, 13.800028018644374], "optimization_overhead": 0.4986906051635742, "time_func_eval": 21.816560745239258, "iteration": 64, "incumbents_value": 0.17100342056270068}