{"runtime": 5.307032346725464, "incumbent": [145.15086444736343, 0.005544589166055326, 0.0008916779998082938, 66.21597245217055, 0.5382621769055621, 0.6448003377262017, 0.9982571849532623, 10.845907550503838], "optimization_overhead": 0.004362026850382487, "time_func_eval": 5.293204307556152, "iteration": 0, "incumbents_value": 0.21846696800946064}