{"runtime": 1176.498690366745, "incumbent": [149.80021547525567, 0.0014023525634550924, 0.06820584892693393, 271.2383743346742, 0.5941706221431337, 0.7260679420207446, 0.976582630531993, 6.360978977008377], "optimization_overhead": 0.3239753246307373, "time_func_eval": 2.47976016998291, "iteration": 83, "incumbents_value": 0.1656559657480955}