{"runtime": 190.78867173194885, "incumbent": [24.519866579502757, 0.008645822699044693, 0.017235432311242874, 70.81071039907137, 0.12311645344762889, 0.6754198681814273, 0.17014535049886623, 14.651973773616557], "optimization_overhead": 0.3324000835418701, "time_func_eval": 77.33753275871277, "iteration": 13, "incumbents_value": 0.180812795919562}