{"runtime": 960.4930999279022, "incumbent": [140.42575160395677, 0.009465428623227707, 0.06741741529880821, 211.17890334718297, 0.5022096542268156, 0.8943607844449365, 0.9907019312080109, 9.41363454637892], "optimization_overhead": 0.4370920658111572, "time_func_eval": 1.943695068359375, "iteration": 71, "incumbents_value": 0.1682008331245246}