{"incumbents_value": 0.15412186379928317, "time_func_eval": 0.04070281982421875, "optimization_overhead": 0.21014642715454102, "incumbent": [20.596832411554967, 0.009579531419107817, 0.014724599828350213, 56.616237906119125, 0.5429151343045804, 0.8373195707369774, 0.4462101380490151, 5.086578921958366], "runtime": 3.9096081256866455, "iteration": 16}