{"incumbents_value": 0.12465662593539839, "time_func_eval": 0.03958535194396973, "optimization_overhead": 0.2121737003326416, "incumbent": [136.10974618026322, 0.008164731921192526, 0.0016950391697780514, 63.12990137942077, 0.43571012120936026, 0.7226114750594356, 0.4723672425931623, 14.396808683768509], "runtime": 20.051756858825684, "iteration": 68}