{"incumbents_value": 0.18284510227155926, "time_func_eval": 0.030871152877807617, "optimization_overhead": 0.19523954391479492, "incumbent": [86.43908651789114, 0.00971844611520355, 0.0007813932407666815, 54.99383048711011, 0.13915894728345693, 0.8668823669823893, 0.28247823154856305, 14.927144311825854], "runtime": 1.6767776012420654, "iteration": 8}