{"incumbents_value": 0.018979664989098977, "time_func_eval": 1.7136139869689941, "optimization_overhead": 0.34862184524536133, "incumbent": [4.859810517450287, 1e-05, 0.09934516712692731, 145.81042105306545, 0.9, 0.9, 0.9726035485477247, 10.71309386179391], "runtime": 114.38096261024475, "iteration": 89}