{"incumbents_value": 0.018979664989098977, "time_func_eval": 0.7884533405303955, "optimization_overhead": 0.40302085876464844, "incumbent": [4.859810517450287, 1e-05, 0.09934516712692731, 145.81042105306545, 0.9, 0.9, 0.9726035485477247, 10.71309386179391], "runtime": 106.22167634963989, "iteration": 86}