{"runtime": 19.55057644844055, "incumbent": [145.66632930058483, 0.00023862171297376887, 0.0027899932386094323, 270.47866778721414, 0.2608029728142199, 0.7025453546222568, 0.475976141968875, 6.471437149212424], "optimization_overhead": 0.3943512439727783, "time_func_eval": 1.0272769927978516, "iteration": 12, "incumbents_value": 0.30513759452171607}