{"runtime": 140.79730653762817, "incumbent": [148.18834817188008, 0.0009974871314685873, 0.007916049426655131, 217.0728439842581, 0.06928018694844917, 0.5298171367337023, 0.9732995316209383, 13.579304158743014], "optimization_overhead": 0.37740111351013184, "time_func_eval": 0.3114912509918213, "iteration": 74, "incumbents_value": 0.2734306082063753}