{"incumbents_value": 0.7793085199313632, "time_func_eval": 11.467875003814697, "optimization_overhead": 0.26652026176452637, "incumbent": [145.2753444703856, 0.0029831490997511093, 0.0026418956507831153, 79.50363182930917, 0.8992798122337821, 0.2725292656157293, 0.7276016943999221, 7.476716350739368], "runtime": 414.15871500968933, "iteration": 94}