{"incumbents_value": 0.8076466949709922, "time_func_eval": 0.028191089630126953, "optimization_overhead": 0.18594694137573242, "incumbent": [90.67070218063604, 0.00958218315438551, 0.002790332685655503, 260.5566364997027, 0.05790884897585778, 0.20993217507244705, 0.8538550087187236, 8.113775075000564], "runtime": 54.21340560913086, "iteration": 17}