{"incumbents_value": 0.8048340843916428, "time_func_eval": 2.876951217651367, "optimization_overhead": 0.22626113891601562, "incumbent": [55.37857203841426, 0.006675608772697674, 0.07249030968211496, 294.5766017911877, 0.36748120922955113, 0.8916957034854849, 0.10060639461067993, 12.353897539225555], "runtime": 21.97823166847229, "iteration": 21}