{"incumbents_value": 0.7837994516255385, "time_func_eval": 0.05918455123901367, "optimization_overhead": 0.2657496929168701, "incumbent": [46.18011273861793, 0.0072488376857819375, 0.0005767250751944723, 277.1171469011486, 0.7687730513293989, 0.4135784737166135, 0.9418415544504011, 11.317093108824444], "runtime": 26.098901748657227, "iteration": 70}