{"incumbents_value": 0.811142061281337, "time_func_eval": 0.6640257835388184, "optimization_overhead": 0.13751888275146484, "incumbent": [128.15189990214031, 0.0012493940313827174, 0.09793526481719961, 230.76540804076598, 0.027039104457853215, 0.33414884728924604, 0.4312519271915142, 6.716596810625681], "runtime": 1.71663236618042, "iteration": 4}