{"optimization_overhead": 0.2158346176147461, "incumbent": [9.6561844595985, 0.01, 0.07664969011993064, 120.48624727746069, 0.01, 0.9, 0.9657400097378079, 12.60753777948763], "iteration": 11, "incumbents_value": 0.14209790209790207, "time_func_eval": 0.08986115455627441, "runtime": 2.826582431793213}