{"optimization_overhead": 0.3459305763244629, "incumbent": [75.57270598287548, 0.0032072481960808445, 0.09509008157002505, 52.744191751165246, 0.8009246342020421, 0.7657268323923354, 0.9914944567828897, 11.312596157230715], "iteration": 91, "incumbents_value": 0.1050103519668737, "time_func_eval": 0.057405710220336914, "runtime": 32.99901485443115}