{"incumbent": [25.09779894622534, 0.00693394003454342, 0.009440672026425387, 285.64894134687773, 0.7862070763375378, 0.1361461313185548, 0.33341000327915454, 5.962150415849149], "iteration": 43, "time_func_eval": 3.355431318283081, "optimization_overhead": 0.22294020652770996, "incumbents_value": 0.8019806898264568, "runtime": 29.132331371307373}