{"incumbent": [25.09779894622534, 0.00693394003454342, 0.009440672026425387, 285.64894134687773, 0.7862070763375378, 0.1361461313185548, 0.33341000327915454, 5.962150415849149], "iteration": 60, "time_func_eval": 0.06734895706176758, "optimization_overhead": 0.22189974784851074, "incumbents_value": 0.8019806898264568, "runtime": 39.97008657455444}