{"incumbents_value": 1.0, "time_func_eval": 2.457348585128784, "optimization_overhead": 0.1349630355834961, "incumbent": [41.18914285836587, 0.005621560222929173, 0.04004030809309295, 155.81353074200652, 0.5887226701916921, 0.764693003959352, 0.7610821691675004, 7.758488050317449], "runtime": 6.618070363998413, "iteration": 5}