{"incumbents_value": 0.9786458333333333, "time_func_eval": 0.12160301208496094, "optimization_overhead": 0.287761926651001, "incumbent": [17.060487620921734, 0.00041411608653774, 0.0037810412698814806, 197.59149889226072, 0.15281271142138866, 0.2618504666314521, 0.8934284303036683, 14.889617330879467], "runtime": 95.84106040000916, "iteration": 70}