{"incumbents_value": 1.0, "time_func_eval": 0.6952407360076904, "optimization_overhead": 0.1423630714416504, "incumbent": [41.18914285836587, 0.005621560222929173, 0.04004030809309295, 155.81353074200652, 0.5887226701916921, 0.764693003959352, 0.7610821691675004, 7.758488050317449], "runtime": 23.56875205039978, "iteration": 19}