{"runtime": 27.251429319381714, "time_func_eval": 0.03705906867980957, "iteration": 58, "optimization_overhead": 0.27028822898864746, "incumbents_value": 0.6417508417508417, "incumbent": [99.50907170135771, 0.0011258635029398323, 0.0335287322970611, 67.03601772278456, 0.886935921416123, 0.8196642491829698, 0.9927161985461176, 6.564695767637846]}