{"runtime": 33.266215562820435, "time_func_eval": 0.019307851791381836, "iteration": 71, "optimization_overhead": 0.17662882804870605, "incumbents_value": 0.5231009070294785, "incumbent": [96.94241441640247, 0.004454827154941014, 0.019936196402173985, 290.05147377546314, 0.12358859092632701, 0.8657014362775933, 0.9608634089797603, 12.215321237747595]}