{"incumbents_value": 0.0006018054701429909, "time_func_eval": 8.104151964187622, "optimization_overhead": 0.26486873626708984, "incumbent": [32.69336414028879, 0.003808622213616249, 0.002610158291827319, 246.9932580543693, 0.021032279630492347, 0.1646608801350143, 0.14902958789632476, 13.846185821421468], "runtime": 523.1426272392273, "iteration": 55}