{"incumbents_value": 0.5257001958887385, "time_func_eval": 14.0392427444458, "optimization_overhead": 0.24762392044067383, "incumbent": [149.04261784857988, 6.465569590586842e-05, 0.00903476063030169, 254.54413127197412, 0.3343079617288245, 0.5541872640366144, 0.5161069235443826, 14.084594269446562], "runtime": 208.05653595924377, "iteration": 79}