{"incumbents_value": 0.5257001958887385, "time_func_eval": 0.7669446468353271, "optimization_overhead": 0.2477257251739502, "incumbent": [149.04261784857988, 6.465569590586842e-05, 0.00903476063030169, 254.54413127197412, 0.3343079617288245, 0.5541872640366144, 0.5161069235443826, 14.084594269446562], "runtime": 209.4635775089264, "iteration": 81}