{"incumbents_value": 0.9786666666666667, "time_func_eval": 1.164384365081787, "optimization_overhead": 0.2021465301513672, "incumbent": [95.60812767018601, 0.00014783815477219936, 0.0031487487058528777, 58.34182070772338, 0.5843017167147126, 0.8608422613067586, 0.8327592004735994, 5.116756474285608], "runtime": 9.673976182937622, "iteration": 11}