{"runtime": 0.5091464519500732, "iteration": 1, "time_func_eval": 0.31839823722839355, "incumbent": [96.94241441640247, 0.004454827154941014, 0.019936196402173985, 290.05147377546314, 0.12358859092632701, 0.8657014362775933, 0.9608634089797603, 12.215321237747595], "incumbents_value": 0.9408698664651045, "optimization_overhead": 0.0027757485707600913}