{"runtime": 121.19247198104858, "iteration": 72, "time_func_eval": 1.6713440418243408, "incumbent": [133.49937550064868, 0.009916307662337623, 0.010394554851196202, 282.1133265165489, 0.2235947436829194, 0.35546019543380547, 0.20596419544975736, 8.120230886331719], "incumbents_value": 0.9083342041100662, "optimization_overhead": 0.6095683574676514}