{"incumbents_value": 0.5999671870139117, "time_func_eval": 2.752974510192871, "optimization_overhead": 0.19248151779174805, "incumbent": [121.98863881893773, 0.0088972749692104, 0.0011958612776836789, 61.798953759048075, 0.7821967523282869, 0.8419372682622422, 0.9566674620837212, 14.845578337577848], "runtime": 55.26021146774292, "iteration": 16}