{"runtime": 6090.145611286163, "optimization_overhead": 0.4478905200958252, "iteration": 53, "incumbent": [142.1238158528059, 0.004734256230011352, 0.0032045527859307036, 201.05824320915227, 0.7930206655566133, 0.8556716146239649, 0.9753671267275978, 8.810030519013317], "incumbents_value": 0.012386763478919094, "time_func_eval": 177.81493973731995}