{"runtime": 8261.943844795227, "optimization_overhead": 0.5712296962738037, "iteration": 69, "incumbent": [81.68307457978469, 0.0003057783788140448, 0.004449396768398593, 295.7153484455057, 0.09728108551034852, 0.5482714222810907, 0.787024303080166, 13.682780376373492], "incumbents_value": 0.011878432965981234, "time_func_eval": 127.37075209617615}