{"runtime": 7879.157029628754, "optimization_overhead": 0.4588944911956787, "iteration": 64, "incumbent": [81.68307457978469, 0.0003057783788140448, 0.004449396768398593, 295.7153484455057, 0.09728108551034852, 0.5482714222810907, 0.787024303080166, 13.682780376373492], "incumbents_value": 0.011878432965981234, "time_func_eval": 38.27287840843201}