{"runtime": 219.08950924873352, "optimization_overhead": 0.013877232869466146, "iteration": 0, "incumbent": [146.82787151460946, 0.005224118537913549, 0.0014805373468107597, 249.46833297169988, 0.49650392899252915, 0.350742361512401, 0.960304693734919, 6.231758508244526], "incumbents_value": 0.012430244499291199, "time_func_eval": 219.04719257354736}