{"incumbents_value": 0.5187460476962762, "time_func_eval": 5.682233810424805, "optimization_overhead": 0.31357264518737793, "incumbent": [24.22746631893028, 0.00939814345804559, 0.014840871089849229, 293.5701857053559, 0.8424094234638714, 0.8973360103316733, 0.865284963851683, 10.46080743310657], "runtime": 199.8121690750122, "iteration": 83}