{"incumbents_value": 0.5187460476962762, "time_func_eval": 3.6705095767974854, "optimization_overhead": 0.22639060020446777, "incumbent": [24.22746631893028, 0.00939814345804559, 0.014840871089849229, 293.5701857053559, 0.8424094234638714, 0.8973360103316733, 0.865284963851683, 10.46080743310657], "runtime": 173.56934928894043, "iteration": 75}