{"time_func_eval": 0.029852628707885742, "runtime": 26.48520517349243, "incumbents_value": 0.14402493391722881, "iteration": 83, "incumbent": [61.20462778712259, 0.00983128993583929, 0.022196561340554647, 67.20575192085904, 0.016118255134317968, 0.20497639409561874, 0.972059274810064, 6.586930354692647], "optimization_overhead": 0.22438788414001465}