{"time_func_eval": 0.06566834449768066, "runtime": 12.383485078811646, "incumbents_value": 0.16999030819926342, "iteration": 42, "incumbent": [141.12961358533568, 0.0005607959477727068, 0.04355315291932516, 283.15985923064716, 0.17931166669678164, 0.7034712559577243, 0.9964070296725052, 8.43161547611109], "optimization_overhead": 0.20567107200622559}