{"incumbents_value": 0.48349863941536, "time_func_eval": 9.104368686676025, "optimization_overhead": 0.21587657928466797, "incumbent": [107.10421654808766, 0.000240637903327115, 0.03193727651239158, 142.070089108797, 0.8822962124223043, 0.8460196318704686, 0.9713309678993306, 5.993564918732348], "runtime": 450.55458784103394, "iteration": 52}