{"incumbents_value": 0.5156967297023224, "time_func_eval": 0.6658117771148682, "optimization_overhead": 0.19037151336669922, "incumbent": [134.7796271116689, 0.005296220354298048, 0.05604290709093451, 181.41109548078686, 0.7938694155863337, 0.37768134169503337, 0.8554508869797615, 12.183553627421734], "runtime": 17.444220781326294, "iteration": 3}