{"incumbents_value": 0.4226585459339064, "time_func_eval": 1.3987700939178467, "optimization_overhead": 0.0001079241434733073, "incumbent": [131.5031392942901, 0.0004513999155765324, 0.016972647494299428, 90.68120080144101, 0.8547619601359924, 0.23299621660442274, 0.4889094446262945, 12.70138072272346], "runtime": 1.3995838165283203, "iteration": 0}