{"incumbents_value": 0.3507118554889611, "time_func_eval": 10.907111406326294, "optimization_overhead": 0.4746365547180176, "incumbent": [127.28385931060315, 0.0003794803603220826, 0.00290998934049581, 281.426821216692, 0.08987471723586593, 0.35434363284818116, 0.2109501327608691, 12.138688737590407], "runtime": 710.9451332092285, "iteration": 92}