{"incumbent": [17.887692957928017, 0.00933447351351337, 0.007605123431551021, 292.8053262015332, 0.7686052184613966, 0.8759821499069945, 0.877225774565779, 5.003018432187884], "iteration": 73, "time_func_eval": 10.444471836090088, "optimization_overhead": 0.19347143173217773, "incumbents_value": 0.999998302848245, "runtime": 3943.9786615371704}