{"incumbent": [17.887692957928017, 0.00933447351351337, 0.007605123431551021, 292.8053262015332, 0.7686052184613966, 0.8759821499069945, 0.877225774565779, 5.003018432187884], "iteration": 54, "time_func_eval": 21.498111963272095, "optimization_overhead": 0.22290325164794922, "incumbents_value": 0.999998302848245, "runtime": 2814.1254045963287}