{"incumbent": [109.22597664100061, 0.00048727754585156316, 0.011726732555553055, 292.58826965908736, 0.11587743371476893, 0.7709464030470097, 0.9438789570027566, 5.1496299790678535], "iteration": 87, "time_func_eval": 280.05477356910706, "optimization_overhead": 0.19078660011291504, "incumbents_value": 0.9999982429198455, "runtime": 4722.170308351517}