{"incumbents_value": 0.8327167070509609, "time_func_eval": 1.1128027439117432, "optimization_overhead": 0.1756422519683838, "incumbent": [72.53863954330764, 0.005705472527205735, 0.016378339133706375, 117.02194459248174, 0.6582188709302327, 0.11012248013725111, 0.49655086116743125, 11.019567414969142], "runtime": 5.840793132781982, "iteration": 4}