{"runtime": 98.43362355232239, "iteration": 18, "time_func_eval": 0.4778592586517334, "incumbent": [146.52432083493528, 0.008106600114610818, 0.004521564555469886, 143.83172520549743, 0.07692161797700693, 0.7880193308688533, 0.9563818048696267, 10.673697283376534], "incumbents_value": 0.03129263786922709, "optimization_overhead": 0.35811901092529297}