{"runtime": 440.8311960697174, "iteration": 83, "time_func_eval": 0.30224013328552246, "incumbent": [145.62881169237, 0.00014091613787443126, 0.006206878347219969, 70.48578240283491, 0.8098485406010777, 0.3285179802601179, 0.24430490397511812, 6.857418602365193], "incumbents_value": 0.024963343712377295, "optimization_overhead": 0.4816436767578125}