{"runtime": 452.41059732437134, "iteration": 86, "time_func_eval": 0.3771481513977051, "incumbent": [145.62881169237, 0.00014091613787443126, 0.006206878347219969, 70.48578240283491, 0.8098485406010777, 0.3285179802601179, 0.24430490397511812, 6.857418602365193], "incumbents_value": 0.024963343712377295, "optimization_overhead": 0.5662198066711426}