{"incumbents_value": 0.45614606278202785, "time_func_eval": 0.07994651794433594, "optimization_overhead": 0.2655651569366455, "incumbent": [12.655860399892251, 0.003063860030969323, 0.09202045502908852, 292.951444656573, 0.7510059756526376, 0.8907017573816224, 0.8637934825419774, 7.175418160524579], "runtime": 50.47981667518616, "iteration": 80}