{"incumbents_value": 0.6090520590520592, "time_func_eval": 0.21721482276916504, "optimization_overhead": 0.00016887982686360678, "incumbent": [129.39748459588137, 0.0027932944269012158, 0.036894743798430586, 279.98781849268636, 0.7364739148187761, 0.6209518962018072, 0.1790560260986569, 14.922514867643939], "runtime": 0.2184617519378662, "iteration": 0}