{"incumbents_value": 0.8577165806081468, "time_func_eval": 20.11427664756775, "optimization_overhead": 0.257326602935791, "incumbent": [8.18675723215425, 0.005618861019842971, 0.06309469507061599, 298.3088985258373, 0.29652837379248365, 0.3379942885030215, 0.7592325052626513, 6.725560929439899], "runtime": 666.2777893543243, "iteration": 37}