{"runtime": 512.2473363876343, "incumbent": [132.33826237562354, 0.00028776896594633896, 0.01976585623561513, 237.0542464279862, 0.17244079820135255, 0.8674749244875948, 0.980407441921984, 13.870063058249052], "optimization_overhead": 0.24285364151000977, "time_func_eval": 0.9648098945617676, "iteration": 46, "incumbents_value": 0.17038201117502771}