{"runtime": 1172.4188122749329, "incumbent": [132.33826237562354, 0.00028776896594633896, 0.01976585623561513, 237.0542464279862, 0.17244079820135255, 0.8674749244875948, 0.980407441921984, 13.870063058249052], "optimization_overhead": 0.46704530715942383, "time_func_eval": 18.61849093437195, "iteration": 94, "incumbents_value": 0.17038201117502771}