{"incumbents_value": 0.22097458490818767, "time_func_eval": 0.23211050033569336, "optimization_overhead": 0.28505778312683105, "incumbent": [135.99063205322807, 6.370448978418741e-05, 0.007637225830121152, 211.42735206215238, 0.8218854207773151, 0.8263250904299553, 0.8891499789596695, 7.545883482391496], "runtime": 24.60806655883789, "iteration": 35}