{"incumbents_value": 0.22097458490818767, "time_func_eval": 0.5448062419891357, "optimization_overhead": 0.2421114444732666, "incumbent": [135.99063205322807, 6.370448978418741e-05, 0.007637225830121152, 211.42735206215238, 0.8218854207773151, 0.8263250904299553, 0.8891499789596695, 7.545883482391496], "runtime": 27.1872136592865, "iteration": 39}