{"incumbents_value": 0.24038633898882344, "time_func_eval": 0.5301916599273682, "optimization_overhead": 0.00011134147644042969, "incumbent": [95.44086736606073, 0.005889570385639571, 0.018269852878172843, 146.58270993295233, 0.7537345401460874, 0.7724489639323859, 0.5781064986357434, 7.663615904196455], "runtime": 1.0800955295562744, "iteration": 1}