{"incumbents_value": 0.13969437423500497, "time_func_eval": 0.16057419776916504, "optimization_overhead": 0.3662588596343994, "incumbent": [136.8768155379308, 0.0038268956427396916, 0.010104050319920583, 262.93920735921984, 0.013882029466387875, 0.8475814749464845, 0.8392208527779778, 14.022184598026403], "runtime": 59.89406418800354, "iteration": 77}