{"runtime": 50.0790376663208, "optimization_overhead": 0.2591409683227539, "incumbent": [145.80899406718214, 0.008127300179617368, 0.010556254482099195, 161.87195704450977, 0.8530981668949564, 0.8085239451772598, 0.6554684039328046, 14.311136492088625], "time_func_eval": 0.15902090072631836, "incumbents_value": 0.799207608451306, "iteration": 75}