{"runtime": 34.64131259918213, "optimization_overhead": 0.2216031551361084, "incumbent": [90.04063177593123, 0.009927660780866434, 0.008787788613500328, 296.10408077360387, 0.674261930597686, 0.5057814231723261, 0.9246261431834338, 14.695785380839537], "time_func_eval": 0.339857816696167, "incumbents_value": 0.8812553010378086, "iteration": 55}