{"time_func_eval": 0.24309468269348145, "runtime": 22.25455927848816, "incumbents_value": 0.33781653129479206, "iteration": 53, "incumbent": [146.5420033914829, 6.012974302563806e-05, 0.023447220973726028, 241.13381626323252, 0.01621104405960412, 0.8888921757918474, 0.7466798047107867, 14.195648746722187], "optimization_overhead": 0.24450087547302246}