{"runtime": 27.37183666229248, "optimization_overhead": 0.24256515502929688, "incumbent": [147.21092645016125, 0.0018438671047563743, 0.019104419452587618, 190.28529845410515, 0.8601798630584029, 0.7738232144488226, 0.8880138628324462, 12.41382450140961], "time_func_eval": 0.05233907699584961, "incumbents_value": 0.46435812159290724, "iteration": 41}