{"runtime": 17.313851833343506, "optimization_overhead": 0.17676973342895508, "incumbent": [65.35973359253562, 0.0008998126206658578, 0.0034542600591077675, 281.6847114804705, 0.05368985835427996, 0.8436611428530646, 0.9048532758352559, 5.437235306985623], "time_func_eval": 0.09894704818725586, "incumbents_value": 0.46963005433996574, "iteration": 28}