{"time_func_eval": 0.05658698081970215, "runtime": 10.607657432556152, "incumbents_value": 0.15922234491326515, "iteration": 38, "incumbent": [49.95241855909137, 6.95063144487553e-05, 0.062030835729821356, 50.464443368276115, 0.2967421848836053, 0.14988044733929773, 0.9886573686063873, 11.54244162801822], "optimization_overhead": 0.19890594482421875}