{"time_func_eval": 0.04296088218688965, "runtime": 19.884490251541138, "incumbents_value": 0.15847041847041843, "iteration": 66, "incumbent": [30.26883649632824, 0.000392795112768349, 0.08517511221958711, 218.10470724163002, 0.8758755759283166, 0.8321158975789384, 0.9079313463861667, 12.49891648665027], "optimization_overhead": 0.20411419868469238}