{"time_func_eval": 0.055464982986450195, "runtime": 21.698357343673706, "incumbents_value": 0.14302911862419398, "iteration": 72, "incumbent": [40.911224106697176, 0.0019358282405363568, 0.08584217155882883, 171.0733756632825, 0.43930532677619716, 0.26267773616622453, 0.922654550015075, 6.23048265548284], "optimization_overhead": 0.23742961883544922}