{"time_func_eval": 0.16914677619934082, "runtime": 8.671987295150757, "incumbents_value": 0.15922234491326515, "iteration": 31, "incumbent": [49.95241855909137, 6.95063144487553e-05, 0.062030835729821356, 50.464443368276115, 0.2967421848836053, 0.14988044733929773, 0.9886573686063873, 11.54244162801822], "optimization_overhead": 0.19523191452026367}