{"incumbents_value": 0.12316106879367028, "time_func_eval": 0.3600478172302246, "optimization_overhead": 0.18858075141906738, "incumbent": [133.25236759696125, 0.009450788371282996, 0.01601903951550655, 254.3257514883289, 0.03502876420500853, 0.249371812559972, 0.1889495009220913, 13.459182987072376], "runtime": 271.65999007225037, "iteration": 47}