{"incumbents_value": 0.12216805337561665, "time_func_eval": 0.06656146049499512, "optimization_overhead": 0.3277008533477783, "incumbent": [91.15249079141438, 0.009660649801692199, 0.0033837412790570834, 288.21620693063045, 0.7999824747428326, 0.7955601961370911, 0.9478788436419969, 14.998778688891464], "runtime": 600.3874831199646, "iteration": 98}