{"optimization_overhead": 0.22788500785827637, "runtime": 5.995674133300781, "incumbent": [146.5420033914829, 6.012974302563806e-05, 0.023447220973726028, 241.13381626323252, 0.01621104405960412, 0.8888921757918474, 0.7466798047107867, 14.195648746722187], "incumbents_value": 0.17839403088627104, "time_func_eval": 1.5216538906097412, "iteration": 7}