{"incumbents_value": 0.15752397989599254, "time_func_eval": 1.791365623474121, "optimization_overhead": 0.25844645500183105, "incumbent": [145.60897052298802, 0.0019982691205057204, 0.0398808140281657, 261.3261570315474, 0.2739438894093319, 0.7225854314115557, 0.9821615847223933, 5.5940223217444185], "runtime": 535.50244140625, "iteration": 84}