{"incumbent": [106.8189716208938, 0.0013797955329203592, 0.0033270673927535952, 97.59735990349739, 0.8909031253390954, 0.14276068707672246, 0.8218202055617411, 14.09850830530524], "iteration": 85, "time_func_eval": 0.3639259338378906, "optimization_overhead": 0.19448375701904297, "incumbents_value": 0.002451372235544924, "runtime": 77.20680212974548}