{"incumbent": [20.893476691143142, 0.005674472979228128, 0.0011159480612336042, 299.49426858331844, 0.8845547256156733, 0.09492393324621604, 0.6840742904783419, 11.132037518329831], "iteration": 13, "time_func_eval": 0.009377717971801758, "optimization_overhead": 0.16261792182922363, "incumbents_value": 0.6605582922824302, "runtime": 3.054683208465576}