{"incumbent": [41.259746444416216, 0.009754498107450355, 0.06078471908853284, 184.50625248347723, 0.8450444710710463, 0.8724748623699438, 0.7282617822009142, 14.60305522470332], "iteration": 4, "time_func_eval": 0.05019187927246094, "optimization_overhead": 0.1827867031097412, "incumbents_value": 0.6672453703703703, "runtime": 0.6807041168212891}