{"incumbents_value": 0.6629123749813405, "time_func_eval": 0.03406524658203125, "optimization_overhead": 0.2104508876800537, "incumbent": [114.25884885078949, 0.0009512364269854598, 0.00034069828627999327, 249.50393863324976, 0.06280709334849259, 0.6373476644890828, 0.10518196149605342, 6.883203913829333], "runtime": 18.720131635665894, "iteration": 52}