{"incumbents_value": 0.7698268398268399, "time_func_eval": 0.05799365043640137, "optimization_overhead": 0.15529537200927734, "incumbent": [15.23050647405972, 0.007201993517209998, 0.004384859031229274, 222.55087041861557, 0.45308745684003626, 0.4223544365021734, 0.5840040001089638, 10.334932181627847], "runtime": 1.6222529411315918, "iteration": 8}