{"incumbent": [22.266590640167983, 0.00010243884310011134, 0.005536048174433457, 95.76741582128687, 0.8684331000873313, 0.7629709108378805, 0.9447388329382851, 5.0858256897219], "iteration": 12, "time_func_eval": 0.0632791519165039, "optimization_overhead": 0.16325783729553223, "incumbents_value": 0.7977788711604695, "runtime": 2.777738094329834}