{"runtime": 85.30776000022888, "optimization_overhead": 0.20339369773864746, "incumbent": [119.95289431005436, 0.0018069595526010614, 0.0061836456836815165, 106.97981216932016, 0.4596209507415153, 0.8584549257310368, 0.7850990921815224, 14.42172626388766], "time_func_eval": 0.027236461639404297, "incumbents_value": 0.5139481717218722, "iteration": 63}