{"runtime": 9.030024290084839, "optimization_overhead": 0.2374730110168457, "incumbent": [54.627489194572284, 0.007710781681371904, 0.008438542162407069, 119.9059266850384, 0.8734813721334126, 0.5804594709509932, 0.14715987242341372, 14.014973975811513], "time_func_eval": 0.038892507553100586, "incumbents_value": 0.5544115689250215, "iteration": 8}