{"runtime": 65.09888291358948, "optimization_overhead": 0.22510814666748047, "incumbent": [118.3444682514914, 0.0011169861012232344, 0.006538307932424447, 284.46741021994796, 0.7528632238210943, 0.747342873414856, 0.5451012048788171, 14.45403829463675], "time_func_eval": 2.292088031768799, "incumbents_value": 0.7875914246778699, "iteration": 99}