{"runtime": 2.048444986343384, "optimization_overhead": 0.20706868171691895, "incumbent": [146.52432083493528, 0.008106600114610818, 0.004521564555469886, 143.83172520549743, 0.07692161797700693, 0.7880193308688533, 0.9563818048696267, 10.673697283376534], "time_func_eval": 0.05436515808105469, "incumbents_value": 0.947756401341307, "iteration": 3}