{"runtime": 12.767766952514648, "optimization_overhead": 0.24532771110534668, "incumbent": [20.464513282374128, 0.009483825832986934, 0.00747254323535185, 296.0178924872292, 0.020997892104909106, 0.7689770566017529, 0.31707349526920575, 12.04169796692866], "time_func_eval": 0.0364077091217041, "incumbents_value": 0.8796059113300493, "iteration": 24}