{"incumbents_value": 0.40709712396312603, "time_func_eval": 9.387238264083862, "optimization_overhead": 0.1671290397644043, "incumbent": [131.07229091910708, 0.00011792844515171455, 0.012421444497532918, 275.2526685628734, 0.8637808011232769, 0.7663654470496061, 0.9834830072057363, 11.270163940318149], "runtime": 66.67864513397217, "iteration": 9}