{"runtime": 25.065220594406128, "optimization_overhead": 0.26031923294067383, "incumbent": [125.59968896989686, 0.009219524721266994, 0.003686179063974653, 268.9253818237494, 0.7579394088544525, 0.7729142702811543, 0.8476374993946454, 12.598438373441335], "time_func_eval": 0.015281438827514648, "incumbents_value": 0.3676489028213167, "iteration": 88}