{"runtime": 8.453241109848022, "optimization_overhead": 0.18971538543701172, "incumbent": [47.037701038179264, 0.00020947556154686154, 0.00023778606333709314, 225.5352213484737, 0.13202611678065468, 0.48923305124952676, 0.2302281921982416, 5.079689999779663], "time_func_eval": 0.09600996971130371, "incumbents_value": 0.38095238095238093, "iteration": 35}