{"runtime": 21.83250403404236, "optimization_overhead": 0.22620272636413574, "incumbent": [78.55486372286448, 0.002135547413214679, 0.011013630454556184, 293.7813176963046, 0.6396844952098514, 0.8764263904414491, 0.9597995191475359, 5.706704339291707], "time_func_eval": 2.3693313598632812, "incumbents_value": 0.6221136057247993, "iteration": 35}