{"incumbents_value": 0.9680552359033372, "time_func_eval": 0.05415463447570801, "optimization_overhead": 0.2658555507659912, "incumbent": [122.74733981149353, 0.008082888809686955, 0.0009289333980156118, 65.69352965851462, 0.8818715247419779, 0.8067244109603792, 0.9763084067464433, 14.394856042660994], "runtime": 5.186485052108765, "iteration": 8}