{"incumbents_value": 0.5965243844087483, "time_func_eval": 0.19160795211791992, "optimization_overhead": 0.2846038341522217, "incumbent": [11.001722361617285, 0.009111134275468082, 0.0002696955895526707, 297.86123121110825, 0.5006076307328573, 0.31352758497061284, 0.15183661445543362, 11.12829994550971], "runtime": 67.54659748077393, "iteration": 77}