{"incumbents_value": 0.9814882032667877, "time_func_eval": 2.5176749229431152, "optimization_overhead": 0.15788483619689941, "incumbent": [148.0061395322907, 0.00933575598761834, 0.004531453536713621, 240.7733042463943, 0.02542567911801409, 0.8564317916852598, 0.1987009300769077, 6.291839355315938], "runtime": 3.255354404449463, "iteration": 4}