{"incumbents_value": 0.5965243844087483, "time_func_eval": 0.25017809867858887, "optimization_overhead": 0.28433799743652344, "incumbent": [11.001722361617285, 0.009111134275468082, 0.0002696955895526707, 297.86123121110825, 0.5006076307328573, 0.31352758497061284, 0.15183661445543362, 11.12829994550971], "runtime": 49.17692279815674, "iteration": 48}