{"incumbents_value": 0.07915695415695412, "iteration": 73, "runtime": 68.88258290290833, "incumbent": [131.4576992392304, 0.004293272941400549, 0.031037229420066884, 182.25951914512498, 0.21708513406531624, 0.872795319947072, 0.9137472103406679, 11.26408334388728], "optimization_overhead": 0.34668493270874023, "time_func_eval": 0.02727818489074707}