{"incumbents_value": 0.07915695415695412, "iteration": 72, "runtime": 68.49040198326111, "incumbent": [131.4576992392304, 0.004293272941400549, 0.031037229420066884, 182.25951914512498, 0.21708513406531624, 0.872795319947072, 0.9137472103406679, 11.26408334388728], "optimization_overhead": 0.36322498321533203, "time_func_eval": 0.12068462371826172}