{"incumbents_value": 0.09798168093528492, "iteration": 54, "runtime": 51.86194658279419, "incumbent": [96.94241441640247, 0.004454827154941014, 0.019936196402173985, 290.05147377546314, 0.12358859092632701, 0.8657014362775933, 0.9608634089797603, 12.215321237747595], "optimization_overhead": 0.3302574157714844, "time_func_eval": 0.07293963432312012}