{"incumbents_value": 0.641736457473117, "time_func_eval": 0.07855844497680664, "optimization_overhead": 0.21915006637573242, "incumbent": [30.11987494498493, 1e-05, 0.0001, 277.36387406298405, 0.01, 0.9, 0.999, 12.177477136040013], "runtime": 18.936573028564453, "iteration": 37}