{"runtime": 3.730452299118042, "optimization_overhead": 0.1901552677154541, "incumbent": [28.580117752075036, 0.0008777469211435383, 0.006301888931228675, 129.29196546876648, 0.030133679722239015, 0.841454368169519, 0.4861311597913171, 14.874551834655875], "time_func_eval": 0.022165536880493164, "incumbents_value": 0.0, "iteration": 17}