{"runtime": 15.300095796585083, "optimization_overhead": 0.21020984649658203, "incumbent": [28.580117752075036, 0.0008777469211435383, 0.006301888931228675, 129.29196546876648, 0.030133679722239015, 0.841454368169519, 0.4861311597913171, 14.874551834655875], "time_func_eval": 0.019838571548461914, "incumbents_value": 0.0, "iteration": 61}