{"incumbent": [131.68737230161057, 0.0002483477930135148, 0.0011741351774794974, 298.2266000397773, 0.8480854304231175, 0.4777852555348546, 0.9690410573847381, 9.586440899752308], "iteration": 69, "time_func_eval": 0.0600893497467041, "optimization_overhead": 0.1924736499786377, "incumbents_value": 0.7698246663178265, "runtime": 21.649377822875977}