{"incumbents_value": 0.36888888888888893, "iteration": 61, "runtime": 22.395797967910767, "incumbent": [149.33874744614442, 0.0021501220479194605, 0.000401380611532906, 204.66953629442776, 0.4268622463121451, 0.8749205583141637, 0.9602598149183028, 6.162033802304981], "optimization_overhead": 0.3570575714111328, "time_func_eval": 0.0334470272064209}