{"incumbents_value": 0.39677316147904385, "iteration": 23, "runtime": 6.90153431892395, "incumbent": [138.67184259364726, 0.003711183710573016, 0.0035402820127242813, 52.61084030086947, 0.8498225591697295, 0.5880799903094661, 0.9737321951057776, 5.155211186879574], "optimization_overhead": 0.24678301811218262, "time_func_eval": 0.07622551918029785}