{"incumbents_value": 0.032687413561536593, "time_func_eval": 9.33904218673706, "optimization_overhead": 0.19564199447631836, "incumbent": [31.498672768901177, 0.009823662557934034, 0.02181243752811097, 256.2663430150397, 0.07858129669368716, 0.8607497895464111, 0.8372953774377694, 14.255912917886928], "runtime": 86.03097486495972, "iteration": 8}