{"incumbents_value": 0.019624380803266006, "time_func_eval": 66.77396011352539, "optimization_overhead": 0.19209003448486328, "incumbent": [106.08231270146007, 0.008626651011031628, 0.00259314064830686, 279.26981361142407, 0.8634639412480093, 0.7046295064624243, 0.9781348123446235, 14.482483774807541], "runtime": 702.7837498188019, "iteration": 35}