{"incumbents_value": 0.6965811965811965, "time_func_eval": 0.01547694206237793, "optimization_overhead": 0.1922287940979004, "incumbent": [67.59549420890198, 0.006128757545493392, 0.0503536774988399, 115.4292406009666, 0.4746090923663868, 0.7512108830410439, 0.985279357789904, 9.726891565759958], "runtime": 9.763232946395874, "iteration": 40}