{"incumbents_value": 0.09959196188499453, "time_func_eval": 1.71150541305542, "optimization_overhead": 0.19868803024291992, "incumbent": [122.13991075836536, 0.01, 0.1, 299.58699793623754, 0.31834703735618625, 0.9, 0.839118121728275, 14.910033920606416], "runtime": 34.47511386871338, "iteration": 65}