{"iteration": 7, "incumbents_value": 0.12212324972082189, "incumbent": [46.52857821011975, 0.0068221722155555435, 0.01441457310378468, 107.65162232355999, 0.0878985414372069, 0.19350590170065068, 0.3281638236825152, 10.96356090334779], "time_func_eval": 10.985521793365479, "runtime": 44.80851411819458, "optimization_overhead": 0.22828030586242676}