{"incumbents_value": 0.018575340392179673, "time_func_eval": 5.936041593551636, "optimization_overhead": 0.34050512313842773, "incumbent": [137.90415040573242, 0.0014508200001643534, 0.0006306238726566094, 292.9243565345116, 0.03232450915642852, 0.7076572391341762, 0.7345884742635233, 9.475775074495457], "runtime": 408.6788558959961, "iteration": 91}