{"incumbents_value": 0.018575340392179673, "time_func_eval": 7.3999412059783936, "optimization_overhead": 0.22050118446350098, "incumbent": [137.90415040573242, 0.0014508200001643534, 0.0006306238726566094, 292.9243565345116, 0.03232450915642852, 0.7076572391341762, 0.7345884742635233, 9.475775074495457], "runtime": 166.2119448184967, "iteration": 46}