{"runtime": 270.5346052646637, "incumbent": [139.32994630212676, 0.008181650427280213, 0.010338680896545018, 123.41988161076799, 0.44918656509143423, 0.13923337996480156, 0.11251812630459103, 13.080867054160345], "optimization_overhead": 0.2729485034942627, "time_func_eval": 19.10712170600891, "iteration": 22, "incumbents_value": 0.17230096398450567}