{"runtime": 1202.6727139949799, "incumbent": [146.6918897475598, 0.0017976638444871294, 0.09492548258693928, 282.86632931460593, 0.7256545700557491, 0.6300925402481693, 0.968167709541545, 6.287097153251448], "optimization_overhead": 0.4725453853607178, "time_func_eval": 12.27306342124939, "iteration": 96, "incumbents_value": 0.16605330530875606}