{"runtime": 344.3037874698639, "incumbent": [139.32994630212676, 0.008181650427280213, 0.010338680896545018, 123.41988161076799, 0.44918656509143423, 0.13923337996480156, 0.11251812630459103, 13.080867054160345], "optimization_overhead": 0.36456751823425293, "time_func_eval": 1.2587509155273438, "iteration": 30, "incumbents_value": 0.17230096398450567}