{"runtime": 94.91248607635498, "incumbent": [27.442142562461637, 0.0098209458389448, 0.001894442016113875, 289.2121572526733, 0.7133886442939781, 0.12266461795071368, 0.942895637999076, 8.53368495070557], "optimization_overhead": 0.29430103302001953, "time_func_eval": 2.296229839324951, "iteration": 6, "incumbents_value": 0.18312342363428302}