{"runtime": 953.4742834568024, "incumbent": [139.32994630212676, 0.008181650427280213, 0.010338680896545018, 123.41988161076799, 0.44918656509143423, 0.13923337996480156, 0.11251812630459103, 13.080867054160345], "optimization_overhead": 0.32854723930358887, "time_func_eval": 26.21513867378235, "iteration": 78, "incumbents_value": 0.17230096398450567}