{"incumbent": [32.22126801572362, 0.008629058250305776, 0.002457756150037066, 294.4342324858418, 0.03944263354411185, 0.16032825973317485, 0.16526423994550293, 14.160698971554842], "iteration": 11, "time_func_eval": 0.18945741653442383, "optimization_overhead": 0.22454237937927246, "incumbents_value": 0.8454268548909842, "runtime": 12.52528715133667}