{"incumbent": [138.41135427915108, 0.0030392721606240006, 0.0015101660287028466, 62.026356905149385, 0.2050935690667301, 0.7768927870508139, 0.40761985981776244, 14.59576306869205], "iteration": 82, "time_func_eval": 0.09195947647094727, "optimization_overhead": 0.24466443061828613, "incumbents_value": 0.7864687518170272, "runtime": 94.09795951843262}