{"incumbents_value": 0.9285291081842806, "iteration": 55, "runtime": 148.50188207626343, "incumbent": [145.15086444736343, 0.005544589166055326, 0.0008916779998082938, 66.21597245217055, 0.5382621769055621, 0.6448003377262017, 0.9982571849532623, 10.845907550503838], "optimization_overhead": 0.4439127445220947, "time_func_eval": 7.561787128448486}