{"incumbents_value": 0.9285291081842806, "iteration": 36, "runtime": 64.36841106414795, "incumbent": [145.15086444736343, 0.005544589166055326, 0.0008916779998082938, 66.21597245217055, 0.5382621769055621, 0.6448003377262017, 0.9982571849532623, 10.845907550503838], "optimization_overhead": 0.34615302085876465, "time_func_eval": 1.3670647144317627}