{"incumbents_value": 0.6368722313323791, "time_func_eval": 0.9464282989501953, "optimization_overhead": 0.00011761983235677083, "incumbent": [44.82695301577985, 9.056744624518242e-05, 0.02163995161665557, 264.0201850942183, 0.7661811071961704, 0.10334996502335332, 0.1355231252533295, 12.612385213476957], "runtime": 0.9472353458404541, "iteration": 0}