{"incumbents_value": 0.24312696730267103, "time_func_eval": 1.7678961753845215, "optimization_overhead": 0.2133946418762207, "incumbent": [14.461921537339068, 0.009943584825973358, 0.003132625693349751, 287.2415304671247, 0.055529368982125196, 0.3020292924625557, 0.16393705003312295, 14.595094112328496], "runtime": 40.32929515838623, "iteration": 21}