{"incumbents_value": 0.08813391809915871, "time_func_eval": 0.14450311660766602, "optimization_overhead": 0.3145444393157959, "incumbent": [14.958819736161445, 0.0014812792699436831, 0.00427074573873994, 244.55653631162008, 0.8918176813417956, 0.8828262076050553, 0.8163922789552204, 14.561704808769207], "runtime": 209.0186309814453, "iteration": 91}