{"incumbent": [141.89282562397798, 0.009725665491568551, 0.0007411527239256946, 265.047238619319, 0.8664009470088758, 0.7456149025639761, 0.846930030644504, 14.83124859587837], "iteration": 15, "time_func_eval": 0.2791867256164551, "optimization_overhead": 0.17786049842834473, "incumbents_value": 0.2392070333880678, "runtime": 3.79109787940979}