{"incumbent": [61.863223593665815, 0.0019739516883010614, 0.01611170641389851, 264.58819181168, 0.7960387734210091, 0.883370799721041, 0.8374829775500297, 6.3358553129832735], "iteration": 0, "time_func_eval": 0.02200031280517578, "optimization_overhead": 0.0012446244557698567, "incumbents_value": 0.26013952750911684, "runtime": 0.026182889938354492}