{"incumbent": [126.16222480360732, 0.0029571087452596487, 0.09234367003219947, 206.1464655326255, 0.15491367378416246, 0.7203770392088125, 0.9873184654167166, 6.105696427659221], "iteration": 87, "time_func_eval": 0.05034279823303223, "optimization_overhead": 0.19572901725769043, "incumbents_value": 0.16752136752136748, "runtime": 24.2521071434021}