{"incumbent": [96.37436135621391, 0.00613308527795613, 0.008496246856127805, 128.63200641732504, 0.02276805765185603, 0.8214283846904689, 0.8581635852090931, 14.48588336147587], "iteration": 31, "time_func_eval": 0.029964447021484375, "optimization_overhead": 0.16760969161987305, "incumbents_value": 0.2081290849673202, "runtime": 8.08313512802124}