{"incumbents_value": 0.12596777568528983, "time_func_eval": 0.09394478797912598, "optimization_overhead": 0.22065353393554688, "incumbent": [146.65630644417502, 0.004252335945389444, 0.013282961029436756, 282.0660286227517, 0.38462672919122637, 0.8674639235851065, 0.909129250354822, 6.281002597988216], "runtime": 23.1556556224823, "iteration": 78}