{"incumbents_value": 0.12596777568528983, "time_func_eval": 0.013463735580444336, "optimization_overhead": 0.2747008800506592, "incumbent": [146.65630644417502, 0.004252335945389444, 0.013282961029436756, 282.0660286227517, 0.38462672919122637, 0.8674639235851065, 0.909129250354822, 6.281002597988216], "runtime": 27.77116084098816, "iteration": 91}