{"incumbent": [782.6851692838405, 225.54146210829754, 20097.811552140047, 180.47047448609072, 0.8406530845326083, 0.9498581863476869, 3420.982627014495, 24132.99064656735, 6851.862364807468, 2445.401175006882], "time_func_eval": 1.6450881958007812e-05, "iteration": 42, "optimization_overhead": 0.2551572322845459, "runtime": 16.00410771369934, "incumbents_value": -2354536.1308564106}