{"incumbents_value": 0.5257001958887385, "time_func_eval": 2.4627959728240967, "optimization_overhead": 0.252164363861084, "incumbent": [149.04261784857988, 6.465569590586842e-05, 0.00903476063030169, 254.54413127197412, 0.3343079617288245, 0.5541872640366144, 0.5161069235443826, 14.084594269446562], "runtime": 241.09305667877197, "iteration": 90}