{"incumbents_value": 0.021018062397372694, "time_func_eval": 0.09717726707458496, "optimization_overhead": 0.15945720672607422, "incumbent": [13.008798015131449, 0.009517294428042828, 0.0073701056586448835, 219.87484478692645, 0.839864562784789, 0.4354747983287228, 0.45039894505190536, 5.113543222055909], "runtime": 3.769221544265747, "iteration": 16}