{"incumbents_value": 0.021018062397372694, "time_func_eval": 0.0768582820892334, "optimization_overhead": 0.22565555572509766, "incumbent": [13.008798015131449, 0.009517294428042828, 0.0073701056586448835, 219.87484478692645, 0.839864562784789, 0.4354747983287228, 0.45039894505190536, 5.113543222055909], "runtime": 25.095282077789307, "iteration": 82}