{"incumbents_value": 0.6207124661009462, "time_func_eval": 0.1999971866607666, "optimization_overhead": 0.26308155059814453, "incumbent": [96.87290058553039, 0.004702965645013965, 0.012342370504797938, 75.74179726553805, 0.06722865159351146, 0.83805592104733, 0.9977714988315451, 14.839510471234622], "runtime": 33.89443612098694, "iteration": 62}