{"incumbents_value": 0.7281552264228011, "time_func_eval": 0.13965368270874023, "optimization_overhead": 0.19961118698120117, "incumbent": [103.15824960087475, 0.000996614835396431, 0.0021787886318806833, 103.72351326983046, 0.8824300179272083, 0.8825910824253996, 0.9259180419931443, 6.448872142649556], "runtime": 2.3933801651000977, "iteration": 7}