{"incumbents_value": 0.8192551981151514, "time_func_eval": 0.26517152786254883, "optimization_overhead": 0.00012842814127604166, "incumbent": [124.47139724852227, 0.008660818701710385, 0.050868939627956286, 269.1745231768345, 0.8490140927784999, 0.25706043371195764, 0.9180936157043051, 10.907348118870026], "runtime": 0.4175281524658203, "iteration": 1}