{"runtime": 28.756932497024536, "incumbents_value": -61.40069174681032, "iteration": 77, "incumbent": [3.7243659414066594, 5.0, 2.066236109546059, 0.6237094668508827], "time_func_eval": 1.621246337890625e-05, "optimization_overhead": 0.5384078025817871}