{"runtime": 2.2707059383392334, "incumbents_value": -60.504917156744874, "iteration": 9, "incumbent": [3.7798130315144918, 4.9626304548217695, 2.434093120012563, 0.49665921330191243], "time_func_eval": 1.6927719116210938e-05, "optimization_overhead": 0.32579541206359863}