{"incumbents_value": 0.9319992965660413, "time_func_eval": 0.8850445747375488, "optimization_overhead": 0.30918288230895996, "incumbent": [142.44657293330337, 0.0005488980431049885, 0.02099070131703564, 276.47315273335045, 0.3417059486301974, 0.8589051807364594, 0.8929588833203776, 9.961936950305258], "runtime": 95.75774002075195, "iteration": 78}