{"incumbents_value": 0.9528392955359247, "time_func_eval": 0.07459878921508789, "optimization_overhead": 0.2481391429901123, "incumbent": [50.4983607271529, 0.0019520417831491639, 0.00886328134381025, 54.1026499523944, 0.06988101044004508, 0.12065690488035699, 0.12119332071359516, 9.550861317143621], "runtime": 27.182788133621216, "iteration": 18}