{"incumbents_value": 0.08752136402300703, "time_func_eval": 6.310558080673218, "optimization_overhead": 0.19388246536254883, "incumbent": [144.9488223429795, 0.0049456877194305245, 0.0017321383911015147, 222.78593781307984, 0.6469005857139556, 0.11168850608936785, 0.4676006890888522, 9.884561128977076], "runtime": 452.807736158371, "iteration": 24}