{"incumbents_value": 0.08816361169140519, "time_func_eval": 12.113744497299194, "optimization_overhead": 0.28336048126220703, "incumbent": [140.2311401295577, 0.007159340326349662, 0.0030238000140548754, 104.35856476074599, 0.7056236987032338, 0.1370480547308865, 0.5412098567914795, 13.762323151397094], "runtime": 335.49302220344543, "iteration": 18}