{"incumbents_value": 0.10609344129952825, "time_func_eval": 36.33334398269653, "optimization_overhead": 0.21663284301757812, "incumbent": [132.1106087080573, 0.002874975290180421, 0.0020642571001608886, 230.18629732908573, 0.7049501799346501, 0.26641029869948507, 0.10671339146313329, 13.724527955511398], "runtime": 248.93718361854553, "iteration": 13}