{"incumbents_value": 0.17862231796435668, "time_func_eval": 0.2659177780151367, "optimization_overhead": 0.15639257431030273, "incumbent": [48.393216883047714, 0.007276987361204795, 0.05419936913115316, 97.6804858059565, 0.7253636697763595, 0.2597589079000648, 0.5515279218896518, 14.679888039610459], "runtime": 2.9509263038635254, "iteration": 3}