{"incumbents_value": 0.02719874948350176, "time_func_eval": 1.4741156101226807, "optimization_overhead": 0.28910279273986816, "incumbent": [10.22993791846191, 0.003267446235173927, 0.043571830492852535, 297.93675249071964, 0.026459432123486726, 0.7184131999328838, 0.9777633219234119, 14.38939707954497], "runtime": 109.30550289154053, "iteration": 72}