{"incumbents_value": 0.17862231796435668, "time_func_eval": 0.5921504497528076, "optimization_overhead": 0.00017452239990234375, "incumbent": [48.393216883047714, 0.007276987361204795, 0.05419936913115316, 97.6804858059565, 0.7253636697763595, 0.2597589079000648, 0.5515279218896518, 14.679888039610459], "runtime": 0.8447580337524414, "iteration": 1}