{"incumbents_value": 0.5341155994012368, "time_func_eval": 0.28955674171447754, "optimization_overhead": 0.21818923950195312, "incumbent": [119.03871462250221, 0.009549996474681187, 0.005244387675354723, 219.67806020981328, 0.08352557128792576, 0.8124766977493308, 0.9557818386108402, 12.01835013605189], "runtime": 176.0029420852661, "iteration": 41}