{"incumbents_value": 0.5576112145605991, "time_func_eval": 0.3040590286254883, "optimization_overhead": 0.1769113540649414, "incumbent": [108.77897091217534, 0.005921921896094584, 0.003955552738545422, 51.49566072666701, 0.062477565619134166, 0.84620644015137, 0.34162508776359257, 14.922552514053356], "runtime": 52.31800103187561, "iteration": 12}