{"incumbent": [6.284782966009435, 0.009881807650090696, 0.09939195509868709, 225.5128285717868, 0.3504499757893393, 0.7414947150372556, 0.8124733312145122, 14.891704891099838], "iteration": 88, "time_func_eval": 2.9161605834960938, "optimization_overhead": 0.21853017807006836, "incumbents_value": 0.8337346174424827, "runtime": 594.5293841362}