{"incumbents_value": 0.3955203233580824, "time_func_eval": 0.027186870574951172, "optimization_overhead": 0.1644899845123291, "incumbent": [13.268392498302726, 0.0026440129675797766, 0.007185390414641549, 277.2240245667457, 0.5092754777832663, 0.821097383940373, 0.9299045225017163, 7.14526882091525], "runtime": 47.66846990585327, "iteration": 53}