{"incumbents_value": 0.04218071059034634, "time_func_eval": 0.8467180728912354, "optimization_overhead": 0.24962997436523438, "incumbent": [9.311755831236495, 0.0039227185725494605, 0.0010421335680593287, 81.91594417930027, 0.03383331652289623, 0.5728757492148443, 0.12905468537078127, 12.862739958070168], "runtime": 322.1712098121643, "iteration": 89}