{"time_func_eval": 2.0958192348480225, "runtime": 310.6943905353546, "incumbents_value": 0.13519064399401426, "iteration": 98, "incumbent": [3.350195094587309, 0.00922991190773095, 0.004460491974114185, 269.44936258524433, 0.12110062017321083, 0.11628307958010953, 0.2157262801939102, 5.381064001839457], "optimization_overhead": 0.19626307487487793}