{"time_func_eval": 0.8960323333740234, "runtime": 232.35561728477478, "incumbents_value": 0.1386669854108148, "iteration": 60, "incumbent": [2.5061246627015303, 0.001042313745435068, 0.017525708224753755, 160.08432192296064, 0.23111529682806797, 0.14186150275920634, 0.9531868008592698, 13.947988736064026], "optimization_overhead": 0.22642993927001953}