{"incumbents_value": 0.0, "time_func_eval": 0.8076601028442383, "optimization_overhead": 0.24090838432312012, "incumbent": [146.21049668794183, 0.008348594645853942, 0.0012064133826314737, 247.68550734683694, 0.8176034771177477, 0.4329213764249421, 0.5566928960406463, 14.21097819414307], "runtime": 38.783620834350586, "iteration": 26}