{"incumbents_value": 0.05325472961295119, "time_func_eval": 1.94523024559021, "optimization_overhead": 0.25921010971069336, "incumbent": [81.28924601668338, 1e-05, 0.1, 213.41728324510342, 0.5870575882327589, 0.11502108795748564, 0.999, 14.904243736909738], "runtime": 63.33297538757324, "iteration": 13}