{"incumbent": [96.94241441640247, 0.004454827154941014, 0.019936196402173985, 290.05147377546314, 0.12358859092632701, 0.8657014362775933, 0.9608634089797603, 12.215321237747595], "iteration": 10, "time_func_eval": 1.2813012599945068, "optimization_overhead": 0.18402791023254395, "incumbents_value": 0.39128506990442524, "runtime": 11.791393280029297}