{"incumbent": [147.58812163771114, 0.003760860639662307, 0.008389164332747561, 201.1482094459004, 0.8015783545388548, 0.682158216035918, 0.8021467714430225, 12.271641426077895], "iteration": 32, "time_func_eval": 0.7626564502716064, "optimization_overhead": 0.18529033660888672, "incumbents_value": 0.3905903834120362, "runtime": 50.50820827484131}