{"incumbent": [147.58812163771114, 0.003760860639662307, 0.008389164332747561, 201.1482094459004, 0.8015783545388548, 0.682158216035918, 0.8021467714430225, 12.271641426077895], "iteration": 26, "time_func_eval": 0.86177659034729, "optimization_overhead": 0.2734072208404541, "incumbents_value": 0.3905903834120362, "runtime": 39.29716467857361}