{"runtime": 79.04249215126038, "optimization_overhead": 0.18386435508728027, "incumbent": [106.44278899662693, 0.00763713108474747, 0.003529117509688237, 296.651327493017, 0.8835306766011706, 0.4799806166926347, 0.92625971020569, 14.950083956313113], "time_func_eval": 0.698082447052002, "incumbents_value": 0.3052102281262137, "iteration": 31}