{"runtime": 116.35272121429443, "optimization_overhead": 0.21769475936889648, "incumbent": [129.53472615512158, 0.0066992596205878606, 0.0027784286623694795, 296.5479662871702, 0.05742295894209688, 0.5215243579622818, 0.876187158192975, 13.92945273099998], "time_func_eval": 21.744834423065186, "incumbents_value": 0.29247319520951376, "iteration": 37}