{"incumbent": [33.02254244734428, 0.00037178285806713874, 0.0009834580112247375, 179.2461839227085, 0.08811312386199491, 0.6166828666047358, 0.965905059724733, 5.225333752119178], "iteration": 75, "time_func_eval": 0.04681229591369629, "optimization_overhead": 0.281536340713501, "incumbents_value": 0.44347087817912767, "runtime": 28.199003219604492}