{"incumbent": [116.17217209901361, 0.002922489442866079, 0.0003343620324842128, 163.29855086801228, 0.04437548701292508, 0.8481058936486945, 0.9341747249590733, 9.603505866094146], "iteration": 8, "time_func_eval": 0.17088818550109863, "optimization_overhead": 0.18506860733032227, "incumbents_value": 0.48810523983291376, "runtime": 2.597611904144287}