{"incumbent": [61.863223593665815, 0.0019739516883010614, 0.01611170641389851, 264.58819181168, 0.7960387734210091, 0.883370799721041, 0.8374829775500297, 6.3358553129832735], "iteration": 3, "time_func_eval": 0.0209505558013916, "optimization_overhead": 0.1872413158416748, "incumbents_value": 0.506788903528034, "runtime": 0.5880260467529297}