{"time_func_eval": 0.09155607223510742, "runtime": 50.511566162109375, "incumbents_value": 0.5147779773066251, "iteration": 74, "incumbent": [139.2311369665576, 0.01, 0.0001, 276.94045064679744, 0.020579210854561603, 0.9, 0.999, 8.861988029005671], "optimization_overhead": 0.2248835563659668}