{"runtime": 70.91109299659729, "iteration": 46, "time_func_eval": 0.6216354370117188, "incumbent": [148.40576282561346, 0.0003388456514787825, 0.01049186072389357, 114.22363384512205, 0.6526546473083619, 0.6911647728697653, 0.2833600257358241, 14.554191099391616], "incumbents_value": 0.901500150094238, "optimization_overhead": 0.344165563583374}