{"runtime": 120.23185992240906, "iteration": 64, "time_func_eval": 0.1844160556793213, "incumbent": [15.695174915598177, 0.009328493995726222, 0.024368634054608432, 291.28332936047116, 0.22140448136122967, 0.8810953365713865, 0.9087600957371273, 5.5639878205170925], "incumbents_value": 0.9013263351317539, "optimization_overhead": 0.5012121200561523}