{"incumbents_value": 0.05360469064668849, "time_func_eval": 7.104973793029785, "optimization_overhead": 0.19939446449279785, "incumbent": [141.09626858706844, 0.0032831968542819086, 0.007428741746694964, 98.12354763070849, 0.3935162250112734, 0.760282277834267, 0.333792644702127, 10.20208685185378], "runtime": 16.912739038467407, "iteration": 4}