{"incumbents_value": 0.3229364326375711, "time_func_eval": 0.019803285598754883, "optimization_overhead": 0.17487883567810059, "incumbent": [8.132277021455629, 0.005665402464013656, 0.09837718198368182, 299.4168694539666, 0.05801675874294519, 0.5781110702700205, 0.9740055551737221, 14.417205016107214], "runtime": 2.0732924938201904, "iteration": 10}