{"incumbents_value": 0.1785714285714285, "time_func_eval": 0.21158075332641602, "optimization_overhead": 0.16432929039001465, "incumbent": [127.0936046552274, 0.00854492422386462, 0.006775795927875607, 239.2340929668084, 0.7954926830504273, 0.8046528484989761, 0.8922644052100275, 6.825053554783783], "runtime": 7.624546527862549, "iteration": 29}