{"incumbents_value": 0.6569499303637065, "time_func_eval": 10.511103868484497, "optimization_overhead": 0.27236056327819824, "incumbent": [104.47530668503103, 0.0009426564145216752, 0.005756660777370076, 94.35254001197742, 0.651526999130409, 0.8069812840819678, 0.9779695440229031, 14.657429897003036], "runtime": 151.50535583496094, "iteration": 32}