{"incumbents_value": 0.6569499303637065, "time_func_eval": 16.407336235046387, "optimization_overhead": 0.24249505996704102, "incumbent": [104.47530668503103, 0.0009426564145216752, 0.005756660777370076, 94.35254001197742, 0.651526999130409, 0.8069812840819678, 0.9779695440229031, 14.657429897003036], "runtime": 237.69071197509766, "iteration": 51}