{"incumbents_value": 0.8956764409282727, "time_func_eval": 3.3508496284484863, "optimization_overhead": 0.0001633167266845703, "incumbent": [83.34589326601102, 0.006034575111132935, 0.04234473910458915, 121.49143744889759, 0.27091838401756435, 0.27159930793920906, 0.9175448288001521, 9.969198220240433], "runtime": 3.787980318069458, "iteration": 1}