{"incumbents_value": 0.0, "time_func_eval": 7.356379747390747, "optimization_overhead": 0.23591089248657227, "incumbent": [21.11849258555392, 0.007079842012161121, 0.004150083269471666, 297.98569512184986, 0.103075333276573, 0.8789792728008495, 0.8015434134022602, 14.05317280959301], "runtime": 537.8903996944427, "iteration": 79}