{"incumbents_value": 0.03751037219169995, "time_func_eval": 3.387948751449585, "optimization_overhead": 0.24540305137634277, "incumbent": [14.662584461278877, 0.009751467538898988, 0.00593277861473558, 285.2611477270499, 0.7402991327686272, 0.8241955672607656, 0.9622614358063696, 10.186218665261485], "runtime": 60.45684361457825, "iteration": 12}