{"incumbents_value": 0.6770439692657648, "time_func_eval": 0.08373665809631348, "optimization_overhead": 0.24660253524780273, "incumbent": [40.19686228934235, 0.007279336128791424, 0.007860085483496683, 214.1112531089351, 0.7120926946796249, 0.6279289448190768, 0.570175561852557, 8.532421376040785], "runtime": 5.592480182647705, "iteration": 4}