{"runtime": 19.99332857131958, "optimization_overhead": 0.2815282344818115, "incumbent": [146.44823809647627, 0.0005268232607341466, 0.022600874598811407, 128.016339800126, 0.02588053859215937, 0.8826869753830519, 0.8480983684448598, 12.576274060579971], "time_func_eval": 0.0662229061126709, "incumbents_value": 0.040075170307728336, "iteration": 71}