{"runtime": 10.072649955749512, "optimization_overhead": 0.19863629341125488, "incumbent": [19.378090711063898, 0.002883811129280844, 0.008775131094544369, 277.1364837828569, 0.4080131611027395, 0.2476769993310705, 0.6304637032482582, 14.803134950233277], "time_func_eval": 0.03594040870666504, "incumbents_value": 0.05664830841856805, "iteration": 41}