{"incumbents_value": 0.01455951987078341, "time_func_eval": 49.390092849731445, "optimization_overhead": 0.21387720108032227, "incumbent": [122.9587376914686, 0.006926056166115564, 0.0015516579914965924, 264.9675335300477, 0.8789759121408602, 0.5932015777589864, 0.4338456470136311, 7.182310893173075], "runtime": 1519.8843185901642, "iteration": 58}