{"incumbents_value": 0.16784167056256816, "time_func_eval": 0.015567302703857422, "optimization_overhead": 0.26128506660461426, "incumbent": [43.34338654334724, 0.000977813271874955, 0.019360425103554322, 60.012560016937925, 0.13294242992765065, 0.7818026909440992, 0.9919215268065497, 7.09796767997085], "runtime": 15.438846588134766, "iteration": 53}