{"incumbents_value": 0.4676635101226445, "time_func_eval": 0.09422016143798828, "optimization_overhead": 0.30330395698547363, "incumbent": [97.32498607003716, 0.0001498689390440188, 0.03505686760203557, 130.71643317626882, 0.852287463226569, 0.8258747149654152, 0.8843416848106156, 13.957859439922416], "runtime": 38.5010929107666, "iteration": 59}