{"incumbents_value": 0.676434132581708, "time_func_eval": 1.0809695720672607, "optimization_overhead": 0.21228289604187012, "incumbent": [123.9573617456229, 0.0014638489485615347, 0.003604170899212473, 211.7510076485758, 0.17965281673107103, 0.8737110165190161, 0.3609740769633994, 10.744619084730596], "runtime": 9.793393611907959, "iteration": 5}