{"incumbents_value": 0.5453614193280751, "time_func_eval": 0.04223227500915527, "optimization_overhead": 0.20370244979858398, "incumbent": [119.90267836064942, 0.00043551223335325424, 0.008141454956192192, 71.40847918429282, 0.32835553278418006, 0.8389392529554159, 0.9411972365373105, 14.67745921467731], "runtime": 42.71638011932373, "iteration": 20}