{"incumbent": [106.38473840299059, 0.009856966966803224, 0.0005534616407524284, 167.72280656784517, 0.22380834460546073, 0.8644824970195971, 0.1325433414660149, 7.491250001003603], "iteration": 19, "time_func_eval": 0.006826639175415039, "optimization_overhead": 0.1602950096130371, "incumbents_value": 0.5779637029637029, "runtime": 4.654380798339844}