{"time_func_eval": 0.6744124889373779, "incumbents_value": 0.1475854394148598, "runtime": 151.91814637184143, "iteration": 26, "incumbent": [143.43617242552006, 0.009134801095836496, 0.06104730250540398, 215.29554699544235, 0.8142487906650621, 0.8040679901187585, 0.44851672720974517, 8.168697287554643], "optimization_overhead": 0.21570253372192383}