{"time_func_eval": 20.564282417297363, "incumbents_value": 0.1475854394148598, "runtime": 342.510329246521, "iteration": 53, "incumbent": [143.43617242552006, 0.009134801095836496, 0.06104730250540398, 215.29554699544235, 0.8142487906650621, 0.8040679901187585, 0.44851672720974517, 8.168697287554643], "optimization_overhead": 0.1862926483154297}