{"incumbents_value": 0.9896907216494846, "time_func_eval": 3.7002646923065186, "optimization_overhead": 0.23475027084350586, "incumbent": [6.515567834025941, 0.008510674538534876, 0.0025234363344344922, 132.75384319030263, 0.06678179724613016, 0.17044649888513153, 0.14120445763585568, 10.93289557565716], "runtime": 55.73331546783447, "iteration": 45}