{"incumbents_value": 0.07304898631536327, "time_func_eval": 1.9176313877105713, "optimization_overhead": 0.37692785263061523, "incumbent": [63.4986699468407, 0.01, 0.0001, 294.8822712009651, 0.9, 0.9, 0.999, 10.148312352645535], "runtime": 248.68441486358643, "iteration": 62}