{"incumbents_value": 0.06514875103270779, "time_func_eval": 6.155486822128296, "optimization_overhead": 0.33637547492980957, "incumbent": [63.33261888586659, 0.01, 0.0001, 294.75289203297183, 0.9, 0.8119551639744842, 0.8059620089692668, 10.135302827400432], "runtime": 382.89962673187256, "iteration": 97}