{"incumbents_value": 0.06514875103270779, "time_func_eval": 0.07968497276306152, "optimization_overhead": 0.2611839771270752, "incumbent": [63.33261888586659, 0.01, 0.0001, 294.75289203297183, 0.9, 0.8119551639744842, 0.8059620089692668, 10.135302827400432], "runtime": 358.09136605262756, "iteration": 93}