{"incumbents_value": 0.06514875103270779, "time_func_eval": 2.220322370529175, "optimization_overhead": 0.3261556625366211, "incumbent": [63.33261888586659, 0.01, 0.0001, 294.75289203297183, 0.9, 0.8119551639744842, 0.8059620089692668, 10.135302827400432], "runtime": 266.1676914691925, "iteration": 69}