{"runtime": 119.00487780570984, "iteration": 86, "time_func_eval": 0.5732896327972412, "incumbent": [96.94241441640247, 0.004454827154941014, 0.019936196402173985, 290.05147377546314, 0.12358859092632701, 0.8657014362775933, 0.9608634089797603, 12.215321237747595], "incumbents_value": 0.8908285939141594, "optimization_overhead": 0.8295917510986328}