{"runtime": 1.532806396484375, "iteration": 3, "time_func_eval": 0.04074859619140625, "incumbent": [96.94241441640247, 0.004454827154941014, 0.019936196402173985, 290.05147377546314, 0.12358859092632701, 0.8657014362775933, 0.9608634089797603, 12.215321237747595], "incumbents_value": 0.8908285939141594, "optimization_overhead": 0.29999423027038574}