{"runtime": 23.393643140792847, "iteration": 21, "time_func_eval": 2.670865058898926, "incumbent": [96.94241441640247, 0.004454827154941014, 0.019936196402173985, 290.05147377546314, 0.12358859092632701, 0.8657014362775933, 0.9608634089797603, 12.215321237747595], "incumbents_value": 0.8908285939141594, "optimization_overhead": 0.2975940704345703}