{"incumbents_value": 0.5305074573677945, "time_func_eval": 2.8461477756500244, "optimization_overhead": 0.31169748306274414, "incumbent": [141.0061164056566, 0.006486112445241878, 0.009227502019904238, 202.45604424385385, 0.7252982075099504, 0.796424899216032, 0.9551797317210486, 14.688474921527163], "runtime": 162.31648635864258, "iteration": 76}