{"incumbents_value": 0.5305074573677945, "time_func_eval": 0.15353798866271973, "optimization_overhead": 0.23865318298339844, "incumbent": [141.0061164056566, 0.006486112445241878, 0.009227502019904238, 202.45604424385385, 0.7252982075099504, 0.796424899216032, 0.9551797317210486, 14.688474921527163], "runtime": 219.04929041862488, "iteration": 94}