{"incumbents_value": 0.012017348182438159, "time_func_eval": 73.37232637405396, "optimization_overhead": 0.2024986743927002, "incumbent": [27.562877702207143, 0.008494405344796572, 0.0013995634409874665, 296.7282135807661, 0.6595173426159199, 0.43829420513283934, 0.9500618163035663, 8.446939797502345], "runtime": 1391.9897661209106, "iteration": 59}