{"time_func_eval": 0.07316279411315918, "runtime": 912.2024195194244, "incumbent": [144.89539976515633, 0.0004079470281367868, 0.013568953996009605, 179.58847649270743, 0.7541841682163332, 0.7533879744946629, 0.9410527935109501, 11.703525533553606], "iteration": 63, "optimization_overhead": 0.28066325187683105, "incumbents_value": 0.0755314544908181}