{"time_func_eval": 34.79888582229614, "runtime": 136.58594274520874, "incumbent": [145.860221164947, 0.01, 0.1, 286.47121876703983, 0.39808975840426103, 0.8915858871646006, 0.7402305021024874, 6.872325268663167], "iteration": 8, "optimization_overhead": 0.21123409271240234, "incumbents_value": 0.18059768028962253}