{"time_func_eval": 1.6141514778137207, "runtime": 543.0138764381409, "incumbent": [109.4779011044289, 0.007509580919531334, 0.0043848602445378925, 283.3019624604856, 0.042949397966067844, 0.7592669819755414, 0.968591533161523, 5.425470816373201], "iteration": 39, "optimization_overhead": 0.3840641975402832, "incumbents_value": 0.16365563238251501}