{"time_func_eval": 3.3898420333862305, "runtime": 993.6348524093628, "incumbent": [144.89539976515633, 0.0004079470281367868, 0.013568953996009605, 179.58847649270743, 0.7541841682163332, 0.7533879744946629, 0.9410527935109501, 11.703525533553606], "iteration": 68, "optimization_overhead": 0.24106335639953613, "incumbents_value": 0.0755314544908181}