{"time_func_eval": 41.47671341896057, "runtime": 532.0784428119659, "incumbent": [109.4779011044289, 0.007509580919531334, 0.0043848602445378925, 283.3019624604856, 0.042949397966067844, 0.7592669819755414, 0.968591533161523, 5.425470816373201], "iteration": 37, "optimization_overhead": 0.2153491973876953, "incumbents_value": 0.16365563238251501}