{"incumbents_value": 0.416010609360123, "time_func_eval": 6.843453407287598, "optimization_overhead": 0.18902969360351562, "incumbent": [97.0503644817783, 0.0013007755418098814, 0.010861454431807478, 79.8555413231048, 0.8962880759147712, 0.17147402755239935, 0.893890491410842, 9.607481303373062], "runtime": 99.1560468673706, "iteration": 21}