{"incumbents_value": 0.48288681149930923, "time_func_eval": 0.10398983955383301, "optimization_overhead": 0.16064190864562988, "incumbent": [40.65687698236856, 0.008545082484008185, 0.025543965149162656, 204.03898387097368, 0.4130954634256456, 0.7928385099023005, 0.48228168735987076, 7.064177133604051], "runtime": 14.43161678314209, "iteration": 4}