{"incumbents_value": 0.28909404858167675, "time_func_eval": 1.016841173171997, "optimization_overhead": 0.36302733421325684, "incumbent": [128.48363197274932, 0.0012722578912503948, 0.004964692806379567, 73.63823560712112, 0.5782810674015172, 0.6838826051914727, 0.9744456358245053, 11.268943192772149], "runtime": 93.92263746261597, "iteration": 71}