{"incumbent": [37.371972451505556, 0.00953305270350991, 0.0065988095330920295, 55.13958434743317, 0.6447529703678965, 0.7664760751768303, 0.9932492898880053, 9.504928671820135], "iteration": 33, "time_func_eval": 0.013785362243652344, "optimization_overhead": 0.2154521942138672, "incumbents_value": 0.6251082251082252, "runtime": 7.394289016723633}