{"incumbent": [37.371972451505556, 0.00953305270350991, 0.0065988095330920295, 55.13958434743317, 0.6447529703678965, 0.7664760751768303, 0.9932492898880053, 9.504928671820135], "iteration": 25, "time_func_eval": 0.05263042449951172, "optimization_overhead": 0.17871427536010742, "incumbents_value": 0.6251082251082252, "runtime": 5.664693593978882}