{"incumbent": [80.86087468665237, 0.0017633156608187377, 0.07008934847487899, 67.4451431516134, 0.8853959577115548, 0.227897376272834, 0.36745999054748035, 14.885583613835422], "iteration": 0, "time_func_eval": 0.02122354507446289, "optimization_overhead": 0.0007982254028320312, "incumbents_value": 0.8839506172839506, "runtime": 0.02399134635925293}