{"incumbent": [19.787307984522204, 0.0026914179190189237, 0.010630980939468732, 104.55942799566724, 0.16132278053051585, 0.30257299454321473, 0.9576319989564296, 14.128007386507498], "iteration": 10, "time_func_eval": 0.014329195022583008, "optimization_overhead": 0.17004132270812988, "incumbents_value": 0.7060846560846561, "runtime": 2.0106313228607178}