{"incumbent": [81.12911235380119, 0.007266969555688579, 0.009336184955776072, 284.6124758215949, 0.8806852423178319, 0.8202155097289713, 0.24459468787118943, 14.870034617767296], "iteration": 7, "time_func_eval": 0.01549077033996582, "optimization_overhead": 0.18034100532531738, "incumbents_value": 0.7197954822954824, "runtime": 1.3234889507293701}