{"incumbent": [19.787307984522204, 0.0026914179190189237, 0.010630980939468732, 104.55942799566724, 0.16132278053051585, 0.30257299454321473, 0.9576319989564296, 14.128007386507498], "iteration": 8, "time_func_eval": 0.0410008430480957, "optimization_overhead": 0.16533398628234863, "incumbents_value": 0.7060846560846561, "runtime": 1.5348942279815674}