{"runtime": 34.21712803840637, "optimization_overhead": 0.20595932006835938, "incumbent": [137.33910350082832, 0.00854054778191652, 0.0036316582824517615, 288.7608943345457, 0.8924207283070342, 0.8660610567203543, 0.6512034092029545, 14.778340706523947], "time_func_eval": 0.7477455139160156, "incumbents_value": 0.8532997675854819, "iteration": 53}