{"incumbent": [146.5420033914829, 6.012974302563806e-05, 0.023447220973726028, 241.13381626323252, 0.01621104405960412, 0.8888921757918474, 0.7466798047107867, 14.195648746722187], "iteration": 40, "time_func_eval": 0.2886323928833008, "optimization_overhead": 0.18178343772888184, "incumbents_value": 0.17023449014930814, "runtime": 27.033246517181396}