{"incumbent": [146.5420033914829, 6.012974302563806e-05, 0.023447220973726028, 241.13381626323252, 0.01621104405960412, 0.8888921757918474, 0.7466798047107867, 14.195648746722187], "iteration": 39, "time_func_eval": 0.41301751136779785, "optimization_overhead": 0.258211612701416, "incumbents_value": 0.17023449014930814, "runtime": 26.554148197174072}