{"incumbent": [146.5420033914829, 6.012974302563806e-05, 0.023447220973726028, 241.13381626323252, 0.01621104405960412, 0.8888921757918474, 0.7466798047107867, 14.195648746722187], "iteration": 8, "time_func_eval": 0.1512739658355713, "optimization_overhead": 0.18672585487365723, "incumbents_value": 0.17023449014930814, "runtime": 4.8261682987213135}