{"incumbents_value": 0.06167379232394721, "time_func_eval": 0.11879110336303711, "optimization_overhead": 0.2357032299041748, "incumbent": [148.02203327657685, 0.009693074799611692, 0.07829145685847827, 231.20487838960793, 0.01849142685593949, 0.835314106413065, 0.7379980084674181, 5.396346297106696], "runtime": 21.627842664718628, "iteration": 61}