{"incumbents_value": 0.06500542884638916, "time_func_eval": 0.08461666107177734, "optimization_overhead": 0.1936347484588623, "incumbent": [25.475760212391275, 0.01, 0.1, 257.5319563886652, 0.01, 0.8221296913328169, 0.5098119629595755, 14.461221292288508], "runtime": 10.818512201309204, "iteration": 35}