{"time_func_eval": 0.21482634544372559, "incumbent": [111.77056180010861, 0.00019533941847548657, 0.0011506064787341987, 200.83333296362952, 0.15670188372765084, 0.7281446342821458, 0.5404832008762797, 14.808241022880024], "runtime": 453.8081638813019, "optimization_overhead": 0.6180191040039062, "iteration": 88, "incumbents_value": 0.750911817087637}