{"time_func_eval": 4.666595697402954, "incumbent": [126.13456177796961, 0.005633874880381826, 0.005938888178370887, 54.538295994409665, 0.039228238842136734, 0.8038053478428777, 0.9495276726895588, 12.765443270807427], "runtime": 195.05318522453308, "optimization_overhead": 0.30535173416137695, "iteration": 34, "incumbents_value": 0.752467322039513}