{"time_func_eval": 6.979943513870239, "incumbent": [111.77056180010861, 0.00019533941847548657, 0.0011506064787341987, 200.83333296362952, 0.15670188372765084, 0.7281446342821458, 0.5404832008762797, 14.808241022880024], "runtime": 245.06547617912292, "optimization_overhead": 0.7166552543640137, "iteration": 46, "incumbents_value": 0.750911817087637}