{"incumbent": [722.0378009258128, 484.52814303657686, 13245.693281979335, 66.62464768316693, 0.052000000000000005, 0.17146902136356176, 2886.7993517141526, 25823.819074594205, 17511.913807710785, 1619.4836152544865], "time_func_eval": 1.7642974853515625e-05, "iteration": 12, "optimization_overhead": 0.3284168243408203, "runtime": 3.6430954933166504, "incumbents_value": -2088007.8964098508}