{"incumbent": [732.5306567119326, 160.8979604257042, 12280.361358045811, 71.5604645371212, 0.24378871183307493, 1.0, 59.31445628482966, 23039.20802099514, 28595.965722294106, 1715.6402052022265], "time_func_eval": 1.7881393432617188e-05, "iteration": 96, "optimization_overhead": 0.837409496307373, "runtime": 46.24334764480591, "incumbents_value": -2146860.6065730858}