{"incumbent": [667.8914241684652, 84.96130292455457, 14918.499598744005, 479.6507363094588, 0.054709805159493474, 0.6399271812374766, 958.1615300991878, 11009.26135423964, 18385.30815933178, 2044.690452127434], "time_func_eval": 1.52587890625e-05, "iteration": 6, "optimization_overhead": 0.26187896728515625, "runtime": 1.5032670497894287, "incumbents_value": -1098223.5293090164}