{"incumbents_value": 0.03367003367003374, "time_func_eval": 0.006341695785522461, "optimization_overhead": 0.1539158821105957, "incumbent": [37.55658673371613, 0.009457751291993206, 0.011275134033727333, 285.379498078548, 0.03184474956407393, 0.8798074318881679, 0.9699450983552735, 12.966749238211113], "runtime": 7.7891316413879395, "iteration": 30}