{"incumbents_value": 0.10500977167643832, "time_func_eval": 0.09871077537536621, "optimization_overhead": 0.17403173446655273, "incumbent": [147.1814056347448, 0.006597762044971599, 0.0023923633867997626, 231.40290049117567, 0.6803028444260617, 0.8234830461721899, 0.3352522594843539, 9.329573042022064], "runtime": 2.957533121109009, "iteration": 13}