{"incumbent": [142.28566394175982, 0.0022658932197288637, 0.009278774109278404, 52.175229550350295, 0.8486906126024695, 0.4910863112868188, 0.3792006560425491, 14.08539203883699], "iteration": 29, "time_func_eval": 0.12388110160827637, "optimization_overhead": 0.24506163597106934, "incumbents_value": 0.6154850728626833, "runtime": 33.875274896621704}