{"incumbent": [39.501947950442705, 0.0026974671122516696, 0.002241972147691864, 192.45937235581408, 0.042991008069766246, 0.4282854278057986, 0.8561901349284865, 14.613873076566662], "iteration": 88, "time_func_eval": 0.41278743743896484, "optimization_overhead": 0.2219986915588379, "incumbents_value": 0.5706625288474833, "runtime": 118.54404759407043}