{"runtime": 22.107155323028564, "optimization_overhead": 0.2040562629699707, "incumbent": [123.71301487669596, 0.00784043625032461, 0.017879747343842477, 272.05520479724925, 0.8346851524907355, 0.8971595379719502, 0.848494974832234, 14.962996146886873], "time_func_eval": 0.01172637939453125, "incumbents_value": 0.36752136752136755, "iteration": 84}