{"runtime": 9.571569204330444, "optimization_overhead": 0.24287176132202148, "incumbent": [146.80188947522504, 0.009582057875835699, 0.08396779880191307, 221.32884769006273, 0.37764625131357843, 0.12391660091628998, 0.831766347526051, 5.901773836390493], "time_func_eval": 0.010660409927368164, "incumbents_value": 0.39450980392156865, "iteration": 40}