{"runtime": 127.6700131893158, "incumbent": [130.25970221218657, 0.0002291817771221741, 0.005244268427062826, 297.3786166966577, 0.437649125707474, 0.36558268618733103, 0.9192836759990012, 13.541656117184553], "optimization_overhead": 0.46097755432128906, "time_func_eval": 0.6216251850128174, "iteration": 72, "incumbents_value": 0.2890551474622908}