{"runtime": 161.91080164909363, "incumbent": [130.25970221218657, 0.0002291817771221741, 0.005244268427062826, 297.3786166966577, 0.437649125707474, 0.36558268618733103, 0.9192836759990012, 13.541656117184553], "optimization_overhead": 0.7993321418762207, "time_func_eval": 0.5458261966705322, "iteration": 88, "incumbents_value": 0.2890551474622908}