{"incumbents_value": 0.05420927825675359, "time_func_eval": 1.6622765064239502, "optimization_overhead": 0.2355506420135498, "incumbent": [121.14382533310449, 0.0053064083896819025, 0.006346479690678369, 243.6038771958804, 0.4767242484055465, 0.7363481065394336, 0.5739075051517162, 14.685744114216657], "runtime": 169.06055068969727, "iteration": 97}