{"incumbents_value": 0.10824058915377122, "time_func_eval": 1.9624700546264648, "optimization_overhead": 0.20528554916381836, "incumbent": [133.24989415667292, 0.008650055492660534, 0.01149628063038777, 143.26949140585117, 0.839984070649385, 0.10906017942531183, 0.6324290521196816, 13.391066051274077], "runtime": 9.392287492752075, "iteration": 10}