{"incumbents_value": 0.08168498168498162, "time_func_eval": 3.826669931411743, "optimization_overhead": 0.18268203735351562, "incumbent": [118.75220133118302, 0.005201445037098207, 0.002800854909608873, 285.74015260021906, 0.796255222654005, 0.3926000323058444, 0.1067209985722081, 14.816050354159971], "runtime": 44.764020919799805, "iteration": 32}