{"time_func_eval": 0.40804624557495117, "runtime": 5.034034490585327, "incumbents_value": 0.36190476190476195, "iteration": 12, "incumbent": [141.02864868288862, 7.200796392244869e-05, 0.01872680285458386, 263.24465352712514, 0.043350642452673005, 0.09699289550527854, 0.9701903432347002, 10.091893169694904], "optimization_overhead": 0.18370676040649414}