{"incumbent": [42.31404929871141, 0.00929177776530106, 0.09902607641936644, 261.46836971309085, 0.6581649456566847, 0.7727039486389495, 0.8426710093358868, 7.667583302360754], "iteration": 9, "time_func_eval": 0.05187225341796875, "optimization_overhead": 0.16391253471374512, "incumbents_value": 0.35117425117425116, "runtime": 2.2432503700256348}