{"incumbent": [134.64575072607198, 0.00029479968071370746, 0.07828641186766196, 281.4166699466338, 0.039000277933974696, 0.5378036095969287, 0.9473794416213154, 5.032429763740209], "iteration": 46, "time_func_eval": 0.0328369140625, "optimization_overhead": 0.21222209930419922, "incumbents_value": 0.301874488034929, "runtime": 12.999194622039795}