{"incumbent": [774.5891824392228, 419.69599313568006, 132288.71727629995, 291.45123118361556, 0.9869692650597454, 0.29684287712776014, 1602.6525313754744, 5067.128820342324, 31593.080577758272, 2412.980245076253], "time_func_eval": 1.6450881958007812e-05, "iteration": 74, "optimization_overhead": 0.29656505584716797, "runtime": 13.124282360076904, "incumbents_value": -2036272.0676397814}