{"optimization_overhead": 0.2597830295562744, "runtime": 29.644487142562866, "incumbent": [36.08774864943347, 0.008166401557519833, 0.039400406364497285, 264.52955272564134, 0.49584602544237827, 0.8265173515553798, 0.7551740060621968, 14.859233017242392], "incumbents_value": 0.0, "time_func_eval": 0.09768891334533691, "iteration": 76}