{"optimization_overhead": 0.2921159267425537, "runtime": 1.900050163269043, "incumbent": [24.064876153073865, 0.008994220575574828, 0.0018913980264247004, 248.7819475190664, 0.2937984996557091, 0.15133575112992242, 0.19117252941795101, 7.13850082536063], "incumbents_value": 0.22108843537414968, "time_func_eval": 0.17724394798278809, "iteration": 5}