{"time_func_eval": 0.12500309944152832, "runtime": 23.707594394683838, "incumbents_value": 0.11599511599511603, "iteration": 74, "incumbent": [18.375273649440107, 9.969244078077103e-05, 0.004573887670043127, 262.6897909219185, 0.4048823356205062, 0.13645321477584385, 0.8929393936368514, 9.37596903094926], "optimization_overhead": 0.2099931240081787}