{"time_func_eval": 0.023410797119140625, "runtime": 19.09578013420105, "incumbents_value": 0.11599511599511603, "iteration": 62, "incumbent": [18.375273649440107, 9.969244078077103e-05, 0.004573887670043127, 262.6897909219185, 0.4048823356205062, 0.13645321477584385, 0.8929393936368514, 9.37596903094926], "optimization_overhead": 0.22465300559997559}