{"optimization_overhead": 0.16303086280822754, "runtime": 126.41070890426636, "incumbent": [141.06605789593652, 0.0006056998552018586, 0.01442809848230298, 289.62716727886993, 0.09369829225423554, 0.8714208782383617, 0.873122970770497, 6.445571584260015], "incumbents_value": 0.0627728042215071, "time_func_eval": 0.5059778690338135, "iteration": 95}