{"optimization_overhead": 0.14231395721435547, "runtime": 19.09698987007141, "incumbent": [75.0967258831215, 0.005084025156473648, 0.009658469557990955, 191.72376591981188, 0.4641619781237092, 0.567252652407908, 0.43512835107441344, 11.746268778156342], "incumbents_value": 0.08175701540321978, "time_func_eval": 0.5054748058319092, "iteration": 20}