{"optimization_overhead": 0.13753032684326172, "runtime": 24.901232719421387, "incumbent": [75.0967258831215, 0.005084025156473648, 0.009658469557990955, 191.72376591981188, 0.4641619781237092, 0.567252652407908, 0.43512835107441344, 11.746268778156342], "incumbents_value": 0.08175701540321978, "time_func_eval": 0.8025879859924316, "iteration": 24}