{"incumbents_value": 0.4568045481088959, "time_func_eval": 0.31064796447753906, "optimization_overhead": 0.3349266052246094, "incumbent": [116.27271698855266, 0.009667692834076458, 0.022543400040128597, 142.2332906875978, 0.8561802733461535, 0.795712431343856, 0.920741288609259, 7.415426983256303], "runtime": 14.660788297653198, "iteration": 33}