{"incumbents_value": 0.060221103700960676, "time_func_eval": 10.125584125518799, "optimization_overhead": 0.26300668716430664, "incumbent": [69.64564439703128, 0.007065435503825983, 0.01592167738102945, 53.971532065880325, 0.05874639646206078, 0.18517618122186413, 0.7660185935376991, 5.272519357810261], "runtime": 301.4642233848572, "iteration": 84}