{"incumbent": [149.25324493933292, 0.009248562196942613, 0.0014836786827201972, 273.33814331669083, 0.8843356969400434, 0.7450207091728546, 0.9847171224246647, 14.819286181529524], "iteration": 42, "time_func_eval": 1.1790664196014404, "optimization_overhead": 0.1933276653289795, "incumbents_value": 0.019252385571960406, "runtime": 406.6309790611267}