{"incumbent": [149.25324493933292, 0.009248562196942613, 0.0014836786827201972, 273.33814331669083, 0.8843356969400434, 0.7450207091728546, 0.9847171224246647, 14.819286181529524], "iteration": 88, "time_func_eval": 1.7239136695861816, "optimization_overhead": 0.3770778179168701, "incumbents_value": 0.019252385571960406, "runtime": 780.3969235420227}