{"incumbents_value": 0.2396917884159262, "time_func_eval": 0.13054919242858887, "optimization_overhead": 0.18414759635925293, "incumbent": [138.66361281693233, 0.00940940091154368, 0.08851515122419719, 253.9671017460869, 0.5068781518809891, 0.8422374208561239, 0.15957487188850428, 14.140689648840702], "runtime": 19.505777597427368, "iteration": 31}