{"incumbents_value": 0.2396917884159262, "time_func_eval": 2.6018178462982178, "optimization_overhead": 0.22357678413391113, "incumbent": [138.66361281693233, 0.00940940091154368, 0.08851515122419719, 253.9671017460869, 0.5068781518809891, 0.8422374208561239, 0.15957487188850428, 14.140689648840702], "runtime": 5.319930553436279, "iteration": 7}