{"incumbents_value": 0.2078132203045996, "time_func_eval": 0.12311601638793945, "optimization_overhead": 0.33531689643859863, "incumbent": [139.64483849117363, 0.0004693427242175021, 0.03905263471028125, 283.4365262327452, 0.8675269442573058, 0.3075095490381804, 0.9226644287431808, 5.172491662873647], "runtime": 39.351691484451294, "iteration": 66}