{"incumbents_value": 0.24212812960532637, "time_func_eval": 0.11304926872253418, "optimization_overhead": 0.1526627540588379, "incumbent": [64.0095483550167, 0.0023056206383901354, 0.0925546413217222, 126.50850986574945, 0.21641009657512264, 0.16184168169154783, 0.9142947423594533, 13.475334563428621], "runtime": 2.039482831954956, "iteration": 5}