{"incumbents_value": 0.9106114589145442, "iteration": 73, "runtime": 148.63339614868164, "incumbent": [149.72227500359588, 0.0001914514867798703, 0.005573621419203745, 121.59578423072513, 0.8102320333693123, 0.8619926748116192, 0.7535563054653762, 6.6339376164627755], "optimization_overhead": 0.5308115482330322, "time_func_eval": 3.99971079826355}