{"incumbents_value": 0.9916100012598619, "iteration": 0, "runtime": 3.081301689147949, "incumbent": [146.05255190106763, 0.0004923806067983455, 0.013385362483322394, 244.57916361692327, 0.11400027293293856, 0.1593371959982275, 0.9140844256119557, 14.928995879802955], "optimization_overhead": 0.0019297599792480469, "time_func_eval": 3.0749542713165283}