{"runtime": 56.959774017333984, "optimization_overhead": 0.3211545944213867, "incumbent": [146.05255190106763, 0.0004923806067983455, 0.013385362483322394, 244.57916361692327, 0.11400027293293856, 0.1593371959982275, 0.9140844256119557, 14.928995879802955], "time_func_eval": 0.11820268630981445, "incumbents_value": 0.0, "iteration": 77}