{"runtime": 63.99678993225098, "optimization_overhead": 0.2550370693206787, "incumbent": [146.05255190106763, 0.0004923806067983455, 0.013385362483322394, 244.57916361692327, 0.11400027293293856, 0.1593371959982275, 0.9140844256119557, 14.928995879802955], "time_func_eval": 0.013962507247924805, "incumbents_value": 0.0, "iteration": 88}