{"incumbent": [139.72257854537185, 0.0024482052997693337, 0.005711483617091167, 263.1808791030903, 0.8944714461884564, 0.7304239909391598, 0.9588268208478928, 14.89211597350495], "iteration": 83, "time_func_eval": 0.1529691219329834, "optimization_overhead": 0.23166131973266602, "incumbents_value": 0.15925998213477466, "runtime": 56.13548755645752}