{"incumbent": [139.72257854537185, 0.0024482052997693337, 0.005711483617091167, 263.1808791030903, 0.8944714461884564, 0.7304239909391598, 0.9588268208478928, 14.89211597350495], "iteration": 96, "time_func_eval": 0.13157057762145996, "optimization_overhead": 0.20119547843933105, "incumbents_value": 0.15925998213477466, "runtime": 64.31098532676697}