{"incumbents_value": 0.5028266755350649, "time_func_eval": 0.8080935478210449, "optimization_overhead": 0.17917609214782715, "incumbent": [65.00200270106087, 0.008965774489220958, 0.02654702075434195, 135.35943749709853, 0.26321435909420876, 0.4722477313767178, 0.7649646715201194, 7.70306362759257], "runtime": 3.0390536785125732, "iteration": 3}