{"incumbents_value": 0.2697123149009425, "time_func_eval": 1.622605800628662, "optimization_overhead": 0.17203497886657715, "incumbent": [141.70049185581968, 0.0037978098328756518, 0.005943760198722079, 193.04063995220915, 0.19366248662156046, 0.6807922298202634, 0.9326835221907033, 14.625236741952843], "runtime": 170.43610405921936, "iteration": 27}