{"optimization_overhead": 0.21916890144348145, "runtime": 37.46057891845703, "incumbent": [147.78892626186175, 0.009214641378717593, 0.011776348216970475, 295.7137602165004, 0.42293832442409657, 0.6372764240862548, 0.9745544945088955, 10.332792219452248], "incumbents_value": 0.4529653349466195, "time_func_eval": 0.17967605590820312, "iteration": 84}