{"optimization_overhead": 0.22971487045288086, "runtime": 9.639209032058716, "incumbent": [41.259746444416216, 0.009754498107450355, 0.06078471908853284, 184.50625248347723, 0.8450444710710463, 0.8724748623699438, 0.7282617822009142, 14.60305522470332], "incumbents_value": 0.4749369632756443, "time_func_eval": 0.1172327995300293, "iteration": 22}