{"incumbent": [123.05165883079005, 0.002471116145279429, 0.001813113716528237, 180.47077755795175, 0.7109281333889148, 0.39411372414094725, 0.759332018405428, 8.983662802391969], "iteration": 55, "time_func_eval": 0.5975959300994873, "optimization_overhead": 0.22551751136779785, "incumbents_value": 0.10040763968673028, "runtime": 179.36237215995789}