{"incumbent": [60.32911084573129, 0.001540019618815986, 0.002403995707414398, 269.425031171236, 0.8061575972779469, 0.1015755473215203, 0.9720413207750725, 7.056294833252037], "iteration": 87, "time_func_eval": 2.186782121658325, "optimization_overhead": 0.26680707931518555, "incumbents_value": 0.09882121033712554, "runtime": 279.36243534088135}