{"incumbent": [123.05165883079005, 0.002471116145279429, 0.001813113716528237, 180.47077755795175, 0.7109281333889148, 0.39411372414094725, 0.759332018405428, 8.983662802391969], "iteration": 19, "time_func_eval": 0.5857713222503662, "optimization_overhead": 0.217360258102417, "incumbents_value": 0.10040763968673028, "runtime": 61.58453345298767}