{"optimization_overhead": 0.22276091575622559, "runtime": 8.14689588546753, "incumbent": [126.73044334185549, 0.0037009282039729865, 0.002885746229051261, 288.47849333594365, 0.7624264458106321, 0.8528252531483708, 0.6604589933215308, 6.054285500673435], "incumbents_value": 0.07619047619047614, "time_func_eval": 0.09659409523010254, "iteration": 23}