{"optimization_overhead": 0.5438928604125977, "runtime": 18.228801727294922, "incumbent": [24.092019080710802, 0.0025757184819071126, 0.052719394111546636, 126.15919522575449, 0.8446296133546477, 0.8766235547159605, 0.9928670330429878, 14.165765311883785], "incumbents_value": 0.0, "time_func_eval": 0.023029088973999023, "iteration": 50}