{"incumbents_value": 0.5086694834539662, "time_func_eval": 0.04768228530883789, "optimization_overhead": 0.20695972442626953, "incumbent": [124.36336311571755, 0.004656448221956816, 0.008886993434902233, 67.68345640561279, 0.8570175283964836, 0.8964142471806832, 0.9388655801541557, 9.494833338341541], "runtime": 44.820162534713745, "iteration": 55}