{"incumbents_value": 0.8800615667088916, "time_func_eval": 1.396239995956421, "optimization_overhead": 0.38982319831848145, "incumbent": [142.56665989806328, 0.00933111856478731, 0.00743395464676279, 277.01973640979656, 0.8425315419654487, 0.8875868815209947, 0.9852572863937424, 11.833848550115704], "runtime": 109.25434589385986, "iteration": 82}