{"incumbents_value": 0.8800615667088916, "time_func_eval": 0.8916206359863281, "optimization_overhead": 0.21486639976501465, "incumbent": [142.56665989806328, 0.00933111856478731, 0.00743395464676279, 277.01973640979656, 0.8425315419654487, 0.8875868815209947, 0.9852572863937424, 11.833848550115704], "runtime": 110.96196413040161, "iteration": 84}