{"incumbents_value": 0.9413832027748814, "time_func_eval": 1.2932910919189453, "optimization_overhead": 0.16178226470947266, "incumbent": [41.0463292030668, 0.009346295070318159, 0.004072869101957533, 90.30099097711812, 0.20714719362322112, 0.8922688205098526, 0.7944842060808099, 5.674815412949691], "runtime": 27.447139501571655, "iteration": 22}