{"incumbents_value": 0.9234826671990443, "time_func_eval": 0.032344818115234375, "optimization_overhead": 0.30167102813720703, "incumbent": [148.3563396139115, 0.008195783583630718, 0.010241588513633122, 60.21686883090775, 0.17686532820929957, 0.8927525324189639, 0.795761917902145, 11.4732647603281], "runtime": 44.69389533996582, "iteration": 57}