{"incumbents_value": 0.7657891462841451, "time_func_eval": 0.28432798385620117, "optimization_overhead": 0.23099040985107422, "incumbent": [7.379572350869574, 0.0011304488229765385, 0.015885086768938104, 141.89879117824006, 0.0114776493323771, 0.33406882031318075, 0.7979280071914371, 13.836918411426275], "runtime": 229.589293718338, "iteration": 92}