{"incumbents_value": 0.8850458523103898, "time_func_eval": 0.1839888095855713, "optimization_overhead": 0.2524275779724121, "incumbent": [148.58168237816824, 0.005606908103775935, 0.01382716791799777, 285.7078522797299, 0.0963929602541528, 0.09488354347386059, 0.6876509524753763, 5.542932925046481], "runtime": 10.02042293548584, "iteration": 7}