{"incumbents_value": 0.021262034204767577, "time_func_eval": 1.411048173904419, "optimization_overhead": 0.26203322410583496, "incumbent": [141.1732266475706, 0.0024120086963610463, 0.0035341481799897353, 247.0829043687909, 0.8852328355611814, 0.21622847098675063, 0.30537157303747986, 14.45525721035999], "runtime": 1612.696198940277, "iteration": 86}