{"incumbents_value": 0.025862124811543263, "time_func_eval": 1.8780579566955566, "optimization_overhead": 0.26566457748413086, "incumbent": [66.60700152016135, 0.004364526171231814, 0.007996947204169656, 213.90448476841811, 0.6719029910477299, 0.5592426537906767, 0.7285320181883552, 12.685469294906696], "runtime": 183.01516151428223, "iteration": 10}