{"incumbents_value": 0.029435602432251295, "time_func_eval": 2.183612585067749, "optimization_overhead": 0.21191835403442383, "incumbent": [135.1664805761894, 0.008749618284620357, 0.0022732846719486057, 87.25856613930495, 0.08982842452303742, 0.17689886915011666, 0.8614550697259602, 7.037124350107576], "runtime": 103.94745683670044, "iteration": 31}