{"incumbents_value": 0.029435602432251295, "time_func_eval": 4.520226955413818, "optimization_overhead": 0.293137788772583, "incumbent": [135.1664805761894, 0.008749618284620357, 0.0022732846719486057, 87.25856613930495, 0.08982842452303742, 0.17689886915011666, 0.8614550697259602, 7.037124350107576], "runtime": 92.79351568222046, "iteration": 24}