{"incumbents_value": 0.015477866463656675, "time_func_eval": 51.9578800201416, "optimization_overhead": 0.29096269607543945, "incumbent": [83.21645042103506, 0.00035628548221702425, 0.0026231130755676704, 277.15873508158035, 0.6606511070972177, 0.7351037862248749, 0.8566564469021266, 10.83197018716691], "runtime": 1948.23508644104, "iteration": 72}