{"incumbents_value": 0.03077701335524552, "time_func_eval": 6.922409296035767, "optimization_overhead": 0.23071026802062988, "incumbent": [20.84217959234878, 8.137946360342634e-05, 0.0031857770271673724, 285.5870463972574, 0.7387652862299994, 0.22462605518821152, 0.17870724669420057, 14.260875059007269], "runtime": 422.49044489860535, "iteration": 25}