{"incumbents_value": 0.049962683303910516, "time_func_eval": 68.14418911933899, "optimization_overhead": 0.26181507110595703, "incumbent": [102.349749085889, 0.0006319309968198064, 0.000433447791612646, 54.7557246522926, 0.4534091136514654, 0.6041877694249492, 0.9733828090068137, 8.54819675641486], "runtime": 315.90378165245056, "iteration": 16}