{"incumbent": [149.86053073209726, 0.00774797481761168, 0.007878461063470631, 291.55384736850567, 0.13362827474528788, 0.1973138525215946, 0.9563642528023152, 9.295271713054369], "iteration": 58, "time_func_eval": 0.038892269134521484, "optimization_overhead": 0.1909654140472412, "incumbents_value": 0.807055496641923, "runtime": 16.917142629623413}