{"incumbent": [149.86053073209726, 0.00774797481761168, 0.007878461063470631, 291.55384736850567, 0.13362827474528788, 0.1973138525215946, 0.9563642528023152, 9.295271713054369], "iteration": 36, "time_func_eval": 0.08603858947753906, "optimization_overhead": 0.16351699829101562, "incumbents_value": 0.807055496641923, "runtime": 10.46953797340393}