{"incumbents_value": 0.36102564248060376, "time_func_eval": 0.6465826034545898, "optimization_overhead": 0.29355621337890625, "incumbent": [113.50186393711213, 0.0004623501044296907, 0.0037254197349909273, 274.7577333881234, 0.3595870921864777, 0.8495302686177914, 0.9659854235035081, 7.983404096448348], "runtime": 478.8932948112488, "iteration": 79}