{"incumbents_value": 0.38445472437165473, "time_func_eval": 1.597261667251587, "optimization_overhead": 0.2078251838684082, "incumbent": [133.9277709116066, 0.0016008288334892237, 0.004956364686603782, 115.38956702529855, 0.011714088695070384, 0.8942434079717422, 0.9976852621440198, 14.973257076493038], "runtime": 65.01420474052429, "iteration": 13}