{"incumbents_value": 0.03367003367003374, "time_func_eval": 0.08883953094482422, "optimization_overhead": 0.19460773468017578, "incumbent": [16.783539378544194, 0.0030922693332690225, 0.018287581204729276, 244.33246022434702, 0.20168446131544765, 0.8899354532075665, 0.9527415931222293, 9.5881715819833], "runtime": 12.161830186843872, "iteration": 46}