{"incumbents_value": 0.20664414414414412, "time_func_eval": 0.04779767990112305, "optimization_overhead": 0.00013415018717447916, "incumbent": [127.7049496855536, 0.004330910367754379, 0.05930837490850503, 284.30964866381265, 0.2229927865965935, 0.7501544225553376, 0.9177686752470392, 9.246794572829542], "runtime": 0.09037518501281738, "iteration": 1}