{"incumbents_value": 0.5618173318033066, "time_func_eval": 0.11005592346191406, "optimization_overhead": 0.16361546516418457, "incumbent": [140.55038736188308, 0.0002681631085647885, 0.0005213377024543513, 197.5455092301686, 0.25877773472165144, 0.28102635564471845, 0.9573309112905617, 5.3800872482831945], "runtime": 2.8057005405426025, "iteration": 13}