{"incumbents_value": 0.47439613526570046, "time_func_eval": 0.012356996536254883, "optimization_overhead": 0.33779406547546387, "incumbent": [144.55477419896022, 0.0001691735839026762, 0.025708664847846518, 229.15871924197072, 0.8862651437917464, 0.8819755783434792, 0.7374864045336615, 14.757736546555646], "runtime": 19.1932110786438, "iteration": 68}