{"incumbent": [143.43617242552006, 0.009134801095836496, 0.06104730250540398, 215.29554699544235, 0.8142487906650621, 0.8040679901187585, 0.44851672720974517, 8.168697287554643], "iteration": 22, "time_func_eval": 0.09838271141052246, "optimization_overhead": 0.24562859535217285, "incumbents_value": 0.8058460271716756, "runtime": 14.042536973953247}