{"incumbents_value": 0.464767176746962, "time_func_eval": 14.839492321014404, "optimization_overhead": 0.20984315872192383, "incumbent": [48.50073549380645, 0.009666023491984643, 0.001624478646417345, 57.97288937648699, 0.6223926689456323, 0.8690557025863854, 0.9611486394709929, 5.039168870208378], "runtime": 753.2424309253693, "iteration": 69}