{"incumbents_value": 0.631115181115181, "time_func_eval": 0.008579015731811523, "optimization_overhead": 0.17042827606201172, "incumbent": [41.020250122524764, 0.0017332058464440262, 0.04709667671506708, 295.31347545292033, 0.8813075749222052, 0.888631751055681, 0.9254469250991302, 9.029032788422555], "runtime": 4.808802604675293, "iteration": 20}