{"incumbents_value": 0.6126984126984127, "time_func_eval": 0.009265422821044922, "optimization_overhead": 0.21540451049804688, "incumbent": [63.040439278289334, 0.0002093858643532428, 0.03555917666769392, 142.09570655458305, 0.789181914594425, 0.8671874951347638, 0.9839393936471761, 14.696518082428751], "runtime": 10.355128049850464, "iteration": 41}