{"incumbents_value": 0.6616711454880823, "time_func_eval": 4.618890285491943, "optimization_overhead": 0.16637635231018066, "incumbent": [85.80153235955967, 0.01, 0.0001, 56.707759503751454, 0.01, 0.8978042982126295, 0.1712612457441312, 5.913098725949969], "runtime": 239.41227173805237, "iteration": 32}