{"optimization_overhead": 0.1724698543548584, "runtime": 1.5073950290679932, "incumbent": [14.677418541257367, 64.38999385215558, 95.13776534677979, 91.80393587196482, 5.53107799932153, 24.639008017557874, 100.54298034650324, 24.71475338017104, 20.508550434801947], "incumbents_value": 0.7353013000071824, "time_func_eval": 0.01139378547668457, "iteration": 10}