{"incumbents_value": 0.7329772079772079, "time_func_eval": 0.10223698616027832, "optimization_overhead": 0.20101308822631836, "incumbent": [146.3165796411939, 0.008733095814771342, 0.0021079321626440695, 104.9976785625671, 0.18628889695982145, 0.8575193958507388, 0.9490793719790037, 8.9504382086372], "runtime": 9.157016515731812, "iteration": 35}