{"optimization_overhead": 0.16240406036376953, "runtime": 4.433735132217407, "incumbent": [4.911373995632887, 74.28580833820664, 24.6173652747365, 99.79989695665942, 89.01606133091097, 99.9655672163956, 82.87113916438426, 101.40209694562434, 97.62252374229375], "incumbents_value": 0.7143207282913164, "time_func_eval": 0.009669065475463867, "iteration": 29}