{"optimization_overhead": 0.3212459087371826, "runtime": 67.14002895355225, "incumbent": [24.57240016950398, 0.006607179702111418, 0.00174368022064064, 182.06050946420785, 0.8713218188107793, 0.7989977388780318, 0.7792093144213523, 5.284417721433337], "incumbents_value": 0.04870610471899717, "time_func_eval": 0.08058595657348633, "iteration": 94}