{"optimization_overhead": 0.2722921371459961, "runtime": 33.76719784736633, "incumbent": [136.30499444473017, 0.0031765694384625408, 0.015719031534031588, 290.6195194618317, 0.02847287500356703, 0.8996601282902458, 0.906787219998521, 8.21770293708525], "incumbents_value": 0.16564737804231144, "time_func_eval": 0.0874481201171875, "iteration": 40}