{"optimization_overhead": 0.2714729309082031, "runtime": 53.43077898025513, "incumbent": [24.57240016950398, 0.006607179702111418, 0.00174368022064064, 182.06050946420785, 0.8713218188107793, 0.7989977388780318, 0.7792093144213523, 5.284417721433337], "incumbents_value": 0.04870610471899717, "time_func_eval": 0.10616207122802734, "iteration": 76}