{"optimization_overhead": 0.21326708793640137, "runtime": 52.63744401931763, "incumbent": [24.57240016950398, 0.006607179702111418, 0.00174368022064064, 182.06050946420785, 0.8713218188107793, 0.7989977388780318, 0.7792093144213523, 5.284417721433337], "incumbents_value": 0.04870610471899717, "time_func_eval": 0.16703104972839355, "iteration": 74}