{"optimization_overhead": 0.20770502090454102, "runtime": 23.2136869430542, "incumbent": [136.30499444473017, 0.0031765694384625408, 0.015719031534031588, 290.6195194618317, 0.02847287500356703, 0.8996601282902458, 0.906787219998521, 8.21770293708525], "incumbents_value": 0.16564737804231144, "time_func_eval": 2.002976179122925, "iteration": 28}