{"incumbents_value": 0.1368970091753896, "time_func_eval": 0.13463091850280762, "optimization_overhead": 0.21933555603027344, "incumbent": [131.32407986478202, 0.009164744351972851, 0.02628976200064073, 97.42530368620646, 0.5002780293797083, 0.8702135699221293, 0.1982823325934952, 6.9374711728422955], "runtime": 31.542316913604736, "iteration": 7}