{"incumbents_value": 0.12204570909835766, "time_func_eval": 2.788414716720581, "optimization_overhead": 0.26999497413635254, "incumbent": [106.07291572273317, 0.0061113494639486714, 0.008414559281602875, 145.4187907767451, 0.8689851059259193, 0.8686253833800105, 0.7534622015117504, 14.940325666500115], "runtime": 513.5987024307251, "iteration": 99}