{"incumbent": [132.26337767023244, 0.009755948129049842, 0.019267515508005272, 266.67199892723283, 0.6533273503746037, 0.8774003962434949, 0.9756194109903883, 9.78777066335574], "iteration": 31, "time_func_eval": 4.089967489242554, "optimization_overhead": 0.19577813148498535, "incumbents_value": 0.1060760564840123, "runtime": 112.9923963546753}