{"incumbent": [111.71863759619421, 0.0018457203286554034, 0.013247282623094082, 124.90473026527181, 0.017752231441751375, 0.8723398015111857, 0.9938713096218426, 14.649138824236335], "iteration": 12, "time_func_eval": 0.06294965744018555, "optimization_overhead": 0.19599485397338867, "incumbents_value": 0.11142812035472494, "runtime": 49.35189723968506}