{"incumbent": [143.0057376405454, 0.009390384018492334, 0.013845297556291802, 53.05597959748058, 0.3194441503167231, 0.7366481035590046, 0.9568354670730881, 14.488640759193018], "iteration": 47, "time_func_eval": 1.8640530109405518, "optimization_overhead": 0.18030190467834473, "incumbents_value": 0.10034851872652872, "runtime": 175.87116765975952}