{"incumbent": [134.48250721788818, 0.009362946324455567, 0.0018323178739473413, 285.0893075309351, 0.734987817518381, 0.3724511849126205, 0.10331989163702726, 7.150386581257545], "iteration": 64, "time_func_eval": 17.571940422058105, "optimization_overhead": 0.20349812507629395, "incumbents_value": 0.09456078323278927, "runtime": 264.13115096092224}