{"incumbent": [105.48365028411094, 0.008130924394008256, 0.006101916036659157, 298.81650437160033, 0.11984330866228737, 0.7970469344119774, 0.9975006129726505, 14.04539799106328], "iteration": 49, "time_func_eval": 10.730965375900269, "optimization_overhead": 0.24881386756896973, "incumbents_value": 0.09951298979861745, "runtime": 190.71445226669312}