{"incumbents_value": 0.6581501831501833, "time_func_eval": 0.10681009292602539, "optimization_overhead": 0.3367166519165039, "incumbent": [9.037766145088925, 0.00032284458463533664, 0.013194829859232217, 241.87068524763063, 0.7760740980202022, 0.24926009396276408, 0.9251689730060474, 14.878559497970832], "runtime": 28.7072811126709, "iteration": 97}