{"incumbents_value": 0.13323426410298167, "time_func_eval": 0.3794560432434082, "optimization_overhead": 0.17041850090026855, "incumbent": [71.36634429601861, 0.009838411234437698, 0.09461167633858678, 87.87733373403412, 0.87765342661412, 0.22413099207567158, 0.9321827303232659, 7.678104074526397], "runtime": 228.08503246307373, "iteration": 32}