{"incumbents_value": 0.13049782471036286, "time_func_eval": 5.843663215637207, "optimization_overhead": 0.19922423362731934, "incumbent": [4.877423007493656, 0.0026114783247343466, 0.01251190353752995, 80.3251109363741, 0.5118898737984662, 0.8936754308446211, 0.9606241549287975, 14.317142290445716], "runtime": 359.53616857528687, "iteration": 59}