{"incumbents_value": 0.04980178362334109, "time_func_eval": 9.464733362197876, "optimization_overhead": 0.3083975315093994, "incumbent": [67.41329120140183, 0.00043104519292988395, 0.000370953724460555, 59.8284591828744, 0.4282168302002384, 0.7553214869316462, 0.12186347572041177, 5.169571809128046], "runtime": 259.0454032421112, "iteration": 75}