{"incumbent": [121.33360515539664, 6.444111746113494e-05, 0.022339388392659306, 283.3209048255052, 0.16846342227954927, 0.22131540100296926, 0.9400779552900884, 11.96197919299364], "iteration": 12, "time_func_eval": 0.16346287727355957, "optimization_overhead": 0.18484282493591309, "incumbents_value": 0.044587041746132594, "runtime": 12.180457353591919}