{"incumbent": [14.041085283343014, 0.0019122405429280688, 0.027493939414846118, 256.6909652148106, 0.1015083426263767, 0.8642803005942716, 0.9987957038793006, 12.774064906368912], "iteration": 7, "time_func_eval": 0.48271679878234863, "optimization_overhead": 0.15838217735290527, "incumbents_value": 0.045113045305322785, "runtime": 6.121192455291748}