{"incumbent": [148.40751970096468, 6.758173904972999e-05, 0.004553050295652917, 158.10103841592044, 0.33020171764941963, 0.7768105468209061, 0.6816999863840141, 7.57791728182247], "iteration": 87, "time_func_eval": 0.12243032455444336, "optimization_overhead": 0.19270825386047363, "incumbents_value": 0.0019809174171590005, "runtime": 77.69876980781555}