{"incumbent": [108.75773879292908, 0.006008613288249658, 0.005141923764531709, 272.59830168338476, 0.041014328097938785, 0.12521323086207983, 0.725090983289271, 14.433362271387058], "iteration": 93, "time_func_eval": 1.6716687679290771, "optimization_overhead": 0.19400358200073242, "incumbents_value": 0.3552945623274568, "runtime": 229.87593579292297}