{"incumbent": [130.71936980363424, 0.0012531897145573536, 0.0013093765126910811, 261.95652763213, 0.8095421603484427, 0.6096831187865979, 0.3961298212508692, 5.404231005628757], "iteration": 31, "time_func_eval": 0.0856940746307373, "optimization_overhead": 0.18494462966918945, "incumbents_value": 0.38381873095855623, "runtime": 64.15442633628845}