{"incumbent": [130.71936980363424, 0.0012531897145573536, 0.0013093765126910811, 261.95652763213, 0.8095421603484427, 0.6096831187865979, 0.3961298212508692, 5.404231005628757], "iteration": 16, "time_func_eval": 1.0306003093719482, "optimization_overhead": 0.18476319313049316, "incumbents_value": 0.38381873095855623, "runtime": 32.37454056739807}