{"incumbent": [130.71936980363424, 0.0012531897145573536, 0.0013093765126910811, 261.95652763213, 0.8095421603484427, 0.6096831187865979, 0.3961298212508692, 5.404231005628757], "iteration": 12, "time_func_eval": 1.572951078414917, "optimization_overhead": 0.1832902431488037, "incumbents_value": 0.38381873095855623, "runtime": 19.16275715827942}