{"time_func_eval": 0.8659181594848633, "optimization_overhead": 0.25646018981933594, "incumbent": [138.42304752510168, 2.2152757208039896e-05, 0.006595001743207457, 290.39566695653764, 0.0830615764095702, 0.7210587414786771, 0.5654989127467661, 5.351600626445022], "incumbents_value": 0.014079861405182248, "runtime": 225.87194657325745, "iteration": 84}