{"time_func_eval": 1.844003438949585, "optimization_overhead": 0.4021005630493164, "incumbent": [138.42304752510168, 2.2152757208039896e-05, 0.006595001743207457, 290.39566695653764, 0.0830615764095702, 0.7210587414786771, 0.5654989127467661, 5.351600626445022], "incumbents_value": 0.014079861405182248, "runtime": 210.78431153297424, "iteration": 74}