{"incumbents_value": 0.3867243867243867, "iteration": 57, "runtime": 19.481555938720703, "incumbent": [19.20715995168067, 0.009768692039342572, 0.00417196172286223, 257.90318182118654, 0.8984453698495058, 0.28719310682019134, 0.8248062480688776, 6.9928096541361064], "optimization_overhead": 0.5260450839996338, "time_func_eval": 0.04347729682922363}