{"incumbents_value": 0.3867243867243867, "iteration": 94, "runtime": 37.50799083709717, "incumbent": [19.20715995168067, 0.009768692039342572, 0.00417196172286223, 257.90318182118654, 0.8984453698495058, 0.28719310682019134, 0.8248062480688776, 6.9928096541361064], "optimization_overhead": 0.5473766326904297, "time_func_eval": 0.1133737564086914}