{"incumbents_value": 0.47792960662525874, "iteration": 12, "runtime": 3.3815371990203857, "incumbent": [96.74679613257788, 0.0003132135065538735, 0.028286175513458953, 278.9658459084187, 0.20500388326662117, 0.8644419028395228, 0.8266633730707613, 12.532395276744811], "optimization_overhead": 0.26643943786621094, "time_func_eval": 0.03283810615539551}