{"incumbents_value": 0.3867243867243867, "iteration": 71, "runtime": 25.204111099243164, "incumbent": [19.20715995168067, 0.009768692039342572, 0.00417196172286223, 257.90318182118654, 0.8984453698495058, 0.28719310682019134, 0.8248062480688776, 6.9928096541361064], "optimization_overhead": 0.43974733352661133, "time_func_eval": 0.08735442161560059}