{"runtime": 432.1518020629883, "iteration": 37, "time_func_eval": 10.364011287689209, "incumbent": [143.68003386352882, 0.0009442269944322226, 0.03074052637611863, 246.8462147805126, 0.27171208260593244, 0.11158303390717496, 0.7170995174537725, 14.547338295386753], "incumbents_value": 0.04598648032953356, "optimization_overhead": 0.6323254108428955}