{"runtime": 155.7343077659607, "iteration": 16, "time_func_eval": 0.5166308879852295, "incumbent": [135.6039948543978, 1e-05, 0.0001, 244.65501644129037, 0.8948010601523959, 0.20033536511594335, 0.8112897451228087, 14.121460783703041], "incumbents_value": 0.05132714488751533, "optimization_overhead": 0.3991115093231201}