{"incumbents_value": 0.0, "time_func_eval": 0.032337188720703125, "optimization_overhead": 0.21259784698486328, "incumbent": [47.93957672487971, 0.00028734250298134695, 0.0835402186993373, 145.1705491307993, 0.570735362670524, 0.4201736547425716, 0.8928518642591972, 10.295544725015368], "runtime": 6.281243562698364, "iteration": 26}