{"incumbents_value": 0.07319294172919344, "time_func_eval": 0.31502747535705566, "optimization_overhead": 0.2650289535522461, "incumbent": [34.72679257406544, 0.0023548011223420377, 0.00797081133259682, 279.39633704874484, 0.17197144293890962, 0.8557420358353123, 0.9341333661652098, 14.68122699897858], "runtime": 82.18578124046326, "iteration": 59}