{"incumbents_value": 0.07813771021133198, "time_func_eval": 0.5548670291900635, "optimization_overhead": 0.19698023796081543, "incumbent": [145.07347776779514, 0.0006739911819753664, 0.015602578654757183, 291.62006697236916, 0.19297858402677473, 0.7798390244378478, 0.9932019786452774, 13.6308806657562], "runtime": 28.233511924743652, "iteration": 21}