{"incumbents_value": 0.07319294172919344, "time_func_eval": 11.794501066207886, "optimization_overhead": 0.2868497371673584, "incumbent": [34.72679257406544, 0.0023548011223420377, 0.00797081133259682, 279.39633704874484, 0.17197144293890962, 0.8557420358353123, 0.9341333661652098, 14.68122699897858], "runtime": 152.27448415756226, "iteration": 97}