{"incumbents_value": 0.07810083627995112, "time_func_eval": 0.6281900405883789, "optimization_overhead": 0.22349166870117188, "incumbent": [140.29141947039594, 0.0029674042113220413, 0.005511802033952169, 279.0951290185917, 0.6608049806217382, 0.14812655470726896, 0.6146467761314508, 12.880648581087168], "runtime": 61.10750865936279, "iteration": 45}