{"incumbent": [149.21537303572282, 0.01, 0.0001, 133.16644790014308, 0.6170401351744952, 0.24969897539842956, 0.0999, 11.377590940019413], "iteration": 30, "time_func_eval": 6.946691274642944, "optimization_overhead": 0.17304205894470215, "incumbents_value": 0.09130555488875858, "runtime": 57.65948700904846}