{"incumbent": [149.29593892964346, 0.01, 0.0001, 133.20534519038992, 0.6433214031138114, 0.09, 0.0999, 11.460451886701668], "iteration": 81, "time_func_eval": 0.4301936626434326, "optimization_overhead": 0.19750547409057617, "incumbents_value": 0.0902811827491844, "runtime": 187.36802172660828}