{"incumbent": [149.29593892964346, 0.01, 0.0001, 133.20534519038992, 0.6433214031138114, 0.09, 0.0999, 11.460451886701668], "iteration": 80, "time_func_eval": 0.08338069915771484, "optimization_overhead": 0.20647358894348145, "incumbents_value": 0.0902811827491844, "runtime": 186.73513650894165}