{"incumbent": [143.43617242552006, 0.009134801095836496, 0.06104730250540398, 215.29554699544235, 0.8142487906650621, 0.8040679901187585, 0.44851672720974517, 8.168697287554643], "iteration": 1, "time_func_eval": 1.594940185546875, "optimization_overhead": 0.0011099974314371746, "incumbents_value": 0.9848428835489834, "runtime": 2.264103651046753}