{"incumbents_value": 0.6555416006505064, "time_func_eval": 7.745074987411499, "optimization_overhead": 0.00016148885091145834, "incumbent": [40.614141440552174, 0.003088691709582165, 0.007183530554809232, 295.1730736625174, 0.2007637846232288, 0.6858522436533695, 0.4218586929229191, 5.298626800919566], "runtime": 8.355425596237183, "iteration": 1}