{"incumbents_value": 0.6924653446392577, "time_func_eval": 0.03860759735107422, "optimization_overhead": 0.23007941246032715, "incumbent": [7.610367702238432, 0.00947333918331148, 0.005827211851317147, 286.2723790904952, 0.7266479263403965, 0.48109109697930685, 0.16493460462122406, 7.57532775887566], "runtime": 17.625182151794434, "iteration": 50}