{"incumbents_value": 0.6924653446392577, "time_func_eval": 0.04587435722351074, "optimization_overhead": 0.17967486381530762, "incumbent": [7.610367702238432, 0.00947333918331148, 0.005827211851317147, 286.2723790904952, 0.7266479263403965, 0.48109109697930685, 0.16493460462122406, 7.57532775887566], "runtime": 6.899526596069336, "iteration": 20}