{"incumbents_value": 0.07076422305184882, "time_func_eval": 2.501800537109375, "optimization_overhead": 0.27486681938171387, "incumbent": [49.32954582655307, 0.005116951305684546, 0.008563519852195589, 299.5108022560475, 0.043388151953916834, 0.6428533205360865, 0.9893469513428929, 6.794648675261428], "runtime": 217.88684940338135, "iteration": 67}