{"incumbents_value": 0.07317727723297696, "time_func_eval": 3.6832048892974854, "optimization_overhead": 0.1730213165283203, "incumbent": [128.11336924669592, 0.0068053768328756245, 0.048471769847400224, 241.2839421717419, 0.6683273253476929, 0.30594689019526916, 0.8398203072814632, 5.255002402767702], "runtime": 31.932353496551514, "iteration": 8}