{"runtime": 24.605485916137695, "optimization_overhead": 0.24489402770996094, "incumbent": [104.52152373578606, 0.009900168975767584, 0.012938954962134836, 288.8518679829049, 0.40080062352861395, 0.859711446995581, 0.9878313449146551, 14.879164148383023], "time_func_eval": 0.10291719436645508, "incumbents_value": 0.856689851428106, "iteration": 41}