{"runtime": 13.830354452133179, "optimization_overhead": 0.19395828247070312, "incumbent": [43.274038006977314, 0.009449223267893153, 0.005431222361779408, 169.21371585449538, 0.06358972306886224, 0.7574018959657349, 0.1991170432444781, 14.659887749326298], "time_func_eval": 0.06147265434265137, "incumbents_value": 0.9080666933574927, "iteration": 22}