{"runtime": 29.386813163757324, "optimization_overhead": 0.22224688529968262, "incumbent": [104.52152373578606, 0.009900168975767584, 0.012938954962134836, 288.8518679829049, 0.40080062352861395, 0.859711446995581, 0.9878313449146551, 14.879164148383023], "time_func_eval": 0.194305419921875, "incumbents_value": 0.856689851428106, "iteration": 46}