{"incumbent": [142.8742442314614, 0.00396791160484078, 0.02531320877667299, 82.47936836642204, 0.759263235246385, 0.7653976497972168, 0.9528771150244515, 14.913675436431266], "time_func_eval": 3.4462034702301025, "optimization_overhead": 0.24186253547668457, "runtime": 443.3402450084686, "iteration": 89, "incumbents_value": 0.3976866340141373}