{"incumbent": [142.8742442314614, 0.00396791160484078, 0.02531320877667299, 82.47936836642204, 0.759263235246385, 0.7653976497972168, 0.9528771150244515, 14.913675436431266], "time_func_eval": 17.056293725967407, "optimization_overhead": 0.1804964542388916, "runtime": 240.65027976036072, "iteration": 48, "incumbents_value": 0.3976866340141373}