{"optimization_overhead": 0.25376176834106445, "runtime": 9.42777705192566, "incumbent": [13.917353880821087, 0.002619316638208751, 0.008403743598133954, 288.8711370428807, 0.8474895500763684, 0.226105926113561, 0.8850237057805621, 13.506664557096041], "incumbents_value": 0.9661016949152542, "time_func_eval": 0.0980069637298584, "iteration": 23}