{"incumbents_value": 0.9980180677869781, "time_func_eval": 3.3566980361938477, "optimization_overhead": 0.00014177958170572916, "incumbent": [48.34444055855186, 0.0005142955148468897, 0.04538018195646759, 160.25837512677373, 0.1971684344715895, 0.28238752253627797, 0.353265338850882, 14.594290259325216], "runtime": 15.186538934707642, "iteration": 2}