{"incumbents_value": 0.9727616543941937, "time_func_eval": 15.246993780136108, "optimization_overhead": 0.27031683921813965, "incumbent": [125.9853623376614, 0.0017987041784484627, 0.0007902260916263598, 285.97310091484246, 0.6466208024208224, 0.11841061040185596, 0.5525996326945132, 14.113662767543026], "runtime": 795.3982410430908, "iteration": 60}