{"incumbents_value": 0.9892041622714994, "time_func_eval": 4.492041110992432, "optimization_overhead": 0.2506899833679199, "incumbent": [49.330684641093, 0.002063154202832972, 0.0023382303293485373, 253.0384494900898, 0.8727434203475791, 0.22379944934510906, 0.9413324971554455, 5.254619688051437], "runtime": 318.06431818008423, "iteration": 22}