{"incumbents_value": 0.7761780782188945, "time_func_eval": 3.691272258758545, "optimization_overhead": 0.27512216567993164, "incumbent": [102.01278734926841, 0.009724176595372055, 0.000866897989859419, 274.5536908385838, 0.3816812649964711, 0.37384680754194805, 0.6468676769293418, 12.710234604908479], "runtime": 84.61226296424866, "iteration": 19}