{"incumbents_value": 0.025850457867618637, "time_func_eval": 0.5785021781921387, "optimization_overhead": 0.23950958251953125, "incumbent": [53.662626555309245, 0.007221547397161603, 0.002463901514787527, 254.51477231916044, 0.43476052871643694, 0.8474412184021493, 0.9903451503517284, 6.615012748716101], "runtime": 76.22152090072632, "iteration": 54}