{"runtime": 131.88634943962097, "optimization_overhead": 0.19974756240844727, "incumbent": [68.88604858409028, 0.0038877428078013757, 0.0009713174372569398, 217.08391633307502, 0.12638395061644753, 0.8019732721049717, 0.9296976447575358, 6.102245888724922], "time_func_eval": 1.7517478466033936, "incumbents_value": 0.5312916309711773, "iteration": 79}