{"incumbents_value": 0.7670514670514671, "time_func_eval": 0.016916513442993164, "optimization_overhead": 0.1800389289855957, "incumbent": [95.9767836049589, 0.000990240810609472, 0.0013956135557153298, 265.21023772993294, 0.8284930693221298, 0.482272671992209, 0.142177520493086, 5.9395271419718405], "runtime": 1.61934494972229, "iteration": 7}