{"incumbents_value": 0.7350408850408849, "time_func_eval": 0.026790142059326172, "optimization_overhead": 0.16844987869262695, "incumbent": [147.94161247031704, 0.009271006746298195, 0.0038083550615727445, 89.44852273242289, 0.01945830596501061, 0.27316080150741634, 0.3058337013009118, 14.424228424123399], "runtime": 6.552054405212402, "iteration": 25}