{"incumbents_value": 0.7572242572242572, "time_func_eval": 0.05822181701660156, "optimization_overhead": 0.1844348907470703, "incumbent": [141.6651071621331, 0.009363119271486923, 0.009391481761196186, 64.00497792105088, 0.19996608711841085, 0.8417666113520511, 0.9120015952811964, 5.663369919840319], "runtime": 4.259765625, "iteration": 17}