{"incumbents_value": 0.6891414141414142, "time_func_eval": 0.025891780853271484, "optimization_overhead": 0.34615015983581543, "incumbent": [139.80798068885406, 0.009410482545168276, 0.00419370713998765, 70.54910265574702, 0.5029335750639647, 0.7751722555742688, 0.33565790220571035, 10.820845977133377], "runtime": 26.710327863693237, "iteration": 90}