{"incumbent": [21.193612547715407, 1e-05, 0.0001, 298.49577109810923, 0.8102002170581835, 0.9, 0.999, 11.655966830915846], "runtime": 15.621819257736206, "iteration": 50, "time_func_eval": 0.014098644256591797, "incumbents_value": 0.7548051948051948, "optimization_overhead": 0.2144145965576172}