{"incumbent": [21.193612547715407, 1e-05, 0.0001, 298.49577109810923, 0.8102002170581835, 0.9, 0.999, 11.655966830915846], "runtime": 9.854852199554443, "iteration": 34, "time_func_eval": 0.03829360008239746, "incumbents_value": 0.7548051948051948, "optimization_overhead": 0.31752991676330566}