{"incumbent": [70.6746422166479, 0.000862825033584172, 0.0010056742518911451, 179.48182801230186, 0.09488783734729807, 0.27234935537783544, 0.808300552205919, 13.592460566212095], "iteration": 31, "time_func_eval": 0.24073410034179688, "optimization_overhead": 0.2243788242340088, "incumbents_value": 0.021677580170392563, "runtime": 550.6641166210175}