{"incumbent": [144.06409029539466, 0.009144381090673986, 0.003041061204321056, 202.69893235582887, 0.7706982858739486, 0.7902995333326134, 0.8628639778802814, 10.969433984446454], "iteration": 88, "time_func_eval": 16.913167476654053, "optimization_overhead": 0.20991230010986328, "incumbents_value": 0.016425186110719525, "runtime": 1235.3558294773102}