{"incumbent": [144.06409029539466, 0.009144381090673986, 0.003041061204321056, 202.69893235582887, 0.7706982858739486, 0.7902995333326134, 0.8628639778802814, 10.969433984446454], "iteration": 55, "time_func_eval": 15.804527997970581, "optimization_overhead": 0.25723791122436523, "incumbents_value": 0.016425186110719525, "runtime": 870.7600359916687}