{"incumbents_value": 0.058997371552607425, "time_func_eval": 24.074844360351562, "optimization_overhead": 0.21792960166931152, "incumbent": [138.69251050456396, 0.005837958013628088, 0.047564503000365306, 291.0851771084852, 0.33837271799488733, 0.8964274082453534, 0.9293008991312149, 14.69298858364362], "runtime": 964.6745924949646, "iteration": 70}