{"incumbents_value": 0.058997371552607425, "time_func_eval": 33.94890856742859, "optimization_overhead": 0.16365551948547363, "incumbent": [138.69251050456396, 0.005837958013628088, 0.047564503000365306, 291.0851771084852, 0.33837271799488733, 0.8964274082453534, 0.9293008991312149, 14.69298858364362], "runtime": 290.0418586730957, "iteration": 19}