{"incumbents_value": 0.27936251816848834, "time_func_eval": 0.8252255916595459, "optimization_overhead": 0.19839215278625488, "incumbent": [141.53887536767255, 0.00813825793163156, 0.00515600572495457, 297.4337585048704, 0.7384091321073273, 0.8656779706231273, 0.9752088358182283, 6.789256601289658], "runtime": 46.73370695114136, "iteration": 37}