{"incumbents_value": 0.4697722567287784, "time_func_eval": 0.04061436653137207, "optimization_overhead": 0.19826269149780273, "incumbent": [18.080605413676476, 0.0068558127918991255, 0.006951890856563964, 236.6648574256917, 0.024756846264890456, 0.7418488214598394, 0.9660601367579716, 11.775840099034518], "runtime": 4.662578821182251, "iteration": 19}