{"incumbents_value": 0.7959039548022598, "time_func_eval": 0.017104387283325195, "optimization_overhead": 0.00013136863708496094, "incumbent": [19.167804254204714, 0.0011156923457931178, 0.08096360881022789, 185.82612250980193, 0.6014629639057851, 0.4314940723432886, 0.4397494828156727, 14.104083769248541], "runtime": 0.05351710319519043, "iteration": 1}