{"incumbents_value": 0.06263237521765141, "time_func_eval": 0.0390162467956543, "optimization_overhead": 0.19433164596557617, "incumbent": [146.05255190106763, 0.0004923806067983455, 0.013385362483322394, 244.57916361692327, 0.11400027293293856, 0.1593371959982275, 0.9140844256119557, 14.928995879802955], "runtime": 153.75008082389832, "iteration": 44}