{"time_func_eval": 0.6294043064117432, "runtime": 149.22921538352966, "incumbents_value": 0.0982485042655028, "iteration": 95, "incumbent": [42.17060519450779, 0.007021604241836155, 0.011255196918020004, 272.0009756285599, 0.5057840044253286, 0.8991599216412354, 0.8045551952356165, 14.69689742539445], "optimization_overhead": 0.24904870986938477}