{"time_func_eval": 0.19102215766906738, "runtime": 35.703572034835815, "incumbents_value": 0.1265815617473074, "iteration": 21, "incumbent": [131.85796537288135, 0.007557845284407431, 0.0006235560777999934, 242.750274557328, 0.8577445523442027, 0.8217749653583191, 0.9384365913252859, 12.249629669295102], "optimization_overhead": 0.21239972114562988}