{"time_func_eval": 0.5700693130493164, "runtime": 4.822450399398804, "incumbents_value": 0.17744333986552863, "iteration": 5, "incumbent": [61.96374370001368, 0.0015939871552593506, 0.0071678397512353435, 63.54285723999646, 0.7954174632902173, 0.8682885018548654, 0.9746107307282732, 14.025814418516564], "optimization_overhead": 0.20005583763122559}