{"time_func_eval": 0.5799036026000977, "runtime": 60.819761991500854, "incumbents_value": 0.0982485042655028, "iteration": 39, "incumbent": [42.17060519450779, 0.007021604241836155, 0.011255196918020004, 272.0009756285599, 0.5057840044253286, 0.8991599216412354, 0.8045551952356165, 14.69689742539445], "optimization_overhead": 0.2626185417175293}