{"incumbents_value": 0.7238095238095238, "time_func_eval": 0.008455514907836914, "optimization_overhead": 0.1752932071685791, "incumbent": [21.59399031641553, 0.009371617442835656, 0.04364564085214068, 62.97304817426495, 0.7251108919547247, 0.7782242553306005, 0.9972985048560873, 14.572920627906175], "runtime": 2.146671772003174, "iteration": 11}