{"incumbents_value": 0.7167741935483871, "time_func_eval": 0.039824724197387695, "optimization_overhead": 0.34848546981811523, "incumbent": [134.1808013868247, 0.0016760724056774524, 0.0027528259648969453, 255.07342218614306, 0.033942313149775125, 0.7193239641315224, 0.9828085594506581, 11.473374710649704], "runtime": 11.355081558227539, "iteration": 44}