{"incumbents_value": 0.7129870129870131, "time_func_eval": 0.015201807022094727, "optimization_overhead": 0.4482686519622803, "incumbent": [120.01611111076971, 0.0009473732938766961, 0.0016703058373990865, 264.15164929511775, 0.18112608559002255, 0.45773357916920987, 0.664055790379031, 14.597932576722446], "runtime": 28.85681653022766, "iteration": 97}