{"runtime": 422.57842659950256, "iteration": 84, "time_func_eval": 15.967702388763428, "incumbent": [48.217359752544, 0.006098323639823354, 0.0035261509624576423, 53.526267772640175, 0.11940778344303737, 0.16184895158327514, 0.4556027437469038, 13.235810258774709], "incumbents_value": 0.02907290452883715, "optimization_overhead": 0.41814255714416504}