{"runtime": 205.9389579296112, "iteration": 27, "time_func_eval": 3.805159091949463, "incumbent": [136.12347251204724, 0.0003806342749687959, 0.0009188350170230415, 106.4242217338001, 0.416857628848391, 0.288318606590634, 0.1612899810519094, 6.634726737895588], "incumbents_value": 0.03289144032092428, "optimization_overhead": 0.40390634536743164}