{"runtime": 458.15112805366516, "iteration": 91, "time_func_eval": 9.40204405784607, "incumbent": [48.217359752544, 0.006098323639823354, 0.0035261509624576423, 53.526267772640175, 0.11940778344303737, 0.16184895158327514, 0.4556027437469038, 13.235810258774709], "incumbents_value": 0.02907290452883715, "optimization_overhead": 0.9085562229156494}