{"runtime": 16.838597536087036, "incumbents_value": -5.369953112404071, "iteration": 45, "incumbent": [0.39367551103713727, 0.09609210550638676, 18.80484089909014], "time_func_eval": 1.621246337890625e-05, "optimization_overhead": 0.3726468086242676}