{"runtime": 27.990148067474365, "incumbents_value": -5.369953112404071, "iteration": 70, "incumbent": [0.39367551103713727, 0.09609210550638676, 18.80484089909014], "time_func_eval": 1.5497207641601562e-05, "optimization_overhead": 0.4246842861175537}