{"runtime": 33.45901370048523, "incumbents_value": -5.369953112404071, "iteration": 81, "incumbent": [0.39367551103713727, 0.09609210550638676, 18.80484089909014], "time_func_eval": 1.3828277587890625e-05, "optimization_overhead": 0.36989665031433105}