{"runtime": 4.92132043838501, "incumbents_value": -5.368897968585893, "iteration": 16, "incumbent": [0.39915803230508223, 0.22410032377990152, 16.616822940056657], "time_func_eval": 1.6689300537109375e-05, "optimization_overhead": 0.4283173084259033}