{"time_func_eval": 0.11222720146179199, "runtime": 22.503329515457153, "incumbents_value": 0.17647058823529405, "iteration": 71, "incumbent": [65.97226386959233, 0.005660622881577711, 0.0031868837947493438, 293.2606034492851, 0.4984016174018126, 0.6691522484149585, 0.44895523107234786, 14.327689328875543], "optimization_overhead": 0.25295162200927734}