{"time_func_eval": 0.10705924034118652, "runtime": 4.120376348495483, "incumbents_value": 0.20000000000000007, "iteration": 16, "incumbent": [135.02205911857567, 0.0008824748573531042, 0.09519834977007174, 179.69218697002967, 0.8305261176142098, 0.7969198897933114, 0.9127070731429713, 6.976684376577483], "optimization_overhead": 0.17439031600952148}