{"time_func_eval": 0.08563899993896484, "runtime": 1.4094598293304443, "incumbents_value": 0.21705029838022172, "iteration": 7, "incumbent": [24.064876153073865, 0.008994220575574828, 0.0018913980264247004, 248.7819475190664, 0.2937984996557091, 0.15133575112992242, 0.19117252941795101, 7.13850082536063], "optimization_overhead": 0.17195987701416016}