{"time_func_eval": 0.005345582962036133, "runtime": 20.50351595878601, "incumbents_value": 0.17647058823529405, "iteration": 66, "incumbent": [65.97226386959233, 0.005660622881577711, 0.0031868837947493438, 293.2606034492851, 0.4984016174018126, 0.6691522484149585, 0.44895523107234786, 14.327689328875543], "optimization_overhead": 0.29254817962646484}