{"time_func_eval": 0.025352954864501953, "runtime": 6.748065233230591, "incumbents_value": 0.19047619047619058, "iteration": 26, "incumbent": [8.719353793066153, 0.0019019871105596922, 0.009167284678015338, 261.1193912036545, 0.8481011401833354, 0.36386262633934974, 0.3020112276517801, 14.597235143814537], "optimization_overhead": 0.17726850509643555}