{"incumbents_value": 0.020035022246909895, "time_func_eval": 3.5173139572143555, "optimization_overhead": 0.24834775924682617, "incumbent": [143.95119655083332, 0.007802749664299898, 0.0004016553297886291, 179.37214579012618, 0.12061067257410014, 0.8506212494716654, 0.9428282920236636, 5.341521063642274], "runtime": 90.82783961296082, "iteration": 41}