{"incumbent": [44.26978682793371, 0.0057302318386850916, 0.009185945015793342, 290.8378002348294, 0.7257672887732203, 0.2872177485705848, 0.8647043002686229, 14.212348149377291], "iteration": 35, "time_func_eval": 0.23177599906921387, "optimization_overhead": 0.23224568367004395, "incumbents_value": 0.3594220771925525, "runtime": 9.870708465576172}