{"incumbent": [132.79231904340043, 0.0003924238121908572, 0.028637075087109602, 244.55935219301583, 0.6506250180907, 0.7924421811471455, 0.4299334053795214, 14.890916865682481], "iteration": 76, "time_func_eval": 0.028276920318603516, "optimization_overhead": 0.19534802436828613, "incumbents_value": 0.3329526390502, "runtime": 22.49547553062439}