{"incumbents_value": 0.5103078403078403, "time_func_eval": 0.7383129596710205, "optimization_overhead": 0.25913190841674805, "incumbent": [5.189538704871479, 0.000882539490152354, 0.02942302682085051, 153.80836429384095, 0.061993227004085744, 0.2948293961118804, 0.1702566085484623, 5.230740121372187], "runtime": 12.071867227554321, "iteration": 11}