{"incumbents_value": 0.3514862914862915, "time_func_eval": 0.1119840145111084, "optimization_overhead": 0.2710139751434326, "incumbent": [147.77903453809975, 0.00982925257284875, 0.0018166961061994928, 280.3363793477399, 0.4025083873883178, 0.7800165021451194, 0.9085889408110536, 8.701528009595801], "runtime": 26.309986114501953, "iteration": 85}