{"incumbents_value": 0.5875664682619222, "iteration": 96, "runtime": 422.142573595047, "incumbent": [129.1180278492194, 1e-05, 0.0001, 74.77610424670438, 0.6155130300706084, 0.9, 0.9796786842899396, 6.630444216431494], "optimization_overhead": 0.40083909034729004, "time_func_eval": 13.330976486206055}