{"incumbents_value": 0.8210038240002068, "iteration": 61, "runtime": 233.87203359603882, "incumbent": [138.5052982640282, 0.01, 0.0001, 290.46795006507955, 0.01, 0.9, 0.4848228460596022, 5.280616827701989], "optimization_overhead": 0.2594022750854492, "time_func_eval": 6.3060479164123535}