{"incumbents_value": 0.8576648149358939, "iteration": 11, "runtime": 42.85641932487488, "incumbent": [138.42304752510168, 2.2152757208039896e-05, 0.006595001743207457, 290.39566695653764, 0.0830615764095702, 0.7210587414786771, 0.5654989127467661, 5.351600626445022], "optimization_overhead": 0.2969014644622803, "time_func_eval": 0.31383466720581055}