{"incumbents_value": 0.06137061196092941, "time_func_eval": 0.8246500492095947, "optimization_overhead": 0.4049069881439209, "incumbent": [124.27084591934046, 0.00043341487846841506, 0.023092267485452327, 209.54433610910706, 0.028065761057547975, 0.8503285785969129, 0.9796610815817565, 7.33124125568014], "runtime": 422.24067091941833, "iteration": 40}