{"incumbents_value": 0.031844660194174756, "time_func_eval": 41.81534171104431, "optimization_overhead": 0.21326828002929688, "incumbent": [139.65049351625092, 0.00209415922096225, 0.016838411388386307, 175.83105052298, 0.3495537242849834, 0.9, 0.9636948379632134, 12.928390000257998], "runtime": 905.950719833374, "iteration": 82}