{"incumbents_value": 0.5232375973451492, "time_func_eval": 0.9569146633148193, "optimization_overhead": 0.189239501953125, "incumbent": [12.193633396840939, 0.000358604591769944, 0.023797838254974894, 60.895487906871395, 0.8559770288382399, 0.29688980352839084, 0.6476330601926529, 6.585358522168873], "runtime": 33.48059582710266, "iteration": 5}