{"optimization_overhead": 0.25099706649780273, "runtime": 63.553138971328735, "incumbent": [93.83526382146893, 0.0021544520483137374, 0.0012949324981438278, 285.01798981388686, 0.06563382996192636, 0.6816601940621216, 0.9207534132875641, 14.195489396475494], "incumbents_value": 0.09772770842330247, "time_func_eval": 0.357968807220459, "iteration": 99}