{"optimization_overhead": 0.21851110458374023, "runtime": 26.261824131011963, "incumbent": [75.0967258831215, 0.005084025156473648, 0.009658469557990955, 191.72376591981188, 0.4641619781237092, 0.567252652407908, 0.43512835107441344, 11.746268778156342], "incumbents_value": 0.15115911520775605, "time_func_eval": 0.1515510082244873, "iteration": 44}