{"optimization_overhead": 0.22571396827697754, "runtime": 8.326382875442505, "incumbent": [75.0967258831215, 0.005084025156473648, 0.009658469557990955, 191.72376591981188, 0.4641619781237092, 0.567252652407908, 0.43512835107441344, 11.746268778156342], "incumbents_value": 0.15115911520775605, "time_func_eval": 0.13897109031677246, "iteration": 14}