{"incumbents_value": 0.9820624435577473, "time_func_eval": 0.37966036796569824, "optimization_overhead": 0.19753289222717285, "incumbent": [125.81192183588111, 1e-05, 0.0001, 259.40959621882644, 0.8741313977821112, 0.09, 0.0999, 5.480212810897943], "runtime": 714.4379708766937, "iteration": 62}