{"incumbents_value": 0.0, "time_func_eval": 0.008443832397460938, "optimization_overhead": 0.1545274257659912, "incumbent": [15.033637994167687, 0.00021519818822487077, 0.004947736008706339, 252.77840585014548, 0.14776676252975693, 0.3534681379901923, 0.12445245348348896, 13.969007655027259], "runtime": 1.8004264831542969, "iteration": 8}