{"incumbents_value": 0.41434755720470007, "time_func_eval": 0.03000640869140625, "optimization_overhead": 0.21293354034423828, "incumbent": [115.81589134693715, 0.002894155396422689, 0.05125841505165443, 117.17924757052731, 0.11257332616201635, 0.561820656253528, 0.18969450785744973, 13.125610059182822], "runtime": 0.411299467086792, "iteration": 3}