{"incumbents_value": 0.12175324675324684, "time_func_eval": 1.1372690200805664, "optimization_overhead": 0.1890273094177246, "incumbent": [61.97783522425024, 0.006283066708698542, 0.023088242574014303, 122.93267015924926, 0.48765954097850484, 0.7802924825846143, 0.358064278102818, 10.42373680994291], "runtime": 5.613557577133179, "iteration": 5}