{"incumbents_value": 0.07319294172919344, "time_func_eval": 1.9353139400482178, "optimization_overhead": 0.19333887100219727, "incumbent": [34.72679257406544, 0.0023548011223420377, 0.00797081133259682, 279.39633704874484, 0.17197144293890962, 0.8557420358353123, 0.9341333661652098, 14.68122699897858], "runtime": 90.4828474521637, "iteration": 64}