{"incumbents_value": 0.5820796393923977, "time_func_eval": 0.18573975563049316, "optimization_overhead": 0.3284876346588135, "incumbent": [7.86208947928835, 0.009387674453956258, 0.0009936300886311963, 271.29727044831037, 0.7526099266450631, 0.884147275081149, 0.8720849286209931, 14.470428921199762], "runtime": 39.97385907173157, "iteration": 69}