{"incumbents_value": 0.8218793828892006, "time_func_eval": 0.1065516471862793, "optimization_overhead": 9.258588155110677e-05, "incumbent": [42.26196322658058, 0.0026564695091720416, 0.09226072865295838, 66.95530255131148, 0.49278402621708295, 0.3313029718220385, 0.8929176092448196, 8.081653091610871], "runtime": 0.10730218887329102, "iteration": 0}