{"incumbents_value": 0.6214692419174541, "time_func_eval": 0.604356050491333, "optimization_overhead": 0.19499969482421875, "incumbent": [145.10567282421218, 0.009879653444724775, 0.011212798483233968, 96.89228610664298, 0.8229041057040165, 0.6896759308092648, 0.8395999011919889, 14.263440837398369], "runtime": 11.006274223327637, "iteration": 17}