{"incumbents_value": 0.0, "time_func_eval": 0.8824357986450195, "optimization_overhead": 0.27205681800842285, "incumbent": [141.042448205682, 0.004140608867480321, 0.0002425920150307016, 298.6933330860734, 0.10011903687930938, 0.6566045744406664, 0.8111602587820043, 14.56846595363851], "runtime": 109.29697155952454, "iteration": 88}