{"incumbents_value": 0.8077139525598687, "time_func_eval": 0.14033985137939453, "optimization_overhead": 0.24212002754211426, "incumbent": [126.70138812131849, 1e-05, 0.0001, 288.09946230658545, 0.9, 0.09, 0.43768619142572107, 6.858439542515883], "runtime": 71.83192372322083, "iteration": 16}