{"iteration": 18, "incumbents_value": 0.7013888888888888, "incumbent": [142.8589474749152, 0.0003626281597083853, 0.007350600245615243, 238.61462967033842, 0.3429907746778713, 0.11058030642050092, 0.21908711298498018, 14.014004627384997], "time_func_eval": 0.020860671997070312, "runtime": 3.817467212677002, "optimization_overhead": 0.16902446746826172}