{"incumbents_value": 0.7655026333100801, "time_func_eval": 0.30664825439453125, "optimization_overhead": 0.31487059593200684, "incumbent": [44.60187330832042, 0.009937624683479092, 0.005622848621543331, 220.2819520034803, 0.8344143614848335, 0.4338422952553651, 0.8588725395663741, 14.65059709302109], "runtime": 116.23035955429077, "iteration": 53}