{"incumbents_value": 0.4138777564626108, "time_func_eval": 0.10657358169555664, "optimization_overhead": 0.2785043716430664, "incumbent": [24.456406278912926, 0.006348110151569622, 0.009052406067385712, 122.31659866138921, 0.8978096594197434, 0.8643194546401526, 0.869867221150582, 14.63994379998743], "runtime": 60.53659415245056, "iteration": 78}