{"runtime": 16.642669200897217, "optimization_overhead": 0.41400837898254395, "iteration": 17, "incumbent": [20.953189988694103, 1e-05, 0.1, 298.4923757621221, 0.6745992502439002, 0.9, 0.9960519398749483, 11.51950079613961], "incumbents_value": 0.38906802010250274, "time_func_eval": 0.10873198509216309}