{"runtime": 78.25802302360535, "optimization_overhead": 0.3084390163421631, "iteration": 42, "incumbent": [20.953189988694103, 1e-05, 0.1, 298.4923757621221, 0.6745992502439002, 0.9, 0.9960519398749483, 11.51950079613961], "incumbents_value": 0.38906802010250274, "time_func_eval": 1.1907343864440918}