{"runtime": 13.90405797958374, "optimization_overhead": 0.3293588161468506, "iteration": 14, "incumbent": [20.953189988694103, 1e-05, 0.1, 298.4923757621221, 0.6745992502439002, 0.9, 0.9960519398749483, 11.51950079613961], "incumbents_value": 0.38906802010250274, "time_func_eval": 0.4058256149291992}