{"incumbents_value": 0.05078659370725036, "time_func_eval": 0.06783461570739746, "optimization_overhead": 0.20302462577819824, "incumbent": [129.99820644218684, 0.0001980276061475301, 0.01356037213810047, 87.80131224659385, 0.7718051807837008, 0.8539702246470978, 0.6369008963457816, 14.85133220731474], "runtime": 35.62351608276367, "iteration": 98}