{"incumbents_value": 0.6034335396404362, "time_func_eval": 0.06146550178527832, "optimization_overhead": 0.00013526280721028647, "incumbent": [144.54088246236478, 0.0026451531342293246, 0.008977677668783128, 228.24314855991577, 0.4942223954136843, 0.7575638216450699, 0.5049427628545768, 11.00646161687232], "runtime": 0.1866159439086914, "iteration": 2}