{"optimization_overhead": 0.36249589920043945, "runtime": 30.655981063842773, "incumbent": [100.31470462381583, 0.008468198968999655, 0.0010345496541374825, 283.7753442470259, 0.024277206834257242, 0.1214595036176618, 0.7009461997834108, 13.643716868756247], "incumbents_value": 0.9661016949152542, "time_func_eval": 0.03168773651123047, "iteration": 71}