{"optimization_overhead": 0.3159911632537842, "runtime": 38.350717306137085, "incumbent": [114.69599049913737, 0.005817839936885955, 0.0005077359488868543, 299.2104259858648, 0.8288867169473592, 0.8892956558291838, 0.10246741792895439, 11.875793701755358], "incumbents_value": 0.962962962962963, "time_func_eval": 0.08578205108642578, "iteration": 88}