{"optimization_overhead": 0.24682402610778809, "runtime": 33.13549208641052, "incumbent": [100.31470462381583, 0.008468198968999655, 0.0010345496541374825, 283.7753442470259, 0.024277206834257242, 0.1214595036176618, 0.7009461997834108, 13.643716868756247], "incumbents_value": 0.9661016949152542, "time_func_eval": 0.03706216812133789, "iteration": 78}