{"incumbents_value": 0.8103492884864165, "time_func_eval": 0.08440065383911133, "optimization_overhead": 0.2718226909637451, "incumbent": [124.72865002091154, 0.005561902079566428, 0.01807650989229713, 70.20510552152588, 0.8754599722468932, 0.8349249533062582, 0.4021003302153319, 5.473641128632214], "runtime": 34.367870569229126, "iteration": 62}