{"incumbents_value": 0.8103492884864165, "time_func_eval": 0.13588714599609375, "optimization_overhead": 0.15414786338806152, "incumbent": [124.72865002091154, 0.005561902079566428, 0.01807650989229713, 70.20510552152588, 0.8754599722468932, 0.8349249533062582, 0.4021003302153319, 5.473641128632214], "runtime": 1.9112348556518555, "iteration": 5}