{"incumbents_value": 0.7910208592347009, "time_func_eval": 0.1059255599975586, "optimization_overhead": 0.29125237464904785, "incumbent": [29.106745350839013, 0.00016507677364226936, 0.0015588925455670348, 246.55590149476325, 0.19094713163693466, 0.6118364065160165, 0.37394640743333196, 5.154192065475133], "runtime": 45.75010132789612, "iteration": 84}