{"incumbents_value": 0.7495150247242297, "time_func_eval": 0.05674600601196289, "optimization_overhead": 0.2979145050048828, "incumbent": [56.73080240236313, 0.01, 0.0001, 255.43036034807585, 0.01, 0.9, 0.0999, 6.752300845987444], "runtime": 25.644816875457764, "iteration": 71}