{"runtime": 80.54444003105164, "incumbent": [93.89741803282543, 0.00987518170374351, 0.062469317096071834, 286.1246643530379, 0.0940666509808928, 0.1670332137148648, 0.11341488748696738, 5.55637783697732], "optimization_overhead": 0.30953526496887207, "time_func_eval": 0.2678523063659668, "iteration": 16, "incumbents_value": 0.24020482739596338}