{"runtime": 127.2790458202362, "incumbent": [131.92251601298716, 0.009336416922271171, 0.043850445252917744, 296.04355202632905, 0.7657371900040287, 0.13715688083688576, 0.11817618165440301, 9.53768813533885], "optimization_overhead": 0.2097470760345459, "time_func_eval": 14.509307146072388, "iteration": 25, "incumbents_value": 0.21023970214870946}