{"runtime": 438.08083724975586, "incumbent": [18.550701413431163, 0.007237377503091045, 0.003778363740452103, 287.98897193352906, 0.7786249476705847, 0.4902728953156269, 0.13205906177062493, 14.95348411621016], "optimization_overhead": 0.4593050479888916, "time_func_eval": 2.807051658630371, "iteration": 71, "incumbents_value": 0.16137001321158473}