{"runtime": 408.94483828544617, "incumbent": [149.47226668937458, 0.0048437306457422705, 0.004328997169836307, 133.68363941479942, 0.5955281613164447, 0.14009048253602904, 0.6944251430805892, 6.066265980040265], "optimization_overhead": 0.36681032180786133, "time_func_eval": 0.37537240982055664, "iteration": 62, "incumbents_value": 0.16701941784442287}