{"runtime": 441.95516777038574, "incumbent": [18.550701413431163, 0.007237377503091045, 0.003778363740452103, 287.98897193352906, 0.7786249476705847, 0.4902728953156269, 0.13205906177062493, 14.95348411621016], "optimization_overhead": 0.41086363792419434, "time_func_eval": 3.4551589488983154, "iteration": 72, "incumbents_value": 0.16137001321158473}