{"runtime": 443.3085458278656, "incumbent": [18.550701413431163, 0.007237377503091045, 0.003778363740452103, 287.98897193352906, 0.7786249476705847, 0.4902728953156269, 0.13205906177062493, 14.95348411621016], "optimization_overhead": 0.5119972229003906, "time_func_eval": 0.3841536045074463, "iteration": 74, "incumbents_value": 0.16137001321158473}