{"incumbent": [12.318593824781912, 0.009391653925394282, 0.001096241584326255, 98.0755595755225, 0.22860483837111736, 0.8204193212300538, 0.12525380826474647, 13.983432968732606], "iteration": 23, "time_func_eval": 0.4141225814819336, "optimization_overhead": 0.1640629768371582, "incumbents_value": 0.052768930459996866, "runtime": 22.851977348327637}