{"incumbent": [115.63876908932541, 0.00025124612294738984, 0.05423746012468175, 59.84631789378038, 0.7510950658830438, 0.46698312577615264, 0.9653726174462786, 6.547941189426593], "iteration": 0, "time_func_eval": 0.5873677730560303, "optimization_overhead": 0.002149502436319987, "incumbents_value": 0.07537183461574715, "runtime": 0.5945048332214355}