{"incumbent": [36.0474635786424, 0.0049415213096096556, 0.006388888434849968, 104.19501452851216, 0.26409504910737397, 0.8358719322709064, 0.9760235156750199, 11.989611592967115], "iteration": 4, "time_func_eval": 0.09598398208618164, "optimization_overhead": 0.16118502616882324, "incumbents_value": 0.0645027963027438, "runtime": 2.9136722087860107}