{"incumbent": [9.717379104689451, 0.001439300478917251, 0.0013420365875888255, 186.05526028171943, 0.03584420448052834, 0.09234051668899441, 0.19176718963843115, 6.073864712660557], "iteration": 26, "time_func_eval": 1.171708345413208, "optimization_overhead": 0.16396546363830566, "incumbents_value": 0.0456062149643931, "runtime": 25.426417112350464}