{"incumbents_value": 0.47435897435897434, "time_func_eval": 0.07611942291259766, "optimization_overhead": 0.38628554344177246, "incumbent": [128.65033226084472, 0.00996709769223308, 0.008133467716236678, 222.2312999675129, 0.7770182315170105, 0.22493253688175052, 0.6280778152444335, 14.455821508812424], "runtime": 22.538094758987427, "iteration": 83}