{"incumbents_value": 0.47455506117908774, "time_func_eval": 0.0700831413269043, "optimization_overhead": 0.1956634521484375, "incumbent": [12.726589551824599, 0.001639245312675806, 0.003905498188435992, 295.7291360349641, 0.6709763718795869, 0.8412195938921724, 0.13174500617187335, 5.60058292494663], "runtime": 7.820706844329834, "iteration": 34}