{"runtime": 23.74194622039795, "optimization_overhead": 0.20351529121398926, "incumbent": [11.749117088524793, 0.0002933082190873467, 0.030181934835339742, 297.12389460481415, 0.5523731659191734, 0.755661117967563, 0.6580660554162738, 7.808914894504343], "time_func_eval": 0.05512881278991699, "incumbents_value": 0.058232090490154875, "iteration": 83}