{"incumbents_value": 0.9937106918238994, "time_func_eval": 1.1079413890838623, "optimization_overhead": 0.32369232177734375, "incumbent": [131.3515609645385, 0.009047977531015059, 0.0007744023749241282, 247.65408210177773, 0.060948430430934716, 0.8916441610250304, 0.825769851001841, 13.873370067290182], "runtime": 43.32570171356201, "iteration": 29}