{"runtime": 22.70325756072998, "optimization_overhead": 0.307269811630249, "incumbent": [145.818481699844, 0.0004810825559951138, 0.0028228196885625597, 133.7136038484618, 0.07904031912549002, 0.4930244721796738, 0.8730558579356578, 14.968951522296775], "time_func_eval": 0.7282497882843018, "incumbents_value": 0.9836065573770492, "iteration": 40}