{"optimization_overhead": 0.28595542907714844, "incumbent": [141.50376834015336, 0.00012368424002979708, 0.006737783114335907, 174.63905562038525, 0.1467102299077406, 0.20634171756505454, 0.9697176821051957, 12.91105678974573], "iteration": 38, "incumbents_value": 0.4420032958440877, "time_func_eval": 8.25126838684082, "runtime": 327.6145689487457}