{"optimization_overhead": 0.2622542381286621, "incumbent": [141.50376834015336, 0.00012368424002979708, 0.006737783114335907, 174.63905562038525, 0.1467102299077406, 0.20634171756505454, 0.9697176821051957, 12.91105678974573], "iteration": 43, "incumbents_value": 0.4420032958440877, "time_func_eval": 8.58765721321106, "runtime": 339.9622597694397}