{"incumbents_value": 0.13417829594300168, "time_func_eval": 0.1396780014038086, "optimization_overhead": 0.19709420204162598, "incumbent": [140.98959616196487, 0.007878917543150631, 0.017032287128172507, 281.54903834826246, 0.891405571437586, 0.642237967525311, 0.2886170712039146, 5.790694379574649], "runtime": 25.344306230545044, "iteration": 74}