{"incumbents_value": 0.14123137723883994, "time_func_eval": 0.13491582870483398, "optimization_overhead": 0.26012635231018066, "incumbent": [149.94043989764464, 1e-05, 0.1, 206.27094256075875, 0.01, 0.9, 0.899137171166848, 5.645897049101534], "runtime": 8.883803367614746, "iteration": 29}