{"time_func_eval": 0.03109598159790039, "runtime": 0.1267991065979004, "incumbents_value": 0.3655462184873949, "iteration": 1, "incumbent": [104.73387169623068, 0.006101210418373154, 0.005869166667620027, 277.11916645637666, 0.050551104490187244, 0.534006053131861, 0.9852241192184028, 6.133938756725103], "optimization_overhead": 0.0010711352030436199}