{"time_func_eval": 0.040062665939331055, "runtime": 20.866327047348022, "incumbents_value": 0.17647058823529405, "iteration": 65, "incumbent": [141.53590923838905, 0.0020134858868031654, 0.028235245041007193, 293.73468409299915, 0.05074051097016999, 0.7979677849392965, 0.9921279295046157, 10.193134256846614], "optimization_overhead": 0.28029823303222656}