{"time_func_eval": 0.06969785690307617, "runtime": 30.867884874343872, "incumbents_value": 0.0, "iteration": 96, "incumbent": [135.46408791622733, 0.008900152172548421, 0.020232931600672258, 75.0113515493687, 0.2846177300609382, 0.8766045918431931, 0.6461863376779095, 14.854584762862883], "optimization_overhead": 0.21952104568481445}