{"time_func_eval": 0.14569544792175293, "runtime": 26.203713178634644, "incumbents_value": 0.0, "iteration": 82, "incumbent": [135.46408791622733, 0.008900152172548421, 0.020232931600672258, 75.0113515493687, 0.2846177300609382, 0.8766045918431931, 0.6461863376779095, 14.854584762862883], "optimization_overhead": 0.23244261741638184}