{"time_func_eval": 0.04410552978515625, "runtime": 1.0257160663604736, "incumbents_value": 0.32539682539682546, "iteration": 5, "incumbent": [32.550913551933405, 0.007999952519603034, 0.08738754750699768, 106.90928343721171, 0.544463294600762, 0.8507228365461256, 0.8245864023959539, 5.001566696152969], "optimization_overhead": 0.1596078872680664}