{"incumbents_value": 0.4912542533164992, "time_func_eval": 0.017298460006713867, "optimization_overhead": 0.1881105899810791, "incumbent": [137.40062829517933, 0.006193967451865477, 0.03265951607875042, 231.50869047072342, 0.4709197580067703, 0.32562569102505534, 0.3554036982002037, 9.00309211094726], "runtime": 0.5915672779083252, "iteration": 3}