{"incumbents_value": 0.46975014562065065, "time_func_eval": 0.06895279884338379, "optimization_overhead": 0.17295432090759277, "incumbent": [145.49528131227814, 0.008633662505501797, 0.035028026629708685, 291.8375946015483, 0.8116783461950343, 0.8255716582968758, 0.8383906570919984, 5.319855062568966], "runtime": 4.689646005630493, "iteration": 15}