{"incumbents_value": 0.8577165806081468, "time_func_eval": 5.3113532066345215, "optimization_overhead": 0.34862709045410156, "incumbent": [21.824961959342087, 0.004202128203567428, 0.0017330047716433408, 177.83424572266398, 0.6213358911365991, 0.857898815691624, 0.5890860555094367, 6.424412634514034], "runtime": 979.1189413070679, "iteration": 54}