{"incumbents_value": 0.8577165806081468, "time_func_eval": 0.4482710361480713, "optimization_overhead": 0.2286238670349121, "incumbent": [21.824961959342087, 0.004202128203567428, 0.0017330047716433408, 177.83424572266398, 0.6213358911365991, 0.857898815691624, 0.5890860555094367, 6.424412634514034], "runtime": 899.3869986534119, "iteration": 48}