{"incumbents_value": 0.7570700879236978, "time_func_eval": 15.66432785987854, "optimization_overhead": 0.17911052703857422, "incumbent": [10.761939428178366, 0.0003634553472331878, 0.0033229867251744366, 59.28197982034362, 0.15690247278523334, 0.3324261767245633, 0.7686638469830509, 5.525133315231129], "runtime": 248.09985399246216, "iteration": 62}