{"incumbents_value": 0.07996513212798795, "time_func_eval": 0.13266491889953613, "optimization_overhead": 0.31229281425476074, "incumbent": [147.07590236064743, 1e-05, 0.0001, 236.79030251818398, 0.48463386532228, 0.9, 0.6302699487175879, 5.48970669455836], "runtime": 125.06424021720886, "iteration": 37}