{"incumbents_value": 0.07996513212798795, "time_func_eval": 3.8037922382354736, "optimization_overhead": 0.2400655746459961, "incumbent": [147.07590236064743, 1e-05, 0.0001, 236.79030251818398, 0.48463386532228, 0.9, 0.6302699487175879, 5.48970669455836], "runtime": 239.31078720092773, "iteration": 68}