{"incumbents_value": 0.9828153564899451, "time_func_eval": 0.1428070068359375, "optimization_overhead": 0.0001255671183268229, "incumbent": [60.03157459225573, 0.001806783714040553, 0.09538738253908816, 286.59695078866264, 0.3905225447381078, 0.2907467024627546, 0.7411898710155322, 6.444767812894339], "runtime": 0.14386367797851562, "iteration": 0}