{"incumbents_value": 0.34235313645385057, "time_func_eval": 1.0719709396362305, "optimization_overhead": 0.2673044204711914, "incumbent": [129.60512082024013, 0.009783296337835647, 0.0038478614129544464, 62.74243246362944, 0.5041523266107588, 0.7703209330911328, 0.9660515705302598, 7.857718489206382], "runtime": 24.631137371063232, "iteration": 17}