{"incumbents_value": 0.07996513212798795, "time_func_eval": 4.477895975112915, "optimization_overhead": 0.2593371868133545, "incumbent": [147.07590236064743, 1e-05, 0.0001, 236.79030251818398, 0.48463386532228, 0.9, 0.6302699487175879, 5.48970669455836], "runtime": 89.01206564903259, "iteration": 25}