{"optimization_overhead": 0.39873814582824707, "time_func_eval": 0.07612133026123047, "iteration": 21, "runtime": 61.905179262161255, "incumbents_value": 0.9401369337236435, "incumbent": [114.30455956932595, 0.009732004685814866, 0.005114671286844567, 287.5614249125641, 0.1592065744342521, 0.13623498380544652, 0.9065408475554178, 5.170735341428409]}