{"optimization_overhead": 0.6650152206420898, "time_func_eval": 5.664316177368164, "iteration": 56, "runtime": 236.98047137260437, "incumbents_value": 0.8386600795852922, "incumbent": [140.9207659933465, 0.00929775448074197, 0.01172132827456045, 294.25525453958517, 0.8912238295767534, 0.8771179487355515, 0.9076734384659352, 10.89711535757861]}