{"incumbents_value": 0.9263471690089486, "iteration": 36, "runtime": 82.71373128890991, "incumbent": [78.56960015014512, 0.003917620164886445, 0.006823625144630739, 272.0528851457235, 0.8642906042396462, 0.13873432063678898, 0.7276854539615326, 5.718436538889344], "optimization_overhead": 0.4309523105621338, "time_func_eval": 4.631075143814087}