{"optimization_overhead": 0.2860910892486572, "time_func_eval": 2.7070605754852295, "iteration": 28, "runtime": 118.85170364379883, "incumbents_value": 0.9401369337236435, "incumbent": [114.30455956932595, 0.009732004685814866, 0.005114671286844567, 287.5614249125641, 0.1592065744342521, 0.13623498380544652, 0.9065408475554178, 5.170735341428409]}