{"incumbents_value": 0.9263471690089486, "iteration": 22, "runtime": 50.00686764717102, "incumbent": [78.56960015014512, 0.003917620164886445, 0.006823625144630739, 272.0528851457235, 0.8642906042396462, 0.13873432063678898, 0.7276854539615326, 5.718436538889344], "optimization_overhead": 0.2305912971496582, "time_func_eval": 1.2444367408752441}