{"optimization_overhead": 0.9459900856018066, "time_func_eval": 1.2316794395446777, "iteration": 86, "runtime": 371.3797404766083, "incumbents_value": 0.8386600795852922, "incumbent": [140.9207659933465, 0.00929775448074197, 0.01172132827456045, 294.25525453958517, 0.8912238295767534, 0.8771179487355515, 0.9076734384659352, 10.89711535757861]}