{"incumbent": [147.40794577997244, 0.005298817030585877, 0.006816438908841391, 256.3512418294921, 0.8879298000059243, 0.6773282467577506, 0.811998807288681, 5.009826950309514], "iteration": 27, "time_func_eval": 11.814705848693848, "optimization_overhead": 0.19858503341674805, "incumbents_value": 0.5651185716286136, "runtime": 54.77869176864624}