{"incumbent": [147.40794577997244, 0.005298817030585877, 0.006816438908841391, 256.3512418294921, 0.8879298000059243, 0.6773282467577506, 0.811998807288681, 5.009826950309514], "iteration": 60, "time_func_eval": 13.277462720870972, "optimization_overhead": 0.21232295036315918, "incumbents_value": 0.5651185716286136, "runtime": 115.97656798362732}