{"incumbent": [147.40794577997244, 0.005298817030585877, 0.006816438908841391, 256.3512418294921, 0.8879298000059243, 0.6773282467577506, 0.811998807288681, 5.009826950309514], "iteration": 94, "time_func_eval": 2.0511558055877686, "optimization_overhead": 0.27923083305358887, "incumbents_value": 0.5651185716286136, "runtime": 191.8342604637146}