{"incumbents_value": 0.8577165806081468, "time_func_eval": 22.472015380859375, "optimization_overhead": 0.21564626693725586, "incumbent": [85.38906780151859, 0.007023189372005964, 0.05602403743338723, 134.92557898937216, 0.5919940140080964, 0.6908456240620278, 0.3007512367787409, 11.536365807455594], "runtime": 726.9900178909302, "iteration": 48}