{"incumbents_value": 0.45675890606984504, "time_func_eval": 1.2610666751861572, "optimization_overhead": 0.23876690864562988, "incumbent": [137.10374652239503, 0.009119895931927309, 0.022017064415858958, 276.664207596212, 0.8647072428371514, 0.6868440298180495, 0.30151959682078133, 14.870872834062578], "runtime": 39.43902635574341, "iteration": 84}