{"incumbents_value": 0.46276437774528245, "time_func_eval": 0.05197930335998535, "optimization_overhead": 0.22762703895568848, "incumbent": [129.36992818588064, 0.009397929127111243, 0.01357821012288163, 292.46544945087084, 0.8362013849044756, 0.8169332985664682, 0.24661953851243001, 5.487779882584054], "runtime": 22.44692373275757, "iteration": 51}