{"incumbents_value": 0.45675890606984504, "time_func_eval": 0.06766390800476074, "optimization_overhead": 0.24077224731445312, "incumbent": [137.10374652239503, 0.009119895931927309, 0.022017064415858958, 276.664207596212, 0.8647072428371514, 0.6868440298180495, 0.30151959682078133, 14.870872834062578], "runtime": 30.333521366119385, "iteration": 68}