{"incumbents_value": 0.0, "time_func_eval": 0.05482339859008789, "optimization_overhead": 0.15683698654174805, "incumbent": [27.986970804254028, 0.006684783524755573, 0.017315153039220026, 254.96112890289038, 0.7005841627983183, 0.7700581186157875, 0.768718793982056, 14.513910822805695], "runtime": 8.65167784690857, "iteration": 32}