{"incumbents_value": 0.17095912392590085, "time_func_eval": 11.43747091293335, "optimization_overhead": 0.15152931213378906, "incumbent": [56.15993768952836, 0.00902290135038146, 0.06078382809562518, 263.6692729685886, 0.5670853868470327, 0.1679629694474764, 0.2191482232401047, 12.614707250446264], "runtime": 20.287776470184326, "iteration": 3}