{"incumbents_value": 0.13089754573282575, "time_func_eval": 0.0632932186126709, "optimization_overhead": 0.18956804275512695, "incumbent": [9.879653896840408, 0.009704197803983015, 0.029804325845509586, 274.0107369772653, 0.5591994108197824, 0.5660515583566214, 0.16447788281194203, 5.806029378133913], "runtime": 161.43932580947876, "iteration": 29}