{"runtime": 101.29661297798157, "time_func_eval": 1.895298957824707, "incumbents_value": 1.0, "iteration": 56, "optimization_overhead": 0.20487022399902344, "incumbent": [73.57973489546205, 0.00046737288028600893, 0.05706111622141047, 55.52948800167251, 0.15199354594676004, 0.6751349888559993, 0.9502647544681397, 10.93554596617699]}