{"runtime": 24.146009922027588, "time_func_eval": 0.9167273044586182, "incumbents_value": 1.0, "iteration": 16, "optimization_overhead": 0.12290692329406738, "incumbent": [73.57973489546205, 0.00046737288028600893, 0.05706111622141047, 55.52948800167251, 0.15199354594676004, 0.6751349888559993, 0.9502647544681397, 10.93554596617699]}