{"runtime": 151.99448800086975, "time_func_eval": 4.658114194869995, "incumbents_value": 1.0, "iteration": 88, "optimization_overhead": 0.20136761665344238, "incumbent": [73.57973489546205, 0.00046737288028600893, 0.05706111622141047, 55.52948800167251, 0.15199354594676004, 0.6751349888559993, 0.9502647544681397, 10.93554596617699]}