{"runtime": 13.874248266220093, "incumbents_value": -9.672758199686003, "iteration": 40, "incumbent": [1.7426615056989694, 5.32430615852345, 2.9914184654083553, 3.3974132551186056, 4.113333022108092, 2.0846104253557445], "time_func_eval": 1.8358230590820312e-05, "optimization_overhead": 0.35713624954223633}