{"runtime": 11.730856657028198, "incumbents_value": -9.672758199686003, "iteration": 35, "incumbent": [1.7426615056989694, 5.32430615852345, 2.9914184654083553, 3.3974132551186056, 4.113333022108092, 2.0846104253557445], "time_func_eval": 1.71661376953125e-05, "optimization_overhead": 0.49222373962402344}