{"incumbents_value": 0.10637254901960791, "time_func_eval": 0.7684142589569092, "optimization_overhead": 0.2319319248199463, "incumbent": [147.53212787778205, 0.0062434820253218235, 0.03401892850178602, 91.02556929647888, 0.24939551608103117, 0.8341564163591443, 0.17496521154021788, 12.023825682546345], "runtime": 25.18625497817993, "iteration": 52}