{"incumbents_value": 0.464430894308943, "time_func_eval": 0.035752058029174805, "optimization_overhead": 0.00011785825093587239, "incumbent": [51.52040311131213, 0.005083650056515116, 0.07317817309756623, 206.98395307761632, 0.5931726514905132, 0.3746765496871443, 0.22823589149038426, 12.82454387794636], "runtime": 0.036637306213378906, "iteration": 0}