{"incumbents_value": 0.0739657531015614, "time_func_eval": 0.008640050888061523, "optimization_overhead": 0.1971447467803955, "incumbent": [31.927984939421307, 0.009755547633792916, 0.0016037419960586862, 98.22246904739839, 0.12293333778401655, 0.7405677806821795, 0.8750894885289213, 14.53134564844323], "runtime": 9.526132345199585, "iteration": 34}