{"incumbents_value": 0.1777777777777777, "time_func_eval": 0.04649853706359863, "optimization_overhead": 0.23932576179504395, "incumbent": [129.58239060287875, 0.0032778727550337398, 0.0018369728287916623, 290.1235499753353, 0.3328769642695636, 0.8197103909210496, 0.6475397368474387, 6.1588797742106625], "runtime": 12.396789073944092, "iteration": 41}