{"incumbents_value": 0.15712682379349052, "time_func_eval": 0.052443742752075195, "optimization_overhead": 0.17775225639343262, "incumbent": [145.74407800933264, 0.004034193206208438, 0.02376270510110048, 223.67025071833785, 0.4087945312907983, 0.8963047798904721, 0.7915162845641563, 12.817955968972754], "runtime": 26.04102611541748, "iteration": 79}