{"incumbents_value": 0.15712682379349052, "time_func_eval": 0.04234743118286133, "optimization_overhead": 0.22153687477111816, "incumbent": [145.74407800933264, 0.004034193206208438, 0.02376270510110048, 223.67025071833785, 0.4087945312907983, 0.8963047798904721, 0.7915162845641563, 12.817955968972754], "runtime": 30.00711178779602, "iteration": 91}