{"optimization_overhead": 0.2476201057434082, "runtime": 18.056058883666992, "incumbent": [143.7278636955765, 0.01, 0.0001, 90.32790743375088, 0.9, 0.9, 0.999, 5.523395971424485], "incumbents_value": 0.6320501100209412, "time_func_eval": 0.28150391578674316, "iteration": 28}