{"optimization_overhead": 0.2486100196838379, "runtime": 37.16515398025513, "incumbent": [143.7278636955765, 0.01, 0.0001, 90.32790743375088, 0.9, 0.9, 0.999, 5.523395971424485], "incumbents_value": 0.6320501100209412, "time_func_eval": 0.30048203468322754, "iteration": 57}