{"optimization_overhead": 0.29876708984375, "runtime": 4.6821019649505615, "incumbent": [136.03391363432902, 0.007326288083559138, 0.0189771349368638, 273.835516895167, 0.07459065594974548, 0.12433925989999943, 0.9051584393360518, 9.82350440570681], "incumbents_value": 0.7573361073796702, "time_func_eval": 0.2546849250793457, "iteration": 8}