{"optimization_overhead": 0.30051732063293457, "runtime": 47.007582902908325, "incumbent": [131.7120399623859, 0.0021210985057913516, 0.0026597932621832254, 247.70957374249608, 0.3945763666268478, 0.8813729327519874, 0.9196256267517519, 6.530566854566459], "incumbents_value": 0.625276882513899, "time_func_eval": 0.7152681350708008, "iteration": 68}