{"optimization_overhead": 0.3150210380554199, "runtime": 27.556216716766357, "incumbent": [143.7278636955765, 0.01, 0.0001, 90.32790743375088, 0.9, 0.9, 0.999, 5.523395971424485], "incumbents_value": 0.6320501100209412, "time_func_eval": 0.6009669303894043, "iteration": 44}