{"optimization_overhead": 0.23062419891357422, "runtime": 17.525312900543213, "incumbent": [143.7278636955765, 0.01, 0.0001, 90.32790743375088, 0.9, 0.9, 0.999, 5.523395971424485], "incumbents_value": 0.6320501100209412, "time_func_eval": 0.5190870761871338, "iteration": 27}