{"optimization_overhead": 0.30457592010498047, "runtime": 13.276885032653809, "incumbent": [143.7278636955765, 0.01, 0.0001, 90.32790743375088, 0.9, 0.9, 0.999, 5.523395971424485], "incumbents_value": 0.6320501100209412, "time_func_eval": 1.6219079494476318, "iteration": 18}