{"incumbents_value": 0.977502593826635, "time_func_eval": 8.133809566497803, "optimization_overhead": 0.21246051788330078, "incumbent": [110.16401436719605, 0.01, 0.0001, 294.50132208466624, 0.4871093646871819, 0.9, 0.999, 7.439814472320378], "runtime": 608.938295841217, "iteration": 62}