{"incumbents_value": 0.986093079561969, "time_func_eval": 32.17612028121948, "optimization_overhead": 0.1958615779876709, "incumbent": [141.45358360700075, 0.001234985052538161, 0.000245776427956819, 119.97400467858215, 0.04977422178469352, 0.15320025548211458, 0.5086501335159764, 6.257595582536818], "runtime": 153.25972175598145, "iteration": 8}