{"incumbents_value": 0.9985390204503479, "time_func_eval": 1.8797807693481445, "optimization_overhead": 0.00016220410664876303, "incumbent": [115.68924352011872, 0.003965246817800753, 0.01928264840970717, 75.93459951734198, 0.8024533722465395, 0.4534653859333377, 0.7646976202204911, 10.730276378336782], "runtime": 39.283313512802124, "iteration": 2}