{"incumbents_value": 0.1785714285714285, "time_func_eval": 0.029988527297973633, "optimization_overhead": 0.16460371017456055, "incumbent": [140.63934734837375, 0.009666649638202093, 0.007549554606422548, 283.9539494484684, 0.7333995520705479, 0.25813622488128657, 0.872874543652294, 9.609353501977825], "runtime": 1.0312309265136719, "iteration": 5}