{"incumbents_value": 0.2322011927328691, "time_func_eval": 47.32175374031067, "optimization_overhead": 0.18115735054016113, "incumbent": [141.1649742793935, 0.00301807472084097, 0.00457139201759807, 106.55792670394322, 0.8668368813726355, 0.21605180783024172, 0.2353513748474204, 7.746204322698763], "runtime": 180.24167275428772, "iteration": 11}