{"incumbents_value": 0.2322011927328691, "time_func_eval": 5.346585512161255, "optimization_overhead": 0.20043635368347168, "incumbent": [141.1649742793935, 0.00301807472084097, 0.00457139201759807, 106.55792670394322, 0.8668368813726355, 0.21605180783024172, 0.2353513748474204, 7.746204322698763], "runtime": 246.15184450149536, "iteration": 15}