{"incumbents_value": 0.0, "time_func_eval": 0.014651060104370117, "optimization_overhead": 0.2027299404144287, "incumbent": [91.86539346287972, 0.0012303923737061629, 0.06594267813852328, 239.55384755046026, 0.2951418345249431, 0.4916547485465457, 0.10204501273292105, 6.558982816022447], "runtime": 3.5365407466888428, "iteration": 15}