{"optimization_overhead": 1.7007191975911457e-05, "runtime": 0.003676891326904297, "incumbent": [0.7094943085232197, 0.11265191378027384, 0.01600904845067541, 147.0492254816125, 1.323310268934305, 3529.564255998245], "incumbents_value": -2.671439568525349, "time_func_eval": 2.3126602172851562e-05, "iteration": 2}