{"optimization_overhead": 1.013725757598877, "runtime": 4.17457389831543, "incumbent": [0.4213805663056298, 0.0, 0.0, 124.9968614, 1.3136806872491835, 2752.3212565800723], "incumbents_value": -5.342787140016444, "time_func_eval": 1.5735626220703125e-05, "iteration": 6}