{"incumbents_value": 0.8437791258948755, "time_func_eval": 0.6170837879180908, "optimization_overhead": 0.27524662017822266, "incumbent": [11.975975486498902, 0.00035732525342014085, 0.018017916136281665, 254.50005211269638, 0.8832721320663797, 0.8560205317393907, 0.9579083824356349, 11.626504912194505], "runtime": 35.19481158256531, "iteration": 45}