{"incumbents_value": 0.801892906789544, "time_func_eval": 1.3697216510772705, "optimization_overhead": 0.28087687492370605, "incumbent": [146.17868562529725, 0.009859607708557611, 0.0041303944563526465, 294.30832958913294, 0.7893873608329451, 0.7025373444941754, 0.6350009868093441, 14.222879428772252], "runtime": 123.15068173408508, "iteration": 99}