{"incumbents_value": 0.028058728401232136, "time_func_eval": 4.323882579803467, "optimization_overhead": 0.2135765552520752, "incumbent": [141.45073122050226, 0.004467450330217244, 0.001119964546571639, 162.1880864161671, 0.3012641653659066, 0.7294404931855776, 0.35341978077899844, 6.993163632495243], "runtime": 113.90466904640198, "iteration": 57}