{"incumbent": [101.22433447191415, 0.0033520172122076613, 0.0018545267934647351, 289.07951380852444, 0.6838637737343266, 0.8185333130398103, 0.9336781146608427, 14.137143262135499], "iteration": 98, "time_func_eval": 0.11588263511657715, "optimization_overhead": 0.19765663146972656, "incumbents_value": 0.3847758686186844, "runtime": 44.467546463012695}