{"incumbent": [101.22433447191415, 0.0033520172122076613, 0.0018545267934647351, 289.07951380852444, 0.6838637737343266, 0.8185333130398103, 0.9336781146608427, 14.137143262135499], "iteration": 90, "time_func_eval": 0.15825319290161133, "optimization_overhead": 0.23998546600341797, "incumbents_value": 0.3847758686186844, "runtime": 41.85484313964844}