{"incumbents_value": 0.14088004377378194, "time_func_eval": 0.08305048942565918, "optimization_overhead": 0.18732762336730957, "incumbent": [130.48159412816338, 0.008603797799583812, 0.012630917843988508, 86.20175375068018, 0.012295565520411198, 0.5666047366796392, 0.8439460694278583, 6.189722763562902], "runtime": 27.27202296257019, "iteration": 75}