{"incumbents_value": 0.32636046554257836, "time_func_eval": 0.34476470947265625, "optimization_overhead": 0.1917891502380371, "incumbent": [142.0609308897959, 0.009514258028061126, 0.013666743944804377, 57.163325912507815, 0.8701302376640571, 0.26143686566124563, 0.6753528723112172, 13.984817550681093], "runtime": 6.071041107177734, "iteration": 10}