{"incumbents_value": 0.47461009886778716, "time_func_eval": 0.044510602951049805, "optimization_overhead": 0.20453715324401855, "incumbent": [68.15001383536766, 0.008428431516628823, 0.0011125499007834285, 286.4336492845337, 0.7007436938090031, 0.3631916363604655, 0.4638341289835139, 5.79762685422657], "runtime": 2.975757360458374, "iteration": 5}