{"incumbents_value": 0.17052131338868126, "time_func_eval": 0.13073515892028809, "optimization_overhead": 0.2880747318267822, "incumbent": [132.67260943464646, 0.005303371688776116, 0.01063440045487349, 290.0506202454447, 0.8824727478476445, 0.10292669108695562, 0.9026714070517373, 12.129039700952834], "runtime": 30.300994396209717, "iteration": 41}