{"incumbents_value": 0.17052131338868126, "time_func_eval": 0.49115729331970215, "optimization_overhead": 0.3776228427886963, "incumbent": [132.67260943464646, 0.005303371688776116, 0.01063440045487349, 290.0506202454447, 0.8824727478476445, 0.10292669108695562, 0.9026714070517373, 12.129039700952834], "runtime": 64.99078011512756, "iteration": 83}