{"incumbents_value": 0.10288691521568238, "iteration": 5, "runtime": 1.855985403060913, "incumbent": [96.74679613257788, 0.0003132135065538735, 0.028286175513458953, 278.9658459084187, 0.20500388326662117, 0.8644419028395228, 0.8266633730707613, 12.532395276744811], "optimization_overhead": 0.23700284957885742, "time_func_eval": 0.036206722259521484}