{"incumbents_value": 0.09847423818012058, "iteration": 22, "runtime": 12.26859712600708, "incumbent": [22.529825299827714, 0.006410137092194809, 0.015346913047096811, 277.83215296572916, 0.7827092738004386, 0.8426497482632372, 0.9926980905201521, 13.993888994766055], "optimization_overhead": 0.18457841873168945, "time_func_eval": 0.02290630340576172}