{"incumbents_value": 0.043111950249691944, "iteration": 43, "runtime": 25.582413911819458, "incumbent": [57.70896328113816, 0.004193020751678399, 0.04168965833210245, 263.0232644527836, 0.5296560329615113, 0.5336653044408042, 0.8069192444495344, 14.943886574474307], "optimization_overhead": 0.36165475845336914, "time_func_eval": 0.5271971225738525}