{"time_func_eval": 0.013603925704956055, "runtime": 27.4121253490448, "incumbents_value": 0.37883597883597886, "iteration": 96, "incumbent": [105.8322529375798, 0.009161164116542702, 0.01809996840052186, 293.41014416854034, 0.8718564441113186, 0.7332866018482316, 0.2633762692702555, 14.800196401559047], "optimization_overhead": 0.22176194190979004}