{"time_func_eval": 0.040960073471069336, "runtime": 21.869520902633667, "incumbents_value": 0.37883597883597886, "iteration": 77, "incumbent": [105.8322529375798, 0.009161164116542702, 0.01809996840052186, 293.41014416854034, 0.8718564441113186, 0.7332866018482316, 0.2633762692702555, 14.800196401559047], "optimization_overhead": 0.21504855155944824}