{"incumbents_value": 0.7837937214188605, "time_func_eval": 0.11688590049743652, "optimization_overhead": 0.23990297317504883, "incumbent": [74.9271294717132, 1e-05, 0.0001, 51.830472568646584, 0.01, 0.9, 0.4563278195711876, 5.198350620770771], "runtime": 13.881226539611816, "iteration": 29}