{"incumbents_value": 0.7837937214188605, "time_func_eval": 0.14795541763305664, "optimization_overhead": 0.4209132194519043, "incumbent": [74.9271294717132, 1e-05, 0.0001, 51.830472568646584, 0.01, 0.9, 0.4563278195711876, 5.198350620770771], "runtime": 42.12478709220886, "iteration": 83}