{"incumbents_value": 0.7837937214188605, "time_func_eval": 0.08692216873168945, "optimization_overhead": 0.22272491455078125, "incumbent": [74.9271294717132, 1e-05, 0.0001, 51.830472568646584, 0.01, 0.9, 0.4563278195711876, 5.198350620770771], "runtime": 33.36835741996765, "iteration": 68}