{"incumbents_value": 0.013376248069647989, "time_func_eval": 2.1939477920532227, "optimization_overhead": 0.291271448135376, "incumbent": [127.8301662548245, 1e-05, 0.0030829993872928513, 286.0761118610153, 0.01, 0.8141054541005244, 0.8010615327826194, 15.0], "runtime": 3402.556813955307, "iteration": 82}