{"incumbents_value": 0.013846867601181256, "time_func_eval": 74.43377637863159, "optimization_overhead": 0.3514997959136963, "incumbent": [127.81004681883321, 0.0047219234280711135, 0.0021478455324789934, 285.9980628976457, 0.03291600554082649, 0.5167558214841135, 0.6651445937960765, 14.889630344559425], "runtime": 1782.784315109253, "iteration": 35}