{"incumbents_value": 0.013376248069647989, "time_func_eval": 87.14139032363892, "optimization_overhead": 0.4368410110473633, "incumbent": [127.8301662548245, 1e-05, 0.0030829993872928513, 286.0761118610153, 0.01, 0.8141054541005244, 0.8010615327826194, 15.0], "runtime": 3632.621366262436, "iteration": 94}