{"incumbents_value": 0.013376248069647989, "time_func_eval": 46.88488268852234, "optimization_overhead": 0.26955604553222656, "incumbent": [127.8301662548245, 1e-05, 0.0030829993872928513, 286.0761118610153, 0.01, 0.8141054541005244, 0.8010615327826194, 15.0], "runtime": 2426.9517254829407, "iteration": 53}