{"incumbents_value": 0.23584214105655232, "time_func_eval": 0.04913043975830078, "optimization_overhead": 0.20204710960388184, "incumbent": [122.35994245623866, 0.0006880698563909, 0.0035985240307759526, 248.36908288705203, 0.09632074546128286, 0.6684779138612823, 0.7264647133172049, 12.746602486573934], "runtime": 75.90295100212097, "iteration": 18}