{"incumbents_value": 0.9588059701492537, "time_func_eval": 1.3164012432098389, "optimization_overhead": 0.00010657310485839844, "incumbent": [88.87951593645059, 0.003972985717804002, 0.06743244197743, 186.07346120160895, 0.3960410485841981, 0.4961563403755751, 0.11967091371042138, 5.625296409619231], "runtime": 1.3172523975372314, "iteration": 0}