{"incumbents_value": 0.782962962962963, "time_func_eval": 0.022601842880249023, "optimization_overhead": 0.1793053150177002, "incumbent": [83.72419981895638, 0.0002144217117633853, 0.0026498059582591113, 242.818897222924, 0.09740390076154042, 0.8617418910222339, 0.6941965267580603, 5.277423047918173], "runtime": 0.9825537204742432, "iteration": 6}