{"incumbents_value": 0.831764419902381, "time_func_eval": 0.37116193771362305, "optimization_overhead": 0.25288844108581543, "incumbent": [73.72736198350117, 0.006441810166666286, 0.019163455422645744, 136.9555040148528, 0.7316513244992195, 0.5617677111517985, 0.22046084320173415, 14.146424195263108], "runtime": 10.87628722190857, "iteration": 7}