{"time_func_eval": 0.6329710483551025, "runtime": 49.763471603393555, "incumbents_value": 0.23624031734235906, "iteration": 25, "incumbent": [4.7453697034521625, 0.0025735956990123286, 0.0025724318459050995, 226.29595183788686, 0.5038348611380119, 0.8529028397016921, 0.908997319530645, 14.738487275861553], "optimization_overhead": 0.19230914115905762}