{"time_func_eval": 0.15371179580688477, "runtime": 73.58075499534607, "incumbents_value": 0.15162333585969812, "iteration": 52, "incumbent": [51.26768355580746, 0.0032352204413896206, 0.007278856658195615, 144.4552210087914, 0.6131422985082651, 0.87196750535504, 0.8993791360623575, 11.449859076515791], "optimization_overhead": 0.27347278594970703}