{"time_func_eval": 0.19648241996765137, "runtime": 68.86563396453857, "incumbents_value": 0.15162333585969812, "iteration": 43, "incumbent": [51.26768355580746, 0.0032352204413896206, 0.007278856658195615, 144.4552210087914, 0.6131422985082651, 0.87196750535504, 0.8993791360623575, 11.449859076515791], "optimization_overhead": 0.1985459327697754}