{"incumbents_value": 0.1998242370246155, "iteration": 47, "runtime": 1228.3879442214966, "incumbent": [145.66649081712606, 0.000814695969862074, 0.0002755934851891926, 247.5185783213848, 0.619211721836178, 0.34856841239217007, 0.10629771220461484, 6.495188420390281], "optimization_overhead": 0.24431419372558594, "time_func_eval": 25.240697383880615}