{"incumbents_value": 0.680448248899709, "time_func_eval": 0.08220362663269043, "optimization_overhead": 0.16268134117126465, "incumbent": [16.8530219135516, 0.001470116914711701, 0.00691120814298548, 240.44827916296825, 0.14537566580807698, 0.8262562094906232, 0.1829045145374909, 5.566379536407108], "runtime": 9.171814680099487, "iteration": 5}