{"incumbents_value": 0.5934894646756566, "time_func_eval": 0.1282641887664795, "optimization_overhead": 0.17515993118286133, "incumbent": [16.92559082218465, 1e-05, 0.0001, 240.34727694357238, 0.01, 0.14583767040729523, 0.0999, 5.52563066617517], "runtime": 57.53611731529236, "iteration": 22}