{"incumbents_value": 0.5777486510561192, "time_func_eval": 0.1319870948791504, "optimization_overhead": 0.19075512886047363, "incumbent": [17.015841569715295, 0.01, 0.0001, 240.35380905300684, 0.19787458090191334, 0.09, 0.0999, 5.534641885196273], "runtime": 129.7105028629303, "iteration": 44}