{"incumbents_value": 0.530209111615878, "time_func_eval": 31.04167079925537, "optimization_overhead": 0.41835904121398926, "incumbent": [69.71682421365556, 0.009709299423005082, 0.0016869918071044084, 280.67440060717126, 0.7688874002851915, 0.33379555210844625, 0.10530066553703551, 14.86989927585126], "runtime": 453.4659583568573, "iteration": 90}