{"incumbents_value": 0.16784167056256816, "time_func_eval": 0.05730795860290527, "optimization_overhead": 0.1984407901763916, "incumbent": [43.34338654334724, 0.000977813271874955, 0.019360425103554322, 60.012560016937925, 0.13294242992765065, 0.7818026909440992, 0.9919215268065497, 7.09796767997085], "runtime": 22.495036125183105, "iteration": 73}