{"incumbents_value": 0.004486235806237304, "time_func_eval": 16.1927387714386, "optimization_overhead": 0.20193195343017578, "incumbent": [106.63773193709096, 0.0006536090721839547, 0.0017933087377249835, 207.16839608883495, 0.3273776403055605, 0.8925962420322103, 0.9087239471337725, 13.314285325246505], "runtime": 112.5955400466919, "iteration": 11}