{"incumbents_value": 0.040725135476982754, "time_func_eval": 0.7124629020690918, "optimization_overhead": 0.1907644271850586, "incumbent": [36.2586458177237, 0.000590632584430991, 0.05206477864134049, 189.1901804646228, 0.794653504275079, 0.8272470763241797, 0.9664503651581324, 10.976328750915759], "runtime": 17.47540545463562, "iteration": 6}