{"incumbents_value": 0.10685218760058779, "time_func_eval": 96.14612865447998, "optimization_overhead": 0.2369983196258545, "incumbent": [130.81582742012273, 0.008746527736718739, 0.004732101022772465, 241.64759792968422, 0.7169570238705486, 0.4656011687130503, 0.3633149096838983, 12.415818423597234], "runtime": 155.8892116546631, "iteration": 7}