{"incumbents_value": 0.07741571382710988, "time_func_eval": 5.551135063171387, "optimization_overhead": 0.1631946563720703, "incumbent": [145.65939339132018, 0.0037321103273300856, 0.001867517858601531, 170.40696274301803, 0.3336342230673871, 0.1358158694184201, 0.8442085121957045, 12.465456932450929], "runtime": 745.2116062641144, "iteration": 46}