{"time_func_eval": 0.025596141815185547, "runtime": 21.09976363182068, "incumbents_value": 0.13095238095238093, "iteration": 69, "incumbent": [133.35693871319634, 0.009810125899362967, 0.08011807792035147, 275.04761487950475, 0.33977828977980107, 0.8390285554804057, 0.8971478663665248, 5.479008050153897], "optimization_overhead": 0.2126600742340088}