{"time_func_eval": 0.07616472244262695, "runtime": 11.873809337615967, "incumbents_value": 0.13095238095238093, "iteration": 42, "incumbent": [133.35693871319634, 0.009810125899362967, 0.08011807792035147, 275.04761487950475, 0.33977828977980107, 0.8390285554804057, 0.8971478663665248, 5.479008050153897], "optimization_overhead": 0.2200453281402588}