{"incumbent": [16.31827234475287, 0.009423150009179206, 0.010225936901280663, 77.98309750954633, 0.13379863090471142, 0.2764168388887973, 0.8921573675812827, 14.977461648719006], "iteration": 42, "time_func_eval": 0.05741071701049805, "optimization_overhead": 0.18164324760437012, "incumbents_value": 0.785, "runtime": 11.577163696289062}