{"incumbent": [16.31827234475287, 0.009423150009179206, 0.010225936901280663, 77.98309750954633, 0.13379863090471142, 0.2764168388887973, 0.8921573675812827, 14.977461648719006], "iteration": 32, "time_func_eval": 0.13074302673339844, "optimization_overhead": 0.16356277465820312, "incumbents_value": 0.785, "runtime": 8.71444296836853}