{"incumbent": [74.22965054429395, 0.0006502623164875534, 0.023295315110876624, 152.1321090300589, 0.8708942607828918, 0.8838545327624815, 0.9114298713539103, 13.409585287970284], "iteration": 97, "time_func_eval": 0.6519536972045898, "optimization_overhead": 0.26843857765197754, "incumbents_value": 0.21292822005686163, "runtime": 66.2499053478241}