{"incumbents_value": 0.03827908547807779, "time_func_eval": 1.1286160945892334, "optimization_overhead": 0.1855635643005371, "incumbent": [10.996475651810236, 0.00583501297234286, 0.004717750173119235, 59.062249502484164, 0.04742053588741043, 0.24666635351245803, 0.12765635257129568, 7.279358256121471], "runtime": 51.7923047542572, "iteration": 5}