{"incumbents_value": 0.02442266033880447, "time_func_eval": 3.9251203536987305, "optimization_overhead": 0.39533448219299316, "incumbent": [144.47209883252992, 0.00041335539187255254, 0.0019467067563498424, 214.16925751361427, 0.08555730227948817, 0.14057589409818966, 0.9038220967362549, 12.084097537053566], "runtime": 738.7500755786896, "iteration": 57}