{"incumbents_value": 0.02111367056489666, "time_func_eval": 23.325129985809326, "optimization_overhead": 0.2630164623260498, "incumbent": [88.41741775956096, 0.0012533205959259753, 0.004101389190440709, 102.6189322164049, 0.45589233802303025, 0.1443955496944934, 0.2313998387011007, 14.92610127669735], "runtime": 762.3463175296783, "iteration": 58}