{"runtime": 27.230292558670044, "iteration": 25, "time_func_eval": 0.04464459419250488, "incumbent": [26.207660988522438, 0.0016068378173915128, 0.0007006472504318868, 239.96395701143425, 0.8439809045119595, 0.4997136687140421, 0.1066870533195487, 6.526284169757765], "incumbents_value": 0.925320519363861, "optimization_overhead": 0.37679362297058105}