{"runtime": 44.4701292514801, "iteration": 37, "time_func_eval": 0.11922669410705566, "incumbent": [130.60670797375707, 0.0006632438226676867, 0.02267214002690559, 78.30642312129314, 0.04416511223270547, 0.7932151108422418, 0.8154697991874702, 5.529419436016932], "incumbents_value": 0.9002956584478323, "optimization_overhead": 0.4168860912322998}