{"time_func_eval": 4.642171621322632, "optimization_overhead": 0.25183868408203125, "incumbent": [131.7153918556648, 0.009353436171976415, 0.01754727764526529, 280.4105498041499, 0.8529349147519801, 0.26663506642574175, 0.37306949550021296, 13.659624539714555], "incumbents_value": 0.05376620700232804, "runtime": 181.32224655151367, "iteration": 51}