{"time_func_eval": 0.9111104011535645, "optimization_overhead": 0.18877840042114258, "incumbent": [144.5077060207489, 0.0035753208499734353, 0.04185941198691155, 146.88398637340433, 0.6495897128105486, 0.7225383677774583, 0.960893451837054, 14.639947143387413], "incumbents_value": 0.07241094987435148, "runtime": 7.254599094390869, "iteration": 3}