{"time_func_eval": 0.3687307834625244, "optimization_overhead": 0.25101137161254883, "incumbent": [131.7153918556648, 0.009353436171976415, 0.01754727764526529, 280.4105498041499, 0.8529349147519801, 0.26663506642574175, 0.37306949550021296, 13.659624539714555], "incumbents_value": 0.05376620700232804, "runtime": 356.55624747276306, "iteration": 97}