{"incumbents_value": 0.046452839862475614, "time_func_eval": 2.1837141513824463, "optimization_overhead": 0.17672133445739746, "incumbent": [43.56896737662306, 0.0015455386522694593, 0.0006439957064570804, 60.69801240280724, 0.8482794047067364, 0.1716170245434282, 0.2106796215341591, 14.985670456326176], "runtime": 278.3636636734009, "iteration": 73}