{"incumbents_value": 0.18021175622449082, "time_func_eval": 0.4664909839630127, "optimization_overhead": 0.2872180938720703, "incumbent": [70.35145847292941, 0.007023210498330805, 0.018986588457999092, 112.16857112843589, 0.48102021845185094, 0.8417779158195648, 0.8889825482060751, 8.243495352133118], "runtime": 39.71635293960571, "iteration": 54}