{"incumbents_value": 0.10376409017713362, "time_func_eval": 0.09652519226074219, "optimization_overhead": 0.30259084701538086, "incumbent": [84.89816289512869, 0.001658924505762818, 0.02119844647996922, 289.4272114383266, 0.6332250751062503, 0.7288292207361667, 0.6564349558427718, 14.930071876534983], "runtime": 69.49171996116638, "iteration": 93}