{"incumbents_value": 0.8577165806081468, "time_func_eval": 14.996646881103516, "optimization_overhead": 0.2506532669067383, "incumbent": [85.38906780151859, 0.007023189372005964, 0.05602403743338723, 134.92557898937216, 0.5919940140080964, 0.6908456240620278, 0.3007512367787409, 11.536365807455594], "runtime": 678.4352397918701, "iteration": 41}