{"incumbents_value": 0.5184017090945396, "time_func_eval": 4.35120701789856, "optimization_overhead": 0.22501921653747559, "incumbent": [147.8412173992884, 0.0017821229430664697, 0.007057940041938734, 143.22217561180076, 0.6018198486260826, 0.8086898917433849, 0.9001168389719032, 13.541550770389021], "runtime": 248.05654287338257, "iteration": 41}