{"incumbents_value": 0.7846003202300064, "time_func_eval": 0.5165219306945801, "optimization_overhead": 0.2333660125732422, "incumbent": [132.93355734561885, 0.00489478965291218, 0.0127557946347135, 296.38435880679845, 0.1324820105649595, 0.8287432959152515, 0.9907030711842965, 11.312350476919674], "runtime": 78.2517158985138, "iteration": 25}