{"incumbents_value": 0.7652728271460407, "time_func_eval": 1.0049540996551514, "optimization_overhead": 0.24882149696350098, "incumbent": [28.250310088875136, 0.009743848858023334, 0.0023394819619265168, 275.7874734415408, 0.8815549312356945, 0.35682907722162105, 0.880665062110463, 14.79342443985892], "runtime": 108.33868169784546, "iteration": 37}