{"runtime": 15.968051433563232, "incumbent": [147.56795585329527, 0.0014848555514150746, 0.08430549076039244, 281.6719855798556, 0.7337006150621458, 0.09700642231427527, 0.5534938690517623, 14.132571821771121], "optimization_overhead": 0.4270057678222656, "time_func_eval": 2.7838563919067383, "iteration": 18, "incumbents_value": 0.0444444444444444}