{"runtime": 21.249020099639893, "incumbent": [147.56795585329527, 0.0014848555514150746, 0.08430549076039244, 281.6719855798556, 0.7337006150621458, 0.09700642231427527, 0.5534938690517623, 14.132571821771121], "optimization_overhead": 0.3134725093841553, "time_func_eval": 0.5590479373931885, "iteration": 23, "incumbents_value": 0.0444444444444444}