{"incumbents_value": 0.08851552985164002, "time_func_eval": 0.8706009387969971, "optimization_overhead": 0.15748882293701172, "incumbent": [60.681992175616195, 0.0023305451084862754, 0.011537035005440299, 198.18787868903314, 0.17034696100293215, 0.5223120216661306, 0.9864721208766379, 14.541249269776262], "runtime": 26.160088062286377, "iteration": 22}