{"incumbents_value": 0.05420927825675359, "time_func_eval": 0.8537862300872803, "optimization_overhead": 0.3142697811126709, "incumbent": [121.14382533310449, 0.0053064083896819025, 0.006346479690678369, 243.6038771958804, 0.4767242484055465, 0.7363481065394336, 0.5739075051517162, 14.685744114216657], "runtime": 127.73536205291748, "iteration": 72}