{"incumbents_value": 0.029466425136781105, "time_func_eval": 0.30611348152160645, "optimization_overhead": 0.27016568183898926, "incumbent": [143.19960663141563, 0.003633230423204204, 0.0924664387575192, 145.97064990143235, 0.2921396850768439, 0.7725850717967072, 0.9043465426758749, 14.494365188764899], "runtime": 42.756898164749146, "iteration": 44}