{"incumbents_value": 0.029466425136781105, "time_func_eval": 0.6209206581115723, "optimization_overhead": 0.3592040538787842, "incumbent": [143.19960663141563, 0.003633230423204204, 0.0924664387575192, 145.97064990143235, 0.2921396850768439, 0.7725850717967072, 0.9043465426758749, 14.494365188764899], "runtime": 66.7836422920227, "iteration": 60}