{"runtime": 583.5056297779083, "incumbent": [108.20940144526826, 0.00043242554321304644, 0.006920697977598637, 299.1034183629657, 0.8913902624420363, 0.2881253760911969, 0.11574690301740098, 14.728397993747556], "optimization_overhead": 0.6299049854278564, "time_func_eval": 39.520864963531494, "iteration": 82, "incumbents_value": 0.18972756644929023}