{"runtime": 454.01478719711304, "incumbent": [108.20940144526826, 0.00043242554321304644, 0.006920697977598637, 299.1034183629657, 0.8913902624420363, 0.2881253760911969, 0.11574690301740098, 14.728397993747556], "optimization_overhead": 0.5025615692138672, "time_func_eval": 11.732621908187866, "iteration": 70, "incumbents_value": 0.18972756644929023}