{"incumbents_value": 0.6383555046600862, "time_func_eval": 0.21586370468139648, "optimization_overhead": 0.20052099227905273, "incumbent": [61.28021965346994, 0.01, 0.0001, 50.8736587489032, 0.1274393118864164, 0.8307304415256576, 0.15312363262397266, 13.3016298458953], "runtime": 33.74970006942749, "iteration": 70}