{"incumbents_value": 0.7136558959763379, "time_func_eval": 0.3969848155975342, "optimization_overhead": 0.1692509651184082, "incumbent": [80.43560817989794, 0.002834932128627203, 0.04622799108289107, 134.17533382176782, 0.47532492205566446, 0.8225253433371922, 0.8467267267613134, 5.980720854561071], "runtime": 3.4728732109069824, "iteration": 9}