{"runtime": 153.58748197555542, "iteration": 30, "time_func_eval": 1.7154958248138428, "incumbent": [48.50073549380645, 0.009666023491984643, 0.001624478646417345, 57.97288937648699, 0.6223926689456323, 0.8690557025863854, 0.9611486394709929, 5.039168870208378], "incumbents_value": 0.03330717179065967, "optimization_overhead": 0.1991405487060547}