{"runtime": 377.95217967033386, "iteration": 60, "time_func_eval": 1.8386688232421875, "incumbent": [147.78892626186175, 0.009214641378717593, 0.011776348216970475, 295.7137602165004, 0.42293832442409657, 0.6372764240862548, 0.9745544945088955, 10.332792219452248], "incumbents_value": 0.033012329400562423, "optimization_overhead": 0.4035515785217285}