{"runtime": 49.170560359954834, "iteration": 8, "time_func_eval": 0.3777468204498291, "incumbent": [145.15086444736343, 0.005544589166055326, 0.0008916779998082938, 66.21597245217055, 0.5382621769055621, 0.6448003377262017, 0.9982571849532623, 10.845907550503838], "incumbents_value": 0.03363164984998446, "optimization_overhead": 0.4053304195404053}