{"runtime": 30.122273445129395, "iteration": 3, "time_func_eval": 0.15538763999938965, "incumbent": [145.15086444736343, 0.005544589166055326, 0.0008916779998082938, 66.21597245217055, 0.5382621769055621, 0.6448003377262017, 0.9982571849532623, 10.845907550503838], "incumbents_value": 0.03363164984998446, "optimization_overhead": 0.3184499740600586}