{"incumbents_value": 0.755410665849692, "time_func_eval": 1.2027106285095215, "optimization_overhead": 8.31286112467448e-05, "incumbent": [49.82555033030626, 0.0055857270055192434, 0.04301033984863703, 263.1043447711556, 0.5033553312230599, 0.47499502077639044, 0.8475344577738113, 13.543932265623218], "runtime": 1.8553884029388428, "iteration": 2}