{"incumbents_value": 0.8577165806081468, "time_func_eval": 6.860808372497559, "optimization_overhead": 0.15818452835083008, "incumbent": [107.13411126167483, 0.008799124452822684, 0.06015637678587751, 145.0267868153468, 0.2640260099398829, 0.4233666484128609, 0.492204509377948, 10.874225003226156], "runtime": 170.1903338432312, "iteration": 7}