{"incumbents_value": 0.6965811965811965, "time_func_eval": 0.05644655227661133, "optimization_overhead": 0.24738311767578125, "incumbent": [67.59549420890198, 0.006128757545493392, 0.0503536774988399, 115.4292406009666, 0.4746090923663868, 0.7512108830410439, 0.985279357789904, 9.726891565759958], "runtime": 16.65542221069336, "iteration": 62}