{"runtime": 43.289790391922, "time_func_eval": 0.21990132331848145, "incumbents_value": 0.6347497578427697, "iteration": 70, "optimization_overhead": 0.26891160011291504, "incumbent": [123.08029561782105, 1e-05, 0.0001, 282.817871473825, 0.8362196880755901, 0.8463883253519006, 0.999, 13.120428847499278]}