{"runtime": 7.684520721435547, "time_func_eval": 0.046723127365112305, "incumbents_value": 0.699464068229588, "iteration": 15, "optimization_overhead": 0.20546960830688477, "incumbent": [123.03217978188725, 1e-05, 0.09421956599524602, 282.92260947911006, 0.6750699061753571, 0.8285115318884162, 0.999, 13.10890075848667]}