{"runtime": 25.442498445510864, "time_func_eval": 0.3516099452972412, "incumbents_value": 0.6347497578427697, "iteration": 42, "optimization_overhead": 0.23862576484680176, "incumbent": [123.08029561782105, 1e-05, 0.0001, 282.817871473825, 0.8362196880755901, 0.8463883253519006, 0.999, 13.120428847499278]}