{"runtime": 55.10295581817627, "optimization_overhead": 0.19887828826904297, "incumbent": [129.1151430055125, 0.009518705798911248, 0.0274117497854865, 91.70403166254002, 0.7533906529144113, 0.8953192507848934, 0.9836197132936261, 7.400563235028016], "time_func_eval": 0.020442724227905273, "incumbents_value": 0.0, "iteration": 82}