{"runtime": 51.6266303062439, "optimization_overhead": 0.2745335102081299, "incumbent": [129.1151430055125, 0.009518705798911248, 0.0274117497854865, 91.70403166254002, 0.7533906529144113, 0.8953192507848934, 0.9836197132936261, 7.400563235028016], "time_func_eval": 0.30022120475769043, "incumbents_value": 0.0, "iteration": 77}