{"runtime": 55.95135426521301, "optimization_overhead": 0.2177278995513916, "incumbent": [129.1151430055125, 0.009518705798911248, 0.0274117497854865, 91.70403166254002, 0.7533906529144113, 0.8953192507848934, 0.9836197132936261, 7.400563235028016], "time_func_eval": 0.19901013374328613, "incumbents_value": 0.0, "iteration": 84}