{"runtime": 15.859983682632446, "optimization_overhead": 0.2128145694732666, "incumbent": [36.89812689552362, 0.007146604482449067, 0.0048706618487122984, 94.86487365085625, 0.5499206494872613, 0.8777606707126177, 0.9528455715354596, 8.917918397982394], "time_func_eval": 0.01472330093383789, "incumbents_value": 0.4457244312316776, "iteration": 62}