{"runtime": 0.7856221199035645, "optimization_overhead": 0.15943264961242676, "incumbent": [37.19177116844091, 0.00017023070420048856, 0.01432464378415881, 217.98651753102493, 0.24271128683115453, 0.8440501198555279, 0.9615651506270662, 14.662005070193691], "time_func_eval": 0.08823704719543457, "incumbents_value": 0.46099111616352995, "iteration": 3}