{"runtime": 10.670572757720947, "optimization_overhead": 0.19592785835266113, "incumbent": [138.42304752510168, 2.2152757208039896e-05, 0.006595001743207457, 290.39566695653764, 0.0830615764095702, 0.7210587414786771, 0.5654989127467661, 5.351600626445022], "time_func_eval": 0.15903830528259277, "incumbents_value": 0.05619239244993768, "iteration": 34}