{"runtime": 26.510871171951294, "optimization_overhead": 0.3815946578979492, "incumbent": [129.9041849094709, 0.009666944163532913, 0.013674557368769517, 286.3082722923043, 0.7624686068322847, 0.13644670033114073, 0.9318762281020351, 14.793846499297608], "time_func_eval": 0.05386018753051758, "incumbents_value": 0.03486857969616597, "iteration": 72}