{"optimization_overhead": 0.25044798851013184, "runtime": 63.022464752197266, "incumbent": [143.65100146898854, 0.008786023693969027, 0.00459713648546843, 235.3476868066371, 0.5063576994528939, 0.5894753725075587, 0.8527271315884402, 14.519196385135867], "incumbents_value": 0.11678707451178294, "time_func_eval": 0.7180140018463135, "iteration": 61}