{"optimization_overhead": 0.25557732582092285, "runtime": 67.2826988697052, "incumbent": [134.31558826582688, 0.0005690302140539706, 0.006552001974624329, 148.09367055210743, 0.7579150289293897, 0.8742618972382376, 0.8671587086353244, 11.517436958241012], "incumbents_value": 0.10277880176709098, "time_func_eval": 1.1605021953582764, "iteration": 65}