{"optimization_overhead": 0.33559584617614746, "runtime": 4.026862859725952, "incumbent": [55.91697668701646, 0.003759828473187287, 0.007459775821838783, 259.2384112055236, 0.8819832236521811, 0.8970333893401001, 0.9346414444675385, 6.511042524477335], "incumbents_value": 0.19957832793204688, "time_func_eval": 0.8599457740783691, "iteration": 6}