{"optimization_overhead": 0.23254990577697754, "runtime": 48.8788628578186, "incumbent": [143.65100146898854, 0.008786023693969027, 0.00459713648546843, 235.3476868066371, 0.5063576994528939, 0.5894753725075587, 0.8527271315884402, 14.519196385135867], "incumbents_value": 0.11678707451178294, "time_func_eval": 1.39296293258667, "iteration": 41}