{"optimization_overhead": 0.22125601768493652, "runtime": 7.902666807174683, "incumbent": [138.89477290859833, 0.008080157515371611, 0.004078516254143284, 56.181401792247215, 0.19164111237634576, 0.8441938414419085, 0.563831222266493, 5.099644305726246], "incumbents_value": 0.9636363636363636, "time_func_eval": 0.19841504096984863, "iteration": 21}