{"optimization_overhead": 0.3886590003967285, "runtime": 29.16366982460022, "incumbent": [138.89477290859833, 0.008080157515371611, 0.004078516254143284, 56.181401792247215, 0.19164111237634576, 0.8441938414419085, 0.563831222266493, 5.099644305726246], "incumbents_value": 0.9636363636363636, "time_func_eval": 0.09535408020019531, "iteration": 77}