{"incumbents_value": 0.5842670351513648, "time_func_eval": 1.2091021537780762, "optimization_overhead": 0.18934035301208496, "incumbent": [140.583681569021, 0.008234573260735187, 0.004181831960954046, 286.98499301832743, 0.11703818550302085, 0.2502367814161429, 0.8526162481146563, 13.843616157722021], "runtime": 181.41020607948303, "iteration": 34}