{"incumbents_value": 0.05861397994312234, "time_func_eval": 0.10230445861816406, "optimization_overhead": 0.3105299472808838, "incumbent": [9.918006163513006, 0.00033533312191366465, 0.09687917813799378, 163.98126596970383, 0.10827013556178573, 0.6426937839603164, 0.8995157188640426, 14.86239318220833], "runtime": 29.76791524887085, "iteration": 75}