{"incumbents_value": 0.05861397994312234, "time_func_eval": 0.021448135375976562, "optimization_overhead": 0.2834353446960449, "incumbent": [9.918006163513006, 0.00033533312191366465, 0.09687917813799378, 163.98126596970383, 0.10827013556178573, 0.6426937839603164, 0.8995157188640426, 14.86239318220833], "runtime": 31.05452799797058, "iteration": 78}