{"incumbents_value": 0.06989030869627888, "time_func_eval": 0.28585100173950195, "optimization_overhead": 0.22548294067382812, "incumbent": [129.44556492967806, 0.008559550830786805, 0.004427759125651216, 281.5103462172488, 0.8364271985517782, 0.262283470118847, 0.5163658677068305, 14.140583587987534], "runtime": 5.821123361587524, "iteration": 16}