{"incumbents_value": 0.05861397994312234, "time_func_eval": 0.17050623893737793, "optimization_overhead": 0.23591828346252441, "incumbent": [9.918006163513006, 0.00033533312191366465, 0.09687917813799378, 163.98126596970383, 0.10827013556178573, 0.6426937839603164, 0.8995157188640426, 14.86239318220833], "runtime": 31.467820644378662, "iteration": 79}