{"incumbents_value": 0.01609175963234233, "time_func_eval": 31.796417474746704, "optimization_overhead": 0.19586801528930664, "incumbent": [134.39503359878157, 0.007617707369885839, 0.001274909770301891, 264.40011903121547, 0.8829839529466474, 0.27723652199422133, 0.7711049195904688, 14.311366141614409], "runtime": 398.1333439350128, "iteration": 14}