{"incumbents_value": 0.02539904967354556, "time_func_eval": 60.81658887863159, "optimization_overhead": 0.2403874397277832, "incumbent": [149.2474899446752, 1e-05, 0.0001, 224.3679876099971, 0.7538791845897486, 0.09, 0.19286050780841962, 6.115983007116149], "runtime": 128.72797799110413, "iteration": 3}