{"incumbents_value": 0.017548648207000084, "time_func_eval": 22.210496425628662, "optimization_overhead": 0.2872011661529541, "incumbent": [108.79286945054871, 0.008087930440130028, 0.0011236943295812776, 217.66477936906617, 0.1907137445532139, 0.7764038673066672, 0.8952171093240101, 13.595593495617411], "runtime": 910.5020761489868, "iteration": 35}