{"optimization_overhead": 0.2647848129272461, "runtime": 71.58679914474487, "incumbent": [58.72639017682, 0.005677993598630713, 0.001019626175085318, 294.7166455496073, 0.6549167889735875, 0.20635812080092308, 0.41908223607264455, 14.069244984457086], "incumbents_value": 0.0352197768758733, "time_func_eval": 0.5785741806030273, "iteration": 90}