{"optimization_overhead": 0.2669839859008789, "runtime": 50.115437030792236, "incumbent": [21.48397136564231, 0.009260462174981872, 0.014901565462632379, 96.14787955669789, 0.025873453657473858, 0.8182910839415323, 0.6335575269318371, 14.880261585720252], "incumbents_value": 0.03901153685032255, "time_func_eval": 0.08356189727783203, "iteration": 65}