{"optimization_overhead": 0.2326650619506836, "runtime": 11.82474398612976, "incumbent": [145.3630162800083, 0.008200525369559482, 0.002548072131651536, 292.236235909499, 0.2371321121799135, 0.8924746252205804, 0.763181950310201, 14.341352235659762], "incumbents_value": 0.042068977550344, "time_func_eval": 2.823822021484375, "iteration": 12}