{"incumbents_value": 0.03341687552213879, "time_func_eval": 0.10132312774658203, "optimization_overhead": 0.166548490524292, "incumbent": [33.32923867297192, 0.0038883214570453214, 0.004897478474836523, 231.11350849380256, 0.12089532418963021, 0.6438997141955652, 0.8507857084575355, 13.889086964485193], "runtime": 1.4944911003112793, "iteration": 7}