{"incumbents_value": 0.1777777777777777, "time_func_eval": 0.0925438404083252, "optimization_overhead": 0.18915963172912598, "incumbent": [125.93798249281882, 0.009440396503888423, 0.030329926760455886, 270.30210867776316, 0.07923102556596986, 0.8684117446087519, 0.7516757573385947, 14.112020154206919], "runtime": 2.3873612880706787, "iteration": 10}