{"incumbents_value": 0.22085942731104025, "time_func_eval": 1.0883169174194336, "optimization_overhead": 0.2883799076080322, "incumbent": [142.25471798106602, 0.005245075479706307, 0.07813306775543864, 284.0301513440453, 0.025386790535742394, 0.7288322915953602, 0.12470031998158251, 5.945990085262006], "runtime": 51.506465911865234, "iteration": 82}