{"incumbents_value": 0.3538888888888889, "time_func_eval": 0.21572279930114746, "optimization_overhead": 0.0001633167266845703, "incumbent": [70.67433355724333, 0.0009555835240586658, 0.0889158070676854, 232.83972060261624, 0.6667538987732602, 0.20711242390012766, 0.5173229637434333, 8.091347851038103], "runtime": 0.7197258472442627, "iteration": 2}