{"incumbents_value": 0.7910208592347009, "time_func_eval": 0.13616180419921875, "optimization_overhead": 0.27826356887817383, "incumbent": [29.106745350839013, 0.00016507677364226936, 0.0015588925455670348, 246.55590149476325, 0.19094713163693466, 0.6118364065160165, 0.37394640743333196, 5.154192065475133], "runtime": 48.00587725639343, "iteration": 88}