{"runtime": 41.547229528427124, "optimization_overhead": 0.21698641777038574, "incumbent": [124.40452059597678, 0.003730500214059881, 0.005738108082982229, 86.37085996619567, 0.78863695417492, 0.8879630278938188, 0.814980919795956, 14.68495597941205], "time_func_eval": 0.12192916870117188, "incumbents_value": 0.44967155835080364, "iteration": 83}