{"runtime": 23.51413130760193, "optimization_overhead": 0.19683527946472168, "incumbent": [115.31651260516135, 8.900247913407004e-05, 0.015706492647737696, 52.532975446913056, 0.6351331190662423, 0.899358625950466, 0.9882166713999505, 10.575674480397801], "time_func_eval": 0.3738667964935303, "incumbents_value": 0.4618586750939693, "iteration": 43}