{"runtime": 31.262633323669434, "optimization_overhead": 0.19265031814575195, "incumbent": [31.232731225979446, 0.0077717363531624355, 0.08733901950073934, 101.3115216789464, 0.07228939873745363, 0.8810433618863911, 0.8881331586791094, 14.617262817144693], "time_func_eval": 0.07471323013305664, "incumbents_value": 0.45170509404086046, "iteration": 60}