{"runtime": 13.484442949295044, "optimization_overhead": 0.19944262504577637, "incumbent": [147.9990523309627, 0.0009230590112190641, 0.0062685534267426495, 142.44782727887244, 0.7203372262129984, 0.7411600531827884, 0.1526519849509309, 14.456645463825275], "time_func_eval": 0.6269621849060059, "incumbents_value": 0.48563432255827754, "iteration": 18}