{"runtime": 2.1715571880340576, "optimization_overhead": 0.0024588902791341147, "incumbent": [149.9743116803569, 1e-05, 0.0001, 111.25192809415499, 0.9, 0.09, 0.999, 5.135362136732601], "time_func_eval": 2.1603775024414062, "incumbents_value": 0.5293424595887715, "iteration": 0}