{"runtime": 7.101235866546631, "optimization_overhead": 0.1951296329498291, "incumbent": [147.9990523309627, 0.0009230590112190641, 0.0062685534267426495, 142.44782727887244, 0.7203372262129984, 0.7411600531827884, 0.1526519849509309, 14.456645463825275], "time_func_eval": 0.19144058227539062, "incumbents_value": 0.48563432255827754, "iteration": 9}