{"incumbents_value": 0.14971587229186556, "time_func_eval": 1.888753890991211, "optimization_overhead": 0.28463053703308105, "incumbent": [54.29840629234917, 0.004950129773329142, 0.0066875437898706955, 281.5780019931318, 0.714721576103466, 0.3892480136616172, 0.9000995084249839, 14.97957535468306], "runtime": 421.0915949344635, "iteration": 97}