{"incumbents_value": 0.8139719089766947, "time_func_eval": 0.7751274108886719, "optimization_overhead": 0.16466450691223145, "incumbent": [12.180662607541768, 0.0004445918190730044, 0.005081253103677806, 283.43824667825595, 0.7603666722317483, 0.8053981230746085, 0.31537284546675104, 7.255608666492054], "runtime": 7.958696365356445, "iteration": 8}