{"incumbents_value": 0.9438678199157241, "time_func_eval": 0.14621615409851074, "optimization_overhead": 0.17684268951416016, "incumbent": [21.04867103625686, 0.00042038999968350185, 0.025025276683483578, 105.13687771173488, 0.26155725070538627, 0.15476668437725957, 0.9334487977609562, 10.865029167432583], "runtime": 4.355917930603027, "iteration": 4}