{"time_func_eval": 1.5872089862823486, "runtime": 16.517821550369263, "incumbents_value": 0.11596030475738461, "iteration": 14, "incumbent": [146.5183065855794, 0.007824880053007566, 0.008105057730687674, 218.62935573970424, 0.04061752424647289, 0.7795772588794044, 0.7909577315675291, 11.511906974738608], "optimization_overhead": 0.20103740692138672}