{"time_func_eval": 0.10204195976257324, "runtime": 44.430291414260864, "incumbents_value": 0.11596030475738461, "iteration": 25, "incumbent": [146.5183065855794, 0.007824880053007566, 0.008105057730687674, 218.62935573970424, 0.04061752424647289, 0.7795772588794044, 0.7909577315675291, 11.511906974738608], "optimization_overhead": 0.17821931838989258}