{"incumbents_value": 0.9707602339181287, "time_func_eval": 0.20839262008666992, "optimization_overhead": 0.2513301372528076, "incumbent": [12.075488832639376, 0.00044500286326416805, 0.0036605669988987516, 213.1020193341304, 0.1285286942439434, 0.7239506225176796, 0.9701265144077368, 10.522155346200837], "runtime": 55.299386739730835, "iteration": 74}