{"incumbents_value": 0.9989888776541962, "time_func_eval": 0.4799003601074219, "optimization_overhead": 9.45727030436198e-05, "incumbent": [84.15476658533954, 0.0062473240385246525, 0.08961045726604938, 134.13097214741666, 0.22018010330418172, 0.4619689561149826, 0.7242050707957436, 6.669471202482072], "runtime": 0.4806981086730957, "iteration": 0}