{"incumbents_value": 0.9707602339181287, "time_func_eval": 0.18925166130065918, "optimization_overhead": 0.18477296829223633, "incumbent": [12.075488832639376, 0.00044500286326416805, 0.0036605669988987516, 213.1020193341304, 0.1285286942439434, 0.7239506225176796, 0.9701265144077368, 10.522155346200837], "runtime": 1.8789372444152832, "iteration": 5}