{"time_func_eval": 0.01806163787841797, "runtime": 7.402093410491943, "incumbents_value": 0.34741532976827105, "iteration": 31, "incumbent": [96.94241441640247, 0.004454827154941014, 0.019936196402173985, 290.05147377546314, 0.12358859092632701, 0.8657014362775933, 0.9608634089797603, 12.215321237747595], "optimization_overhead": 0.17078733444213867}