{"incumbents_value": 0.33057598039215685, "time_func_eval": 0.23863959312438965, "optimization_overhead": 0.1967775821685791, "incumbent": [149.5592463707694, 0.0014473422778607885, 0.017379354555366794, 56.46122096388635, 0.8455008393312575, 0.8593050163812124, 0.9811775339859777, 14.271576779738757], "runtime": 9.843111991882324, "iteration": 18}