{"incumbents_value": 0.9145901770691451, "time_func_eval": 2.4216105937957764, "optimization_overhead": 0.00014209747314453125, "incumbent": [74.11006061700658, 0.009690640441429149, 0.0790538376839201, 213.08042816131905, 0.6747946188071743, 0.7786709955877885, 0.44117521648927976, 12.223087192407222], "runtime": 2.4226725101470947, "iteration": 0}