{"incumbent": [22.266590640167983, 0.00010243884310011134, 0.005536048174433457, 95.76741582128687, 0.8684331000873313, 0.7629709108378805, 0.9447388329382851, 5.0858256897219], "iteration": 6, "time_func_eval": 0.12481927871704102, "optimization_overhead": 0.1590883731842041, "incumbents_value": 0.8096818810511757, "runtime": 1.2356634140014648}