{"incumbents_value": 0.38586055120774143, "time_func_eval": 34.80681276321411, "optimization_overhead": 0.18578886985778809, "incumbent": [123.76598848596095, 0.00018546974286483644, 0.004024143197973741, 202.91578362787553, 0.5677640690860084, 0.8716312117040639, 0.8475815352203785, 5.811955048764355], "runtime": 183.13973879814148, "iteration": 29}