{"incumbents_value": 0.5591890855313864, "iteration": 95, "runtime": 921.5189063549042, "incumbent": [145.86090421953682, 0.01, 0.0001, 60.849961250016335, 0.9, 0.09, 0.287067861505937, 8.20809888982753], "optimization_overhead": 0.41144394874572754, "time_func_eval": 0.5488414764404297}