{"incumbents_value": 0.5591890855313864, "iteration": 44, "runtime": 471.2840132713318, "incumbent": [145.86090421953682, 0.01, 0.0001, 60.849961250016335, 0.9, 0.09, 0.287067861505937, 8.20809888982753], "optimization_overhead": 0.2650783061981201, "time_func_eval": 8.05918574333191}