{"incumbents_value": 0.5591890855313864, "iteration": 35, "runtime": 410.7762014865875, "incumbent": [145.86090421953682, 0.01, 0.0001, 60.849961250016335, 0.9, 0.09, 0.287067861505937, 8.20809888982753], "optimization_overhead": 0.26140403747558594, "time_func_eval": 0.24469470977783203}