{"incumbents_value": 0.9629807692307693, "time_func_eval": 0.8860468864440918, "optimization_overhead": 0.3032841682434082, "incumbent": [147.24789080752032, 0.00032887701808878713, 0.0019794867686531393, 260.2848006617019, 0.5225125154787592, 0.4598567675372842, 0.5784395287524543, 14.748990020026898], "runtime": 100.39148092269897, "iteration": 68}