{"incumbents_value": 0.964277840765936, "time_func_eval": 2.760268449783325, "optimization_overhead": 0.25997424125671387, "incumbent": [122.83298598115913, 1e-05, 0.0001, 76.8743482930201, 0.8031702949331665, 0.09, 0.9834680975350504, 5.221369126950212], "runtime": 49.011892795562744, "iteration": 39}