{"incumbents_value": 0.9458324288016542, "time_func_eval": 2.2479960918426514, "optimization_overhead": 0.17447781562805176, "incumbent": [38.98371716498172, 0.0001373199408083001, 0.0006493578951502225, 80.90253573550625, 0.01064778794445828, 0.4261654575560857, 0.9202176259870967, 14.432124778094789], "runtime": 25.446160554885864, "iteration": 32}