{"incumbents_value": 0.9100598534401947, "time_func_eval": 4.60291862487793, "optimization_overhead": 0.3374030590057373, "incumbent": [143.05956529683496, 0.009684116691850996, 0.003363539769950532, 241.9849285435647, 0.18512712135306764, 0.39391700232902516, 0.1536069309614211, 13.568132827461184], "runtime": 74.73719525337219, "iteration": 81}