{"incumbents_value": 0.9125519638906672, "time_func_eval": 0.4698598384857178, "optimization_overhead": 0.43234920501708984, "incumbent": [7.573309205028375, 0.002854577002783856, 0.02538080894476312, 293.40857330779664, 0.8221601192719706, 0.8312743996924864, 0.8401573392357451, 8.239247531460887], "runtime": 61.042919874191284, "iteration": 73}