{"runtime": 143.0072727203369, "optimization_overhead": 0.24571561813354492, "incumbent": [10.746374350055394, 0.007747396870531912, 0.00017610607810863754, 239.96027493777186, 0.02409026315897981, 0.7401586723627284, 0.9086803433949464, 12.429505809379718], "time_func_eval": 1.3144569396972656, "incumbents_value": 0.7283527257809213, "iteration": 70}