{"runtime": 34.002458810806274, "optimization_overhead": 0.23271536827087402, "incumbent": [15.56103849914391, 0.0011487370036300669, 0.000301914931657113, 275.01494445842974, 0.2759915191849905, 0.6393889512312059, 0.11388212676509626, 12.58650228180191], "time_func_eval": 0.055849313735961914, "incumbents_value": 0.7604675929443686, "iteration": 14}