{"runtime": 36.89834666252136, "optimization_overhead": 0.22832989692687988, "incumbent": [101.13311751807882, 0.003938679704170033, 0.0053586194826593875, 78.44413534143148, 0.8226073531634049, 0.8531271774435338, 0.9156047536288767, 5.713042164063623], "time_func_eval": 0.22191333770751953, "incumbents_value": 0.6000385813815681, "iteration": 11}