{"runtime": 186.63075017929077, "optimization_overhead": 0.2197873592376709, "incumbent": [63.53180277605616, 0.002814824832298204, 0.004340938546136676, 231.0905491271335, 0.14414313341103516, 0.1386843487302256, 0.2670232514074996, 13.41009384184889], "time_func_eval": 0.7705285549163818, "incumbents_value": 0.5820220584282018, "iteration": 59}