{"iteration": 18, "incumbents_value": 0.20958069078523123, "incumbent": [120.01213108133881, 0.008659060329918974, 0.0032631331518660272, 254.39629291767514, 0.16451173353076753, 0.17604587175585446, 0.1261965507545458, 9.636116979933638], "time_func_eval": 78.52140069007874, "runtime": 491.8991241455078, "optimization_overhead": 0.24265003204345703}