{"iteration": 6, "incumbents_value": 0.5688589806213731, "incumbent": [147.8297690834695, 0.007510680409049633, 0.047972764725901174, 68.71080064911779, 0.8804553069379399, 0.7438069185006868, 0.6723386882893613, 5.03696706249228], "time_func_eval": 5.704430341720581, "runtime": 49.595739126205444, "optimization_overhead": 0.26456260681152344}