{"incumbents_value": 0.4814814814814815, "time_func_eval": 0.014363527297973633, "optimization_overhead": 8.328755696614583e-05, "incumbent": [89.22595666404027, 0.001501408965475347, 0.029483996541025327, 140.90158522783685, 0.6739250995344351, 0.7858697216848347, 0.19746730020114345, 11.204084936176088], "runtime": 0.03502202033996582, "iteration": 1}