{"incumbents_value": 0.13850677945034084, "time_func_eval": 0.25223302841186523, "optimization_overhead": 0.23444104194641113, "incumbent": [2.079573834143353, 0.004279793096390464, 0.01174114717439879, 187.21770096453602, 0.017718268269252803, 0.5775618670643966, 0.6453435166662632, 5.3154833755955515], "runtime": 301.49402713775635, "iteration": 67}