{"runtime": 284.7779610157013, "optimization_overhead": 0.21629023551940918, "incumbent": [76.94088488996042, 0.004925052785458686, 0.015285739690487124, 289.72758962267716, 0.028712373335785683, 0.8543215313390582, 0.7762129045704299, 14.91700317247689], "time_func_eval": 1.9642844200134277, "incumbents_value": 0.19599586705564964, "iteration": 98}