{"runtime": 118.37651133537292, "optimization_overhead": 0.20807743072509766, "incumbent": [147.1151006279103, 0.003893131042829862, 0.01123379078786541, 270.9596120870602, 0.09035481419405396, 0.4964572615573153, 0.9646842366756606, 12.46548624759931], "time_func_eval": 1.3239483833312988, "incumbents_value": 0.2731894164664491, "iteration": 35}