{"incumbents_value": 0.10774284217441554, "time_func_eval": 0.3692324161529541, "optimization_overhead": 0.18628597259521484, "incumbent": [72.775633771365, 0.006276198399963113, 0.029620209069546596, 125.5342104340787, 0.2392361805531383, 0.4934650990191316, 0.6910071167265808, 6.455492312359315], "runtime": 4.88540244102478, "iteration": 5}