{"incumbents_value": 0.06535317915914929, "time_func_eval": 1.433887243270874, "optimization_overhead": 0.3539762496948242, "incumbent": [43.54436700236628, 0.0003025285895710018, 0.019205585990892667, 237.83085727603103, 0.24898072189450204, 0.7815946482628031, 0.9656114598982076, 12.900104284839124], "runtime": 146.7806417942047, "iteration": 93}