{"incumbents_value": 0.06535317915914929, "time_func_eval": 2.7118213176727295, "optimization_overhead": 0.41298627853393555, "incumbent": [43.54436700236628, 0.0003025285895710018, 0.019205585990892667, 237.83085727603103, 0.24898072189450204, 0.7815946482628031, 0.9656114598982076, 12.900104284839124], "runtime": 158.89489722251892, "iteration": 97}