{"incumbents_value": 0.4138309965896173, "time_func_eval": 0.02926921844482422, "optimization_overhead": 0.20677566528320312, "incumbent": [148.48713331317788, 0.007675017932944649, 0.017069667858407366, 272.9120687742335, 0.043043042485227605, 0.866982570189818, 0.9149690927497659, 14.488746342893794], "runtime": 49.38325905799866, "iteration": 43}