{"incumbents_value": 0.4029693486590038, "time_func_eval": 0.10462641716003418, "optimization_overhead": 0.2768573760986328, "incumbent": [148.30685548292328, 0.005277956112539285, 0.06261257235209251, 272.8692619883308, 0.01, 0.8593880224057068, 0.8804927123719404, 14.353305214635041], "runtime": 87.74432277679443, "iteration": 74}