{"incumbents_value": 0.6603465162288692, "time_func_eval": 0.09073662757873535, "optimization_overhead": 0.00018699963887532553, "incumbent": [46.906417557860564, 0.009035125105800158, 0.09914493131103569, 295.05084695463614, 0.26720177422285996, 0.43255301471612645, 0.8653196685275037, 9.200035421777033], "runtime": 0.09204936027526855, "iteration": 0}