{"incumbent": [8.877678984614697, 0.007402595833125336, 0.003620631614648749, 270.07408338459265, 0.01998680295334302, 0.24288945071102738, 0.18104019034767543, 10.057141541368855], "runtime": 20.1368510723114, "iteration": 59, "time_func_eval": 0.017908334732055664, "incumbents_value": 0.7422857142857143, "optimization_overhead": 0.2601959705352783}