{"incumbent": [21.044611841388043, 0.009249248149649458, 0.019495634870814647, 298.4924916428687, 0.6349432773061957, 0.8744596266999805, 0.8658667027580259, 11.53666377945266], "runtime": 0.8850314617156982, "iteration": 4, "time_func_eval": 0.012347698211669922, "incumbents_value": 0.764078431372549, "optimization_overhead": 0.22182607650756836}