{"incumbent": [8.877678984614697, 0.007402595833125336, 0.003620631614648749, 270.07408338459265, 0.01998680295334302, 0.24288945071102738, 0.18104019034767543, 10.057141541368855], "runtime": 32.85101866722107, "iteration": 87, "time_func_eval": 0.01405191421508789, "incumbents_value": 0.7422857142857143, "optimization_overhead": 0.40445446968078613}