{"runtime": 70.54096603393555, "optimization_overhead": 0.23076510429382324, "incumbent": [134.6304851410892, 0.00036318453310421904, 0.0016508775919619465, 242.66638289249104, 0.7027399493549391, 0.18799984612782594, 0.14152090997421518, 5.7357091547654795], "time_func_eval": 0.56656813621521, "incumbents_value": 0.9935303802248774, "iteration": 10}