{"runtime": 358.5583155155182, "optimization_overhead": 0.2908952236175537, "incumbent": [149.32591795973863, 0.0007035324350664031, 0.000883144313038406, 264.9338256874363, 0.019575983733959905, 0.10684175044326487, 0.7682759616885626, 14.136288277296599], "time_func_eval": 2.8531956672668457, "incumbents_value": 0.9744913272747698, "iteration": 62}