{"runtime": 476.87861227989197, "optimization_overhead": 0.3039519786834717, "incumbent": [149.32591795973863, 0.0007035324350664031, 0.000883144313038406, 264.9338256874363, 0.019575983733959905, 0.10684175044326487, 0.7682759616885626, 14.136288277296599], "time_func_eval": 1.4877164363861084, "incumbents_value": 0.9744913272747698, "iteration": 85}