{"runtime": 339.28428316116333, "iteration": 48, "time_func_eval": 5.827603340148926, "incumbent": [146.05895706595004, 0.0015146645597517903, 0.05062955591169999, 73.47993951918463, 0.7879952964156366, 0.15758665092584184, 0.8191027490886129, 5.639347258076398], "incumbents_value": 0.04359385382958403, "optimization_overhead": 0.3125767707824707}