{"runtime": 315.0091369152069, "iteration": 42, "time_func_eval": 5.804241418838501, "incumbent": [135.41327667552085, 0.005631852305499284, 0.041741764508028065, 57.83812650167681, 0.05783070094591542, 0.8064096072035746, 0.9961441251713427, 11.77192184635998], "incumbents_value": 0.04641537560920406, "optimization_overhead": 0.6037757396697998}