{"runtime": 16.623233556747437, "iteration": 1, "time_func_eval": 16.273576021194458, "incumbent": [146.5420033914829, 6.012974302563806e-05, 0.023447220973726028, 241.13381626323252, 0.01621104405960412, 0.8888921757918474, 0.7466798047107867, 14.195648746722187], "incumbents_value": 0.07711843895859283, "optimization_overhead": 0.002346674601236979}