{"incumbents_value": 0.14566170026292746, "time_func_eval": 0.551612377166748, "optimization_overhead": 0.37986111640930176, "incumbent": [18.49231802437041, 0.0005910732035574086, 0.008179596748397026, 107.39707254079369, 0.24074150969211883, 0.1300035336485894, 0.7982221215123821, 10.519027637777931], "runtime": 399.9212975502014, "iteration": 71}