{"time_func_eval": 4.83294153213501, "runtime": 297.262727022171, "incumbents_value": 0.1351785412741987, "iteration": 91, "incumbent": [4.442307368887208, 0.008249470192053814, 0.0014883251215207574, 65.38388783623546, 0.8591296511824239, 0.1535678660380514, 0.8968906360315306, 5.7718436173182806], "optimization_overhead": 0.2752499580383301}