{"time_func_eval": 1.54075288772583, "runtime": 152.36531162261963, "incumbents_value": 0.14077803645589704, "iteration": 48, "incumbent": [123.12285209818928, 0.01, 0.1, 283.0401737253215, 0.9, 0.9, 0.999, 13.19059525751263], "optimization_overhead": 0.1987600326538086}