{"time_func_eval": 1.554497241973877, "runtime": 99.43091177940369, "incumbents_value": 0.14077803645589704, "iteration": 25, "incumbent": [123.12285209818928, 0.01, 0.1, 283.0401737253215, 0.9, 0.9, 0.999, 13.19059525751263], "optimization_overhead": 0.2082357406616211}