{"time_func_eval": 0.1905374526977539, "runtime": 74.13900756835938, "incumbents_value": 0.14234611506535444, "iteration": 18, "incumbent": [123.22612450471586, 0.01, 0.0001, 283.0282437637707, 0.9, 0.8836894414595939, 0.999, 13.11232904898535], "optimization_overhead": 0.23026418685913086}