{"runtime": 26.7552809715271, "time_func_eval": 0.15662550926208496, "incumbents_value": 0.6347497578427697, "iteration": 44, "optimization_overhead": 0.25772786140441895, "incumbent": [123.08029561782105, 1e-05, 0.0001, 282.817871473825, 0.8362196880755901, 0.8463883253519006, 0.999, 13.120428847499278]}