{"runtime": 33.45030236244202, "time_func_eval": 0.2071242332458496, "incumbents_value": 0.6347497578427697, "iteration": 52, "optimization_overhead": 0.20479202270507812, "incumbent": [123.08029561782105, 1e-05, 0.0001, 282.817871473825, 0.8362196880755901, 0.8463883253519006, 0.999, 13.120428847499278]}