{"runtime": 5.221431255340576, "optimization_overhead": 0.17902016639709473, "incumbent": [136.76599410224296, 0.008263422581235259, 0.0004921154016513077, 280.9815802226286, 0.08224559044132847, 0.23380155630133137, 0.5551972299301843, 6.094531069805185], "time_func_eval": 0.0542445182800293, "incumbents_value": 0.05973528387321492, "iteration": 22}