{"runtime": 13.875445365905762, "optimization_overhead": 0.21821904182434082, "incumbent": [19.22696118665406, 0.00770569768212321, 0.001929464819186837, 51.46434977093266, 0.15183310399734665, 0.39808996547996844, 0.3616525849777741, 14.753409325698737], "time_func_eval": 0.030951738357543945, "incumbents_value": 0.040075170307728336, "iteration": 51}