{"runtime": 12.981328248977661, "optimization_overhead": 0.26651906967163086, "incumbent": [19.27130641753322, 0.009461879317492454, 0.09675510802974252, 259.3406521122487, 0.012144767658553133, 0.16126376351423688, 0.14177107921803034, 6.295846329863366], "time_func_eval": 0.036752939224243164, "incumbents_value": 0.0, "iteration": 53}