{"runtime": 6.4155662059783936, "optimization_overhead": 0.2123095989227295, "incumbent": [19.27130641753322, 0.009461879317492454, 0.09675510802974252, 259.3406521122487, 0.012144767658553133, 0.16126376351423688, 0.14177107921803034, 6.295846329863366], "time_func_eval": 0.02895045280456543, "incumbents_value": 0.0, "iteration": 29}