{"runtime": 8.312537908554077, "optimization_overhead": 0.21073198318481445, "incumbent": [146.52432083493528, 0.008106600114610818, 0.004521564555469886, 143.83172520549743, 0.07692161797700693, 0.7880193308688533, 0.9563818048696267, 10.673697283376534], "time_func_eval": 1.2699737548828125, "incumbents_value": 0.5434923518701031, "iteration": 3}