{"runtime": 94.66655445098877, "optimization_overhead": 0.29727983474731445, "incumbent": [149.08685076112013, 0.00703748150580819, 0.003125903589709632, 267.96813233438843, 0.4093486489549275, 0.5169096013302718, 0.4429553487900626, 13.470209592266594], "time_func_eval": 3.5088694095611572, "incumbents_value": 0.5225905007672964, "iteration": 42}