{"runtime": 118.03171849250793, "optimization_overhead": 0.2675609588623047, "incumbent": [149.08685076112013, 0.00703748150580819, 0.003125903589709632, 267.96813233438843, 0.4093486489549275, 0.5169096013302718, 0.4429553487900626, 13.470209592266594], "time_func_eval": 0.08370208740234375, "incumbents_value": 0.5225905007672964, "iteration": 66}