{"runtime": 44.61530327796936, "optimization_overhead": 0.17493057250976562, "incumbent": [67.30438561864324, 0.009038986852377291, 0.00030962616708165544, 266.04147608374944, 0.8440572895446333, 0.47363350451604, 0.9052152334830156, 11.107649100618882], "time_func_eval": 0.35523343086242676, "incumbents_value": 0.5362614311194663, "iteration": 23}