{"runtime": 158.52175974845886, "optimization_overhead": 0.22600173950195312, "incumbent": [149.08685076112013, 0.00703748150580819, 0.003125903589709632, 267.96813233438843, 0.4093486489549275, 0.5169096013302718, 0.4429553487900626, 13.470209592266594], "time_func_eval": 0.05835771560668945, "incumbents_value": 0.5225905007672964, "iteration": 83}