{"incumbent": [14.930360695696715, 0.002376246365889162, 0.035684638793390795, 267.6182720964862, 0.8649354803481939, 0.09464590643186344, 0.10597918776768181, 11.793664220175879], "iteration": 88, "time_func_eval": 0.015659093856811523, "optimization_overhead": 0.23498010635375977, "incumbents_value": 0.33358348968105067, "runtime": 25.911826848983765}