{"incumbent": [9.141556758150019, 0.008091391051768638, 0.08291024475982464, 270.74746846328395, 0.06928229575655875, 0.7582518998907136, 0.9458251378289121, 6.670644332458542], "iteration": 32, "time_func_eval": 0.06131887435913086, "optimization_overhead": 0.16676688194274902, "incumbents_value": 0.33783059392815495, "runtime": 8.048560380935669}