{"runtime": 26.499720096588135, "iteration": 66, "time_func_eval": 0.02471184730529785, "incumbent": [55.99462044297092, 1e-05, 0.0001, 255.79975671835822, 0.9, 0.38864795407552744, 0.9102735465808991, 5.600923026920236], "incumbents_value": 0.19487179487179496, "optimization_overhead": 0.4442102909088135}