{"runtime": 17.026801586151123, "iteration": 45, "time_func_eval": 0.03883552551269531, "incumbent": [55.99462044297092, 1e-05, 0.0001, 255.79975671835822, 0.9, 0.38864795407552744, 0.9102735465808991, 5.600923026920236], "incumbents_value": 0.19487179487179496, "optimization_overhead": 0.28201866149902344}