{"runtime": 32.07045602798462, "iteration": 12, "time_func_eval": 0.8300940990447998, "incumbent": [133.12911683784705, 0.0004193616324289499, 0.0027302191525306226, 110.16636110057047, 0.013020541618109713, 0.24829266139848355, 0.37501647755870715, 8.946101467680442], "incumbents_value": 0.9970845481049563, "optimization_overhead": 0.35816383361816406}