{"runtime": 227.4183828830719, "iteration": 81, "time_func_eval": 4.637724161148071, "incumbent": [24.414714802658633, 0.0013194220723250314, 0.009057536693804972, 292.3799871283433, 0.09646311958735247, 0.27338708852204796, 0.3531584205304037, 14.387478851983499], "incumbents_value": 0.9766439909297052, "optimization_overhead": 0.5270323753356934}