{"incumbents_value": 0.0, "time_func_eval": 0.0323176383972168, "optimization_overhead": 0.22220635414123535, "incumbent": [15.033637994167687, 0.00021519818822487077, 0.004947736008706339, 252.77840585014548, 0.14776676252975693, 0.3534681379901923, 0.12445245348348896, 13.969007655027259], "runtime": 21.816102504730225, "iteration": 72}