{"runtime": 7.215602397918701, "iteration": 20, "time_func_eval": 0.03523898124694824, "incumbent": [49.11309841194095, 3.351945029624083e-05, 0.041254699165726896, 57.3615464022975, 0.24468442938247625, 0.8485508430865601, 0.9827710431895702, 5.850420562894103], "incumbents_value": 0.2435897435897436, "optimization_overhead": 0.25903940200805664}