{"runtime": 32.626055002212524, "iteration": 76, "time_func_eval": 0.023101091384887695, "incumbent": [53.74618130773431, 1.5135053926209626e-05, 0.03599519481025953, 54.63032764844948, 0.8007421502952403, 0.19418404459872668, 0.9538938613934412, 14.904161942779815], "incumbents_value": 0.18357487922705307, "optimization_overhead": 0.4490776062011719}