{"runtime": 15.879701375961304, "iteration": 41, "time_func_eval": 0.015082597732543945, "incumbent": [49.11309841194095, 3.351945029624083e-05, 0.041254699165726896, 57.3615464022975, 0.24468442938247625, 0.8485508430865601, 0.9827710431895702, 5.850420562894103], "incumbents_value": 0.2435897435897436, "optimization_overhead": 0.5512287616729736}