{"incumbents_value": 0.2567122351332878, "iteration": 53, "runtime": 42.64141345024109, "incumbent": [123.05165883079005, 0.002471116145279429, 0.001813113716528237, 180.47077755795175, 0.7109281333889148, 0.39411372414094725, 0.759332018405428, 8.983662802391969], "optimization_overhead": 0.3374049663543701, "time_func_eval": 1.0542306900024414}