{"incumbents_value": 0.2331599452710058, "iteration": 98, "runtime": 94.00994086265564, "incumbent": [12.275734566464122, 0.009911054516162664, 0.09224826743636201, 228.0742260499658, 0.8888142605681598, 0.7135212322340194, 0.14251211002276348, 8.834384727918156], "optimization_overhead": 0.4987187385559082, "time_func_eval": 0.1639714241027832}