{"incumbents_value": 0.007593935029362897, "time_func_eval": 53.91075420379639, "optimization_overhead": 0.22925758361816406, "incumbent": [133.8180783052487, 0.002318081608785912, 0.0004555533800859582, 198.6899916105938, 0.7188015775760394, 0.31614499259730494, 0.753879458828087, 9.521609072987221], "runtime": 2960.3044362068176, "iteration": 96}