{"incumbents_value": 0.013927328026159813, "time_func_eval": 28.42551898956299, "optimization_overhead": 0.28782153129577637, "incumbent": [146.74794253909334, 0.006851410238537539, 0.0011700881062411317, 212.3388205037478, 0.7367436748811321, 0.3813727366736962, 0.12417002288970351, 12.929303647012796], "runtime": 1294.9120123386383, "iteration": 44}