{"incumbents_value": 0.009491800035116071, "time_func_eval": 34.98710870742798, "optimization_overhead": 0.29470014572143555, "incumbent": [147.29705630644182, 0.0016632615492040439, 0.000800380558945313, 131.54833752601945, 0.8307765937741555, 0.8707712565961357, 0.9906965069427068, 11.685017185138209], "runtime": 1870.9192142486572, "iteration": 65}