{"time_func_eval": 0.09493064880371094, "runtime": 24.138888835906982, "incumbents_value": 0.33857142857142863, "iteration": 60, "incumbent": [37.30991573131443, 0.009436748266074607, 0.012525926754484818, 222.37367331839081, 0.5947888579007173, 0.12040790452431667, 0.9670452550345077, 14.982843830289411], "optimization_overhead": 0.2299342155456543}