{"time_func_eval": 0.14938902854919434, "runtime": 2.4179768562316895, "incumbents_value": 0.34643013990840077, "iteration": 7, "incumbent": [146.5420033914829, 6.012974302563806e-05, 0.023447220973726028, 241.13381626323252, 0.01621104405960412, 0.8888921757918474, 0.7466798047107867, 14.195648746722187], "optimization_overhead": 0.20725250244140625}