{"time_func_eval": 0.22658395767211914, "runtime": 39.49537491798401, "incumbents_value": 0.3050140056022409, "iteration": 98, "incumbent": [60.499044968876014, 0.002423710355887392, 0.0941122025043793, 63.95237527779761, 0.8815714482642657, 0.8710659865767635, 0.23206373712162853, 5.075342769035766], "optimization_overhead": 0.25236082077026367}