{"runtime": 20.856801986694336, "optimization_overhead": 0.2010173797607422, "incumbent": [144.5312537578648, 0.009085447342307287, 0.011147577149122382, 86.99889356930333, 0.35344370590368934, 0.7143817968381088, 0.9981392206773931, 12.183422118493517], "time_func_eval": 0.054213762283325195, "incumbents_value": 0.6396103949856953, "iteration": 35}