{"runtime": 26.14816641807556, "optimization_overhead": 0.25563836097717285, "incumbent": [144.5312537578648, 0.009085447342307287, 0.011147577149122382, 86.99889356930333, 0.35344370590368934, 0.7143817968381088, 0.9981392206773931, 12.183422118493517], "time_func_eval": 0.3530762195587158, "incumbents_value": 0.6396103949856953, "iteration": 41}