{"runtime": 57.64015483856201, "optimization_overhead": 0.2563481330871582, "incumbent": [127.77410559017994, 0.009736399541423663, 0.0074831845167528535, 268.99723697984734, 0.8098721420395809, 0.7053367662917904, 0.7868233504388124, 13.184822784019246], "time_func_eval": 1.1538968086242676, "incumbents_value": 0.6200585139619186, "iteration": 96}