{"incumbents_value": 0.020972545993533598, "time_func_eval": 46.04630756378174, "optimization_overhead": 0.22338414192199707, "incumbent": [142.08021226388922, 0.0050138527886905366, 0.0005978480665205147, 256.02593225689293, 0.8205521362955438, 0.09591577792999331, 0.21317048165047797, 14.43889364039807], "runtime": 1156.9702789783478, "iteration": 29}