{"incumbents_value": 0.017129540069924953, "time_func_eval": 4.8615500926971436, "optimization_overhead": 0.3786482810974121, "incumbent": [147.10073882697293, 0.0007694148325990893, 0.005944047448995296, 236.01140493923674, 0.3738834621210051, 0.5556553634511489, 0.5918721533711716, 5.029228112228703], "runtime": 2592.881793498993, "iteration": 80}