{"incumbents_value": 0.020972545993533598, "time_func_eval": 13.823941469192505, "optimization_overhead": 0.2649807929992676, "incumbent": [142.08021226388922, 0.0050138527886905366, 0.0005978480665205147, 256.02593225689293, 0.8205521362955438, 0.09591577792999331, 0.21317048165047797, 14.43889364039807], "runtime": 1178.7739596366882, "iteration": 31}