{"incumbents_value": 0.049325134768091417, "time_func_eval": 36.05228352546692, "optimization_overhead": 0.2166593074798584, "incumbent": [149.7235445704011, 0.009425591172011695, 0.007887001608569527, 169.69986357821958, 0.8764681365234184, 0.13680090976101064, 0.1577341817711888, 10.8808795104884], "runtime": 120.0855963230133, "iteration": 6}