{"incumbents_value": 0.013602100861188293, "time_func_eval": 0.9983115196228027, "optimization_overhead": 0.27825307846069336, "incumbent": [33.24883537038847, 0.0009949340189417477, 0.0030073767662741153, 285.9537349650705, 0.588739132201441, 0.30318125967359616, 0.788581601243308, 13.736007575842224], "runtime": 2220.9187302589417, "iteration": 89}