{"incumbents_value": 0.13504184704184719, "time_func_eval": 0.22554373741149902, "optimization_overhead": 0.2194194793701172, "incumbent": [148.79909754922855, 1e-05, 0.09900756093527165, 289.0164802081334, 0.011299011030948172, 0.7101458868638214, 0.999, 14.600952212794267], "runtime": 27.14768671989441, "iteration": 76}