{"incumbents_value": 0.13504184704184719, "time_func_eval": 0.028105735778808594, "optimization_overhead": 0.2872927188873291, "incumbent": [148.79909754922855, 1e-05, 0.09900756093527165, 289.0164802081334, 0.011299011030948172, 0.7101458868638214, 0.999, 14.600952212794267], "runtime": 14.944148063659668, "iteration": 44}