{"time_func_eval": 0.2921299934387207, "runtime": 49.22656321525574, "incumbents_value": 0.9530815238514794, "iteration": 78, "incumbent": [139.7007800479836, 0.01, 0.0001, 50.76881628965126, 0.017792693085829932, 0.32978155531578585, 0.809060765243519, 7.077489677490306], "optimization_overhead": 0.26780128479003906}