{"time_func_eval": 0.059752464294433594, "runtime": 17.90149211883545, "incumbents_value": 0.9683159722222222, "iteration": 32, "incumbent": [139.706636102277, 8.854101789115094e-05, 0.007395540402854909, 50.64174847335549, 0.056849565800947126, 0.2062798997716801, 0.5669690267268196, 7.074236036222277], "optimization_overhead": 0.2500472068786621}