{"time_func_eval": 0.36147260665893555, "incumbent": [144.88565122828973, 0.009335468022287659, 0.015753087307579863, 275.7009619949827, 0.8337172948565792, 0.8911997007863264, 0.16012538546424526, 14.41974983488332], "runtime": 41.830546855926514, "optimization_overhead": 0.3256993293762207, "iteration": 84, "incumbents_value": 0.20623124372223145}