{"time_func_eval": 0.02041029930114746, "incumbent": [67.38392863713182, 0.006345515801327606, 0.014468184203432929, 62.61263622478451, 0.3850377679061781, 0.8679301650491729, 0.9249850548871732, 5.940184281792425], "runtime": 8.702082395553589, "optimization_overhead": 0.19169187545776367, "iteration": 19, "incumbents_value": 0.24088531187122741}