{"incumbent": [-38.353553983253036, 187.45422040210903, -639.6392385330412, -319.32670672793915, 33.86349504742179, 27.465271546951975, 4.832008247676228, 41.60571642961932, -143.0858365343036, 56.0314247271216, -153.92813051152822, -67.08377883615157, -185.6879673732932, 59.52674056989328, -345.36002632044796, -183.35187124947888, -353.43108096555454, -53.14901010134224, -62.55985875749342, 120.33160002981964, -786.6315776452805, -10.260624757647207, 21.762679027948195, -46.51499104329338, 12.121936321025302, 120.99279442481038, -1075.3182588705317, -43.76003877872657, -255.45284442189148, 115.52044698244912, 9.984321002460405, 113.80296610844213, -242.2483318135889, -233.88104667747092, -96.37775577527202, -25.684949162248145, -161.10822005899942, -46.93478988450183, -1005.6417046323955, 70.5901702680624, -69.0302090406833, -42.843271436726646, -181.30024266206166, -18.89475065772853, -1083.0479674808469, -217.0372848789377, 22.174189622880164, -50.400084598621966, -215.97169235361687, 131.98274534514272, -1350.7930199896655, 123.57595943309178, 3.8897689431715605, 65.75731325119881, -79.58830495019434, 22.145961685967137, -717.35471596788, -392.3171312582713, -256.28375932890333, 70.2126648821644, -22.330992494011525, -11.342730666443956, -681.7732414732619, 197.17605972665183, 41.308859647695165, 7.888065302258937, -81.77639874118199, 40.543912898162915, -186.83999651943515, -203.36254683079514, -98.32725982070444, -54.723446531067715, 35.75327584065455, 144.01966410193344, -596.2929742880749, 272.8414682999613, -92.14228091880865, -3.3112171952764236, -81.49092902481785, 31.18928223980197, -1076.0169510648861, -290.29657210591665, -29.372003510947053, -39.79815139516285, -85.05341575616211, -46.89019711231242, -558.6445052569217, -156.58226593896572, 29.27484478881597, -22.207073336123162], "time_func_eval": 1.4781951904296875e-05, "iteration": 7, "optimization_overhead": 2.4734253883361816, "runtime": 12.58849835395813, "incumbents_value": -5287.331779070491}