{"incumbents_value": 0.7191611465042179, "time_func_eval": 8.124803066253662, "optimization_overhead": 0.26001811027526855, "incumbent": [15.741874115174324, 0.007412754357816041, 0.00022217095683953273, 299.6333585443573, 0.8618501179101089, 0.6231949567619108, 0.21263924309311028, 14.325209072579622], "runtime": 264.01687121391296, "iteration": 62}