{"iteration": 2, "incumbents_value": 0.670610539301188, "incumbent": [70.17261929535462, 0.006883702326897021, 0.020197630796226964, 269.4373472179798, 0.6563936416330187, 0.12213422924199172, 0.8351092613034283, 6.6709706575107255], "time_func_eval": 0.23423218727111816, "runtime": 8.10395622253418, "optimization_overhead": 6.818771362304688e-05}