{"incumbents_value": 0.06256109481915928, "time_func_eval": 0.05213189125061035, "optimization_overhead": 0.2640228271484375, "incumbent": [148.19666661973983, 0.0001961406063738333, 0.004054752032153591, 148.898282082997, 0.8553116885951068, 0.4816972647674278, 0.17251436537745832, 12.44186695028793], "runtime": 23.368877410888672, "iteration": 74}