{"incumbents_value": 0.05694879832810873, "time_func_eval": 0.13859319686889648, "optimization_overhead": 0.29598426818847656, "incumbent": [35.070414252422935, 0.008149718733039291, 0.0013394114571412337, 292.4320324594994, 0.6754522315733085, 0.594068235645076, 0.9974062037462943, 5.560239834853148], "runtime": 32.16540455818176, "iteration": 99}