{"incumbents_value": 0.06256109481915928, "time_func_eval": 0.0313420295715332, "optimization_overhead": 0.2257251739501953, "incumbent": [148.19666661973983, 0.0001961406063738333, 0.004054752032153591, 148.898282082997, 0.8553116885951068, 0.4816972647674278, 0.17251436537745832, 12.44186695028793], "runtime": 14.533365726470947, "iteration": 50}